"season","player_name","team","minutes_pg","points_pg","rebounds_pg","assists_pg","ts_pct","effective_fg_pct","usage_rate","ast_pct","reb_pct","tov_pct","net_rating","wins","loses","win_pct"
"2022-23","Mikal Bridges","BKN",35.70,20.1325,4.3855,3.2892,0.587,0.5347,0.223,0.162,0.0762,0.082,0.9769,45,37,0.5488
"2022-23","Anthony Edwards","MIN",35.97,24.6329,5.7975,4.4304,0.564,0.5279,0.292,0.2024,0.0908,0.1304,0.0058,42,40,0.5122
"2022-23","Zach LaVine","CHI",35.95,24.8442,4.4805,4.2468,0.607,0.5584,0.278,0.1952,0.0729,0.1096,1.3241,40,42,0.4878
"2022-23","Nikola Vučević","CHI",33.49,17.6463,11.0122,3.2317,0.594,0.5727,0.218,0.1529,0.1924,0.1025,1.3241,40,42,0.4878
"2022-23","Julius Randle","NYK",35.55,25.1429,9.961,4.1039,0.581,0.5356,0.288,0.1925,0.1711,0.1148,2.9382,47,35,0.5732
"2022-23","Domantas Sabonis","SAC",34.63,19.1139,12.3165,7.2532,0.668,0.6317,0.213,0.3045,0.204,0.169,2.4261,48,34,0.5854
"2022-23","Jayson Tatum","BOS",36.92,30.0676,8.7703,4.6216,0.607,0.5433,0.319,0.2102,0.1337,0.1041,6.5275,57,25,0.6951
"2022-23","Spencer Dinwiddie","BKN",34.50,17.3291,3.4177,6.519,0.573,0.5243,0.22,0.3149,0.0614,0.1082,0.9769,45,37,0.5488
"2022-23","Evan Mobley","CLE",34.37,16.1646,9.0,2.8354,0.591,0.566,0.199,0.1231,0.1482,0.119,5.4198,51,31,0.622
"2022-23","Dejounte Murray","ATL",36.40,20.473,5.2568,6.0541,0.54,0.5144,0.239,0.245,0.0865,0.1024,0.2812,41,41,0.5
"2022-23","DeMar DeRozan","CHI",36.24,24.5405,4.6351,5.0946,0.592,0.5219,0.272,0.233,0.0748,0.0907,1.3241,40,42,0.4878
"2022-23","Scottie Barnes","TOR",34.77,15.3117,6.6494,4.8182,0.524,0.4867,0.2,0.1988,0.1182,0.1205,1.4663,41,41,0.5
"2022-23","Harrison Barnes","SAC",32.46,15.0,4.4634,1.561,0.632,0.5563,0.168,0.0634,0.0789,0.0812,2.4261,48,34,0.5854
"2022-23","Pascal Siakam","TOR",37.35,24.2254,7.831,5.8451,0.565,0.5152,0.27,0.2474,0.1296,0.1,1.4663,41,41,0.5
"2022-23","CJ McCollum","NOP",35.32,20.9067,4.3733,5.72,0.541,0.5153,0.26,0.2448,0.0708,0.1122,1.8417,42,40,0.5122
"2022-23","Franz Wagner","ORL",32.61,18.5625,4.1125,3.5375,0.589,0.5429,0.23,0.1685,0.0649,0.1171,-2.5158,34,48,0.4146
"2022-23","Jalen Green","HOU",34.24,22.1447,3.7368,3.6974,0.538,0.4853,0.274,0.1667,0.0532,0.1135,-7.7515,22,60,0.2683
"2022-23","Bam Adebayo","MIA",34.64,20.3867,9.1733,3.2,0.592,0.5408,0.251,0.161,0.1584,0.1265,-0.372,44,38,0.5366
"2022-23","Trae Young","ATL",34.80,26.2192,2.9726,10.1507,0.573,0.4849,0.313,0.4346,0.0512,0.1522,0.2812,41,41,0.5
"2022-23","Fred VanVleet","TOR",36.74,19.3478,4.058,7.1739,0.54,0.4861,0.225,0.2799,0.0683,0.1017,1.4663,41,41,0.5
"2022-23","Buddy Hield","IND",31.02,16.8,5.0,2.8125,0.614,0.5963,0.205,0.1363,0.0929,0.1127,-3.0361,35,47,0.4268
"2022-23","RJ Barrett","NYK",33.91,19.6027,5.0411,2.7534,0.531,0.4851,0.256,0.1281,0.0908,0.1084,2.9382,47,35,0.5732
"2022-23","Jordan Poole","GSW",29.98,20.4268,2.7439,4.5,0.573,0.5141,0.282,0.2275,0.0503,0.1471,1.7046,44,38,0.5366
"2022-23","Josh Hart","NYK",32.29,9.7763,7.8026,3.8158,0.622,0.5875,0.124,0.1623,0.1476,0.1638,2.9382,47,35,0.5732
"2022-23","Jabari Smith Jr.","HOU",31.02,12.7848,7.2025,1.2785,0.514,0.4753,0.183,0.0575,0.1132,0.0957,-7.7515,22,60,0.2683
"2022-23","Trey Murphy III","NOP",30.99,14.5316,3.557,1.4177,0.65,0.61,0.159,0.0631,0.0656,0.0646,1.8417,42,40,0.5122
"2022-23","Darius Garland","CLE",35.47,21.5942,2.6812,7.7971,0.587,0.5372,0.262,0.338,0.0428,0.1354,5.4198,51,31,0.622
"2022-23","Tobias Harris","PHI",32.92,14.6622,5.7297,2.5135,0.602,0.5751,0.18,0.1135,0.1096,0.0898,4.1991,54,28,0.6585
"2022-23","De'Aaron Fox","SAC",33.36,25.0137,4.1918,6.1233,0.599,0.5571,0.288,0.2966,0.0721,0.1061,2.4261,48,34,0.5854
"2022-23","Donovan Mitchell","CLE",35.77,28.2647,4.25,4.4265,0.614,0.5717,0.31,0.2117,0.0672,0.1032,5.4198,51,31,0.622
"2022-23","Paolo Banchero","ORL",33.75,19.9583,6.9028,3.7361,0.529,0.4648,0.272,0.1692,0.1053,0.1285,-2.5158,34,48,0.4146
"2022-23","Jaden McDaniels","MIN",30.59,12.0633,3.8861,1.8734,0.611,0.5915,0.156,0.087,0.0715,0.1257,0.0058,42,40,0.5122
"2022-23","Shai Gilgeous-Alexander","OKC",35.53,31.3971,4.8382,5.4559,0.626,0.5308,0.318,0.2527,0.0697,0.1012,0.9771,40,42,0.4878
"2022-23","Royce O'Neale","BKN",31.70,8.8289,5.0526,3.7237,0.538,0.5236,0.136,0.1743,0.0988,0.1546,0.9769,45,37,0.5488
"2022-23","Jaylen Brown","BOS",35.89,26.6269,6.8507,3.4627,0.581,0.5499,0.307,0.1665,0.1074,0.1138,6.5275,57,25,0.6951
"2022-23","Luka Dončić","DAL",36.22,32.3939,8.6212,8.0152,0.609,0.56,0.368,0.387,0.1321,0.1186,0.0531,38,44,0.4634
"2022-23","OG Anunoby","TOR",35.61,16.7761,4.9552,1.9552,0.586,0.5559,0.192,0.0792,0.086,0.121,1.4663,41,41,0.5
"2022-23","Keegan Murray","SAC",29.77,12.2,4.6375,1.225,0.597,0.5844,0.156,0.0549,0.0894,0.0684,2.4261,48,34,0.5854
"2022-23","Kentavious Caldwell-Pope","DEN",31.33,10.8158,2.7368,2.4079,0.598,0.5688,0.136,0.0988,0.0538,0.1113,3.2305,53,29,0.6463
"2022-23","P.J. Washington","CHA",32.60,15.6712,4.9041,2.3973,0.542,0.5199,0.2,0.1076,0.0679,0.0945,-6.0848,27,55,0.3293
"2022-23","Jalen Brunson","NYK",34.98,24.0147,3.5441,6.1912,0.597,0.5473,0.266,0.2983,0.0619,0.0941,2.9382,47,35,0.5732
"2022-23","Brook Lopez","MIL",30.42,15.8846,6.6667,1.2692,0.63,0.6062,0.187,0.059,0.1102,0.0982,3.4161,58,24,0.7073
"2022-23","Josh Giddey","OKC",31.15,16.5789,7.8816,6.1711,0.533,0.5161,0.239,0.2951,0.1295,0.1515,0.9771,40,42,0.4878
"2022-23","Reggie Bullock Jr.","DAL",30.31,7.1923,3.6282,1.3846,0.577,0.5691,0.098,0.0577,0.0664,0.0689,0.0531,38,44,0.4634
"2022-23","Immanuel Quickley","NYK",28.94,14.9259,4.1605,3.4444,0.578,0.5374,0.203,0.18,0.0878,0.0873,2.9382,47,35,0.5732
"2022-23","Tyler Herro","MIA",34.86,20.1045,5.3731,4.1791,0.566,0.5307,0.25,0.2008,0.0922,0.1173,-0.372,44,38,0.5366
"2022-23","Nikola Jokić","DEN",33.67,24.4928,11.8406,9.8261,0.701,0.66,0.263,0.4687,0.2167,0.1702,3.2305,53,29,0.6463
"2022-23","Patrick Williams","CHI",28.33,10.1585,3.9878,1.2195,0.576,0.5487,0.156,0.0604,0.0824,0.1225,1.3241,40,42,0.4878
"2022-23","Derrick White","BOS",28.28,12.4024,3.5732,3.9146,0.604,0.56,0.174,0.1947,0.0711,0.1013,6.5275,57,25,0.6951
"2022-23","Jaden Ivey","DET",31.14,16.2703,3.8919,5.2297,0.528,0.4771,0.251,0.2582,0.0645,0.1722,-8.088,17,65,0.2073
"2022-23","D'Angelo Russell","LAL",32.45,17.7887,3.0282,6.1549,0.605,0.5717,0.225,0.2683,0.053,0.1513,0.5491,43,39,0.5244
"2022-23","Draymond Green","GSW",31.47,8.4521,7.1918,6.8493,0.592,0.5696,0.129,0.2809,0.1256,0.2812,1.7046,44,38,0.5366
"2022-23","KJ Martin","HOU",27.95,12.6707,5.5122,1.5,0.635,0.6167,0.16,0.0782,0.0961,0.1001,-7.7515,22,60,0.2683
"2022-23","Joel Embiid","PHI",34.61,33.0758,10.1515,4.1515,0.655,0.573,0.37,0.2274,0.1847,0.1194,4.1991,54,28,0.6585
"2022-23","Bruce Brown","DEN",28.49,11.5375,4.1,3.35,0.571,0.5445,0.174,0.1581,0.0886,0.1321,3.2305,53,29,0.6463
"2022-23","Klay Thompson","GSW",33.03,21.8696,4.1449,2.3623,0.576,0.5563,0.256,0.1111,0.069,0.0858,1.7046,44,38,0.5366
"2022-23","Jalen Williams","OKC",30.34,14.08,4.4933,3.3067,0.601,0.5674,0.18,0.152,0.0758,0.1229,0.9771,40,42,0.4878
"2022-23","Lauri Markkanen","UTA",34.43,25.6212,8.6364,1.8636,0.64,0.586,0.259,0.0836,0.1117,0.0877,-0.9983,37,45,0.4512
"2022-23","Luguentz Dort","OKC",30.71,13.6892,4.6486,2.0811,0.513,0.4656,0.194,0.0904,0.0775,0.0853,0.9771,40,42,0.4878
"2022-23","Max Strus","MIA",28.40,11.5375,3.225,2.1375,0.557,0.5348,0.17,0.1135,0.0679,0.0768,-0.372,44,38,0.5366
"2022-23","Nic Claxton","BKN",29.88,12.6447,9.2368,1.8947,0.691,0.7053,0.155,0.1081,0.1917,0.1213,0.9769,45,37,0.5488
"2022-23","Jerami Grant","POR",35.64,20.4762,4.4921,2.381,0.606,0.5542,0.227,0.1005,0.0702,0.0983,-3.9702,33,49,0.4024
"2022-23","Kyrie Irving","DAL",37.34,27.05,5.0667,5.5167,0.613,0.5719,0.286,0.2432,0.0753,0.0882,0.0531,38,44,0.4634
"2022-23","Kyle Kuzma","WAS",34.98,21.2031,7.2344,3.7344,0.544,0.5184,0.273,0.1646,0.1091,0.1323,-1.2546,35,47,0.4268
"2022-23","Caris LeVert","CLE",30.23,12.1216,3.8108,3.8784,0.546,0.5168,0.183,0.178,0.0713,0.1238,5.4198,51,31,0.622
"2022-23","Bennedict Mathurin","IND",28.49,16.6923,4.0769,1.4872,0.566,0.4869,0.235,0.0778,0.0825,0.1167,-3.0361,35,47,0.4268
"2022-23","Terry Rozier","CHA",35.25,21.0952,4.1111,5.0635,0.517,0.4844,0.262,0.2232,0.0526,0.0944,-6.0848,27,55,0.3293
"2022-23","Jarrett Allen","CLE",32.65,14.25,9.7941,1.6618,0.67,0.6446,0.162,0.0746,0.1698,0.1139,5.4198,51,31,0.622
"2022-23","Dillon Brooks","MEM",30.33,14.3425,3.3425,2.589,0.494,0.4677,0.214,0.1182,0.0604,0.0894,3.7973,51,31,0.622
"2022-23","Kevin Huerter","SAC",29.37,15.2,3.3467,2.9467,0.617,0.6033,0.197,0.1417,0.0654,0.095,2.4261,48,34,0.5854
"2022-23","Jrue Holiday","MIL",32.58,19.2537,5.0896,7.3881,0.586,0.5562,0.244,0.3316,0.0786,0.1518,3.4161,58,24,0.7073
"2022-23","Anfernee Simons","POR",35.01,21.0645,2.5968,4.0806,0.581,0.5483,0.247,0.1813,0.0413,0.1023,-3.9702,33,49,0.4024
"2022-23","Alperen Sengun","HOU",28.94,14.7867,9.04,3.88,0.599,0.5651,0.211,0.2027,0.1523,0.1725,-7.7515,22,60,0.2683
"2022-23","Ivica Zubac","LAC",28.54,10.7632,9.9474,1.0132,0.661,0.6342,0.149,0.0495,0.2273,0.159,0.502,44,38,0.5366
"2022-23","Killian Hayes","DET",28.34,10.3421,2.9079,6.1842,0.455,0.4258,0.201,0.3184,0.053,0.1668,-8.088,17,65,0.2073
"2022-23","Tim Hardaway Jr.","DAL",30.31,14.3521,3.5352,1.8169,0.554,0.5266,0.201,0.0839,0.0647,0.0612,0.0531,38,44,0.4634
"2022-23","De'Anthony Melton","PHI",27.92,10.1299,4.0519,2.5584,0.566,0.5461,0.162,0.1277,0.0914,0.1289,4.1991,54,28,0.6585
"2022-23","Rudy Gobert","MIN",30.69,13.4143,11.6286,1.2429,0.675,0.6593,0.161,0.0587,0.2134,0.1492,0.0058,42,40,0.5122
"2022-23","Jimmy Butler III","MIA",33.41,22.9062,5.8594,5.3125,0.647,0.5597,0.248,0.2734,0.1049,0.0819,-0.372,44,38,0.5366
"2022-23","James Harden","PHI",36.81,20.9655,6.1034,10.6552,0.607,0.5362,0.247,0.4304,0.1044,0.1631,4.1991,54,28,0.6585
"2022-23","Jamal Murray","DEN",32.82,19.9692,3.9538,6.1538,0.571,0.537,0.256,0.2761,0.0742,0.1132,3.2305,53,29,0.6463
"2022-23","John Collins","ATL",30.00,13.1127,6.507,1.1972,0.593,0.5573,0.168,0.0541,0.13,0.0914,0.2812,41,41,0.5
"2022-23","Saddiq Bey","ATL",27.65,13.7922,4.7013,1.5325,0.564,0.5126,0.194,0.0749,0.1019,0.0702,0.2812,41,41,0.5
"2022-23","Russell Westbrook","LAC",29.12,15.8767,5.7945,7.5479,0.513,0.4808,0.266,0.3899,0.1298,0.1842,0.502,44,38,0.5366
"2022-23","De'Andre Hunter","ATL",31.73,15.3582,4.2388,1.403,0.563,0.5219,0.193,0.0608,0.0801,0.0824,0.2812,41,41,0.5
"2022-23","Quentin Grimes","NYK",29.87,11.2535,3.2254,2.1127,0.619,0.5988,0.142,0.1,0.0659,0.0966,2.9382,47,35,0.5732
"2022-23","Kristaps Porziņģis","WAS",32.61,23.1538,8.4,2.6769,0.627,0.5653,0.272,0.1287,0.1359,0.1024,-1.2546,35,47,0.4268
"2022-23","Gary Trent Jr.","TOR",32.09,17.3939,2.6212,1.6061,0.56,0.5219,0.209,0.0737,0.0505,0.0509,1.4663,41,41,0.5
"2022-23","Damian Lillard","POR",36.32,32.1724,4.7759,7.3276,0.645,0.5641,0.331,0.3396,0.0732,0.1166,-3.9702,33,49,0.4024
"2022-23","Ayo Dosunmu","CHI",26.22,8.5875,2.75,2.575,0.567,0.5447,0.145,0.1375,0.0614,0.1404,1.3241,40,42,0.4878
"2022-23","Corey Kispert","WAS",28.29,11.0811,2.7973,1.1757,0.657,0.6368,0.139,0.0563,0.0522,0.081,-1.2546,35,47,0.4268
"2022-23","Malik Beasley","LAL",25.84,12.6543,3.4938,1.5309,0.531,0.5203,0.207,0.0819,0.0769,0.0853,0.5491,43,39,0.5244
"2022-23","Caleb Martin","MIA",29.26,9.6197,4.8451,1.6479,0.571,0.5401,0.143,0.0824,0.099,0.1167,-0.372,44,38,0.5366
"2022-23","Andrew Nembhard","IND",27.65,9.4533,2.6533,4.5467,0.528,0.5124,0.159,0.2285,0.0553,0.158,-3.0361,35,47,0.4268
"2022-23","Keldon Johnson","SAS",32.75,21.9841,5.0476,2.9048,0.551,0.5121,0.273,0.1422,0.0759,0.0963,-9.5943,22,60,0.2683
"2022-23","Aaron Gordon","DEN",30.22,16.3088,6.5588,2.9853,0.617,0.6032,0.206,0.1427,0.1337,0.0983,3.2305,53,29,0.6463
"2022-23","Mason Plumlee","LAC",25.99,10.8481,8.8608,3.1013,0.689,0.6798,0.149,0.1686,0.2224,0.1584,0.502,44,38,0.5366
"2022-23","Grant Williams","BOS",25.88,8.1139,4.5949,1.6582,0.605,0.5746,0.128,0.0847,0.0999,0.1341,6.5275,57,25,0.6951
"2022-23","Deandre Ayton","PHX",30.38,17.9552,9.9552,1.7164,0.617,0.5924,0.231,0.0878,0.1816,0.1096,2.0293,45,37,0.5488
"2022-23","Mike Conley","MIN",30.27,11.9104,2.7164,6.7164,0.583,0.5385,0.161,0.3045,0.0505,0.1308,0.0058,42,40,0.5122
"2022-23","Kevin Porter Jr.","HOU",34.30,19.1525,5.322,5.7288,0.565,0.5221,0.239,0.2485,0.0756,0.1582,-7.7515,22,60,0.2683
"2022-23","Giannis Antetokounmpo","MIL",32.12,31.0952,11.7778,5.6984,0.605,0.5716,0.373,0.3173,0.1844,0.132,3.4161,58,24,0.7073
"2022-23","Deni Avdija","WAS",26.58,9.1711,6.4079,2.7763,0.535,0.4965,0.165,0.1389,0.1271,0.1588,-1.2546,35,47,0.4268
"2022-23","Tyrese Maxey","PHI",33.60,20.3,2.9333,3.5333,0.605,0.5685,0.236,0.1673,0.055,0.0736,4.1991,54,28,0.6585
"2022-23","Dorian Finney-Smith","BKN",30.44,8.3485,4.7879,1.5152,0.523,0.505,0.129,0.0742,0.0975,0.1053,0.9769,45,37,0.5488
"2022-23","Jordan Clarkson","UTA",32.60,20.8361,4.0328,4.4262,0.558,0.5194,0.273,0.2032,0.0551,0.1404,-0.9983,37,45,0.4512
"2022-23","Dennis Schröder","LAL",30.09,12.5758,2.5,4.5152,0.545,0.4723,0.183,0.1964,0.0472,0.1283,0.5491,43,39,0.5244
"2022-23","Tre Jones","SAS",29.17,12.8676,3.6029,6.5882,0.534,0.4892,0.189,0.3246,0.0608,0.1184,-9.5943,22,60,0.2683
"2022-23","Grayson Allen","MIL",27.39,10.4167,3.2917,2.2639,0.612,0.5709,0.143,0.1054,0.0604,0.1052,3.4161,58,24,0.7073
"2022-23","Jonas Valanciunas","NOP",24.91,14.1139,10.1772,1.7722,0.61,0.5699,0.229,0.1084,0.2336,0.1481,1.8417,42,40,0.5122
"2022-23","Eric Gordon","LAC",28.49,12.4058,1.942,2.6522,0.587,0.5467,0.171,0.1293,0.0445,0.1248,0.502,44,38,0.5366
"2022-23","Kevon Looney","GSW",23.87,7.0488,9.2683,2.5244,0.639,0.6302,0.104,0.1391,0.2135,0.0905,1.7046,44,38,0.5366
"2022-23","Marcus Smart","BOS",32.08,11.5246,3.1311,6.2623,0.538,0.5108,0.176,0.266,0.0549,0.1794,6.5275,57,25,0.6951
"2022-23","Kyle Anderson","MIN",28.36,9.3768,5.3333,4.8551,0.583,0.5525,0.143,0.235,0.1059,0.1566,0.0058,42,40,0.5122
"2022-23","LeBron James","LAL",35.53,28.9091,8.3091,6.8182,0.583,0.5492,0.322,0.3262,0.133,0.1155,0.5491,43,39,0.5244
"2022-23","Herbert Jones","NOP",29.55,9.8333,4.0758,2.4545,0.567,0.525,0.144,0.1089,0.0789,0.1334,1.8417,42,40,0.5122
"2022-23","Ja Morant","MEM",31.94,26.1639,5.8525,8.082,0.557,0.5041,0.338,0.4157,0.1005,0.1257,3.7973,51,31,0.622
"2022-23","Torrey Craig","PHX",24.66,7.443,5.3924,1.481,0.566,0.556,0.128,0.0767,0.1212,0.1231,2.0293,45,37,0.5488
"2022-23","Kelly Olynyk","UTA",28.55,12.4559,6.1765,3.7059,0.643,0.5826,0.176,0.1718,0.0963,0.2031,-0.9983,37,45,0.4512
"2022-23","Stephen Curry","GSW",34.66,29.4286,6.0893,6.2857,0.656,0.6139,0.297,0.3045,0.0966,0.1247,1.7046,44,38,0.5366
"2022-23","Tyus Jones","MEM",24.24,10.275,2.5,5.2125,0.546,0.5232,0.175,0.291,0.0565,0.0895,3.7973,51,31,0.622
"2022-23","Paul George","LAC",34.62,23.7857,6.1071,5.1429,0.588,0.5359,0.294,0.2353,0.1151,0.1344,0.502,44,38,0.5366
"2022-23","Al Horford","BOS",30.50,9.7778,6.1905,3.0,0.631,0.6273,0.119,0.1324,0.1142,0.0704,6.5275,57,25,0.6951
"2022-23","P.J. Tucker","PHI",25.60,3.5467,3.9333,0.8,0.566,0.5489,0.066,0.0392,0.0967,0.1576,4.1991,54,28,0.6585
"2022-23","Jalen McDaniels","PHI",23.91,9.4375,4.325,1.625,0.557,0.5178,0.165,0.0972,0.1139,0.1207,4.1991,54,28,0.6585
"2022-23","Jakob Poeltl","TOR",26.47,12.4583,9.0694,2.7361,0.635,0.6294,0.18,0.1552,0.2117,0.1503,1.4663,41,41,0.5
"2022-23","Anthony Davis","LAL",34.01,25.9107,12.5357,2.6429,0.627,0.5733,0.277,0.1263,0.2096,0.0954,0.5491,43,39,0.5244
"2022-23","Donte DiVincenzo","GSW",26.31,9.4167,4.5139,3.5,0.593,0.5741,0.146,0.1751,0.0943,0.1639,1.7046,44,38,0.5366
"2022-23","Bojan Bogdanovic","DET",32.08,21.5763,3.7797,2.5763,0.627,0.5697,0.251,0.1337,0.0608,0.1174,-8.088,17,65,0.2073
"2022-23","Chris Paul","PHX",32.01,13.8814,4.2542,8.8814,0.555,0.5135,0.195,0.3728,0.0736,0.1337,2.0293,45,37,0.5488
"2022-23","Tyrese Haliburton","IND",33.62,20.7143,3.6607,10.4464,0.624,0.5856,0.238,0.4872,0.0627,0.1317,-3.0361,35,47,0.4268
"2022-23","Jarred Vanderbilt","LAL",24.10,7.9359,7.4615,2.359,0.604,0.5798,0.136,0.1273,0.176,0.1592,0.5491,43,39,0.5244
"2022-23","Terance Mann","LAC",23.11,8.8025,3.4074,2.2716,0.619,0.5926,0.149,0.136,0.0962,0.122,0.502,44,38,0.5366
"2022-23","Troy Brown Jr.","LAL",24.47,7.1184,4.0526,1.25,0.561,0.5452,0.119,0.0645,0.0942,0.0923,0.5491,43,39,0.5244
"2022-23","Onyeka Okongwu","ATL",23.11,9.8875,7.2,1.0125,0.678,0.6419,0.15,0.0597,0.1867,0.1219,0.2812,41,41,0.5
"2022-23","Austin Reaves","LAL",28.80,13.0156,3.0156,3.3594,0.687,0.6163,0.154,0.1536,0.0595,0.1403,0.5491,43,39,0.5244
"2022-23","Desmond Bane","MEM",31.75,21.5,5.0172,4.3793,0.606,0.5676,0.252,0.2106,0.0867,0.1091,3.7973,51,31,0.622
"2022-23","Devin Booker","PHX",34.63,27.7547,4.5283,5.5283,0.601,0.5459,0.311,0.2605,0.0724,0.1059,2.0293,45,37,0.5488
"2022-23","Myles Turner","IND",29.44,17.9516,7.5161,1.4355,0.651,0.6119,0.225,0.0766,0.1471,0.1076,-3.0361,35,47,0.4268
"2022-23","Marcus Morris Sr.","LAC",28.08,11.2,3.9692,1.7538,0.534,0.5132,0.176,0.087,0.0922,0.076,0.502,44,38,0.5366
"2022-23","Bobby Portis Jr.","MIL",25.98,14.1,9.6,1.5,0.575,0.5548,0.211,0.0837,0.1858,0.0863,3.4161,58,24,0.7073
"2022-23","Patrick Beverley","CHI",27.11,6.194,3.6866,2.8955,0.534,0.5111,0.107,0.1389,0.0796,0.1337,1.3241,40,42,0.4878
"2022-23","Aaron Nesmith","IND",24.88,10.1096,3.7945,1.3425,0.566,0.5246,0.168,0.0752,0.0879,0.1031,-3.0361,35,47,0.4268
"2022-23","Jevon Carter","MIL",22.37,8.037,2.4938,2.4321,0.56,0.5487,0.149,0.14,0.0561,0.1182,3.4161,58,24,0.7073
"2022-23","Michael Porter Jr.","DEN",29.00,17.4194,5.5,1.0484,0.621,0.6022,0.22,0.0532,0.1168,0.0725,3.2305,53,29,0.6463
"2022-23","Naji Marshall","NOP",23.27,9.0649,3.6234,2.4545,0.539,0.4904,0.172,0.1415,0.089,0.1302,1.8417,42,40,0.5122
"2022-23","Jaren Jackson Jr.","MEM",28.37,18.619,6.7619,0.9524,0.613,0.5669,0.243,0.0504,0.1307,0.1006,3.7973,51,31,0.622
"2022-23","Shaedon Sharpe","POR",22.23,9.8625,2.95,1.175,0.568,0.5509,0.186,0.077,0.0739,0.1068,-3.9702,33,49,0.4024
"2022-23","Markelle Fultz","ORL",29.63,13.95,3.9,5.6833,0.564,0.5339,0.208,0.2927,0.0677,0.1578,-2.5158,34,48,0.4146
"2022-23","Tari Eason","HOU",21.55,9.2683,6.0488,1.0732,0.525,0.4932,0.184,0.0714,0.1368,0.1225,-7.7515,22,60,0.2683
"2022-23","Gabe Vincent","MIA",25.86,9.4265,2.1324,2.4559,0.533,0.5053,0.17,0.1405,0.0493,0.1327,-0.372,44,38,0.5366
"2022-23","Kawhi Leonard","LAC",33.61,23.8269,6.5,3.9231,0.623,0.5718,0.267,0.1905,0.1262,0.0813,0.502,44,38,0.5366
"2022-23","Malcolm Brogdon","BOS",26.03,14.9254,4.1791,3.7015,0.615,0.5738,0.223,0.2159,0.0904,0.1076,6.5275,57,25,0.6951
"2022-23","Christian Wood","DAL",25.95,16.6269,7.3284,1.806,0.624,0.5832,0.259,0.108,0.1568,0.1194,0.0531,38,44,0.4634
"2022-23","Coby White","CHI",23.38,9.6622,2.8649,2.7568,0.572,0.5505,0.17,0.1693,0.0717,0.1059,1.3241,40,42,0.4878
"2022-23","Clint Capela","ATL",26.62,11.9846,11.0308,0.8923,0.656,0.653,0.151,0.0476,0.2483,0.0834,0.2812,41,41,0.5
"2022-23","Malik Monk","SAC",22.33,13.5195,2.6364,3.8701,0.587,0.5383,0.247,0.2508,0.0677,0.1413,2.4261,48,34,0.5854
"2022-23","Kyle Lowry","MIA",31.23,11.1818,4.0909,5.1091,0.565,0.5144,0.162,0.2366,0.0783,0.1591,-0.372,44,38,0.5366
"2022-23","Nicolas Batum","LAC",21.92,6.1282,3.8333,1.5513,0.594,0.5827,0.111,0.0914,0.1141,0.1106,0.502,44,38,0.5366
"2022-23","Walker Kessler","UTA",23.02,9.1757,8.3784,0.9324,0.702,0.721,0.13,0.056,0.1621,0.107,-0.9983,37,45,0.4512
"2022-23","Monte Morris","WAS",27.36,10.2581,3.3871,5.2581,0.579,0.5553,0.155,0.2627,0.0653,0.0985,-1.2546,35,47,0.4268
"2022-23","Wendell Carter Jr.","ORL",29.64,15.2281,8.7193,2.3158,0.621,0.5905,0.204,0.1182,0.1514,0.1317,-2.5158,34,48,0.4146
"2022-23","Santi Aldama","MEM",21.84,9.039,4.8182,1.2597,0.591,0.56,0.157,0.0767,0.121,0.0925,3.7973,51,31,0.622
"2022-23","Bradley Beal","WAS",33.46,23.2,3.92,5.42,0.593,0.5513,0.288,0.2647,0.0618,0.1291,-1.2546,35,47,0.4268
"2022-23","Kevin Durant","PHX",35.57,29.0638,6.6596,5.0,0.677,0.6143,0.305,0.2301,0.1037,0.1339,2.0293,45,37,0.5488
"2022-23","Jalen Duren","DET",24.93,9.1343,8.8806,1.1194,0.655,0.6482,0.139,0.0667,0.184,0.1646,-8.088,17,65,0.2073
"2022-23","Reggie Jackson","DEN",24.37,10.1912,2.1176,3.4265,0.514,0.4859,0.205,0.1895,0.0535,0.1457,3.2305,53,29,0.6463
"2022-23","Isaac Okoro","CLE",21.74,6.4474,2.4605,1.1447,0.614,0.5819,0.117,0.0695,0.064,0.0952,5.4198,51,31,0.622
"2022-23","Isaiah Hartenstein","NYK",19.86,4.9512,6.5366,1.2439,0.567,0.5474,0.107,0.0855,0.2011,0.1556,2.9382,47,35,0.5732
"2022-23","Daniel Gafford","WAS",20.57,9.0385,5.5513,1.0769,0.739,0.7316,0.146,0.0751,0.1424,0.1512,-1.2546,35,47,0.4268
"2022-23","Mitchell Robinson","NYK",26.93,7.3729,9.4068,0.8983,0.652,0.6714,0.101,0.0462,0.2133,0.1094,2.9382,47,35,0.5732
"2022-23","Drew Eubanks","POR",20.30,6.641,5.359,1.3205,0.666,0.6512,0.122,0.09,0.147,0.1469,-3.9702,33,49,0.4024
"2022-23","Gordon Hayward","CHA",31.54,14.66,4.3,4.12,0.563,0.5198,0.196,0.1892,0.0615,0.132,-6.0848,27,55,0.3293
"2022-23","Alex Caruso","CHI",23.51,5.5821,2.9254,2.8806,0.588,0.5507,0.109,0.16,0.0728,0.1949,1.3241,40,42,0.4878
"2022-23","Shake Milton","PHI",20.62,8.3816,2.5132,3.1579,0.575,0.5348,0.175,0.2211,0.0767,0.1451,4.1991,54,28,0.6585
"2022-23","Norman Powell","LAC",26.12,16.9833,2.9167,1.8167,0.612,0.5592,0.251,0.1068,0.0728,0.1083,0.502,44,38,0.5366
"2022-23","Cole Anthony","ORL",25.86,13.0167,4.8,3.9167,0.57,0.5156,0.209,0.225,0.0955,0.1173,-2.5158,34,48,0.4146
"2022-23","Malaki Branham","SAS",23.48,10.197,2.7424,1.9242,0.524,0.5033,0.188,0.1181,0.0575,0.1059,-9.5943,22,60,0.2683
"2022-23","Cedi Osman","CLE",20.11,8.6883,2.2857,1.4935,0.579,0.5604,0.178,0.1047,0.0643,0.0826,5.4198,51,31,0.622
"2022-23","Kelly Oubre Jr.","CHA",32.24,20.25,5.1875,1.125,0.534,0.4969,0.257,0.0547,0.0726,0.0657,-6.0848,27,55,0.3293
"2022-23","Josh Green","DAL",25.65,9.1,3.0333,1.7167,0.645,0.6257,0.14,0.0905,0.0656,0.1453,0.0531,38,44,0.4634
"2022-23","Brandon Ingram","NOP",34.18,24.7111,5.4667,5.8222,0.582,0.5222,0.306,0.2746,0.0915,0.1342,1.8417,42,40,0.5122
"2022-23","Josh Richardson","NOP",23.53,10.0615,2.6923,2.6769,0.555,0.528,0.18,0.1565,0.0654,0.1273,1.8417,42,40,0.5122
"2022-23","Joe Harris","BKN",20.64,7.5946,2.2162,1.3649,0.621,0.6182,0.141,0.1038,0.0666,0.0831,0.9769,45,37,0.5488
"2022-23","T.J. McConnell","IND",20.35,8.6667,3.12,5.2933,0.59,0.5681,0.182,0.3875,0.0883,0.2061,-3.0361,35,47,0.4268
"2022-23","Chris Boucher","TOR",20.05,9.3684,5.5395,0.3816,0.59,0.552,0.175,0.0272,0.1708,0.0637,1.4663,41,41,0.5
"2022-23","Georges Niang","PHI",19.38,8.1667,2.3718,0.9872,0.61,0.5956,0.162,0.0728,0.077,0.0938,4.1991,54,28,0.6585
"2022-23","Bogdan Bogdanović","ATL",27.94,14.0,3.0556,2.7778,0.586,0.5663,0.196,0.1371,0.0655,0.0916,0.2812,41,41,0.5
"2022-23","Damion Lee","PHX",20.36,8.1622,3.0405,1.3378,0.607,0.5642,0.155,0.0857,0.0828,0.1355,2.0293,45,37,0.5488
"2022-23","Bol Bol","ORL",21.51,9.0571,5.7857,0.9857,0.603,0.5774,0.177,0.0676,0.1385,0.1757,-2.5158,34,48,0.4146
"2022-23","John Konchar","MEM",20.75,5.0556,4.3056,1.3889,0.542,0.525,0.1,0.083,0.1138,0.0992,3.7973,51,31,0.622
"2022-23","Rui Hachimura","LAL",23.27,11.2222,4.4921,0.9206,0.556,0.53,0.194,0.056,0.1097,0.0769,0.5491,43,39,0.5244
"2022-23","Dwight Powell","DAL",19.18,6.6579,4.1316,0.9079,0.738,0.7323,0.123,0.0642,0.1195,0.1593,0.0531,38,44,0.4634
"2022-23","Jeremy Sochan","SAS",26.03,10.9643,5.2679,2.5357,0.509,0.4828,0.195,0.14,0.0997,0.1386,-9.5943,22,60,0.2683
"2022-23","Keita Bates-Diop","SAS",21.68,9.6567,3.6866,1.5373,0.609,0.5677,0.165,0.1006,0.0838,0.0954,-9.5943,22,60,0.2683
"2022-23","Davion Mitchell","SAC",18.09,5.625,1.3125,2.3125,0.545,0.5326,0.14,0.1652,0.0416,0.1306,2.4261,48,34,0.5854
"2022-23","Pat Connaughton","MIL",23.65,7.6393,4.6393,1.2623,0.531,0.5214,0.133,0.0672,0.0986,0.0699,3.4161,58,24,0.7073
"2022-23","Zach Collins","SAS",22.87,11.6032,6.381,2.8571,0.599,0.5684,0.209,0.1864,0.1375,0.1744,-9.5943,22,60,0.2683
"2022-23","Isaiah Stewart","DET",28.28,11.34,8.06,1.4,0.56,0.5181,0.17,0.0717,0.1472,0.1184,-8.088,17,65,0.2073
"2022-23","AJ Griffin","ATL",19.46,8.875,2.125,1.0139,0.577,0.56,0.174,0.0714,0.0654,0.0705,0.2812,41,41,0.5
"2022-23","Isaiah Joe","OKC",19.11,9.4658,2.3973,1.2055,0.626,0.5994,0.17,0.0854,0.0642,0.066,0.9771,40,42,0.4878
"2022-23","Jonathan Kuminga","GSW",20.81,9.9403,3.4478,1.8657,0.597,0.5795,0.195,0.1287,0.0911,0.1455,1.7046,44,38,0.5366
"2022-23","Jusuf Nurkić","POR",26.76,13.3462,9.0577,2.8654,0.589,0.5614,0.218,0.1599,0.1885,0.168,-3.9702,33,49,0.4024
"2022-23","Dennis Smith Jr.","CHA",25.74,8.7778,3.0926,4.8333,0.475,0.4381,0.175,0.2566,0.0542,0.1412,-6.0848,27,55,0.3293
"2022-23","Larry Nance Jr.","NOP",21.24,6.7846,5.4462,1.8308,0.649,0.6328,0.118,0.1152,0.1466,0.11,1.8417,42,40,0.5122
"2022-23","Josh Okogie","PHX",18.76,7.3472,3.4861,1.4583,0.531,0.471,0.174,0.0997,0.103,0.1122,2.0293,45,37,0.5488
"2022-23","Devonte' Graham","SAS",18.33,7.3836,1.6712,2.6849,0.552,0.5116,0.165,0.196,0.0449,0.0979,-9.5943,22,60,0.2683
"2022-23","Terrence Ross","PHX",21.12,8.2857,2.4444,1.5079,0.544,0.5323,0.166,0.0953,0.0641,0.0822,2.0293,45,37,0.5488
"2022-23","Luke Kennard","MEM",22.29,9.2542,2.678,1.5424,0.684,0.6662,0.144,0.0915,0.0659,0.1033,3.7973,51,31,0.622
"2022-23","Doug McDermott","SAS",20.53,10.2188,2.1562,1.4219,0.59,0.5746,0.186,0.101,0.0517,0.0948,-9.5943,22,60,0.2683
"2022-23","Talen Horton-Tucker","UTA",20.20,10.7385,3.2308,3.7846,0.508,0.4666,0.25,0.2665,0.0712,0.155,-0.9983,37,45,0.4512
"2022-23","Jose Alvarado","NOP",21.48,9.0164,2.3115,3.0492,0.525,0.4959,0.191,0.1946,0.0616,0.1338,1.8417,42,40,0.5122
"2022-23","Aaron Wiggins","OKC",18.53,6.8429,3.0143,1.1429,0.607,0.5785,0.143,0.0816,0.0832,0.1244,0.9771,40,42,0.4878
"2022-23","Lonnie Walker IV","LAL",23.16,11.6786,1.9464,1.1429,0.57,0.5342,0.198,0.0687,0.0478,0.0742,0.5491,43,39,0.5244
"2022-23","Sam Hauser","BOS",16.12,6.4,2.55,0.8875,0.634,0.6313,0.141,0.0762,0.089,0.0692,6.5275,57,25,0.6951
"2022-23","Jalen Smith","IND",18.81,9.4412,5.7941,0.9706,0.565,0.5295,0.201,0.0773,0.1776,0.1125,-3.0361,35,47,0.4268
"2022-23","LaMelo Ball","CHA",35.22,23.2778,6.4167,8.4444,0.541,0.5104,0.289,0.3794,0.0822,0.1428,-6.0848,27,55,0.3293
"2022-23","David Roddy","MEM",17.98,6.6571,2.7571,0.8429,0.519,0.506,0.163,0.062,0.0841,0.1127,3.7973,51,31,0.622
"2022-23","Jaylen Nowell","MIN",19.26,10.8308,2.6154,2.0308,0.527,0.5016,0.238,0.1664,0.0765,0.0886,0.0058,42,40,0.5122
"2022-23","Naz Reid","MIN",18.40,11.4853,4.8971,1.1324,0.617,0.6023,0.242,0.101,0.1499,0.1269,0.0058,42,40,0.5122
"2022-23","Trey Lyles","SAC",16.85,7.5946,4.0541,0.8919,0.607,0.565,0.174,0.0707,0.138,0.1215,2.4261,48,34,0.5854
"2022-23","Jalen Suggs","ORL",23.51,9.8868,3.0377,2.9245,0.528,0.4932,0.196,0.1772,0.0665,0.1592,-2.5158,34,48,0.4146
"2022-23","Kevin Love","MIA",19.99,8.2097,6.4355,1.871,0.548,0.5059,0.185,0.1392,0.1925,0.1311,-0.372,44,38,0.5366
"2022-23","Cory Joseph","DET",19.80,6.8871,1.7097,3.5,0.558,0.5271,0.149,0.2505,0.0446,0.1277,-8.088,17,65,0.2073
"2022-23","Delon Wright","WAS",24.42,7.38,3.6,3.88,0.581,0.5447,0.125,0.2079,0.0777,0.1217,-1.2546,35,47,0.4268
"2022-23","Nick Richards","CHA",18.73,8.1846,6.4,0.5846,0.676,0.631,0.151,0.0443,0.1541,0.1304,-6.0848,27,55,0.3293
"2022-23","Seth Curry","BKN",19.85,9.1967,1.6393,1.623,0.593,0.5679,0.188,0.137,0.0512,0.0973,0.9769,45,37,0.5488
"2022-23","Ochai Agbaji","UTA",20.50,7.9153,2.0508,1.1356,0.561,0.5324,0.154,0.0727,0.0446,0.0896,-0.9983,37,45,0.4512
"2022-23","Kenrich Williams","OKC",22.75,8.0189,4.9245,1.9811,0.585,0.5896,0.134,0.116,0.1107,0.081,0.9771,40,42,0.4878
"2022-23","Matisse Thybulle","POR",16.91,4.1268,1.9718,0.7465,0.552,0.5415,0.102,0.0576,0.065,0.083,-3.9702,33,49,0.4024
"2022-23","Cameron Johnson","BKN",28.57,15.4762,4.4048,1.8571,0.617,0.5791,0.202,0.1115,0.0956,0.0656,0.9769,45,37,0.5488
"2022-23","Isaiah Livers","DET",23.05,6.6538,2.75,0.7885,0.567,0.5451,0.117,0.047,0.0616,0.0895,-8.088,17,65,0.2073
"2022-23","Anthony Lamb","GSW",19.27,6.6935,3.4677,1.5484,0.61,0.5876,0.136,0.1057,0.0989,0.1369,1.7046,44,38,0.5366
"2022-23","Taurean Prince","MIN",22.08,9.1296,2.4444,1.5556,0.597,0.5646,0.165,0.0993,0.0623,0.1432,0.0058,42,40,0.5122
"2022-23","Andrew Wiggins","GSW",32.17,17.1081,5.027,2.2973,0.564,0.5567,0.212,0.106,0.0859,0.0789,1.7046,44,38,0.5366
"2022-23","Jordan Nwora","IND",19.16,8.7419,3.6935,1.4194,0.561,0.5326,0.187,0.1068,0.1111,0.1203,-3.0361,35,47,0.4268
"2022-23","Gary Harris","ORL",24.67,8.2708,2.0417,1.2292,0.62,0.6026,0.125,0.0678,0.0426,0.0804,-2.5158,34,48,0.4146
"2022-23","Tre Mann","OKC",17.66,7.7164,2.3134,1.791,0.492,0.4741,0.2,0.1384,0.067,0.1056,0.9771,40,42,0.4878
"2022-23","Trendon Watford","POR",19.06,7.4032,3.8387,2.0968,0.625,0.5991,0.158,0.1561,0.1122,0.1621,-3.9702,33,49,0.4024
"2022-23","Christian Braun","DEN",15.54,4.7368,2.3816,0.7763,0.568,0.5536,0.127,0.0641,0.0944,0.0994,3.2305,53,29,0.6463
"2022-23","Xavier Tillman","MEM",19.35,7.0328,5.0328,1.5738,0.621,0.6209,0.136,0.1099,0.1427,0.1131,3.7973,51,31,0.622
"2022-23","Devin Vassell","SAS",31.00,18.5,3.8947,3.5789,0.55,0.5252,0.24,0.1787,0.0619,0.0819,-9.5943,22,60,0.2683
"2022-23","Collin Sexton","UTA",23.86,14.2708,2.1875,2.875,0.616,0.5577,0.23,0.1742,0.0408,0.1327,-0.9983,37,45,0.4512
"2022-23","Precious Achiuwa","TOR",20.74,9.2364,5.9636,0.9091,0.554,0.521,0.19,0.0628,0.1777,0.114,1.4663,41,41,0.5
"2022-23","Steven Adams","MEM",26.98,8.5952,11.5476,2.3095,0.564,0.597,0.139,0.1125,0.2347,0.1981,3.7973,51,31,0.622
"2022-23","Alec Burks","DET",22.01,12.7843,3.098,2.2353,0.602,0.5436,0.218,0.1563,0.0727,0.0967,-8.088,17,65,0.2073
"2022-23","Lamar Stevens","CLE",18.07,5.2903,3.3387,0.5323,0.524,0.5,0.136,0.0393,0.1046,0.0794,5.4198,51,31,0.622
"2022-23","Moritz Wagner","ORL",19.46,10.5263,4.5439,1.4737,0.63,0.5644,0.201,0.1125,0.1201,0.125,-2.5158,34,48,0.4146
"2022-23","Victor Oladipo","MIA",26.32,10.6905,3.0476,3.4762,0.513,0.4839,0.204,0.1998,0.0692,0.1658,-0.372,44,38,0.5366
"2022-23","Jordan Goodwin","WAS",17.83,6.5645,3.3065,2.7097,0.531,0.5014,0.165,0.2069,0.0978,0.1294,-1.2546,35,47,0.4268
"2022-23","Ben Simmons","BKN",26.31,6.9286,6.2619,6.0952,0.559,0.566,0.142,0.3572,0.1476,0.2716,0.9769,45,37,0.5488
"2022-23","Jeff Green","DEN",19.48,7.8036,2.5714,1.2321,0.576,0.5335,0.167,0.0839,0.0813,0.1081,3.2305,53,29,0.6463
"2022-23","Brandon Clarke","MEM",19.47,9.9821,5.5357,1.2857,0.681,0.6576,0.174,0.0958,0.1559,0.1182,3.7973,51,31,0.622
"2022-23","Bones Hyland","LAC",19.38,11.7679,2.4107,3.0714,0.535,0.5018,0.271,0.2408,0.0811,0.1175,0.502,44,38,0.5366
"2022-23","Oshae Brissett","IND",16.66,6.1231,3.3538,0.6769,0.52,0.4608,0.155,0.0547,0.116,0.0816,-3.0361,35,47,0.4268
"2022-23","Thomas Bryant","DEN",18.33,9.8136,5.7458,0.5254,0.682,0.6585,0.181,0.0417,0.1931,0.0822,3.2305,53,29,0.6463
"2022-23","Obi Toppin","NYK",15.68,7.4179,2.791,0.9851,0.565,0.5477,0.187,0.0949,0.1087,0.0796,2.9382,47,35,0.5732
"2022-23","Joe Ingles","MIL",22.68,6.8913,2.7826,3.2609,0.616,0.6028,0.122,0.1786,0.0617,0.1761,3.4161,58,24,0.7073
"2022-23","Isaiah Jackson","IND",16.54,7.2222,4.4762,0.8095,0.595,0.566,0.165,0.0715,0.1559,0.1177,-3.0361,35,47,0.4268
"2022-23","Dyson Daniels","NOP",17.66,3.8475,3.1864,2.2712,0.503,0.4832,0.113,0.1608,0.1032,0.2017,1.8417,42,40,0.5122
"2022-23","Jalen Johnson","ATL",14.88,5.6429,4.0286,1.1857,0.554,0.5373,0.156,0.1056,0.1622,0.1032,0.2812,41,41,0.5
"2022-23","Wenyen Gabriel","LAL",15.06,5.4706,4.2059,0.5294,0.626,0.6154,0.135,0.047,0.1588,0.1341,0.5491,43,39,0.5244
"2022-23","Austin Rivers","MIN",19.54,4.9038,1.5962,1.4423,0.564,0.5383,0.104,0.0961,0.046,0.0923,0.0058,42,40,0.5122
"2022-23","Hamidou Diallo","DET",17.78,9.3214,3.4643,0.9821,0.593,0.58,0.21,0.0902,0.1006,0.1389,-8.088,17,65,0.2073
"2022-23","Will Barton","TOR",17.73,6.7679,2.4464,2.0,0.493,0.4698,0.182,0.1543,0.0853,0.1109,1.4663,41,41,0.5
"2022-23","Marvin Bagley III","DET",23.58,12.0,6.4048,0.8571,0.587,0.5537,0.202,0.0582,0.1402,0.0967,-8.088,17,65,0.2073
"2022-23","Cam Reddish","POR",24.74,9.675,2.2,1.425,0.561,0.5176,0.166,0.0803,0.0495,0.1199,-3.9702,33,49,0.4024
"2022-23","Jock Landale","PHX",14.18,6.6087,4.058,0.9855,0.595,0.5593,0.182,0.0968,0.1585,0.1334,2.0293,45,37,0.5488
"2022-23","Nassir Little","POR",18.08,6.6481,2.6111,0.9259,0.555,0.538,0.158,0.0711,0.0805,0.1002,-3.9702,33,49,0.4024
"2022-23","Usman Garuba","HOU",12.94,3.0,4.0933,0.8533,0.569,0.5537,0.099,0.085,0.1543,0.1921,-7.7515,22,60,0.2683
"2022-23","Haywood Highsmith","MIA",17.95,4.3704,3.4815,0.7963,0.517,0.5162,0.121,0.0625,0.116,0.1646,-0.372,44,38,0.5366
"2022-23","JT Thor","CHA",14.04,3.7971,2.2029,0.5217,0.506,0.4811,0.13,0.0484,0.0708,0.1454,-6.0848,27,55,0.3293
"2022-23","Cameron Payne","PHX",20.17,10.2708,2.2083,4.4583,0.512,0.4901,0.239,0.3131,0.0607,0.1441,2.0293,45,37,0.5488
"2022-23","Kendrick Nunn","WAS",13.76,7.0857,1.5571,1.2857,0.53,0.5122,0.227,0.1376,0.0597,0.1236,-1.2546,35,47,0.4268
"2022-23","Karl-Anthony Towns","MIN",33.00,20.7586,8.1379,4.8276,0.618,0.5654,0.25,0.23,0.1389,0.15,0.0058,42,40,0.5122
"2022-23","Zion Williamson","NOP",32.97,26.0,6.9655,4.5862,0.652,0.6151,0.288,0.2378,0.1208,0.1462,1.8417,42,40,0.5122
"2022-23","Kevin Knox II","POR",15.11,6.5873,2.8095,0.5238,0.579,0.5557,0.175,0.0497,0.1036,0.1224,-3.9702,33,49,0.4024
"2022-23","Cam Thomas","BKN",16.62,10.5965,1.6667,1.3684,0.567,0.4967,0.268,0.1479,0.0622,0.1058,0.9769,45,37,0.5488
"2022-23","Mike Muscala","BOS",15.00,6.0794,3.2222,0.7937,0.608,0.5873,0.146,0.0732,0.1209,0.0681,6.5275,57,25,0.6951
"2022-23","Maxi Kleber","DAL",25.13,5.9459,3.6486,1.4054,0.592,0.571,0.1,0.0708,0.0806,0.1269,0.0531,38,44,0.4634
"2022-23","Yuta Watanabe","BKN",16.00,5.5517,2.431,0.8276,0.637,0.6207,0.127,0.0801,0.0942,0.0801,0.9769,45,37,0.5488
"2022-23","Ish Wainright","PHX",15.25,4.1833,2.3167,0.8833,0.522,0.4956,0.117,0.0717,0.0842,0.0838,2.0293,45,37,0.5488
"2022-23","Daishen Nix","HOU",16.04,3.9649,1.7193,2.3158,0.447,0.4262,0.149,0.1859,0.0522,0.2538,-7.7515,22,60,0.2683
"2022-23","Jaylin Williams","OKC",18.66,5.8776,4.9184,1.551,0.559,0.5342,0.133,0.1056,0.1349,0.1255,0.9771,40,42,0.4878
"2022-23","Chris Duarte","IND",19.50,7.8696,2.5,1.3913,0.496,0.452,0.181,0.0991,0.0739,0.1011,-3.0361,35,47,0.4268
"2022-23","Derrick Jones Jr.","CHI",13.96,4.9844,2.3906,0.5312,0.597,0.5587,0.138,0.0529,0.1002,0.0856,1.3241,40,42,0.4878
"2022-23","Dean Wade","CLE",20.26,4.6818,3.4091,0.8409,0.55,0.5395,0.1,0.0531,0.0952,0.0833,5.4198,51,31,0.622
"2022-23","Vlatko Cancar","DEN",14.82,4.95,2.1333,1.3333,0.606,0.5705,0.134,0.1155,0.0887,0.1312,3.2305,53,29,0.6463
"2022-23","Nickeil Alexander-Walker","MIN",14.98,6.1525,1.7119,1.8305,0.565,0.5475,0.177,0.1723,0.0643,0.1461,0.0058,42,40,0.5122
"2022-23","Bismack Biyombo","PHX",14.33,4.3115,4.2623,0.918,0.555,0.5777,0.136,0.0839,0.1648,0.1772,2.0293,45,37,0.5488
"2022-23","Goran Dragic","MIL",15.00,6.2931,1.3966,2.6034,0.514,0.4985,0.198,0.2325,0.0468,0.1508,3.4161,58,24,0.7073
"2022-23","James Wiseman","DET",19.27,10.0,5.9333,0.6667,0.589,0.5634,0.212,0.0567,0.159,0.1179,-8.088,17,65,0.2073
"2022-23","Theo Maledon","CHA",19.40,6.7045,2.7955,3.4545,0.515,0.4567,0.166,0.2386,0.065,0.1707,-6.0848,27,55,0.3293
"2022-23","Andre Drummond","CHI",12.67,5.9552,6.6269,0.4925,0.606,0.6058,0.196,0.0595,0.3059,0.1856,1.3241,40,42,0.4878
"2022-23","Aaron Holiday","ATL",13.42,3.9206,1.1746,1.4127,0.528,0.5,0.129,0.1321,0.0525,0.1333,0.2812,41,41,0.5
"2022-23","Romeo Langford","SAS",19.63,6.907,2.6512,1.1628,0.524,0.4981,0.148,0.0818,0.0665,0.0957,-9.5943,22,60,0.2683
"2022-23","Terence Davis","SAC",13.14,6.7344,2.1719,1.0469,0.563,0.5453,0.215,0.1113,0.0948,0.1216,2.4261,48,34,0.5854
"2022-23","George Hill","IND",18.12,5.0435,1.8478,2.3913,0.61,0.5723,0.11,0.173,0.0588,0.1517,-3.0361,35,47,0.4268
"2022-23","Mark Williams","CHA",19.26,9.0,7.0698,0.4186,0.659,0.6375,0.168,0.0323,0.1656,0.1199,-6.0848,27,55,0.3293
"2022-23","Robert Williams III","BOS",23.53,7.9714,8.3429,1.4286,0.742,0.7471,0.113,0.0858,0.1995,0.1531,6.5275,57,25,0.6951
"2022-23","Wesley Matthews","MIL",15.78,3.4423,2.1731,0.6538,0.519,0.4844,0.095,0.0495,0.0693,0.0946,3.4161,58,24,0.7073
"2022-23","Moses Moody","GSW",12.97,4.7937,1.6667,0.8095,0.603,0.5837,0.141,0.0831,0.0707,0.1196,1.7046,44,38,0.5366
"2022-23","Ty Jerome","GSW",18.12,6.8667,1.7333,3.0,0.594,0.5599,0.147,0.224,0.0526,0.1034,1.7046,44,38,0.5366
"2022-23","Rudy Gay","UTA",14.56,5.2321,2.9107,1.0179,0.475,0.4373,0.173,0.0914,0.089,0.1071,-0.9983,37,45,0.4512
"2022-23","Jeremiah Robinson-Earl","OKC",18.92,6.7907,4.186,1.0,0.548,0.5181,0.143,0.0692,0.1132,0.0666,0.9771,40,42,0.4878
"2022-23","Jericho Sims","NYK",15.62,3.4231,4.6538,0.4808,0.78,0.7757,0.074,0.0417,0.1819,0.1914,2.9382,47,35,0.5732
"2022-23","Caleb Houstan","ORL",15.93,3.7843,1.9412,0.5882,0.508,0.489,0.107,0.048,0.0627,0.0866,-2.5158,34,48,0.4146
"2022-23","Danuel House Jr.","PHI",14.41,4.7857,1.6786,0.7857,0.6,0.566,0.133,0.0746,0.0733,0.1043,4.1991,54,28,0.6585
"2022-23","Landry Shamet","PHX",20.17,8.65,1.675,2.325,0.537,0.5017,0.186,0.1517,0.046,0.1004,2.0293,45,37,0.5488
"2022-23","Dario Saric","OKC",14.14,6.3509,3.6316,1.2982,0.583,0.5397,0.186,0.1238,0.1314,0.1505,0.9771,40,42,0.4878
"2022-23","Luke Kornet","BOS",11.65,3.7826,2.8551,0.7681,0.697,0.6735,0.111,0.0914,0.1379,0.1178,6.5275,57,25,0.6951
"2022-23","Christian Koloko","TOR",13.82,3.1379,2.9483,0.5345,0.517,0.4833,0.1,0.0496,0.1318,0.1021,1.4663,41,41,0.5
"2022-23","Khris Middleton","MIL",24.27,15.0606,4.2424,4.9394,0.551,0.4988,0.259,0.2961,0.0879,0.136,3.4161,58,24,0.7073
"2022-23","JaMychal Green","GSW",13.98,6.4211,3.5965,0.8947,0.65,0.623,0.169,0.0898,0.1415,0.1559,1.7046,44,38,0.5366
"2022-23","Thaddeus Young","TOR",14.73,4.4444,3.0741,1.3889,0.573,0.5606,0.131,0.1284,0.129,0.167,1.4663,41,41,0.5
"2022-23","Bryce McGowens","CHA",17.11,5.3478,2.0217,1.1739,0.519,0.4604,0.147,0.0898,0.0533,0.1535,-6.0848,27,55,0.3293
"2022-23","Josh Christopher","HOU",12.28,5.8125,1.1094,1.1406,0.523,0.497,0.215,0.1385,0.044,0.1444,-7.7515,22,60,0.2683
"2022-23","Robert Covington","LAC",16.22,6.0,3.4583,1.1875,0.584,0.5633,0.149,0.0993,0.1391,0.1149,0.502,44,38,0.5366
"2022-23","Justise Winslow","POR",26.75,6.7586,5.0,3.3793,0.466,0.4444,0.139,0.1676,0.1041,0.1697,-3.9702,33,49,0.4024
"2022-23","Mo Bamba","LAL",15.68,6.5918,4.5918,0.9388,0.602,0.5851,0.166,0.08,0.1665,0.1006,0.5491,43,39,0.5244
"2022-23","Simone Fontecchio","UTA",14.73,6.3077,1.6538,0.8077,0.495,0.4696,0.192,0.0733,0.05,0.1053,-0.9983,37,45,0.4512
"2022-23","Miles McBride","NYK",11.88,3.4688,0.7812,1.125,0.475,0.4512,0.141,0.1282,0.0402,0.0967,2.9382,47,35,0.5732
"2022-23","Paul Reed","PHI",10.94,4.1594,3.7971,0.3913,0.62,0.5957,0.152,0.0524,0.2184,0.1628,4.1991,54,28,0.6585
"2022-23","John Wall","LAC",22.20,11.3529,2.7059,5.2353,0.497,0.4558,0.259,0.3442,0.0795,0.1707,0.502,44,38,0.5366
"2022-23","R.J. Hampton","DET",15.95,6.4255,1.8511,1.1489,0.558,0.5169,0.175,0.1041,0.0599,0.1344,-8.088,17,65,0.2073
"2022-23","Edmond Sumner","BKN",13.89,7.1321,1.4906,1.283,0.597,0.5186,0.209,0.1538,0.0665,0.1364,0.9769,45,37,0.5488
"2022-23","Zeke Nnaji","DEN",13.73,5.2264,2.6038,0.3396,0.62,0.6046,0.149,0.033,0.1168,0.1219,3.2305,53,29,0.6463
"2022-23","Jaden Hardy","DAL",14.76,8.75,1.8542,1.3542,0.571,0.533,0.248,0.1377,0.0697,0.1112,0.0531,38,44,0.4634
"2022-23","Justin Holiday","DAL",15.35,4.4565,1.1957,0.8913,0.494,0.4902,0.132,0.076,0.0432,0.0959,0.0531,38,44,0.4634
"2022-23","MarJon Beauchamp","MIL",13.49,5.1154,2.2115,0.6731,0.513,0.4918,0.175,0.0647,0.0825,0.1479,3.4161,58,24,0.7073
"2022-23","Aleksej Pokusevski","OKC",20.63,8.1176,4.6765,1.8824,0.522,0.51,0.179,0.1225,0.116,0.1399,0.9771,40,42,0.4878
"2022-23","Juan Toscano-Anderson","UTA",13.46,2.9808,2.3846,1.25,0.505,0.4755,0.109,0.115,0.0789,0.1813,-0.9983,37,45,0.4512
"2022-23","Malachi Flynn","TOR",13.03,4.6415,1.434,1.3208,0.479,0.4566,0.168,0.1362,0.068,0.0888,1.4663,41,41,0.5
"2022-23","Duncan Robinson","MIA",16.44,6.381,1.6429,1.0952,0.534,0.5042,0.172,0.0982,0.0598,0.1003,-0.372,44,38,0.5366
"2022-23","Chimezie Metu","SAC",10.44,4.8636,3.0,0.6061,0.639,0.6096,0.168,0.0816,0.1649,0.113,2.4261,48,34,0.5854
"2022-23","T.J. Warren","PHX",16.35,7.4762,2.881,0.9524,0.55,0.5296,0.185,0.0823,0.0976,0.0655,2.0293,45,37,0.5488
"2022-23","Garrison Mathews","ATL",12.71,4.7593,1.3519,0.4815,0.573,0.5199,0.139,0.0474,0.0637,0.0781,0.2812,41,41,0.5
"2022-23","Montrezl Harrell","PHI",11.95,5.614,2.7895,0.5789,0.631,0.5981,0.178,0.0731,0.147,0.1213,4.1991,54,28,0.6585
"2022-23","Jordan McLaughlin","MIN",15.78,3.7442,1.4419,3.4419,0.526,0.5034,0.112,0.2842,0.0515,0.1775,0.0058,42,40,0.5122
"2022-23","Jae'Sean Tate","HOU",21.85,9.129,3.8065,2.7097,0.546,0.5087,0.178,0.1764,0.0849,0.1534,-7.7515,22,60,0.2683
"2022-23","Blake Wesley","SAS",18.08,4.973,2.2162,2.6486,0.393,0.3674,0.18,0.1916,0.0604,0.2171,-9.5943,22,60,0.2683
"2022-23","Sandro Mamukelashvili","SAS",15.34,6.1163,4.3023,1.4419,0.516,0.487,0.177,0.1304,0.1382,0.1207,-9.5943,22,60,0.2683
"2022-23","Eugene Omoruyi","DET",16.13,6.95,2.775,0.7,0.533,0.4978,0.192,0.0646,0.0888,0.1153,-8.088,17,65,0.2073
"2022-23","Payton Pritchard","BOS",13.39,5.625,1.8333,1.3333,0.536,0.5265,0.193,0.1413,0.077,0.137,6.5275,57,25,0.6951
"2022-23","Amir Coffey","LAC",12.51,3.44,1.06,1.06,0.498,0.4241,0.128,0.1089,0.0553,0.1084,0.502,44,38,0.5366
"2022-23","Anthony Gill","WAS",10.59,3.3051,1.678,0.5763,0.604,0.553,0.116,0.0713,0.0836,0.085,-1.2546,35,47,0.4268
"2022-23","Jabari Walker","POR",11.06,3.8571,2.3393,0.6071,0.496,0.4596,0.164,0.0759,0.1178,0.1175,-3.9702,33,49,0.4024
"2022-23","Darius Bazley","PHX",14.33,5.2093,3.2093,0.8837,0.524,0.5082,0.165,0.0806,0.1241,0.1121,2.0293,45,37,0.5488
"2022-23","Juancho Hernangomez","TOR",14.61,2.9048,2.9286,0.5952,0.504,0.4956,0.092,0.0515,0.1239,0.1103,1.4663,41,41,0.5
"2022-23","Jaxson Hayes","NOP",12.98,4.9574,2.8085,0.7234,0.605,0.5609,0.149,0.0751,0.1237,0.1387,1.8417,42,40,0.5122
"2022-23","Frank Ntilikina","DAL",12.93,2.8723,1.3191,1.234,0.461,0.428,0.125,0.1203,0.0566,0.1652,0.0531,38,44,0.4634
"2022-23","DeAndre Jordan","DEN",15.02,5.1026,5.1795,0.8718,0.731,0.7696,0.134,0.0773,0.2124,0.2607,3.2305,53,29,0.6463
"2022-23","Blake Griffin","BOS",13.88,4.1463,3.7805,1.4878,0.59,0.5731,0.125,0.1428,0.1533,0.1325,6.5275,57,25,0.6951
"2022-23","Ousmane Dieng","OKC",14.58,4.9487,2.6923,1.1795,0.505,0.4917,0.154,0.1057,0.0945,0.1197,0.9771,40,42,0.4878
"2022-23","Kris Dunn","UTA",25.80,13.1818,4.5455,5.6364,0.606,0.5764,0.195,0.3147,0.0785,0.1276,-0.9983,37,45,0.4512
"2022-23","Patty Mills","BKN",14.17,6.15,1.1,1.4,0.554,0.5287,0.182,0.1601,0.0481,0.119,0.9769,45,37,0.5488
"2022-23","Ricky Rubio","CLE",17.15,5.1818,2.1212,3.4848,0.442,0.4017,0.172,0.2688,0.07,0.1381,5.4198,51,31,0.622
"2022-23","Ziaire Williams","MEM",15.16,5.6757,2.1351,0.9459,0.511,0.4923,0.178,0.0833,0.0773,0.1525,3.7973,51,31,0.622
"2022-23","Day'Ron Sharpe","BKN",11.51,4.7292,4.1667,0.7708,0.581,0.5614,0.173,0.1115,0.2244,0.1771,0.9769,45,37,0.5488
"2022-23","Kai Jones","CHA",11.95,3.413,2.6739,0.3261,0.597,0.575,0.121,0.0367,0.101,0.1908,-6.0848,27,55,0.3293
"2022-23","Lindy Waters III","OKC",12.95,5.2195,1.8293,0.6829,0.573,0.5562,0.148,0.0688,0.0723,0.0508,0.9771,40,42,0.4878
"2022-23","Rodney McGruder","DET",16.37,5.7188,2.3125,0.875,0.566,0.5428,0.135,0.0753,0.0729,0.0637,-8.088,17,65,0.2073
"2022-23","Chuma Okeke","ORL",19.18,4.7407,3.5556,1.3704,0.488,0.459,0.121,0.0929,0.0954,0.1147,-2.5158,34,48,0.4146
"2022-23","James Bouknight","CHA",15.16,5.6176,2.1176,1.2059,0.463,0.443,0.192,0.1087,0.063,0.1343,-6.0848,27,55,0.3293
"2022-23","Max Christie","LAL",12.50,3.122,1.8293,0.5122,0.566,0.5377,0.1,0.0503,0.0832,0.1031,0.5491,43,39,0.5244
"2022-23","Charles Bassey","SAS",14.51,5.6857,5.5143,1.3714,0.658,0.6556,0.152,0.1357,0.1872,0.2132,-9.5943,22,60,0.2683
"2022-23","Raul Neto","CLE",10.53,3.2708,0.9583,1.6458,0.628,0.5727,0.133,0.2082,0.0515,0.1611,5.4198,51,31,0.622
"2022-23","Davis Bertans","DAL",10.93,4.5778,1.1778,0.4667,0.618,0.6031,0.155,0.0583,0.0598,0.0566,0.0531,38,44,0.4634
"2022-23","Taj Gibson","WAS",9.81,3.4286,1.898,0.6939,0.585,0.552,0.151,0.0954,0.1021,0.1534,-1.2546,35,47,0.4268
"2022-23","Javonte Green","CHI",15.01,5.1562,2.75,0.7188,0.646,0.625,0.128,0.0664,0.1072,0.1353,1.3241,40,42,0.4878
"2022-23","Damian Jones","UTA",11.64,3.4634,2.9756,0.3659,0.719,0.6977,0.102,0.0401,0.1138,0.1889,-0.9983,37,45,0.4512
"2022-23","Isaiah Roby","NYK",11.28,4.0952,2.5714,0.9048,0.497,0.4903,0.173,0.1148,0.1393,0.1519,2.9382,47,35,0.5732
"2022-23","Stanley Johnson","UTA",15.65,5.8,3.1667,2.2333,0.625,0.6066,0.148,0.1877,0.0901,0.1917,-0.9983,37,45,0.4512
"2022-23","Svi Mykhailiuk","CHA",14.62,6.9375,1.6562,1.6562,0.584,0.5665,0.191,0.1616,0.0511,0.1121,-6.0848,27,55,0.3293
"2022-23","Evan Fournier","NYK",16.99,6.1111,1.8148,1.3333,0.471,0.4428,0.179,0.1093,0.0652,0.1115,2.9382,47,35,0.5732
"2022-23","Willy Hernangomez","NOP",12.04,6.8947,4.7368,0.8684,0.61,0.5355,0.222,0.1047,0.2249,0.1537,1.8417,42,40,0.5122
"2022-23","Kevon Harris","ORL",13.44,4.1471,2.0588,0.4706,0.564,0.514,0.129,0.0468,0.0788,0.1438,-2.5158,34,48,0.4146
"2022-23","Goga Bitadze","ORL",12.02,4.3947,3.6053,1.0263,0.582,0.576,0.147,0.1219,0.1543,0.1329,-2.5158,34,48,0.4146
"2022-23","Admiral Schofield","ORL",12.20,4.1892,1.6757,0.8378,0.587,0.5492,0.139,0.0941,0.0707,0.108,-2.5158,34,48,0.4146
"2022-23","TyTy Washington Jr.","HOU",13.96,4.6774,1.4516,1.5161,0.432,0.4219,0.17,0.1486,0.0507,0.077,-7.7515,22,60,0.2683
"2022-23","Dewayne Dedmon","PHI",11.22,5.2368,3.5263,0.6842,0.577,0.5497,0.195,0.0916,0.1979,0.1265,4.1991,54,28,0.6585
"2022-23","Orlando Robinson","MIA",13.71,3.7419,4.0645,0.8065,0.565,0.5281,0.116,0.0846,0.1772,0.1349,-0.372,44,38,0.5366
"2022-23","Johnny Davis","WAS",15.09,5.8214,2.3214,1.0,0.446,0.4357,0.192,0.0919,0.0811,0.0851,-1.2546,35,47,0.4268
"2022-23","Keon Johnson","POR",10.41,4.725,1.1,1.475,0.482,0.4551,0.237,0.2033,0.0589,0.1799,-3.9702,33,49,0.4024
"2022-23","Jake LaRavia","MEM",11.84,3.0,1.8,0.6,0.531,0.5158,0.117,0.0626,0.0834,0.1539,3.7973,51,31,0.622
"2022-23","Dominick Barlow","SAS",14.56,3.9286,3.6429,0.8571,0.567,0.5349,0.107,0.078,0.1233,0.1339,-9.5943,22,60,0.2683
"2022-23","Bruno Fernando","ATL",10.39,3.9231,3.5128,0.7949,0.571,0.5268,0.159,0.1006,0.2026,0.1572,0.2812,41,41,0.5
"2022-23","Cade Cunningham","DET",33.35,19.9167,6.1667,6.0,0.492,0.4531,0.287,0.3021,0.0955,0.1383,-8.088,17,65,0.2073
"2022-23","Ish Smith","DEN",9.25,2.5116,1.2558,2.3256,0.407,0.4046,0.187,0.3263,0.0836,0.2489,3.2305,53,29,0.6463
"2022-23","Duane Washington Jr.","NYK",12.70,7.871,1.1613,2.0323,0.458,0.4453,0.298,0.266,0.0558,0.1131,2.9382,47,35,0.5732
"2022-23","Kessler Edwards","SAC",10.72,2.7778,1.6944,0.6389,0.502,0.4785,0.119,0.074,0.0907,0.1155,2.4261,48,34,0.5854
"2022-23","Saben Lee","PHX",14.94,6.04,1.8,2.68,0.517,0.4504,0.184,0.2333,0.0667,0.1411,2.0293,45,37,0.5488
"2022-23","Gary Payton II","GSW",16.71,4.5909,3.1364,1.3636,0.701,0.6884,0.101,0.1057,0.1032,0.1817,1.7046,44,38,0.5366
"2022-23","Udoka Azubuike","UTA",9.96,3.4722,3.3056,0.3056,0.774,0.8194,0.113,0.0418,0.1478,0.1822,-0.9983,37,45,0.4512
"2022-23","Gorgui Dieng","SAS",11.55,3.9032,3.4516,1.7097,0.493,0.4744,0.177,0.1995,0.1472,0.2068,-9.5943,22,60,0.2683
"2022-23","Markieff Morris","DAL",10.14,3.7714,2.0286,0.8857,0.553,0.5304,0.159,0.118,0.111,0.131,0.0531,38,44,0.4634
"2022-23","JaVale McGee","DAL",8.44,4.4286,2.5476,0.2619,0.65,0.648,0.214,0.048,0.1675,0.2011,0.0531,38,44,0.4634
"2022-23","Furkan Korkmaz","PHI",9.55,3.7838,1.1351,0.5946,0.552,0.5135,0.176,0.0876,0.0748,0.1591,4.1991,54,28,0.6585
"2022-23","Richaun Holmes","SAC",8.28,3.0952,1.9048,0.2143,0.668,0.6461,0.132,0.035,0.132,0.1257,2.4261,48,34,0.5854
"2022-23","AJ Green","MIL",9.86,4.4,1.2857,0.6286,0.607,0.6,0.159,0.0845,0.0656,0.0663,3.4161,58,24,0.7073
"2022-23","Davon Reed","DEN",7.97,2.0698,1.3721,0.5349,0.471,0.4345,0.142,0.082,0.1061,0.1746,3.2305,53,29,0.6463
"2022-23","Jae Crowder","MIL",18.87,6.8889,3.8333,1.5,0.624,0.6064,0.125,0.1024,0.1021,0.0659,3.4161,58,24,0.7073
"2022-23","Derrick Rose","NYK",12.51,5.6296,1.4815,1.7037,0.463,0.4434,0.22,0.2064,0.0723,0.1181,2.9382,47,35,0.5732
"2022-23","McKinley Wright IV","DAL",12.41,4.2222,1.7407,2.1481,0.536,0.5153,0.16,0.2355,0.0779,0.1516,0.0531,38,44,0.4634
"2022-23","Theo Pinson","DAL",8.07,2.375,1.575,1.15,0.512,0.4828,0.136,0.1834,0.1083,0.1146,0.0531,38,44,0.4634
"2022-23","Julian Champagnie","SAS",18.83,9.7059,3.5294,0.5882,0.6,0.5808,0.181,0.0457,0.0923,0.0741,-9.5943,22,60,0.2683
"2022-23","Matt Ryan","MIN",9.12,3.5882,0.7647,0.4706,0.538,0.5185,0.157,0.0708,0.0472,0.0582,0.0058,42,40,0.5122
"2022-23","Robin Lopez","CLE",8.07,3.027,1.3784,0.5135,0.675,0.6533,0.156,0.0905,0.0967,0.2317,5.4198,51,31,0.622
"2022-23","Moses Brown","LAC",8.17,4.3056,3.8611,0.1111,0.607,0.6354,0.188,0.0206,0.3083,0.1051,0.502,44,38,0.5366
"2022-23","Nathan Knight","MIN",7.65,3.6579,1.4737,0.3421,0.655,0.6173,0.177,0.0639,0.1085,0.1653,0.0058,42,40,0.5122
"2022-23","Kennedy Chandler","MEM",7.82,2.1667,1.0556,1.6111,0.44,0.4337,0.15,0.2659,0.074,0.1687,3.7973,51,31,0.622
"2022-23","Dalano Banton","TOR",8.99,4.5806,1.4516,1.1613,0.505,0.4808,0.229,0.1922,0.0999,0.1135,1.4663,41,41,0.5
"2022-23","Trent Forrest","ATL",12.04,2.2609,1.6087,1.6522,0.424,0.4167,0.116,0.1682,0.08,0.1965,0.2812,41,41,0.5
"2022-23","Bryn Forbes","MIN",10.71,3.56,0.6,0.68,0.497,0.4458,0.155,0.0852,0.0316,0.1181,0.0058,42,40,0.5122
"2022-23","Terry Taylor","CHI",8.50,2.871,1.5161,0.3226,0.557,0.5533,0.129,0.0542,0.1044,0.1013,1.3241,40,42,0.4878
"2022-23","Jeff Dowtin Jr.","TOR",10.35,2.44,0.92,1.24,0.5,0.4825,0.106,0.1549,0.0549,0.0758,1.4663,41,41,0.5
"2022-23","Brandon Boston Jr.","LAC",11.29,6.5,1.3636,0.9091,0.515,0.4672,0.237,0.1215,0.0788,0.0796,0.502,44,38,0.5366
"2022-23","KZ Okpala","SAC",7.09,1.3143,0.9714,0.3714,0.554,0.5132,0.081,0.0628,0.0786,0.1443,2.4261,48,34,0.5854
"2022-23","Luka Garza","MIN",8.69,6.4643,2.25,0.6429,0.652,0.6034,0.245,0.1235,0.1457,0.0916,0.0058,42,40,0.5122
"2022-23","Jamal Cain","MIA",13.34,5.4444,2.8889,0.6667,0.647,0.6136,0.139,0.0767,0.1296,0.0735,-0.372,44,38,0.5366
"2022-23","Frank Kaminsky","HOU",6.52,2.4722,1.4444,0.8889,0.635,0.5952,0.146,0.1858,0.1079,0.1139,-7.7515,22,60,0.2683
"2022-23","Kira Lewis Jr.","NOP",9.39,4.56,1.32,0.92,0.584,0.5398,0.192,0.1375,0.0804,0.0929,1.8417,42,40,0.5122
"2022-23","Johnny Juzang","UTA",12.90,4.8333,2.1667,0.4444,0.411,0.4087,0.187,0.0461,0.0748,0.0276,-0.9983,37,45,0.4512
"2022-23","David Duke Jr.","BKN",9.91,3.6957,1.2609,0.913,0.497,0.4679,0.187,0.1507,0.0789,0.1739,0.9769,45,37,0.5488
"2022-23","Patrick Baldwin Jr.","GSW",7.29,3.9355,1.2903,0.3548,0.546,0.5413,0.227,0.0703,0.0974,0.0897,1.7046,44,38,0.5366
"2022-23","John Butler Jr.","POR",11.64,2.3684,0.8947,0.5789,0.411,0.3962,0.102,0.0637,0.0428,0.0179,-3.9702,33,49,0.4024
"2022-23","Cody Zeller","MIA",14.44,6.5333,4.2667,0.6667,0.659,0.6271,0.175,0.0727,0.1767,0.1584,-0.372,44,38,0.5366
"2022-23","Dalen Terry","CHI",5.63,2.2368,0.9737,0.5789,0.523,0.4931,0.173,0.1472,0.1012,0.0896,1.3241,40,42,0.4878
"2022-23","Matthew Dellavedova","SAC",6.65,1.4688,0.4062,1.2812,0.443,0.43,0.122,0.2353,0.035,0.1585,2.4261,48,34,0.5854
"2022-23","Thanasis Antetokounmpo","MIL",5.57,1.3784,1.1892,0.4054,0.458,0.4348,0.138,0.0896,0.1073,0.1773,3.4161,58,24,0.7073
"2022-23","Nikola Jović","MIA",13.63,5.4667,2.0667,0.6667,0.53,0.4638,0.185,0.0731,0.0907,0.1145,-0.372,44,38,0.5366
"2022-23","Jared Rhoden","DET",14.13,3.2143,2.6429,0.2857,0.482,0.4432,0.106,0.0272,0.0966,0.0604,-8.088,17,65,0.2073
"2022-23","Moussa Diabaté","LAC",8.89,2.6818,2.2727,0.1818,0.546,0.5213,0.125,0.0275,0.1668,0.1428,0.502,44,38,0.5366
"2022-23","Nerlens Noel","BKN",11.45,2.0588,2.7059,0.5882,0.424,0.375,0.113,0.0732,0.1465,0.2395,0.9769,45,37,0.5488
"2022-23","Skylar Mays","POR",31.46,15.3333,3.1667,8.3333,0.624,0.5882,0.182,0.3908,0.0561,0.1194,-3.9702,33,49,0.4024
"2022-23","Peyton Watson","DEN",8.09,3.2609,1.6087,0.4783,0.553,0.5424,0.174,0.0793,0.1225,0.1055,3.2305,53,29,0.6463
"2022-23","Serge Ibaka","MIL",11.58,4.125,2.75,0.25,0.553,0.537,0.159,0.0281,0.1194,0.1555,3.4161,58,24,0.7073
"2022-23","Kenneth Lofton Jr.","MEM",7.33,5.0,2.125,0.8333,0.572,0.5591,0.267,0.1831,0.1589,0.1027,3.7973,51,31,0.622
"2022-23","Mamadi Diakite","CLE",7.99,2.5909,1.3636,0.3636,0.56,0.55,0.164,0.0625,0.0965,0.1908,5.4198,51,31,0.622
"2022-23","Ryan Arcidiacono","NYK",8.62,1.3,0.75,1.15,0.351,0.3514,0.106,0.1694,0.0532,0.1591,2.9382,47,35,0.5732
"2022-23","Noah Vonleh","BOS",7.46,1.087,2.087,0.3043,0.502,0.4792,0.09,0.0511,0.1574,0.3066,6.5275,57,25,0.6951
"2022-23","Boban Marjanovic","HOU",5.52,3.2903,1.9355,0.2903,0.71,0.6833,0.206,0.0841,0.171,0.163,-7.7515,22,60,0.2683
"2022-23","Vít Krejčí","ATL",5.70,1.2414,0.8966,0.5862,0.475,0.473,0.108,0.126,0.0942,0.1166,0.2812,41,41,0.5
"2022-23","James Johnson","IND",9.02,2.8333,1.6667,0.8333,0.486,0.4796,0.152,0.1281,0.1065,0.1322,-3.0361,35,47,0.4268
"2022-23","Khem Birch","SAS",8.09,2.15,1.25,0.35,0.629,0.6094,0.113,0.0577,0.0761,0.1896,-9.5943,22,60,0.2683
"2022-23","Garrett Temple","NOP",6.47,2.0,0.68,0.52,0.535,0.5222,0.123,0.1041,0.0601,0.0788,1.8417,42,40,0.5122
"2022-23","Alex Len","SAC",6.20,1.6538,2.3077,0.4615,0.58,0.5333,0.132,0.0931,0.2135,0.3017,2.4261,48,34,0.5854
"2022-23","Luka Samanic","UTA",22.97,9.8571,4.2857,2.1429,0.55,0.5263,0.193,0.1266,0.0831,0.1375,-0.9983,37,45,0.4512
"2022-23","Dru Smith","BKN",10.56,2.9333,1.6,1.4667,0.475,0.4556,0.133,0.2119,0.0939,0.0608,0.9769,45,37,0.5488
"2022-23","Wendell Moore Jr.","MIN",5.26,1.4483,0.6207,0.6207,0.465,0.4419,0.139,0.1594,0.0664,0.1504,0.0058,42,40,0.5122
"2022-23","Otto Porter Jr.","TOR",18.29,5.5,2.375,1.0,0.656,0.6,0.104,0.0712,0.0802,0.1066,1.4663,41,41,0.5
"2022-23","Kemba Walker","DAL",15.99,8.0,1.7778,2.1111,0.543,0.4825,0.215,0.1871,0.0617,0.0569,0.0531,38,44,0.4634
"2022-23","Danny Green","CLE",12.61,5.5455,1.2727,0.5455,0.617,0.6122,0.187,0.0613,0.0571,0.1682,5.4198,51,31,0.622
"2022-23","Jarrett Culver","ATL",13.69,4.4,3.8,0.6,0.452,0.407,0.164,0.0561,0.1663,0.1256,0.2812,41,41,0.5
"2022-23","Quenton Jackson","WAS",14.95,6.2222,0.8889,1.6667,0.542,0.4643,0.164,0.1514,0.0314,0.0718,-1.2546,35,47,0.4268
"2022-23","Cody Martin","CHA",19.10,5.0,3.4286,1.5714,0.448,0.4306,0.121,0.1081,0.081,0.0487,-6.0848,27,55,0.3293
"2022-23","Nate Williams","POR",25.31,10.6,3.0,2.0,0.657,0.6538,0.139,0.1182,0.066,0.0903,-3.9702,33,49,0.4024
"2022-23","Xavier Cooks","WAS",12.58,3.8,3.8,0.6,0.586,0.6071,0.127,0.0643,0.1593,0.198,-1.2546,35,47,0.4268
"2022-23","Jonathan Isaac","ORL",11.28,5.0,4.0,0.5455,0.483,0.4717,0.198,0.0718,0.1826,0.0656,-2.5158,34,48,0.4146
"2022-23","Jason Preston","LAC",8.84,2.9286,1.5714,1.9286,0.489,0.5,0.166,0.3019,0.116,0.1928,0.502,44,38,0.5366
"2022-23","Shaquille Harrison","LAL",23.98,8.8,4.4,6.0,0.516,0.4583,0.162,0.3228,0.1043,0.1235,0.5491,43,39,0.5244
"2022-23","Meyers Leonard","MIL",12.64,4.7778,3.7778,0.1111,0.652,0.6034,0.14,0.0112,0.1503,0.154,3.4161,58,24,0.7073
"2022-23","Olivier Sarr","OKC",12.63,4.0,3.4444,0.4444,0.544,0.5167,0.13,0.0459,0.1396,0.1079,0.9771,40,42,0.4878
"2022-23","Andre Iguodala","GSW",14.07,2.125,2.125,2.375,0.521,0.5,0.089,0.2055,0.083,0.3555,1.7046,44,38,0.5366
"2022-23","Daniel Theis","IND",15.55,7.0,3.1429,1.2857,0.497,0.5,0.201,0.1246,0.1165,0.0574,-3.0361,35,47,0.4268
"2022-23","A.J. Lawson","DAL",7.22,3.7333,1.4,0.1333,0.589,0.6136,0.189,0.0276,0.1077,0.0594,0.0531,38,44,0.4634
"2022-23","Justin Jackson","BOS",4.67,0.8696,0.7391,0.3913,0.359,0.3519,0.122,0.1052,0.0891,0.0669,6.5275,57,25,0.6951
"2022-23","Vince Williams Jr.","MEM",6.97,2.0,1.0,0.2667,0.367,0.35,0.176,0.0487,0.0786,0.109,3.7973,51,31,0.622
"2022-23","Josh Minott","MIN",6.41,3.0667,1.6667,0.3333,0.582,0.5278,0.176,0.0775,0.1463,0.0706,0.0058,42,40,0.5122
"2022-23","Jay Huff","WAS",13.56,7.2857,3.0,1.4286,0.796,0.72,0.155,0.1464,0.1167,0.135,-1.2546,35,47,0.4268
"2022-23","Joshua Primo","SAS",23.34,7.0,3.25,4.5,0.467,0.4038,0.173,0.25,0.0686,0.2686,-9.5943,22,60,0.2683
"2022-23","Greg Brown III","POR",5.82,1.75,1.1875,0.1875,0.421,0.4107,0.17,0.0436,0.1137,0.1527,-3.9702,33,49,0.4024
"2022-23","Buddy Boeheim","DET",9.01,1.6,0.6,0.4,0.287,0.2593,0.131,0.0574,0.0344,0.0,-8.088,17,65,0.2073
"2022-23","Jaden Springer","PHI",5.58,2.625,0.875,0.5,0.545,0.5143,0.188,0.1366,0.0987,0.0723,4.1991,54,28,0.6585
"2022-23","Justin Minaya","POR",22.21,4.25,3.75,1.0,0.363,0.3696,0.123,0.0578,0.094,0.1458,-3.9702,33,49,0.4024
"2022-23","Lindell Wigginton","MIL",12.38,7.1429,1.0,2.0,0.61,0.5676,0.251,0.2306,0.0406,0.2266,3.4161,58,24,0.7073
"2022-23","Isaiah Mobley","CLE",7.02,2.5833,1.6667,0.25,0.521,0.4821,0.166,0.0494,0.1344,0.0325,5.4198,51,31,0.622
"2022-23","Omer Yurtseven","MIA",9.25,4.4444,2.5556,0.2222,0.675,0.6481,0.159,0.0392,0.1653,0.1189,-0.372,44,38,0.5366
"2022-23","Jordan Hall","SAS",9.18,3.1111,1.3333,1.2222,0.438,0.375,0.197,0.1754,0.0715,0.1797,-9.5943,22,60,0.2683
"2022-23","PJ Dozier","SAC",4.96,1.375,0.875,0.625,0.333,0.3333,0.203,0.1631,0.1012,0.1316,2.4261,48,34,0.5854
"2022-23","Jared Butler","OKC",12.75,6.1667,0.6667,1.3333,0.578,0.5781,0.208,0.1487,0.0267,0.1351,0.9771,40,42,0.4878
"2022-23","Udonis Haslem","MIA",10.30,3.8571,1.5714,0.0,0.433,0.3966,0.185,0.0,0.0912,0.0311,-0.372,44,38,0.5366
"2022-23","Keon Ellis","SAC",4.43,1.5,0.5,0.375,0.629,0.625,0.124,0.1058,0.0648,0.0498,2.4261,48,34,0.5854
"2022-23","Jamaree Bouyea","MIA",14.11,3.0,1.2,0.8,0.504,0.5,0.12,0.0787,0.0509,0.2119,-0.372,44,38,0.5366
"2022-23","Trevelin Queen","PHI",10.00,3.0,2.4286,0.8571,0.337,0.2759,0.194,0.1148,0.1529,0.1832,4.1991,54,28,0.6585
"2022-23","Leandro Bolmaro","UTA",4.89,0.4286,0.5,0.5,0.15,0.15,0.155,0.1196,0.0455,0.2593,-0.9983,37,45,0.4512
"2022-23","Jack White","DEN",3.88,1.2353,1.0,0.2353,0.517,0.5,0.133,0.0777,0.1586,0.0896,3.2305,53,29,0.6463
"2022-23","JD Davison","BOS",5.48,1.5833,0.75,0.9167,0.478,0.4737,0.157,0.2263,0.0771,0.1675,6.5275,57,25,0.6951
"2022-23","Tyrese Martin","ATL",4.10,1.3125,0.75,0.125,0.44,0.413,0.164,0.0397,0.1097,0.0773,0.2812,41,41,0.5
"2022-23","Ryan Rollins","GSW",5.17,1.9167,1.0,0.5,0.508,0.425,0.26,0.1254,0.1063,0.4141,1.7046,44,38,0.5366
"2022-23","Isaiah Todd","WAS",10.23,1.5,2.0,0.6667,0.226,0.1842,0.143,0.0786,0.1031,0.0914,-1.2546,35,47,0.4268
"2022-23","Sam Merrill","CLE",11.70,5.0,1.8,1.0,0.546,0.5227,0.177,0.1204,0.0871,0.0,5.4198,51,31,0.622
"2022-23","Carlik Jones","CHI",8.00,2.8571,0.7143,0.8571,0.54,0.5,0.153,0.1446,0.0523,0.0975,1.3241,40,42,0.4878
"2022-23","Gabe York","IND",18.61,8.0,2.0,1.6667,0.548,0.5238,0.173,0.1256,0.0619,0.0,-3.0361,35,47,0.4268
"2022-23","Devon Dotson","WAS",8.85,0.5,1.6667,1.3333,0.15,0.15,0.102,0.1755,0.0993,0.2308,-1.2546,35,47,0.4268
"2022-23","Micah Potter","UTA",7.49,3.4286,2.2857,0.5714,0.8,0.8,0.121,0.1078,0.1359,0.1176,-0.9983,37,45,0.4512
"2022-23","Facundo Campazzo","DAL",6.52,1.25,0.25,1.125,0.36,0.3462,0.144,0.2117,0.0213,0.1777,0.0531,38,44,0.4634
"2022-23","Joe Wieskamp","TOR",5.52,1.0,0.4444,0.3333,0.321,0.3214,0.115,0.0746,0.0498,0.0667,1.4663,41,41,0.5
"2022-23","Xavier Sneed","CHA",12.06,4.25,1.25,1.25,0.723,0.65,0.136,0.1361,0.0468,0.2033,-6.0848,27,55,0.3293
"2022-23","Ron Harper Jr.","TOR",5.28,2.2222,0.7778,0.4444,0.608,0.5938,0.136,0.12,0.0911,0.0,1.4663,41,41,0.5
"2022-23","Michael Carter-Williams","ORL",11.12,4.25,1.25,1.75,0.498,0.4643,0.191,0.2196,0.0578,0.1898,-2.5158,34,48,0.4146
"2022-23","Cole Swider","LAL",5.88,1.2857,1.0,0.5714,0.5,0.5,0.089,0.1175,0.0967,0.0,0.5491,43,39,0.5244
"2022-23","Mac McClung","PHI",20.53,12.5,5.0,4.5,0.563,0.55,0.243,0.3494,0.1533,0.119,4.1991,54,28,0.6585
"2022-23","Jacob Gilyard","MEM",40.78,3.0,4.0,7.0,0.5,0.5,0.052,0.1962,0.0538,0.4,3.7973,51,31,0.622
"2022-23","Kendall Brown","IND",6.72,1.5,1.0,0.5,0.571,0.5714,0.093,0.0983,0.0858,0.2024,-3.0361,35,47,0.4268
"2022-23","Jarrell Brantley","UTA",9.74,5.5,1.5,0.75,0.739,0.7143,0.172,0.1111,0.0686,0.1185,-0.9983,37,45,0.4512
"2022-23","Mfiondu Kabengele","BOS",9.11,1.5,2.5,0.0,0.381,0.2857,0.107,0.0,0.1545,0.1126,6.5275,57,25,0.6951
"2022-23","RaiQuan Gray","BKN",35.08,16.0,9.0,7.0,0.621,0.5833,0.205,0.3337,0.1591,0.237,0.9769,45,37,0.5488
"2022-23","Justin Champagnie","BOS",6.86,2.2,1.6,0.8,0.367,0.3667,0.188,0.163,0.1313,0.0,6.5275,57,25,0.6951
"2022-23","Tony Bradley","CHI",2.78,1.5833,0.9167,0.0833,0.69,0.625,0.174,0.0448,0.1929,0.0678,1.3241,40,42,0.4878
"2022-23","Scotty Pippen Jr.","LAL",5.25,2.3333,0.6667,0.3333,0.439,0.375,0.231,0.0821,0.0722,0.1114,0.5491,43,39,0.5244
"2022-23","Jay Scrubb","ORL",15.06,6.5,3.0,0.5,0.825,0.8571,0.151,0.0484,0.1025,0.2757,-2.5158,34,48,0.4146
"2022-23","Alize Johnson","SAS",7.38,1.75,2.5,0.25,0.509,0.5,0.145,0.0442,0.1669,0.3676,-9.5943,22,60,0.2683
"2022-23","Louis King","PHI",28.80,20.0,4.0,2.0,0.744,0.7692,0.205,0.1221,0.0874,0.1295,4.1991,54,28,0.6585
"2022-23","Neemias Queta","SAC",5.74,2.4,2.2,0.2,0.607,0.6667,0.141,0.0505,0.22,0.0919,2.4261,48,34,0.5854
"2022-23","Vernon Carey Jr.","UTA",2.59,0.5455,1.0,0.2727,0.338,0.25,0.147,0.1271,0.172,0.1838,-0.9983,37,45,0.4512
"2022-23","Trevor Hudgins","HOU",5.67,1.8,0.0,0.6,0.436,0.3333,0.177,0.1333,0.0,0.0883,-7.7515,22,60,0.2683
"2022-23","Kobi Simmons","CHA",5.55,1.0,0.8,1.0,0.363,0.25,0.119,0.217,0.065,0.1269,-6.0848,27,55,0.3293
"2022-23","Darius Days","HOU",6.25,3.75,1.5,0.25,0.582,0.5417,0.21,0.0602,0.1171,0.0,-7.7515,22,60,0.2683
"2022-23","Sterling Brown","LAL",6.09,0.0,2.0,0.5,0.0,0.0,0.061,0.0912,0.1867,0.0,0.5491,43,39,0.5244
"2022-23","Chance Comanche","POR",20.78,7.0,3.0,0.0,0.518,0.6,0.14,0.0,0.0804,0.0,-3.9702,33,49,0.4024
"2022-23","Marko Simonovic","CHI",2.80,0.8571,0.2857,0.0,0.381,0.3571,0.145,0.0,0.0597,0.0,1.3241,40,42,0.4878
"2022-23","Xavier Moon","LAC",4.89,1.75,0.75,1.25,0.389,0.3889,0.233,0.3576,0.1,0.1,0.502,44,38,0.5366
"2022-23","Lester Quiñones","GSW",4.53,2.5,0.75,0.5,0.654,0.6,0.283,0.1428,0.0911,0.3956,1.7046,44,38,0.5366
"2022-23","Dereon Seabron","NOP",2.32,0.8,0.2,0.0,0.4,0.4,0.156,0.0,0.0493,0.0,1.8417,42,40,0.5122
"2022-23","Dylan Windler","CLE",3.46,1.6667,0.0,0.3333,0.833,0.8333,0.182,0.1435,0.0,0.25,5.4198,51,31,0.622
"2022-23","Malcolm Hill","CHI",1.83,1.0,0.6,0.0,0.625,0.625,0.167,0.0,0.1918,0.0,1.3241,40,42,0.4878
"2022-23","Braxton Key","DET",3.03,1.3333,0.3333,0.0,1.064,1.0,0.091,0.0,0.0567,0.0,-8.088,17,65,0.2073
"2022-23","Tyler Dorsey","DAL",2.75,3.0,0.6667,0.0,0.9,0.9,0.227,0.0,0.1346,0.0,0.0531,38,44,0.4634
"2022-23","Trevor Keels","NYK",2.68,1.0,0.6667,0.0,0.375,0.375,0.211,0.0,0.1519,0.0,2.9382,47,35,0.5732
"2022-23","Chima Moneke","SAC",3.97,1.0,1.0,0.5,0.347,0.5,0.25,0.1632,0.1447,0.4098,2.4261,48,34,0.5854
"2022-23","Deonte Burton","SAC",3.25,0.0,0.0,0.0,0.0,0.0,0.133,0.0,0.0,0.0,2.4261,48,34,0.5854
"2022-23","Jordan Schakel","WAS",3.12,1.5,0.0,0.5,0.75,0.75,0.154,0.2238,0.0,0.0,-1.2546,35,47,0.4268
"2022-23","Alondes Williams","BKN",5.27,0.0,1.0,0.0,0.0,NULL,0.143,0.0,0.1177,1.0,0.9769,45,37,0.5488
"2022-23","Frank Jackson","PHX",5.05,0.0,2.0,1.0,0.0,0.0,0.25,0.22,0.2194,0.0,2.0293,45,37,0.5488
"2022-23","Donovan Williams","ATL",2.13,2.0,1.0,0.0,0.4,0.4,0.385,0.0,0.282,0.0,0.2812,41,41,0.5
"2022-23","Chris Silva","ATL",3.02,2.0,0.0,0.0,1.0,1.0,0.25,0.0,0.0,0.5,0.2812,41,41,0.5
"2022-23","Stanley Umude","DET",2.12,2.0,0.0,0.0,0.532,0.0,0.5,0.0,0.0,0.0,-8.088,17,65,0.2073
"2022-23","Michael Foster Jr.","PHI",1.03,0.0,0.0,0.0,0.0,NULL,0.0,0.0,0.0,NULL,4.1991,54,28,0.6585
"2025-26","Amen Thompson","HOU",37.38,18.2658,7.7722,5.3165,0.594,0.5455,0.195,0.2042,0.1152,0.1352,5.2322,52,30,0.6341
"2025-26","Kevin Durant","HOU",36.41,25.9744,5.4615,4.7692,0.641,0.5879,0.263,0.207,0.0831,0.1346,5.2322,52,30,0.6341
"2025-26","Desmond Bane","ORL",33.61,20.0854,4.122,4.122,0.607,0.5531,0.224,0.1872,0.0667,0.1078,0.5644,45,37,0.5488
"2025-26","Toumani Camara","POR",33.31,13.4146,5.1341,2.4512,0.578,0.5629,0.16,0.1043,0.0861,0.1315,-0.1793,42,40,0.5122
"2025-26","Jabari Smith Jr.","HOU",35.13,15.7792,6.8701,1.8571,0.569,0.54,0.179,0.0731,0.1084,0.0896,5.2322,52,30,0.6341
"2025-26","Mikal Bridges","NYK",32.83,14.4024,3.8049,3.7073,0.587,0.5711,0.17,0.1608,0.0677,0.0762,6.3149,53,29,0.6463
"2025-26","Scottie Barnes","TOR",33.51,18.1,7.5,5.925,0.577,0.537,0.226,0.2603,0.1255,0.1435,2.5169,46,36,0.561
"2025-26","Tyrese Maxey","PHI",38.02,28.2857,4.1429,6.5857,0.588,0.5356,0.286,0.2914,0.0607,0.0922,-0.1605,45,37,0.5488
"2025-26","Jamal Murray","DEN",35.36,25.4,4.4,7.1333,0.622,0.5732,0.269,0.3233,0.0736,0.1004,5.051,54,28,0.6585
"2025-26","Derrick White","BOS",34.09,16.4545,4.4026,5.3766,0.529,0.4887,0.216,0.2175,0.0696,0.1006,7.8884,56,26,0.6829
"2025-26","VJ Edgecombe","PHI",34.98,15.9867,5.64,4.2,0.54,0.5102,0.196,0.1757,0.0899,0.1099,-0.1605,45,37,0.5488
"2025-26","Julius Randle","MIN",33.04,21.1013,6.7342,5.038,0.585,0.5257,0.258,0.2295,0.121,0.1321,3.0193,49,33,0.5976
"2025-26","Brandon Ingram","TOR",33.82,21.4935,5.5844,3.6883,0.573,0.5291,0.264,0.1663,0.0926,0.1146,2.5169,46,36,0.561
"2025-26","Nickeil Alexander-Walker","ATL",33.37,20.8205,3.4359,3.6667,0.61,0.5636,0.23,0.1591,0.0629,0.1086,2.3072,46,36,0.561
"2025-26","Jalen Brunson","NYK",35.00,26.0405,3.3378,6.7973,0.58,0.5332,0.296,0.3176,0.0557,0.0954,6.3149,53,29,0.6463
"2025-26","Payton Pritchard","BOS",32.35,17.0253,3.9494,5.1646,0.584,0.561,0.21,0.2302,0.0658,0.0865,7.8884,56,26,0.6829
"2025-26","Kon Knueppel","CHA",31.49,18.4938,5.3333,3.3827,0.633,0.601,0.216,0.1659,0.0942,0.1198,4.885,44,38,0.5366
"2025-26","Jalen Johnson","ATL",35.16,22.5139,10.2778,7.8611,0.581,0.5375,0.264,0.3366,0.1786,0.1488,2.3072,46,36,0.561
"2025-26","Dyson Daniels","ATL",33.15,11.8553,6.8421,5.9079,0.542,0.5315,0.157,0.2403,0.1261,0.1398,2.3072,46,36,0.561
"2025-26","Paolo Banchero","ORL",34.75,22.2083,8.3889,5.1806,0.566,0.4957,0.274,0.2276,0.1313,0.1359,0.5644,45,37,0.5488
"2025-26","Donte DiVincenzo","MIN",30.42,12.1951,4.0976,3.8171,0.567,0.5521,0.164,0.1672,0.08,0.1181,3.0193,49,33,0.5976
"2025-26","Jaylen Brown","BOS",34.41,28.7042,6.9296,5.1268,0.573,0.5224,0.351,0.2524,0.1086,0.1271,7.8884,56,26,0.6829
"2025-26","James Harden","CLE",34.84,23.6,4.8,7.9571,0.61,0.5294,0.279,0.3326,0.0814,0.1533,3.9451,52,30,0.6341
"2025-26","DeMar DeRozan","SAC",31.24,18.4286,2.9351,4.1039,0.594,0.5199,0.222,0.195,0.0507,0.0744,-9.7968,22,60,0.2683
"2025-26","Alperen Sengun","HOU",33.30,20.3611,8.8889,6.1806,0.569,0.537,0.259,0.2892,0.1479,0.1498,5.2322,52,30,0.6341
"2025-26","Miles Bridges","CHA",31.00,17.0649,5.8442,3.1948,0.57,0.5307,0.221,0.1588,0.1048,0.0849,4.885,44,38,0.5366
"2025-26","Rudy Gobert","MIN",31.32,10.9079,11.4737,1.6842,0.664,0.6823,0.127,0.0721,0.2174,0.1452,3.0193,49,33,0.5976
"2025-26","Ryan Rollins","MIL",32.10,17.3108,4.5676,5.5946,0.583,0.5612,0.236,0.2682,0.083,0.1546,-6.3435,32,50,0.3902
"2025-26","Bam Adebayo","MIA",32.39,20.1096,10.0274,3.1781,0.551,0.4974,0.248,0.1412,0.1605,0.0827,2.0935,43,39,0.5244
"2025-26","Cooper Flagg","DAL",33.48,21.0429,6.6571,4.5143,0.548,0.4983,0.264,0.2226,0.1073,0.1069,-5.3094,26,56,0.3171
"2025-26","Donovan Mitchell","CLE",33.46,27.8857,4.5143,5.6857,0.613,0.5631,0.311,0.2847,0.0797,0.1106,3.9451,52,30,0.6341
"2025-26","Trey Murphy III","NOP",35.46,21.5152,5.7121,3.7879,0.613,0.5724,0.223,0.159,0.0828,0.0939,-4.5085,26,56,0.3171
"2025-26","Brandin Podziemski","GSW",28.45,13.8171,5.1098,3.7073,0.583,0.5433,0.196,0.1898,0.0942,0.1188,-0.5461,37,45,0.4512
"2025-26","Karl-Anthony Towns","NYK",30.96,20.0533,11.8533,3.0133,0.619,0.5557,0.251,0.1486,0.2237,0.1334,6.3149,53,29,0.6463
"2023-24","DeMar DeRozan","CHI",37.83,24.0127,4.3038,5.3291,0.584,0.5074,0.252,0.2183,0.0636,0.0767,-1.576,39,43,0.4756
"2023-24","Domantas Sabonis","SAC",35.71,19.4268,13.6585,8.2073,0.637,0.6091,0.22,0.3394,0.2164,0.1786,1.6233,46,36,0.561
"2023-24","Coby White","CHI",36.47,19.1013,4.5316,5.1266,0.57,0.5339,0.224,0.2082,0.0694,0.1115,-1.576,39,43,0.4756
"2023-24","Mikal Bridges","BKN",34.81,19.5854,4.5366,3.6463,0.56,0.5209,0.238,0.1614,0.0715,0.1027,-2.8855,32,50,0.3902
"2023-24","Paolo Banchero","ORL",34.98,22.55,6.925,5.3875,0.546,0.4972,0.292,0.2523,0.1163,0.13,2.0247,47,35,0.5732
"2023-24","Kevin Durant","PHX",37.21,27.0933,6.6,5.04,0.626,0.5815,0.283,0.2255,0.1049,0.1308,3.0052,49,33,0.5976
"2023-24","Dejounte Murray","ATL",35.68,22.4744,5.3333,6.4359,0.555,0.528,0.259,0.277,0.0807,0.113,-2.0406,36,46,0.439
"2023-24","Anthony Edwards","MIN",35.07,25.9367,5.443,5.1266,0.575,0.5218,0.314,0.2416,0.0844,0.1192,6.4536,56,26,0.6829
"2023-24","Nikola Jokić","DEN",34.64,26.3924,12.3544,8.962,0.65,0.612,0.288,0.4203,0.1977,0.1288,5.2709,57,25,0.6951
"2023-24","Jalen Brunson","NYK",35.41,28.7273,3.6104,6.7403,0.592,0.5434,0.311,0.3294,0.0603,0.0906,4.7421,50,32,0.6098
"2023-24","Josh Hart","NYK",33.42,9.3951,8.3333,4.0864,0.522,0.4934,0.133,0.1612,0.1474,0.1392,4.7421,50,32,0.6098
"2023-24","Anthony Davis","LAL",35.53,24.6842,12.6447,3.5,0.621,0.567,0.261,0.1587,0.2164,0.0953,0.4679,47,35,0.5732
"2023-24","Fred VanVleet","HOU",36.77,17.3973,3.8082,8.0685,0.568,0.527,0.194,0.3113,0.0555,0.1012,1.1128,41,41,0.5
"2023-24","De'Aaron Fox","SAC",35.93,26.5676,4.5946,5.6486,0.567,0.5339,0.3,0.2524,0.0723,0.1006,1.6233,46,36,0.561
"2023-24","Pascal Siakam","IND",33.22,21.7125,7.0625,4.275,0.601,0.5692,0.25,0.1725,0.1176,0.0889,2.8997,47,35,0.5732
"2023-24","Jayson Tatum","BOS",35.75,26.8514,8.1216,4.9189,0.604,0.5515,0.296,0.2149,0.1279,0.1026,11.3558,64,18,0.7805
"2023-24","Austin Reaves","LAL",32.06,15.8537,4.2927,5.4878,0.613,0.5681,0.198,0.2407,0.0814,0.141,0.4679,47,35,0.5732
"2023-24","Tyrese Maxey","PHI",37.51,25.9429,3.6857,6.1857,0.573,0.5243,0.273,0.2681,0.0575,0.0682,2.9184,47,35,0.5732
"2023-24","Luka Dončić","DAL",37.49,33.8571,9.2429,9.8,0.617,0.5726,0.355,0.4227,0.1384,0.1281,2.0537,50,32,0.6098
"2023-24","Nikola Vučević","CHI",34.34,18.0263,10.5395,3.3421,0.54,0.5219,0.233,0.1525,0.1715,0.0865,-1.576,39,43,0.4756
"2023-24","Jalen Green","HOU",31.72,19.6341,5.1585,3.5488,0.541,0.4981,0.27,0.1731,0.0872,0.1138,1.1128,41,41,0.5
"2023-24","Rudy Gobert","MIN",34.12,13.9605,12.9211,1.3421,0.675,0.6612,0.152,0.0556,0.206,0.1306,6.4536,56,26,0.6829
"2023-24","Keegan Murray","SAC",33.62,15.2208,5.4545,1.6753,0.569,0.5482,0.178,0.069,0.0918,0.0585,1.6233,46,36,0.561
"2023-24","Miles Bridges","CHA",37.41,21.0,7.3188,3.3478,0.556,0.5269,0.242,0.1603,0.1043,0.0958,-10.316,21,61,0.2561
"2023-24","Damian Lillard","MIL",35.32,24.3151,4.3836,6.9589,0.59,0.5098,0.274,0.2935,0.0706,0.1138,2.5519,49,33,0.5976
"2023-24","Giannis Antetokounmpo","MIL",35.17,30.4384,11.5205,6.5205,0.649,0.6238,0.32,0.334,0.1863,0.1274,2.5519,49,33,0.5976
"2023-24","Michael Porter Jr.","DEN",31.66,16.7407,6.9753,1.5062,0.601,0.5857,0.202,0.0668,0.1221,0.0754,5.2709,57,25,0.6951
"2023-24","Shai Gilgeous-Alexander","OKC",34.04,30.0533,5.5333,6.2,0.636,0.5672,0.317,0.3084,0.0972,0.0837,7.0665,57,25,0.6951
"2023-24","Grayson Allen","PHX",33.51,13.52,3.9333,3.0267,0.679,0.6488,0.143,0.123,0.0694,0.1129,3.0052,49,33,0.5976
"2023-24","LeBron James","LAL",35.26,25.662,7.2958,8.2958,0.63,0.5985,0.285,0.3848,0.1258,0.1448,0.4679,47,35,0.5732
"2023-24","Paul George","LAC",33.81,22.5811,5.2432,3.5405,0.613,0.5692,0.264,0.161,0.0872,0.1009,3.1568,51,31,0.622
"2023-24","Dennis Schröder","BKN",31.07,14.025,3.025,6.1,0.55,0.5092,0.202,0.2868,0.0534,0.1304,-2.8855,32,50,0.3902
"2023-24","D'Angelo Russell","LAL",32.69,18.0132,3.1053,6.3421,0.588,0.5602,0.222,0.2825,0.0578,0.1181,0.4679,47,35,0.5732
"2023-24","James Harden","LAC",34.30,16.5556,5.125,8.5278,0.612,0.5414,0.202,0.3357,0.084,0.1597,3.1568,51,31,0.622
"2023-24","Devin Booker","PHX",35.98,27.0735,4.5294,6.9412,0.611,0.5502,0.289,0.3176,0.0745,0.1057,3.0052,49,33,0.5976
"2023-24","Jarrett Allen","CLE",31.72,16.5065,10.5325,2.7273,0.664,0.6337,0.191,0.1329,0.1926,0.1122,2.3284,48,34,0.5854
"2023-24","Jabari Smith Jr.","HOU",31.89,13.7368,8.1053,1.5921,0.571,0.5366,0.174,0.0707,0.1362,0.0887,1.1128,41,41,0.5
"2023-24","Stephen Curry","GSW",32.72,26.4324,4.4595,5.1216,0.616,0.5734,0.302,0.2466,0.0735,0.1168,2.6236,46,36,0.561
"2023-24","Bam Adebayo","MIA",34.03,19.2535,10.3803,3.9155,0.576,0.5285,0.247,0.1819,0.1788,0.1201,1.6124,46,36,0.561
"2023-24","Chet Holmgren","OKC",29.42,16.5488,7.9024,2.439,0.632,0.5976,0.21,0.1196,0.1606,0.1087,7.0665,57,25,0.6951
"2023-24","Brook Lopez","MIL",30.52,12.5316,5.1772,1.6076,0.608,0.5828,0.156,0.0722,0.0965,0.0885,2.5519,49,33,0.5976
"2023-24","Kentavious Caldwell-Pope","DEN",31.60,10.0789,2.4079,2.4079,0.602,0.5664,0.126,0.0948,0.0422,0.1054,5.2709,57,25,0.6951
"2023-24","Bogdan Bogdanović","ATL",30.40,16.8734,3.443,3.1266,0.569,0.5373,0.218,0.1477,0.0612,0.0872,-2.0406,36,46,0.439
"2023-24","Brandon Miller","CHA",32.20,17.2838,4.2568,2.3649,0.552,0.5245,0.235,0.1277,0.0705,0.1022,-10.316,21,61,0.2561
"2023-24","Derrick White","BOS",32.62,15.1644,4.2466,5.1644,0.611,0.5781,0.183,0.2164,0.0733,0.11,11.3558,64,18,0.7805
"2023-24","Harrison Barnes","SAC",29.04,12.1951,3.0366,1.2073,0.611,0.5758,0.154,0.0556,0.0592,0.0662,1.6233,46,36,0.561
"2023-24","Tobias Harris","PHI",33.83,17.2,6.4714,3.1,0.576,0.5347,0.203,0.1383,0.112,0.0817,2.9184,47,35,0.5732
"2023-24","Donte DiVincenzo","NYK",29.14,15.5432,3.6667,2.6667,0.597,0.5842,0.209,0.1347,0.0744,0.0968,4.7421,50,32,0.6098
"2023-24","Jordan Poole","WAS",30.07,17.3846,2.7179,4.3974,0.529,0.4907,0.256,0.206,0.0441,0.1279,-8.8452,15,67,0.1829
"2023-24","Jaylen Brown","BOS",33.46,23.0,5.5286,3.5571,0.58,0.5569,0.283,0.1696,0.093,0.1068,11.3558,64,18,0.7805
"2023-24","Franz Wagner","ORL",32.46,19.7361,5.2917,3.7361,0.575,0.5246,0.25,0.1877,0.0958,0.0998,2.0247,47,35,0.5732
"2023-24","Malik Beasley","MIL",29.59,11.2532,3.6709,1.3671,0.603,0.5983,0.142,0.0621,0.0706,0.0682,2.5519,49,33,0.5976
"2023-24","Kawhi Leonard","LAC",34.27,23.7206,6.1176,3.5882,0.626,0.5852,0.261,0.1686,0.1004,0.0846,3.1568,51,31,0.622
"2023-24","Herbert Jones","NOP",30.55,11.0132,3.5789,2.6184,0.636,0.5952,0.141,0.1128,0.0648,0.1239,4.457,49,33,0.5976
"2023-24","Aaron Gordon","DEN",31.46,13.8767,6.4521,3.5479,0.607,0.5838,0.174,0.1518,0.1137,0.1118,5.2709,57,25,0.6951
"2023-24","Klay Thompson","GSW",29.66,17.8571,3.2987,2.2857,0.576,0.5508,0.234,0.1119,0.06,0.0893,2.6236,46,36,0.561
"2023-24","Kyle Kuzma","WAS",32.59,22.1857,6.6286,4.2286,0.547,0.5206,0.295,0.1989,0.0993,0.1192,-8.8452,15,67,0.1829
"2023-24","Jrue Holiday","BOS",32.80,12.4638,5.4058,4.8261,0.597,0.5806,0.161,0.1967,0.0928,0.1468,11.3558,64,18,0.7805
"2023-24","Deni Avdija","WAS",30.09,14.6933,7.2,3.8133,0.597,0.5604,0.196,0.1715,0.1168,0.1477,-8.8452,15,67,0.1829
"2023-24","Devin Vassell","SAS",33.06,19.4559,3.8382,4.0735,0.578,0.5502,0.229,0.1894,0.0606,0.0862,-6.1515,22,60,0.2683
"2023-24","Luguentz Dort","OKC",28.43,10.8861,3.5949,1.4304,0.593,0.5571,0.152,0.065,0.0756,0.0926,7.0665,57,25,0.6951
"2023-24","Max Strus","CLE",31.99,12.1857,4.8286,4.0429,0.553,0.533,0.167,0.1746,0.0876,0.1269,2.3284,48,34,0.5854
"2023-24","Dillon Brooks","HOU",30.93,12.7083,3.4167,1.6528,0.549,0.515,0.176,0.0748,0.0592,0.0956,1.1128,41,41,0.5
"2023-24","Jalen Williams","OKC",31.32,19.0845,3.9718,4.5352,0.621,0.5916,0.232,0.2189,0.0758,0.1014,7.0665,57,25,0.6951
"2023-24","Tyrese Haliburton","IND",32.23,20.1304,3.9275,10.8986,0.605,0.5701,0.239,0.4351,0.0674,0.1217,2.8997,47,35,0.5732
"2023-24","P.J. Washington","DAL",30.42,12.863,5.6301,1.9315,0.537,0.5179,0.185,0.0829,0.1039,0.0989,2.0537,50,32,0.6098
"2023-24","Jaden Ivey","DET",28.80,15.3896,3.4286,3.8442,0.536,0.4923,0.244,0.2221,0.0695,0.1466,-8.8226,14,68,0.1707
"2023-24","Ayo Dosunmu","CHI",29.11,12.1579,2.8421,3.1842,0.604,0.5834,0.168,0.1562,0.0546,0.1186,-1.576,39,43,0.4756
"2023-24","Zion Williamson","NOP",31.53,22.8714,5.8,5.0286,0.61,0.5731,0.285,0.2642,0.1017,0.1283,4.457,49,33,0.5976
"2023-24","Mike Conley","MIN",28.86,11.4342,2.8684,5.9079,0.627,0.5955,0.157,0.2804,0.0541,0.1283,6.4536,56,26,0.6829
"2023-24","Jeremy Sochan","SAS",29.64,11.6351,6.4324,3.3649,0.513,0.4832,0.187,0.1583,0.1133,0.143,-6.1515,22,60,0.2683
"2023-24","Buddy Hield","PHI",25.71,12.0595,3.2024,2.8095,0.578,0.5653,0.186,0.1592,0.0729,0.1052,2.9184,47,35,0.5732
"2023-24","CJ McCollum","NOP",32.71,20.0303,4.3333,4.6212,0.592,0.572,0.244,0.2134,0.0733,0.0897,4.457,49,33,0.5976
"2023-24","Spencer Dinwiddie","LAL",28.32,10.4605,2.6974,4.6842,0.543,0.4891,0.161,0.2153,0.0579,0.1105,0.4679,47,35,0.5732
"2023-24","Tre Jones","SAS",27.77,10.013,3.7532,6.2078,0.591,0.5583,0.149,0.3061,0.0706,0.1511,-6.1515,22,60,0.2683
"2023-24","Grant Williams","CHA",28.02,10.3158,4.1842,2.2895,0.588,0.5603,0.157,0.1266,0.0796,0.1405,-10.316,21,61,0.2561
"2023-24","Jaren Jackson Jr.","MEM",32.18,22.5152,5.5303,2.3333,0.553,0.4948,0.302,0.1226,0.0809,0.1063,-6.9504,27,55,0.3293
"2023-24","Tim Hardaway Jr.","DAL",26.84,14.4177,3.2152,1.7595,0.542,0.5097,0.22,0.0886,0.0673,0.0616,2.0537,50,32,0.6098
"2023-24","Nic Claxton","BKN",29.80,11.8451,9.9437,2.0704,0.629,0.6297,0.156,0.1032,0.1829,0.1222,-2.8855,32,50,0.3902
"2023-24","Jaime Jaquez Jr.","MIA",28.18,11.8533,3.8,2.6,0.574,0.5359,0.181,0.1337,0.079,0.1244,1.6124,46,36,0.561
"2023-24","Taurean Prince","LAL",27.02,8.9359,2.9487,1.5256,0.579,0.5656,0.134,0.0738,0.0663,0.1082,0.4679,47,35,0.5732
"2023-24","Victor Wembanyama","SAS",29.67,21.4366,10.6338,3.8592,0.565,0.5185,0.312,0.2131,0.1871,0.1617,-6.1515,22,60,0.2683
"2023-24","Jaden McDaniels","MIN",29.24,10.5139,3.1111,1.4028,0.571,0.5573,0.156,0.0668,0.0579,0.116,6.4536,56,26,0.6829
"2023-24","Brandon Ingram","NOP",32.85,20.8125,5.0625,5.6719,0.578,0.5339,0.269,0.2661,0.0852,0.1239,4.457,49,33,0.5976
"2023-24","Scottie Barnes","TOR",34.90,19.85,8.2333,6.05,0.566,0.5281,0.24,0.2695,0.1247,0.1355,-6.3427,25,57,0.3049
"2023-24","Jusuf Nurkić","PHX",27.34,10.9079,11.0132,3.9605,0.559,0.5279,0.187,0.2024,0.2382,0.1909,3.0052,49,33,0.5976
"2023-24","Myles Turner","IND",26.97,17.0519,6.9221,1.2987,0.626,0.5875,0.234,0.0623,0.142,0.0942,2.8997,47,35,0.5732
"2023-24","Cam Thomas","BKN",31.44,22.4545,3.2424,2.9091,0.554,0.5025,0.296,0.156,0.0565,0.0849,-2.8855,32,50,0.3902
"2023-24","Collin Sexton","UTA",26.60,18.6923,2.6282,4.9103,0.607,0.5491,0.267,0.2785,0.0464,0.1208,-4.8458,31,51,0.378
"2023-24","Cade Cunningham","DET",33.46,22.6613,4.3226,7.4839,0.546,0.5,0.298,0.4169,0.0755,0.1414,-8.8226,14,68,0.1707
"2023-24","Corey Kispert","WAS",25.84,13.375,2.8125,1.9625,0.62,0.602,0.191,0.1037,0.0531,0.102,-8.8452,15,67,0.1829
"2023-24","Saddiq Bey","ATL",32.72,13.6984,6.5238,1.4603,0.549,0.4971,0.163,0.0593,0.1077,0.0643,-2.0406,36,46,0.439
"2023-24","Kelly Oubre Jr.","PHI",30.23,15.4265,5.0147,1.4853,0.535,0.4983,0.22,0.0734,0.0971,0.0815,2.9184,47,35,0.5732
"2023-24","Alperen Sengun","HOU",32.47,21.127,9.3492,4.9524,0.585,0.5535,0.27,0.2521,0.1543,0.1247,1.1128,41,41,0.5
"2023-24","Jimmy Butler III","MIA",34.03,20.7667,5.3,4.9667,0.626,0.5372,0.235,0.2218,0.0913,0.093,1.6124,46,36,0.561
"2023-24","Terry Rozier","MIA",33.45,19.7541,4.0492,5.6066,0.555,0.5175,0.253,0.2639,0.071,0.089,1.6124,46,36,0.561
"2023-24","Alex Caruso","CHI",28.74,10.0704,3.8451,3.4789,0.613,0.5933,0.146,0.1638,0.0748,0.1489,-1.576,39,43,0.4756
"2023-24","Keldon Johnson","SAS",29.54,15.7101,5.4638,2.8261,0.565,0.5273,0.212,0.1406,0.0966,0.0944,-6.1515,22,60,0.2683
"2023-24","Kyrie Irving","DAL",34.99,25.6379,5.0,5.1552,0.608,0.5734,0.274,0.2273,0.0802,0.0797,2.0537,50,32,0.6098
"2023-24","Karl-Anthony Towns","MIN",32.67,21.7581,8.3065,3.0484,0.625,0.5752,0.268,0.1487,0.1383,0.1409,6.4536,56,26,0.6829
"2023-24","Jalen Suggs","ORL",26.99,12.5733,3.0533,2.7333,0.602,0.5777,0.191,0.1504,0.0665,0.1443,2.0247,47,35,0.5732
"2023-24","Keyonte George","UTA",26.97,12.9867,2.8133,4.4267,0.533,0.4816,0.224,0.2192,0.049,0.1707,-4.8458,31,51,0.378
"2023-24","Josh Giddey","OKC",25.14,12.325,6.425,4.825,0.547,0.523,0.223,0.2731,0.1528,0.1571,7.0665,57,25,0.6951
"2023-24","Bobby Portis","MIL",24.49,13.7805,7.4024,1.2683,0.581,0.5621,0.224,0.0798,0.1719,0.0856,2.5519,49,33,0.5976
"2023-24","Aaron Nesmith","IND",27.70,12.1806,3.8194,1.5,0.631,0.6063,0.158,0.0641,0.0763,0.0843,2.8997,47,35,0.5732
"2023-24","Gary Trent Jr.","TOR",28.08,13.7183,2.6479,1.6761,0.548,0.5313,0.195,0.0884,0.0499,0.0502,-6.3427,25,57,0.3049
"2023-24","Norman Powell","LAC",26.19,13.8947,2.5658,1.0789,0.626,0.5944,0.193,0.0592,0.0551,0.0726,3.1568,51,31,0.622
"2023-24","Immanuel Quickley","TOR",29.20,17.0,3.8088,4.8676,0.577,0.5296,0.233,0.2522,0.069,0.0916,-6.3427,25,57,0.3049
"2023-24","Brandin Podziemski","GSW",26.60,9.2162,5.7703,3.6892,0.54,0.5293,0.149,0.1812,0.1171,0.1223,2.6236,46,36,0.561
"2023-24","Naz Reid","MIN",24.24,13.4568,5.2222,1.3086,0.595,0.5764,0.223,0.0821,0.1172,0.1081,6.4536,56,26,0.6829
"2023-24","Caris LeVert","CLE",28.80,14.0,4.1176,5.0882,0.524,0.4866,0.224,0.2585,0.0829,0.1141,2.3284,48,34,0.5854
"2023-24","Royce O'Neale","PHX",24.74,7.6962,4.7722,2.7722,0.548,0.5417,0.134,0.1474,0.1141,0.1164,3.0052,49,33,0.5976
"2023-24","Jonathan Kuminga","GSW",26.34,16.0541,4.7973,2.2027,0.598,0.5597,0.237,0.1249,0.0983,0.1094,2.6236,46,36,0.561
"2023-24","Donovan Mitchell","CLE",35.32,26.6,5.0909,6.0545,0.595,0.5455,0.301,0.2853,0.0836,0.1114,2.3284,48,34,0.5854
"2023-24","Trae Young","ATL",35.96,25.7222,2.7593,10.7963,0.585,0.5164,0.289,0.4484,0.0414,0.1653,-2.0406,36,46,0.439
"2023-24","Dorian Finney-Smith","BKN",28.45,8.5294,4.6618,1.5735,0.546,0.5352,0.132,0.0752,0.0898,0.1,-2.8855,32,50,0.3902
"2023-24","Tyus Jones","WAS",29.28,11.9697,2.7121,7.3485,0.578,0.5691,0.161,0.3345,0.0452,0.088,-8.8452,15,67,0.1829
"2023-24","Jonas Valančiūnas","NOP",23.47,12.2195,8.7927,2.1098,0.619,0.5848,0.207,0.1326,0.2071,0.1206,4.457,49,33,0.5976
"2023-24","Nickeil Alexander-Walker","MIN",23.43,7.9878,2.0366,2.4878,0.578,0.5604,0.143,0.1433,0.0473,0.1183,6.4536,56,26,0.6829
"2023-24","Andrew Wiggins","GSW",27.05,13.2254,4.5211,1.6761,0.544,0.5109,0.206,0.0861,0.0902,0.0916,2.6236,46,36,0.561
"2023-24","Duncan Robinson","MIA",28.02,12.8676,2.5441,2.8235,0.612,0.5889,0.184,0.1456,0.0532,0.1173,1.6124,46,36,0.561
"2023-24","John Collins","UTA",27.96,15.1029,8.4559,1.1324,0.621,0.5898,0.199,0.058,0.142,0.1059,-4.8458,31,51,0.378
"2023-24","Darius Garland","CLE",33.34,18.0351,2.6667,6.5439,0.56,0.5244,0.249,0.2963,0.0464,0.1609,2.3284,48,34,0.5854
"2023-24","Isaiah Hartenstein","NYK",25.28,7.76,8.3467,2.5067,0.67,0.6452,0.116,0.1333,0.1951,0.1764,4.7421,50,32,0.6098
"2023-24","Eric Gordon","PHX",27.83,11.0147,1.7941,2.0441,0.58,0.5647,0.162,0.1013,0.0381,0.1015,3.0052,49,33,0.5976
"2023-24","Jalen Johnson","ATL",33.73,16.0,8.7143,3.625,0.584,0.562,0.184,0.153,0.1395,0.1164,-2.0406,36,46,0.439
"2023-24","Isaac Okoro","CLE",27.35,9.3768,2.9855,1.913,0.599,0.5771,0.136,0.0951,0.0633,0.0909,2.3284,48,34,0.5854
"2023-24","Clint Capela","ATL",25.80,11.4521,10.6301,1.2466,0.59,0.5712,0.167,0.0685,0.2226,0.0946,-2.0406,36,46,0.439
"2023-24","Terance Mann","LAC",24.97,8.7733,3.3867,1.5867,0.615,0.5872,0.135,0.085,0.0762,0.0824,3.1568,51,31,0.622
"2023-24","Malik Monk","SAC",26.00,15.4167,2.9444,5.1389,0.564,0.5263,0.247,0.2897,0.064,0.1324,1.6233,46,36,0.561
"2023-24","Bruce Brown","TOR",27.84,10.8358,4.2388,2.8657,0.563,0.5232,0.161,0.1455,0.0805,0.1177,-6.3427,25,57,0.3049
"2023-24","Jamal Murray","DEN",31.55,21.1864,4.1017,6.5085,0.586,0.5543,0.273,0.3119,0.0721,0.1049,5.2709,57,25,0.6951
"2023-24","RJ Barrett","TOR",31.69,20.1724,5.431,3.3276,0.58,0.5466,0.257,0.1695,0.0906,0.1111,-6.3427,25,57,0.3049
"2023-24","Georges Niang","CLE",22.33,9.3659,3.3902,1.1951,0.583,0.5672,0.173,0.0759,0.0881,0.0986,2.3284,48,34,0.5854
"2023-24","Jerami Grant","POR",33.89,20.963,3.537,2.8148,0.573,0.5159,0.255,0.1381,0.0593,0.1051,-8.9485,21,61,0.2561
"2023-24","Payton Pritchard","BOS",22.27,9.5976,3.2317,3.4268,0.597,0.5835,0.168,0.2103,0.0817,0.0846,11.3558,64,18,0.7805
"2023-24","Rui Hachimura","LAL",26.85,13.5735,4.3235,1.1912,0.628,0.6095,0.182,0.0647,0.0979,0.0589,0.4679,47,35,0.5732
"2023-24","Lauri Markkanen","UTA",33.09,23.2364,8.1636,2.0,0.631,0.5781,0.241,0.0899,0.1159,0.0707,-4.8458,31,51,0.378
"2023-24","Cole Anthony","ORL",22.44,11.5679,3.8395,2.9136,0.545,0.4961,0.232,0.1978,0.1006,0.1279,2.0247,47,35,0.5732
"2023-24","Reggie Jackson","DEN",22.16,10.1585,1.8902,3.7561,0.521,0.4987,0.209,0.2302,0.0473,0.1171,5.2709,57,25,0.6951
"2023-24","Daniel Gafford","DAL",24.52,11.0,7.5946,1.5541,0.731,0.725,0.145,0.0865,0.1739,0.1173,2.0537,50,32,0.6098
"2023-24","Ivica Zubac","LAC",26.39,11.6765,9.2059,1.3676,0.671,0.6493,0.165,0.0745,0.1961,0.1177,3.1568,51,31,0.622
"2023-24","Deandre Ayton","POR",32.43,16.7273,11.0727,1.6364,0.587,0.5708,0.211,0.0883,0.1939,0.1121,-8.9485,21,61,0.2561
"2023-24","Derrick Jones Jr.","DAL",23.46,8.6447,3.2895,0.9868,0.592,0.5657,0.146,0.0532,0.0787,0.1049,2.0537,50,32,0.6098
"2023-24","Kyle Anderson","MIN",22.56,6.4051,3.4557,4.1899,0.513,0.4723,0.14,0.2469,0.0833,0.1557,6.4536,56,26,0.6829
"2023-24","Jalen Duren","DET",29.14,13.7869,11.623,2.4098,0.653,0.6188,0.181,0.1395,0.233,0.167,-8.8226,14,68,0.1707
"2023-24","Bradley Beal","PHX",33.33,18.1887,4.3774,5.0,0.607,0.5816,0.224,0.2285,0.0777,0.1416,3.0052,49,33,0.5976
"2023-24","Scoot Henderson","POR",28.47,14.0,3.129,5.4194,0.489,0.4398,0.26,0.2988,0.0624,0.1929,-8.9485,21,61,0.2561
"2023-24","Nick Richards","CHA",26.25,9.7313,8.0448,0.806,0.717,0.6915,0.131,0.049,0.1633,0.1383,-10.316,21,61,0.2561
"2023-24","Kelly Olynyk","TOR",22.55,9.7692,5.2692,4.4487,0.661,0.6157,0.171,0.282,0.1236,0.2087,-6.3427,25,57,0.3049
"2023-24","Caleb Martin","MIA",27.45,10.0,4.3906,2.2344,0.531,0.5036,0.168,0.1139,0.0938,0.1133,1.6124,46,36,0.561
"2023-24","Sam Hauser","BOS",22.03,9.0127,3.4937,1.038,0.629,0.6228,0.146,0.0627,0.0893,0.0535,11.3558,64,18,0.7805
"2023-24","Al Horford","BOS",26.77,8.6462,6.3538,2.5846,0.65,0.6396,0.119,0.1252,0.1337,0.1,11.3558,64,18,0.7805
"2023-24","Toumani Camara","POR",24.85,7.5286,4.9,1.2429,0.547,0.516,0.134,0.0717,0.112,0.1485,-8.9485,21,61,0.2561
"2023-24","Obi Toppin","IND",21.10,10.2805,3.9024,1.561,0.677,0.6615,0.16,0.0913,0.1023,0.0997,2.8997,47,35,0.5732
"2023-24","Bilal Coulibaly","WAS",27.23,8.4444,4.0635,1.746,0.543,0.5093,0.139,0.0793,0.0728,0.1509,-8.8452,15,67,0.1829
"2023-24","OG Anunoby","NYK",34.04,14.66,4.16,2.14,0.595,0.5771,0.173,0.0895,0.0722,0.1162,4.7421,50,32,0.6098
"2023-24","Jabari Walker","POR",23.62,8.8611,7.0556,0.9861,0.546,0.5,0.159,0.062,0.1696,0.1015,-8.9485,21,61,0.2561
"2023-24","Andrew Nembhard","IND",24.95,9.2059,2.0735,4.1176,0.573,0.5565,0.161,0.1944,0.046,0.156,2.8997,47,35,0.5732
"2023-24","Cason Wallace","OKC",20.63,6.8415,2.2805,1.4634,0.612,0.6018,0.127,0.0916,0.0661,0.0894,7.0665,57,25,0.6951
"2023-24","Trey Murphy III","NOP",29.65,14.7719,4.9123,2.1754,0.612,0.5789,0.182,0.1014,0.0916,0.0471,4.457,49,33,0.5976
"2023-24","Kristaps Porziņģis","BOS",29.65,20.0877,7.1754,2.0175,0.647,0.5891,0.247,0.1024,0.1363,0.0914,11.3558,64,18,0.7805
"2023-24","Kyle Lowry","PHI",28.16,8.1167,3.2333,4.2167,0.594,0.5623,0.128,0.1966,0.0672,0.1717,2.9184,47,35,0.5732
"2023-24","Jordan Clarkson","UTA",30.59,17.1273,3.4182,5.0364,0.521,0.4688,0.255,0.2331,0.0525,0.139,-4.8458,31,51,0.378
"2023-24","De'Andre Hunter","ATL",29.49,15.6316,3.8947,1.5263,0.595,0.5468,0.204,0.0727,0.0713,0.0997,-2.0406,36,46,0.439
"2023-24","Pat Connaughton","MIL",22.06,5.6316,3.1447,2.1184,0.574,0.5533,0.106,0.1214,0.0811,0.1162,2.5519,49,33,0.5976
"2023-24","Christian Braun","DEN",20.19,7.3171,3.7317,1.6098,0.554,0.5248,0.152,0.102,0.1024,0.0921,5.2709,57,25,0.6951
"2023-24","Simone Fontecchio","DET",24.91,10.4848,3.7273,1.5303,0.6,0.5821,0.159,0.0966,0.0874,0.1054,-8.8226,14,68,0.1707
"2023-24","Ochai Agbaji","TOR",21.05,5.8333,2.7692,1.0641,0.497,0.4827,0.131,0.0676,0.0696,0.1227,-6.3427,25,57,0.3049
"2023-24","Julius Randle","NYK",35.44,23.9565,9.1957,4.9783,0.569,0.5179,0.287,0.2246,0.1534,0.141,4.7421,50,32,0.6098
"2023-24","Precious Achiuwa","NYK",21.94,7.6351,6.5811,1.3108,0.545,0.5288,0.158,0.0826,0.1773,0.138,4.7421,50,32,0.6098
"2023-24","Santi Aldama","MEM",26.53,10.7213,5.7705,2.2623,0.539,0.5282,0.177,0.1251,0.1024,0.1022,-6.9504,27,55,0.3293
"2023-24","Cameron Johnson","BKN",27.57,13.3793,4.3276,2.3793,0.582,0.5574,0.19,0.1281,0.0861,0.0787,-2.8855,32,50,0.3902
"2023-24","Malaki Branham","SAS",21.26,9.2,1.9733,2.08,0.526,0.5056,0.192,0.1393,0.0485,0.1219,-6.1515,22,60,0.2683
"2023-24","Paul Reed","PHI",19.38,7.3171,5.9512,1.3293,0.58,0.5615,0.156,0.0986,0.1798,0.1146,2.9184,47,35,0.5732
"2023-24","Ausar Thompson","DET",25.12,8.8254,6.381,1.9048,0.522,0.5052,0.161,0.118,0.1484,0.1363,-8.8226,14,68,0.1707
"2023-24","Anfernee Simons","POR",34.39,22.587,3.6304,5.5435,0.568,0.5233,0.276,0.2764,0.0599,0.121,-8.9485,21,61,0.2561
"2023-24","Kevin Huerter","SAC",24.41,10.2344,3.5,2.5938,0.564,0.5527,0.173,0.1446,0.0811,0.0836,1.6233,46,36,0.561
"2023-24","Bennedict Mathurin","IND",26.07,14.5085,3.9661,2.0169,0.562,0.5068,0.226,0.0955,0.0841,0.113,2.8997,47,35,0.5732
"2023-24","Evan Mobley","CLE",30.65,15.7,9.36,3.2,0.626,0.5996,0.2,0.1604,0.1772,0.1255,2.3284,48,34,0.5854
"2023-24","Chris Paul","GSW",26.39,9.1897,3.8793,6.7759,0.544,0.5246,0.154,0.334,0.0793,0.1343,2.6236,46,36,0.561
"2023-24","Nicolas Batum","PHI",25.49,5.3333,4.1333,2.1333,0.603,0.5957,0.085,0.107,0.0949,0.131,2.9184,47,35,0.5732
"2023-24","Russell Westbrook","LAC",22.48,11.0882,5.0441,4.5,0.514,0.4857,0.239,0.2917,0.1261,0.1641,3.1568,51,31,0.622
"2023-24","Zach Collins","SAS",22.11,11.2464,5.3623,2.8116,0.565,0.5308,0.224,0.1879,0.1266,0.1611,-6.1515,22,60,0.2683
"2023-24","Josh Green","DAL",26.40,8.2281,3.2281,2.2807,0.588,0.5749,0.129,0.1072,0.0687,0.1307,2.0537,50,32,0.6098
"2023-24","Walker Kessler","UTA",23.33,8.0938,7.5156,0.9375,0.663,0.66,0.127,0.0533,0.1513,0.1444,-4.8458,31,51,0.378
"2023-24","Draymond Green","GSW",27.09,8.6364,7.2364,6.0364,0.587,0.5659,0.148,0.286,0.1441,0.2502,2.6236,46,36,0.561
"2023-24","Peyton Watson","DEN",18.60,6.65,3.225,1.075,0.539,0.5157,0.16,0.0745,0.0961,0.1051,5.2709,57,25,0.6951
"2023-24","Matisse Thybulle","POR",22.88,5.4462,2.0923,1.3846,0.537,0.5237,0.105,0.0833,0.0519,0.1082,-8.9485,21,61,0.2561
"2023-24","Khris Middleton","MIL",27.04,15.0545,4.6727,5.3091,0.595,0.5661,0.23,0.2939,0.0983,0.1544,2.5519,49,33,0.5976
"2023-24","Bojan Bogdanovic","NYK",25.93,15.2281,2.6667,1.7018,0.581,0.5514,0.242,0.0996,0.0608,0.1192,4.7421,50,32,0.6098
"2023-24","Julian Champagnie","SAS",19.84,6.8108,2.7838,1.3919,0.57,0.5336,0.14,0.0923,0.0733,0.1141,-6.1515,22,60,0.2683
"2023-24","Patrick Beverley","MIL",20.03,6.1781,3.274,2.9041,0.539,0.4974,0.141,0.1875,0.0929,0.1344,2.5519,49,33,0.5976
"2023-24","Amir Coffey","LAC",20.87,6.6143,2.1143,1.0857,0.604,0.571,0.119,0.0676,0.057,0.0793,3.1568,51,31,0.622
"2023-24","Isaiah Joe","OKC",18.52,8.1538,2.3077,1.2692,0.626,0.6093,0.157,0.0915,0.0745,0.0847,7.0665,57,25,0.6951
"2023-24","Desmond Bane","MEM",34.35,23.7381,4.4048,5.4762,0.589,0.5522,0.273,0.2726,0.0603,0.1168,-6.9504,27,55,0.3293
"2023-24","Vince Williams Jr.","MEM",27.63,10.0192,5.5769,3.3654,0.597,0.5501,0.155,0.17,0.095,0.1742,-6.9504,27,55,0.3293
"2023-24","Isaiah Stewart","DET",30.93,10.9348,6.6304,1.587,0.6,0.5746,0.143,0.0779,0.1252,0.136,-8.8226,14,68,0.1707
"2023-24","Moritz Wagner","ORL",17.68,10.85,4.3375,1.2,0.676,0.6359,0.22,0.1123,0.1441,0.1313,2.0247,47,35,0.5732
"2023-24","Tyler Herro","MIA",33.50,20.8333,5.2857,4.4762,0.558,0.5306,0.268,0.215,0.0925,0.1061,1.6124,46,36,0.561
"2023-24","Wendell Carter Jr.","ORL",25.57,10.9636,6.9273,1.7273,0.623,0.6,0.172,0.0993,0.1592,0.1232,2.0247,47,35,0.5732
"2023-24","Onyeka Okongwu","ATL",25.54,10.2,6.8364,1.3455,0.674,0.6425,0.134,0.0718,0.1446,0.0976,-2.0406,36,46,0.439
"2023-24","Amen Thompson","HOU",22.40,9.5484,6.5968,2.629,0.576,0.5448,0.173,0.17,0.1579,0.149,1.1128,41,41,0.5
"2023-24","Haywood Highsmith","MIA",20.69,6.1364,3.1818,1.0606,0.587,0.5805,0.121,0.0693,0.0901,0.0897,1.6124,46,36,0.561
"2023-24","Dyson Daniels","NOP",22.27,5.8033,3.8689,2.6885,0.529,0.5145,0.123,0.154,0.0961,0.15,4.457,49,33,0.5976
"2023-24","Andre Drummond","CHI",17.10,8.3924,8.962,0.4684,0.576,0.5562,0.201,0.0412,0.2928,0.1233,-1.576,39,43,0.4756
"2023-24","Marcus Sasser","DET",19.03,8.2535,1.7606,3.3239,0.542,0.5156,0.195,0.2786,0.054,0.1426,-8.8226,14,68,0.1707
"2023-24","Kris Murray","POR",21.75,6.0645,3.6129,1.2903,0.481,0.4631,0.136,0.0844,0.0943,0.1234,-8.9485,21,61,0.2561
"2023-24","Miles McBride","NYK",19.53,8.2647,1.4706,1.6765,0.59,0.5716,0.164,0.1204,0.0445,0.0593,4.7421,50,32,0.6098
"2023-24","Jakob Poeltl","TOR",26.38,11.1,8.58,2.54,0.653,0.6561,0.16,0.144,0.172,0.1534,-6.3427,25,57,0.3049
"2023-24","Joel Embiid","PHI",33.57,34.6923,11.0256,5.6154,0.644,0.5605,0.387,0.3251,0.1923,0.125,2.9184,47,35,0.5732
"2023-24","Jeff Green","HOU",16.76,6.5256,2.2821,0.8974,0.59,0.5287,0.152,0.0729,0.073,0.0963,1.1128,41,41,0.5
"2023-24","Cameron Payne","PHI",16.72,7.4103,1.5,2.6282,0.566,0.5405,0.185,0.225,0.0525,0.1145,2.9184,47,35,0.5732
"2023-24","Gary Harris","ORL",24.02,6.8889,1.6852,1.6111,0.587,0.569,0.114,0.0909,0.0412,0.0891,2.0247,47,35,0.5732
"2023-24","Dereck Lively II","DAL",23.53,8.7818,6.8727,1.0909,0.728,0.7466,0.124,0.0615,0.164,0.131,2.0537,50,32,0.6098
"2023-24","T.J. McConnell","IND",18.18,10.2394,2.6901,5.493,0.586,0.5717,0.229,0.4046,0.0818,0.1483,2.8997,47,35,0.5732
"2023-24","Aaron Holiday","HOU",16.27,6.5897,1.5769,1.7949,0.578,0.5468,0.158,0.1541,0.0519,0.1065,1.1128,41,41,0.5
"2023-24","Cedi Osman","SAS",17.62,6.7917,2.5,1.6528,0.601,0.5911,0.146,0.129,0.0741,0.1036,-6.1515,22,60,0.2683
"2023-24","Gradey Dick","TOR",21.13,8.5,2.2,1.1333,0.546,0.5236,0.167,0.0758,0.0551,0.0966,-6.3427,25,57,0.3049
"2023-24","Naji Marshall","NOP",19.05,7.0606,3.6364,1.9394,0.576,0.5422,0.158,0.1355,0.1056,0.1383,4.457,49,33,0.5976
"2023-24","Kris Dunn","UTA",18.93,5.4091,2.8636,3.8485,0.546,0.5351,0.132,0.2577,0.0711,0.1945,-4.8458,31,51,0.378
"2023-24","Gordon Hayward","OKC",24.42,9.8039,3.549,3.098,0.548,0.5099,0.175,0.1686,0.0869,0.1265,7.0665,57,25,0.6951
"2023-24","GG Jackson","MEM",25.69,14.5625,4.0833,1.2292,0.554,0.5187,0.238,0.0749,0.0748,0.0935,-6.9504,27,55,0.3293
"2023-24","Aaron Wiggins","OKC",15.74,6.9487,2.3846,1.1026,0.664,0.6446,0.163,0.0959,0.0906,0.1206,7.0665,57,25,0.6951
"2023-24","Larry Nance Jr.","NOP",19.94,5.7377,5.0328,1.8525,0.653,0.6286,0.112,0.1202,0.1396,0.1547,4.457,49,33,0.5976
"2023-24","Duop Reath","POR",17.85,9.0735,3.6765,0.9853,0.571,0.5491,0.202,0.0888,0.1169,0.0878,-8.9485,21,61,0.2561
"2023-24","Alec Burks","NYK",18.36,10.4394,2.2727,1.3333,0.536,0.478,0.234,0.1046,0.0732,0.0695,4.7421,50,32,0.6098
"2023-24","Kevon Looney","GSW",16.14,4.5135,5.6622,1.7973,0.62,0.5966,0.11,0.1415,0.1893,0.1565,2.6236,46,36,0.561
"2023-24","David Roddy","PHX",18.11,6.5385,3.2462,1.2308,0.484,0.4621,0.177,0.0932,0.106,0.1149,3.0052,49,33,0.5976
"2023-24","Vasilije Micic","CHA",19.60,7.0333,1.4667,4.3667,0.524,0.4878,0.189,0.3484,0.0399,0.1972,-10.316,21,61,0.2561
"2023-24","Patrick Williams","CHI",27.30,9.9767,3.8605,1.5349,0.553,0.5251,0.163,0.0773,0.079,0.1281,-1.576,39,43,0.4756
"2023-24","John Konchar","MEM",21.34,4.2727,4.6727,2.0,0.537,0.5144,0.096,0.1235,0.103,0.1736,-6.9504,27,55,0.3293
"2023-24","Joe Ingles","ORL",17.19,4.3529,2.0882,2.9853,0.612,0.5903,0.111,0.2302,0.0714,0.2169,2.0247,47,35,0.5732
"2023-24","Drew Eubanks","PHX",15.58,5.0533,4.2933,0.84,0.645,0.6067,0.129,0.0729,0.163,0.1719,3.0052,49,33,0.5976
"2023-24","Anthony Black","ORL",16.87,4.5797,2.0145,1.3188,0.56,0.5405,0.123,0.1056,0.0702,0.1656,2.0247,47,35,0.5732
"2023-24","Jordan Hawkins","NOP",17.32,7.8209,2.209,1.0448,0.533,0.5011,0.188,0.0819,0.0705,0.0753,4.457,49,33,0.5976
"2023-24","Trey Lyles","SAC",19.97,7.2241,4.431,1.2414,0.596,0.5763,0.139,0.0807,0.1255,0.0975,1.6233,46,36,0.561
"2023-24","Moses Moody","GSW",17.51,8.0758,2.9697,0.8636,0.578,0.5476,0.176,0.0671,0.0915,0.0871,2.6236,46,36,0.561
"2023-24","Jae Crowder","MIL",23.11,6.24,3.22,1.32,0.546,0.5296,0.113,0.073,0.0792,0.0745,2.5519,49,33,0.5976
"2023-24","Trayce Jackson-Davis","GSW",16.62,7.9412,5.0147,1.2059,0.692,0.7018,0.157,0.1041,0.1628,0.1116,2.6236,46,36,0.561
"2023-24","Malcolm Brogdon","POR",28.74,15.7179,3.7949,5.4872,0.56,0.5222,0.226,0.3098,0.075,0.0988,-8.9485,21,61,0.2561
"2023-24","Dean Wade","CLE",20.52,5.3889,4.037,0.7963,0.598,0.5841,0.101,0.0502,0.1141,0.0759,2.3284,48,34,0.5854
"2023-24","Josh Richardson","MIA",25.65,9.8837,2.814,2.4419,0.573,0.5389,0.159,0.1337,0.0643,0.0885,1.6124,46,36,0.561
"2023-24","Davion Mitchell","SAC",15.29,5.2639,1.3194,1.8611,0.555,0.5402,0.147,0.1599,0.0488,0.1118,1.6233,46,36,0.561
"2023-24","Dario Saric","GSW",17.15,8.0469,4.4219,2.25,0.6,0.5619,0.19,0.1777,0.1391,0.1539,2.6236,46,36,0.561
"2023-24","James Wiseman","DET",17.32,7.0794,5.3333,0.8571,0.637,0.6131,0.158,0.0801,0.1799,0.1587,-8.8226,14,68,0.1707
"2023-24","Dante Exum","DAL",19.77,7.7818,2.7091,2.8545,0.645,0.6209,0.148,0.1858,0.0769,0.1286,2.0537,50,32,0.6098
"2023-24","Sam Merrill","CLE",17.52,7.9508,1.9672,1.7705,0.598,0.584,0.17,0.1419,0.0651,0.0448,2.3284,48,34,0.5854
"2023-24","Shaedon Sharpe","POR",33.09,15.9375,5.0,2.9375,0.524,0.4747,0.22,0.1377,0.0858,0.1289,-8.9485,21,61,0.2561
"2023-24","Dennis Smith Jr.","BKN",18.90,6.5893,2.9286,3.625,0.508,0.4822,0.174,0.271,0.0849,0.1576,-2.8855,32,50,0.3902
"2023-24","Jordan Goodwin","MEM",18.52,6.4561,4.4386,2.7193,0.451,0.4241,0.182,0.2095,0.1128,0.1207,-6.9504,27,55,0.3293
"2023-24","Marvin Bagley III","WAS",21.07,11.66,6.24,1.1,0.629,0.5968,0.204,0.0755,0.1445,0.1129,-8.8452,15,67,0.1829
"2023-24","Torrey Craig","CHI",19.78,5.717,4.0943,1.0943,0.568,0.5498,0.121,0.0728,0.1156,0.1071,-1.576,39,43,0.4756
"2023-24","Dalano Banton","POR",19.39,10.3148,3.2963,2.3519,0.504,0.463,0.25,0.1963,0.0965,0.1223,-8.9485,21,61,0.2561
"2023-24","Jalen Smith","IND",17.16,9.8525,5.5246,1.0328,0.682,0.6696,0.187,0.0773,0.1781,0.0908,2.8997,47,35,0.5732
"2023-24","Ziaire Williams","MEM",20.35,8.2353,3.5294,1.4706,0.511,0.4735,0.192,0.1048,0.0816,0.1384,-6.9504,27,55,0.3293
"2023-24","Jae'Sean Tate","HOU",15.87,4.0769,3.0308,0.9846,0.538,0.5218,0.115,0.0819,0.1024,0.1307,1.1128,41,41,0.5
"2023-24","Kenrich Williams","OKC",14.91,4.7101,3.029,1.3478,0.568,0.5679,0.132,0.1166,0.1215,0.1006,7.0665,57,25,0.6951
"2023-24","Jose Alvarado","NOP",18.36,7.0893,2.2857,2.0893,0.54,0.5246,0.168,0.152,0.0688,0.0981,4.457,49,33,0.5976
"2023-24","Quentin Grimes","DET",20.10,7.0392,1.9608,1.2941,0.516,0.4954,0.155,0.0961,0.057,0.0745,-8.8226,14,68,0.1707
"2023-24","De'Anthony Melton","PHI",26.93,11.0789,3.7105,3.0,0.533,0.4931,0.177,0.1542,0.0807,0.0899,2.9184,47,35,0.5732
"2023-24","Daniel Theis","LAC",16.91,6.2667,4.0667,1.0167,0.597,0.5768,0.15,0.0824,0.1351,0.1176,3.1568,51,31,0.622
"2023-24","Lonnie Walker IV","BKN",17.43,9.7414,2.1897,1.2759,0.545,0.5285,0.235,0.1142,0.0689,0.0896,-2.8855,32,50,0.3902
"2023-24","Talen Horton-Tucker","UTA",19.78,10.1176,2.3725,3.4706,0.503,0.4602,0.234,0.2423,0.0563,0.1125,-4.8458,31,51,0.378
"2023-24","Killian Hayes","DET",23.99,6.881,2.8333,4.881,0.474,0.4523,0.147,0.3023,0.069,0.1433,-8.8226,14,68,0.1707
"2023-24","Jevon Carter","CHI",13.94,4.9583,0.8333,1.3056,0.485,0.4836,0.168,0.1291,0.0334,0.0891,-1.576,39,43,0.4756
"2023-24","Luke Kennard","MEM",25.62,11.0,2.8974,3.4872,0.641,0.6175,0.166,0.1964,0.0532,0.1389,-6.9504,27,55,0.3293
"2023-24","Garrison Mathews","ATL",15.03,4.9242,1.3939,0.5606,0.665,0.6438,0.11,0.0473,0.0501,0.0721,-2.0406,36,46,0.439
"2023-24","Jaden Hardy","DAL",13.55,7.2603,1.7945,1.4932,0.517,0.4916,0.238,0.1514,0.0744,0.1079,2.0537,50,32,0.6098
"2023-24","Tre Mann","CHA",24.08,9.3171,3.6341,4.0244,0.559,0.5332,0.183,0.2662,0.0804,0.1597,-10.316,21,61,0.2561
"2023-24","Cam Reddish","LAL",20.50,5.4167,2.0625,1.0,0.504,0.4679,0.123,0.0615,0.0612,0.1074,0.4679,47,35,0.5732
"2023-24","Luke Kornet","BOS",15.61,5.3016,4.1429,1.0635,0.736,0.702,0.107,0.0909,0.1495,0.0848,11.3558,64,18,0.7805
"2023-24","Keon Ellis","SAC",17.17,5.4386,2.1754,1.4912,0.627,0.6121,0.123,0.1107,0.0717,0.1301,1.6233,46,36,0.561
"2023-24","Xavier Tillman","BOS",18.05,5.2593,3.9074,1.4259,0.472,0.4695,0.146,0.1026,0.1219,0.1015,11.3558,64,18,0.7805
"2023-24","Josh Okogie","PHX",16.00,4.6167,2.5667,1.0667,0.552,0.4879,0.125,0.0855,0.0949,0.1255,3.0052,49,33,0.5976
"2023-24","Goga Bitadze","ORL",15.44,5.0161,4.6129,1.2742,0.629,0.6077,0.129,0.1167,0.1756,0.1511,2.0247,47,35,0.5732
"2023-24","Max Christie","LAL",14.09,4.2388,2.1194,0.8955,0.544,0.5145,0.132,0.0819,0.0914,0.1181,0.4679,47,35,0.5732
"2023-24","Kevin Love","MIA",16.80,8.8182,6.1455,2.0909,0.597,0.5571,0.21,0.1828,0.2143,0.1056,1.6124,46,36,0.561
"2023-24","Day'Ron Sharpe","BKN",15.09,6.8033,6.377,1.3934,0.596,0.5782,0.185,0.139,0.2317,0.1674,-2.8855,32,50,0.3902
"2023-24","Jonathan Isaac","ORL",15.77,6.7759,4.4828,0.5172,0.61,0.5839,0.16,0.0483,0.1671,0.0773,2.0247,47,35,0.5732
"2023-24","Markelle Fultz","ORL",21.16,7.7907,3.2093,2.7907,0.492,0.4785,0.182,0.1969,0.0891,0.128,2.0247,47,35,0.5732
"2023-24","Doug McDermott","IND",14.13,5.4844,0.9219,1.0938,0.6,0.5986,0.144,0.0893,0.0361,0.0874,2.8997,47,35,0.5732
"2023-24","Jaylin Williams","OKC",13.00,4.0,3.3913,1.5942,0.561,0.5329,0.133,0.1539,0.156,0.1214,7.0665,57,25,0.6951
"2023-24","Nikola Jović","MIA",19.48,7.6522,4.1739,1.9565,0.583,0.5676,0.171,0.1414,0.1256,0.1222,1.6124,46,36,0.561
"2023-24","Bryce McGowens","CHA",14.94,5.1186,1.7288,0.8644,0.565,0.513,0.147,0.0876,0.0617,0.1009,-10.316,21,61,0.2561
"2023-24","Cam Whitmore","HOU",18.73,12.3191,3.8298,0.7021,0.561,0.5385,0.255,0.0603,0.1096,0.0818,1.1128,41,41,0.5
"2023-24","Jaxson Hayes","LAL",12.53,4.3286,3.0143,0.4714,0.718,0.72,0.121,0.0508,0.1462,0.1692,0.4679,47,35,0.5732
"2023-24","Malachi Flynn","DET",12.71,5.5072,1.6522,1.8841,0.533,0.5046,0.199,0.2338,0.0759,0.1503,-8.8226,14,68,0.1707
"2023-24","Blake Wesley","SAS",14.36,4.3934,1.541,2.7213,0.537,0.5023,0.144,0.2508,0.056,0.1807,-6.1515,22,60,0.2683
"2023-24","Christian Wood","LAL",17.44,6.94,5.08,0.98,0.568,0.5322,0.173,0.0755,0.1771,0.1407,0.4679,47,35,0.5732
"2023-24","Zach LaVine","CHI",34.87,19.48,5.16,3.92,0.578,0.5306,0.238,0.1683,0.0827,0.1099,-1.576,39,43,0.4756
"2023-24","Maxi Kleber","DAL",20.27,4.4419,3.3256,1.5814,0.573,0.5411,0.096,0.0915,0.0921,0.1438,2.0537,50,32,0.6098
"2023-24","Justin Holiday","DEN",14.86,4.0345,1.2241,1.1552,0.598,0.5954,0.104,0.0955,0.0456,0.0667,5.2709,57,25,0.6951
"2023-24","Chimezie Metu","DET",16.84,6.5098,3.8039,0.902,0.61,0.5615,0.162,0.0829,0.1319,0.1604,-8.8226,14,68,0.1707
"2023-24","Trendon Watford","BKN",13.60,6.8571,3.0794,1.2857,0.611,0.5707,0.203,0.1444,0.1242,0.1512,-2.8855,32,50,0.3902
"2023-24","Taylor Hendricks","UTA",21.41,7.3,4.625,0.8,0.578,0.5604,0.135,0.0479,0.1014,0.0965,-4.8458,31,51,0.378
"2023-24","Dwight Powell","DAL",13.27,3.3016,3.3968,1.3333,0.716,0.684,0.087,0.1197,0.1437,0.1806,2.0537,50,32,0.6098
"2023-24","Troy Brown Jr.","DET",14.01,4.1864,2.4407,1.0169,0.51,0.4757,0.139,0.1056,0.1018,0.1102,-8.8226,14,68,0.1707
"2023-24","Marcus Morris Sr.","CLE",16.67,6.449,2.7347,0.7347,0.558,0.5303,0.162,0.0614,0.0951,0.0957,2.3284,48,34,0.5854
"2023-24","Caleb Houstan","ORL",13.82,4.2881,1.4237,0.4915,0.582,0.5631,0.122,0.048,0.0605,0.0685,2.0247,47,35,0.5732
"2023-24","Ben Sheppard","IND",14.29,4.4211,1.5614,0.9298,0.524,0.5,0.125,0.073,0.0605,0.0587,2.8997,47,35,0.5732
"2023-24","Jake LaRavia","MEM",23.02,10.8286,3.6571,1.6571,0.54,0.4769,0.201,0.1047,0.0748,0.1136,-6.9504,27,55,0.3293
"2023-24","Bismack Biyombo","OKC",19.79,4.35,5.225,1.325,0.562,0.5649,0.106,0.0828,0.1579,0.2135,7.0665,57,25,0.6951
"2023-24","JT Thor","CHA",12.39,3.1587,2.3175,0.4603,0.519,0.5137,0.113,0.0553,0.0997,0.0725,-10.316,21,61,0.2561
"2023-24","Isaiah Jackson","IND",12.85,6.3833,3.9667,0.8333,0.689,0.6652,0.165,0.081,0.1708,0.1231,2.8997,47,35,0.5732
"2023-24","Mitchell Robinson","NYK",24.78,5.5806,8.4839,0.5806,0.554,0.5748,0.099,0.0303,0.2024,0.1381,4.7421,50,32,0.6098
"2023-24","Jock Landale","HOU",13.63,4.8929,3.0714,1.1607,0.584,0.5388,0.139,0.1176,0.1208,0.1167,1.1128,41,41,0.5
"2023-24","Cody Martin","CHA",26.89,7.5357,3.8929,3.7143,0.46,0.4442,0.157,0.2074,0.0771,0.1609,-10.316,21,61,0.2561
"2023-24","KJ Martin","PHI",12.44,3.7333,2.1833,0.85,0.563,0.558,0.127,0.0938,0.1028,0.1385,2.9184,47,35,0.5732
"2023-24","Delon Wright","MIA",15.78,4.4681,1.8298,2.5319,0.505,0.4601,0.127,0.2134,0.068,0.0631,1.6124,46,36,0.561
"2023-24","Ish Smith","CHA",17.23,3.2326,1.7674,3.3721,0.435,0.4304,0.119,0.2854,0.0547,0.2273,-10.316,21,61,0.2561
"2023-24","Mo Bamba","PHI",12.99,4.4386,4.1754,0.7193,0.575,0.553,0.149,0.0762,0.1882,0.1506,2.9184,47,35,0.5732
"2023-24","Nick Smith Jr.","CHA",14.29,5.9216,1.4118,1.1569,0.511,0.5,0.202,0.1306,0.0527,0.1166,-10.316,21,61,0.2561
"2023-24","Landry Shamet","WAS",15.79,7.1087,1.3478,1.1739,0.556,0.5274,0.181,0.0983,0.0416,0.0925,-8.8452,15,67,0.1829
"2023-24","Chris Duarte","SAC",12.20,3.8983,1.7966,0.7458,0.512,0.4857,0.146,0.0781,0.0833,0.1038,1.6233,46,36,0.561
"2023-24","Jordan Nwora","TOR",13.68,7.0,2.8654,1.1923,0.565,0.5351,0.213,0.1315,0.1108,0.1412,-6.3427,25,57,0.3049
"2023-24","LaMelo Ball","CHA",32.33,23.9091,5.1364,8.0,0.561,0.5154,0.315,0.4781,0.0847,0.1504,-10.316,21,61,0.2561
"2023-24","Chris Boucher","TOR",14.10,6.44,4.14,0.46,0.625,0.5783,0.167,0.0466,0.1553,0.0981,-6.3427,25,57,0.3049
"2023-24","Jacob Gilyard","BKN",17.03,4.2195,1.122,3.3415,0.573,0.57,0.112,0.2579,0.0361,0.1659,-2.8855,32,50,0.3902
"2023-24","Bruno Fernando","ATL",15.16,6.2667,4.2889,1.0222,0.615,0.5829,0.172,0.092,0.1528,0.161,-2.0406,36,46,0.439
"2023-24","Dalen Terry","CHI",11.54,3.0508,1.9153,1.3729,0.512,0.4936,0.127,0.1563,0.0928,0.1539,-1.576,39,43,0.4756
"2023-24","Gary Payton II","GSW",15.45,5.4545,2.5682,1.0909,0.621,0.6175,0.13,0.0939,0.0897,0.1227,2.6236,46,36,0.561
"2023-24","Davis Bertans","CHA",15.68,6.7442,1.4186,0.814,0.583,0.5556,0.169,0.0813,0.0482,0.0675,-10.316,21,61,0.2561
"2023-24","Mason Plumlee","LAC",14.65,5.3043,5.087,1.1957,0.621,0.5686,0.147,0.1082,0.1952,0.1548,3.1568,51,31,0.622
"2023-24","Keita Bates-Diop","BKN",12.54,3.717,2.0755,0.717,0.534,0.497,0.128,0.0775,0.0907,0.0752,-2.8855,32,50,0.3902
"2023-24","Jalen Wilson","BKN",15.45,4.9767,3.0465,1.0465,0.537,0.4916,0.138,0.0925,0.1081,0.0871,-2.8855,32,50,0.3902
"2023-24","Craig Porter Jr.","CLE",12.73,5.5882,2.1373,2.3137,0.564,0.5351,0.201,0.2668,0.0974,0.1512,2.3284,48,34,0.5854
"2023-24","Rayan Rupert","POR",16.24,3.9744,2.359,1.5897,0.451,0.4224,0.131,0.1349,0.0825,0.1527,-8.9485,21,61,0.2561
"2023-24","Oshae Brissett","BOS",11.46,3.6545,2.9091,0.8,0.53,0.4935,0.136,0.0888,0.143,0.0955,11.3558,64,18,0.7805
"2023-24","Danilo Gallinari","MIL",12.84,5.7143,2.2041,1.1224,0.601,0.5158,0.171,0.1167,0.0976,0.0898,2.5519,49,33,0.5976
"2023-24","Jordan McLaughlin","MIN",11.18,3.4821,1.2857,1.9643,0.638,0.6276,0.119,0.2335,0.0626,0.1105,6.4536,56,26,0.6829
"2023-24","Seth Curry","CHA",13.99,5.1364,1.5455,1.0,0.519,0.4853,0.159,0.1109,0.0589,0.088,-10.316,21,61,0.2561
"2023-24","AJ Green","MIL",10.97,4.5,1.1429,0.5357,0.617,0.5995,0.15,0.0655,0.0593,0.0555,2.5519,49,33,0.5976
"2023-24","Johnny Davis","WAS",12.27,3.04,1.44,0.64,0.462,0.4481,0.117,0.0638,0.0573,0.0732,-8.8452,15,67,0.1829
"2023-24","MarJon Beauchamp","MIL",12.66,4.3958,2.0625,0.6458,0.592,0.5783,0.141,0.0682,0.0927,0.1315,2.5519,49,33,0.5976
"2023-24","Marcus Smart","MEM",30.24,14.45,2.65,4.3,0.552,0.519,0.225,0.2136,0.0412,0.1916,-6.9504,27,55,0.3293
"2023-24","Mike Muscala","OKC",11.32,2.9623,2.3585,0.6981,0.47,0.4487,0.132,0.0762,0.1246,0.1164,7.0665,57,25,0.6951
"2023-24","Jericho Sims","NYK",13.00,2.0444,3.2667,0.5556,0.702,0.6909,0.06,0.0533,0.1486,0.1962,4.7421,50,32,0.6098
"2023-24","Brice Sensabaugh","UTA",18.26,7.5312,3.1875,1.7188,0.511,0.4679,0.201,0.1236,0.082,0.1661,-4.8458,31,51,0.378
"2023-24","Jarred Vanderbilt","LAL",20.04,5.1724,4.7586,1.2414,0.578,0.5526,0.111,0.0791,0.1443,0.1774,0.4679,47,35,0.5732
"2023-24","Shake Milton","NYK",12.11,4.5,1.5625,1.25,0.499,0.4513,0.173,0.1411,0.0763,0.1252,4.7421,50,32,0.6098
"2023-24","Evan Fournier","DET",18.11,6.875,1.8125,1.5,0.464,0.4321,0.187,0.1268,0.0584,0.0814,-8.8226,14,68,0.1707
"2023-24","Zeke Nnaji","DEN",9.93,3.2069,2.1552,0.5517,0.528,0.4832,0.15,0.0698,0.1202,0.1328,5.2709,57,25,0.6951
"2023-24","Trey Jemison III","MEM",22.96,6.84,5.36,1.08,0.582,0.5515,0.132,0.0669,0.1099,0.1878,-6.9504,27,55,0.3293
"2023-24","Andre Jackson Jr.","MIL",10.04,2.193,1.9825,0.8772,0.596,0.585,0.097,0.1101,0.1123,0.2108,2.5519,49,33,0.5976
"2023-24","Jared Butler","WAS",14.14,6.275,1.45,3.15,0.579,0.5473,0.194,0.2988,0.05,0.1874,-8.8452,15,67,0.1829
"2023-24","Kevin Knox II","POR",18.07,7.1935,2.4194,0.7419,0.57,0.5457,0.157,0.0625,0.076,0.1011,-8.9485,21,61,0.2561
"2023-24","Lamar Stevens","MEM",14.71,7.1579,3.3421,0.7368,0.516,0.4792,0.213,0.0781,0.1069,0.0834,-6.9504,27,55,0.3293
"2023-24","Richaun Holmes","WAS",13.85,4.975,4.55,0.625,0.593,0.5612,0.141,0.0585,0.1603,0.1252,-8.8452,15,67,0.1829
"2023-24","Tristan Thompson","CLE",11.20,3.2857,3.551,1.0408,0.567,0.6134,0.132,0.1278,0.1839,0.1697,2.3284,48,34,0.5854
"2023-24","Julian Strawther","DEN",10.91,4.54,1.22,0.94,0.482,0.4617,0.193,0.1125,0.062,0.0889,5.2709,57,25,0.6951
"2023-24","Omer Yurtseven","UTA",11.36,4.625,4.3333,0.6042,0.565,0.5516,0.173,0.0734,0.1792,0.1586,-4.8458,31,51,0.378
"2023-24","Vít Krejčí","ATL",24.61,6.1364,2.3636,2.2727,0.633,0.625,0.098,0.1157,0.0519,0.1579,-2.0406,36,46,0.439
"2023-24","Bones Hyland","LAC",14.60,6.9189,1.4865,2.5135,0.49,0.4741,0.241,0.2447,0.0572,0.1442,3.1568,51,31,0.622
"2023-24","Jalen McDaniels","TOR",10.76,3.38,1.58,0.74,0.412,0.3757,0.179,0.0935,0.0776,0.1275,-6.3427,25,57,0.3049
"2023-24","Scotty Pippen Jr.","MEM",25.09,12.9048,3.1905,4.6667,0.596,0.5665,0.227,0.2887,0.0598,0.1977,-6.9504,27,55,0.3293
"2023-24","Sasha Vezenkov","SAC",12.17,5.3571,2.2857,0.4524,0.569,0.5576,0.171,0.051,0.1062,0.0573,1.6233,46,36,0.561
"2023-24","Danuel House Jr.","PHI",14.97,4.2353,1.7059,0.8235,0.575,0.519,0.116,0.0718,0.0667,0.1317,2.9184,47,35,0.5732
"2023-24","Mark Williams","CHA",26.76,12.7368,9.6842,1.1579,0.675,0.649,0.162,0.0744,0.1929,0.0867,-10.316,21,61,0.2561
"2023-24","Jaden Springer","BOS",10.35,3.3265,1.5918,0.898,0.49,0.4324,0.167,0.1115,0.0866,0.1696,11.3558,64,18,0.7805
"2023-24","Patrick Baldwin Jr.","WAS",12.99,4.4211,3.2368,0.7632,0.502,0.4806,0.153,0.0735,0.1216,0.102,-8.8452,15,67,0.1829
"2023-24","Robert Covington","PHI",16.84,4.3793,3.3448,0.8276,0.58,0.5357,0.104,0.0638,0.1163,0.0913,2.9184,47,35,0.5732
"2023-24","P.J. Tucker","LAC",15.69,1.6774,2.7419,0.5161,0.507,0.49,0.052,0.0389,0.0982,0.1349,3.1568,51,31,0.622
"2023-24","Tari Eason","HOU",21.82,9.7727,6.9545,1.2273,0.528,0.5132,0.188,0.0828,0.1708,0.0895,1.1128,41,41,0.5
"2023-24","Monte Morris","MIN",14.43,4.9697,1.7273,2.0909,0.508,0.4935,0.151,0.1975,0.0651,0.0416,6.4536,56,26,0.6829
"2023-24","Isaiah Livers","DET",20.41,4.9565,2.087,1.087,0.46,0.4397,0.122,0.0757,0.0597,0.1144,-8.8226,14,68,0.1707
"2023-24","Bol Bol","PHX",10.91,5.186,3.186,0.3953,0.7,0.6887,0.156,0.054,0.1728,0.1065,3.0052,49,33,0.5976
"2023-24","Anthony Gill","WAS",9.33,3.78,1.88,0.68,0.537,0.5,0.177,0.0962,0.0983,0.1157,-8.8452,15,67,0.1829
"2023-24","Yuta Watanabe","MEM",13.66,3.4412,1.5882,0.4412,0.474,0.4612,0.129,0.0433,0.0547,0.1334,-6.9504,27,55,0.3293
"2023-24","Nassir Little","PHX",10.18,3.3778,1.6667,0.4667,0.572,0.5444,0.132,0.0615,0.0968,0.0954,3.0052,49,33,0.5976
"2023-24","Sandro Mamukelashvili","SAS",9.80,4.1304,3.1957,1.0652,0.559,0.5323,0.169,0.153,0.1702,0.1006,-6.1515,22,60,0.2683
"2023-24","Alex Len","SAC",9.26,2.5,2.6667,1.0417,0.625,0.6173,0.114,0.1441,0.163,0.2196,1.6233,46,36,0.561
"2023-24","Thomas Bryant","MIA",11.61,5.7105,3.7105,0.6053,0.639,0.5906,0.187,0.0793,0.1872,0.1101,1.6124,46,36,0.561
"2023-24","Thaddeus Young","PHX",13.32,4.1515,3.1212,1.7273,0.598,0.6065,0.125,0.1797,0.1386,0.1157,3.0052,49,33,0.5976
"2023-24","Skylar Mays","LAL",11.40,4.0789,1.1316,2.2368,0.466,0.4465,0.179,0.2653,0.0603,0.1073,0.4679,47,35,0.5732
"2023-24","Chuma Okeke","ORL",9.19,2.2766,1.7021,0.4255,0.465,0.4598,0.131,0.0621,0.1089,0.1221,2.0247,47,35,0.5732
"2023-24","Dominick Barlow","SAS",12.71,4.3636,3.4242,1.0909,0.548,0.5088,0.139,0.1162,0.1406,0.0641,-6.1515,22,60,0.2683
"2023-24","Reggie Bullock Jr.","HOU",9.49,2.1818,1.6591,0.3409,0.582,0.5793,0.091,0.046,0.0937,0.1082,1.1128,41,41,0.5
"2023-24","Patty Mills","MIA",12.98,3.9688,1.0938,1.0625,0.467,0.4427,0.152,0.1105,0.0494,0.1054,1.6124,46,36,0.561
"2023-24","Trent Forrest","ATL",10.89,2.1842,1.3421,2.4211,0.426,0.3889,0.122,0.2743,0.0666,0.1702,-2.0406,36,46,0.439
"2023-24","Svi Mykhailiuk","BOS",10.08,3.9512,1.2439,0.8537,0.575,0.5693,0.156,0.112,0.0695,0.0785,11.3558,64,18,0.7805
"2023-24","Wesley Matthews","ATL",11.47,3.0556,1.4722,0.6389,0.511,0.4742,0.118,0.0687,0.0693,0.0692,-2.0406,36,46,0.439
"2023-24","Aleksej Pokusevski","CHA",14.48,5.2143,3.1786,1.25,0.525,0.4793,0.172,0.132,0.117,0.1202,-10.316,21,61,0.2561
"2023-24","Luka Samanic","UTA",9.40,4.1163,2.3721,0.4419,0.485,0.4209,0.21,0.062,0.1185,0.1329,-4.8458,31,51,0.378
"2023-24","Javon Freeman-Liberty","TOR",18.32,6.9545,3.1818,1.8182,0.547,0.4839,0.17,0.1378,0.0918,0.1517,-6.3427,25,57,0.3049
"2023-24","Derrick Rose","MEM",16.64,7.9583,1.875,3.25,0.54,0.5061,0.222,0.3034,0.053,0.1491,-6.9504,27,55,0.3293
"2023-24","DeAndre Jordan","DEN",10.99,3.9444,4.3611,0.7222,0.61,0.6237,0.147,0.0854,0.2199,0.1651,5.2709,57,25,0.6951
"2023-24","Lester Quinones","GSW",10.66,4.4324,1.9459,0.973,0.533,0.5106,0.171,0.1199,0.0985,0.0996,2.6236,46,36,0.561
"2023-24","Kobe Brown","LAC",8.95,2.0227,1.4091,0.5682,0.49,0.4889,0.104,0.0804,0.0884,0.0901,3.1568,51,31,0.622
"2023-24","Eugene Omoruyi","WAS",9.15,4.814,1.9767,0.814,0.549,0.524,0.208,0.1248,0.1055,0.1002,-8.8452,15,67,0.1829
"2023-24","Matt Ryan","NOP",13.94,5.4286,1.4286,0.6429,0.638,0.615,0.144,0.0606,0.0567,0.1375,4.457,49,33,0.5976
"2023-24","Justin Minaya","POR",11.21,1.7941,1.6471,0.6176,0.391,0.3784,0.093,0.0732,0.0835,0.1035,-8.9485,21,61,0.2561
"2023-24","Johnny Juzang","UTA",18.59,7.2,1.8,1.15,0.62,0.6091,0.147,0.0804,0.0455,0.1007,-4.8458,31,51,0.378
"2023-24","Noah Clowney","BKN",16.08,5.7826,3.5217,0.7826,0.626,0.6022,0.137,0.0684,0.1201,0.1238,-2.8855,32,50,0.3902
"2023-24","Tosan Evbuomwan","DET",21.56,5.9412,3.5294,0.9412,0.616,0.5915,0.108,0.0632,0.0956,0.0989,-8.8226,14,68,0.1707
"2023-24","Ousmane Dieng","OKC",11.06,4.0303,1.5455,1.1212,0.54,0.5129,0.167,0.132,0.0836,0.1338,7.0665,57,25,0.6951
"2023-24","Jontay Porter","DET",13.84,4.4231,3.1538,2.3077,0.514,0.4808,0.155,0.246,0.1332,0.158,-8.8226,14,68,0.1707
"2023-24","Ben Simmons","BKN",23.93,6.1333,7.9333,5.7333,0.571,0.5811,0.126,0.3297,0.1818,0.2509,-2.8855,32,50,0.3902
"2023-24","Brandon Boston","LAC",10.79,5.2188,1.625,0.4062,0.476,0.4472,0.24,0.0542,0.0847,0.1203,3.1568,51,31,0.622
"2023-24","Jarace Walker","IND",10.32,3.6364,1.9091,1.2121,0.527,0.5091,0.155,0.1351,0.1024,0.1298,2.8997,47,35,0.5732
"2023-24","JaVale McGee","SAC",7.38,4.0217,2.7391,0.3696,0.609,0.6023,0.214,0.0758,0.21,0.183,1.6233,46,36,0.561
"2023-24","Olivier-Maxence Prosper","DAL",8.41,3.025,1.975,0.55,0.496,0.4471,0.153,0.0812,0.1319,0.0615,2.0537,50,32,0.6098
"2023-24","Jeremiah Robinson-Earl","NOP",8.57,2.9487,1.9487,0.5385,0.564,0.5421,0.144,0.0835,0.1257,0.1355,4.457,49,33,0.5976
"2023-24","Neemias Queta","BOS",11.90,5.5,4.3571,0.7143,0.662,0.6442,0.16,0.0866,0.2062,0.1005,11.3558,64,18,0.7805
"2023-24","Julian Phillips","CHI",8.06,2.225,0.9,0.325,0.521,0.4935,0.121,0.0528,0.0624,0.1049,-1.576,39,43,0.4756
"2023-24","Cody Zeller","NOP",7.44,1.7674,2.6047,0.907,0.483,0.4274,0.116,0.1515,0.1937,0.1689,4.457,49,33,0.5976
"2023-24","Ja Morant","MEM",35.33,25.1111,5.5556,8.1111,0.57,0.5118,0.296,0.3942,0.074,0.1199,-6.9504,27,55,0.3293
"2023-24","Ashton Hagans","POR",16.61,4.2105,2.3684,2.8421,0.51,0.4648,0.144,0.238,0.081,0.2765,-8.9485,21,61,0.2561
"2023-24","Devonte' Graham","SAS",13.61,4.9565,1.5652,2.1304,0.495,0.4676,0.175,0.2086,0.0601,0.1287,-6.1515,22,60,0.2683
"2023-24","A.J. Lawson","DAL",7.40,3.2381,1.1905,0.4762,0.519,0.5,0.18,0.0856,0.0903,0.0965,2.0537,50,32,0.6098
"2023-24","Stanley Umude","DET",12.80,5.2917,2.125,0.4583,0.647,0.5833,0.15,0.0536,0.097,0.1249,-8.8226,14,68,0.1707
"2023-24","Nathan Mensah","CHA",12.27,1.32,2.6,0.36,0.496,0.4286,0.068,0.0399,0.113,0.2961,-10.316,21,61,0.2561
"2023-24","Orlando Robinson","MIA",8.44,2.75,2.3333,0.9444,0.596,0.5556,0.143,0.1527,0.1621,0.1782,1.6124,46,36,0.561
"2023-24","Furkan Korkmaz","PHI",8.57,2.5143,0.8571,0.7143,0.519,0.4868,0.126,0.11,0.0586,0.1055,2.9184,47,35,0.5732
"2023-24","Cory Joseph","GSW",11.38,2.4231,1.1538,1.6154,0.47,0.4609,0.108,0.172,0.0547,0.1517,2.6236,46,36,0.561
"2023-24","Garrett Temple","TOR",10.69,3.2593,1.6667,1.037,0.502,0.4487,0.147,0.1282,0.0824,0.1377,-6.3427,25,57,0.3049
"2023-24","Ricky Council IV","PHI",9.02,5.4062,1.4375,0.5,0.604,0.5357,0.208,0.0826,0.0933,0.0337,2.9184,47,35,0.5732
"2023-24","Leaky Black","CHA",10.93,2.6538,1.8462,0.9231,0.589,0.5673,0.099,0.123,0.0901,0.0929,-10.316,21,61,0.2561
"2023-24","Lindy Waters III","OKC",7.37,3.6053,1.0526,0.6316,0.653,0.649,0.167,0.1177,0.0854,0.0626,7.0665,57,25,0.6951
"2023-24","Kessler Edwards","SAC",5.09,1.7222,0.7778,0.2778,0.541,0.5366,0.134,0.0709,0.0865,0.0445,1.6233,46,36,0.561
"2023-24","Damian Jones","CLE",6.92,2.7436,1.5897,0.3846,0.659,0.6181,0.149,0.0794,0.1333,0.1379,2.3284,48,34,0.5854
"2023-24","Onuralp Bitim","CHI",11.65,3.4783,1.3913,0.5652,0.464,0.4524,0.149,0.0652,0.0667,0.104,-1.576,39,43,0.4756
"2023-24","Kira Lewis Jr.","UTA",9.44,3.1786,0.9286,1.3214,0.441,0.3913,0.178,0.18,0.0462,0.122,-4.8458,31,51,0.378
"2023-24","Jamal Cain","MIA",9.97,3.7308,1.4231,0.3846,0.544,0.5,0.158,0.0536,0.0837,0.0824,1.6124,46,36,0.561
"2023-24","Jared Rhoden","DET",14.41,4.8824,1.9412,0.8235,0.597,0.5909,0.135,0.0873,0.0787,0.0915,-8.8226,14,68,0.1707
"2023-24","Justin Champagnie","WAS",15.66,5.9333,3.5333,1.2667,0.526,0.4936,0.162,0.1034,0.1101,0.1057,-8.8452,15,67,0.1829
"2023-24","Javonte Green","CHI",25.60,12.2222,7.4444,0.5556,0.681,0.6667,0.159,0.0325,0.1625,0.0798,-1.576,39,43,0.4756
"2023-24","Ibou Badji","POR",10.26,1.5455,2.3182,0.5909,0.623,0.6364,0.079,0.0769,0.1282,0.3548,-8.9485,21,61,0.2561
"2023-24","Collin Gillespie","DEN",9.39,3.625,0.875,1.125,0.586,0.5725,0.166,0.1548,0.0516,0.1586,5.2709,57,25,0.6951
"2023-24","Gabe Vincent","LAL",19.79,3.0909,0.8182,1.9091,0.341,0.3367,0.105,0.1182,0.0251,0.0911,0.4679,47,35,0.5732
"2023-24","Markieff Morris","DAL",8.32,2.5385,1.5,0.6154,0.467,0.4485,0.153,0.0903,0.1012,0.1452,2.0537,50,32,0.6098
"2023-24","Jaylen Nowell","SAC",16.44,6.2308,1.8462,1.4615,0.494,0.4744,0.176,0.121,0.0635,0.0787,1.6233,46,36,0.561
"2023-24","Theo Maledon","PHX",12.54,3.4706,1.4118,1.6471,0.385,0.3214,0.173,0.1693,0.0666,0.1903,3.0052,49,33,0.5976
"2023-24","Charles Bassey","SAS",10.80,3.3158,4.0,1.1053,0.739,0.725,0.11,0.14,0.1933,0.2602,-6.1515,22,60,0.2683
"2023-24","Taj Gibson","DET",10.23,1.7,1.85,0.55,0.449,0.4324,0.092,0.0751,0.1057,0.1166,-8.8226,14,68,0.1707
"2023-24","Moses Brown","POR",9.09,3.4091,3.9091,0.3182,0.477,0.5077,0.176,0.0542,0.2442,0.1227,-8.9485,21,61,0.2561
"2023-24","Kenneth Lofton Jr.","UTA",9.44,4.5714,1.8095,1.5714,0.537,0.5064,0.207,0.2295,0.09,0.1353,-4.8458,31,51,0.378
"2023-24","Kobe Bufkin","ATL",11.53,4.7647,1.9412,1.5882,0.424,0.4185,0.221,0.1915,0.0909,0.0948,-2.0406,36,46,0.439
"2023-24","Gui Santos","GSW",8.35,3.5652,2.1304,0.6087,0.656,0.6,0.142,0.0962,0.1377,0.1007,2.6236,46,36,0.561
"2023-24","Colby Jones","SAC",6.39,2.1333,1.3333,0.6667,0.422,0.4085,0.178,0.1395,0.118,0.1165,1.6233,46,36,0.561
"2023-24","Terry Taylor","CHI",6.05,1.4839,1.1935,0.3226,0.558,0.5385,0.108,0.0705,0.1102,0.1452,-1.576,39,43,0.4756
"2023-24","Micah Potter","UTA",11.63,3.3125,2.6875,0.375,0.609,0.5875,0.109,0.0401,0.1085,0.1031,-4.8458,31,51,0.378
"2023-24","Saben Lee","PHX",7.71,2.9583,1.2917,1.25,0.492,0.3818,0.186,0.2129,0.0991,0.0998,3.0052,49,33,0.5976
"2023-24","Otto Porter Jr.","TOR",11.60,2.6,1.9333,0.5333,0.568,0.5455,0.083,0.0592,0.0881,0.0551,-6.3427,25,57,0.3049
"2023-24","AJ Griffin","ATL",8.54,2.4,0.9,0.25,0.382,0.371,0.167,0.0372,0.0569,0.1129,-2.0406,36,46,0.439
"2023-24","Joe Harris","DET",10.62,2.4375,0.8125,0.625,0.489,0.4872,0.104,0.0832,0.0447,0.0912,-8.8226,14,68,0.1707
"2023-24","Trevelin Queen","ORL",11.77,2.8571,1.4286,1.2857,0.462,0.4079,0.137,0.1449,0.0714,0.1392,2.0247,47,35,0.5732
"2023-24","Zavier Simpson","DET",23.05,6.0,2.8571,3.5714,0.377,0.3611,0.161,0.2265,0.0724,0.1521,-8.8226,14,68,0.1707
"2023-24","Thanasis Antetokounmpo","MIL",4.57,0.9412,0.3824,0.5,0.518,0.5333,0.125,0.1406,0.0476,0.3119,2.5519,49,33,0.5976
"2023-24","Tristan Vukcevic","WAS",15.34,8.5,3.6,1.3,0.554,0.5075,0.233,0.1161,0.1145,0.1154,-8.8452,15,67,0.1829
"2023-24","Darius Bazley","UTA",16.87,5.3333,3.1111,0.7778,0.68,0.6333,0.118,0.0585,0.0866,0.1848,-4.8458,31,51,0.378
"2023-24","DeJon Jarreau","MEM",16.62,4.7778,4.8889,2.8889,0.392,0.38,0.171,0.2413,0.1385,0.141,-6.9504,27,55,0.3293
"2023-24","Jules Bernard","WAS",7.86,3.8947,1.3684,0.8421,0.544,0.5391,0.189,0.1479,0.085,0.1053,-8.8452,15,67,0.1829
"2023-24","Jeff Dowtin Jr.","PHI",11.83,4.3333,1.6667,2.25,0.689,0.6806,0.124,0.2651,0.0825,0.1169,2.9184,47,35,0.5732
"2023-24","Sidy Cissoko","SAS",11.74,3.75,1.8333,0.8333,0.568,0.5,0.124,0.0935,0.0815,0.0704,-6.1515,22,60,0.2683
"2023-24","Brandon Clarke","MEM",22.39,11.3333,5.3333,1.5,0.548,0.5678,0.188,0.1139,0.1121,0.0461,-6.9504,27,55,0.3293
"2023-24","Emoni Bates","CLE",8.85,2.7333,0.9333,0.6667,0.404,0.4082,0.196,0.1008,0.0611,0.1361,2.3284,48,34,0.5854
"2023-24","Dru Smith","MIA",14.54,4.3333,1.5556,1.5556,0.576,0.5606,0.128,0.1451,0.0627,0.1286,1.6124,46,36,0.561
"2023-24","Nate Williams","HOU",5.88,2.8636,1.0455,0.3182,0.565,0.56,0.173,0.0827,0.0953,0.067,1.1128,41,41,0.5
"2023-24","Timmy Allen","MEM",25.09,2.6,3.4,1.0,0.272,0.2609,0.084,0.0507,0.0638,0.0773,-6.9504,27,55,0.3293
"2023-24","T.J. Warren","MIN",11.33,3.7273,2.0,0.8182,0.479,0.4634,0.148,0.1003,0.096,0.0855,6.4536,56,26,0.6829
"2023-24","Luka Garza","MIN",4.87,3.96,1.24,0.16,0.576,0.54,0.278,0.0577,0.1384,0.0652,6.4536,56,26,0.6829
"2023-24","Jalen Pickett","DEN",4.51,1.5556,0.5185,0.7778,0.571,0.5571,0.164,0.2175,0.0637,0.1967,5.2709,57,25,0.6951
"2023-24","Maozinha Pereira","MEM",17.38,6.8571,5.2857,0.2857,0.609,0.5857,0.143,0.024,0.1431,0.1126,-6.9504,27,55,0.3293
"2023-24","Marques Bolden","CHA",11.03,3.3636,3.0909,0.3636,0.691,0.68,0.108,0.052,0.1494,0.1008,-10.316,21,61,0.2561
"2023-24","Jahmi'us Ramsey","TOR",17.30,6.7143,3.1429,1.1429,0.538,0.5122,0.18,0.0933,0.0961,0.1382,-6.3427,25,57,0.3049
"2023-24","Mouhamadou Gueye","TOR",10.90,2.3636,2.0909,0.4545,0.31,0.2895,0.189,0.0545,0.1014,0.2224,-6.3427,25,57,0.3049
"2023-24","Xavier Moon","LAC",8.52,2.3571,1.2857,1.5,0.352,0.3478,0.174,0.2325,0.0848,0.0964,3.1568,51,31,0.622
"2023-24","Robert Williams III","POR",19.79,6.8333,6.3333,0.8333,0.684,0.6538,0.122,0.0631,0.1817,0.1894,-8.9485,21,61,0.2561
"2023-24","Matt Hurt","MEM",14.15,4.0,2.0,0.5,0.453,0.4265,0.134,0.0485,0.0665,0.0536,-6.9504,27,55,0.3293
"2023-24","Brandon Williams","DAL",6.64,3.1765,0.7647,1.0,0.439,0.3981,0.239,0.2014,0.0647,0.1022,2.0537,50,32,0.6098
"2023-24","Udoka Azubuike","PHX",7.05,2.1875,2.0,0.1875,0.609,0.6957,0.121,0.0365,0.1677,0.1222,3.0052,49,33,0.5976
"2023-24","Jalen Hood-Schifino","LAL",5.19,1.619,0.619,0.381,0.316,0.2444,0.242,0.0925,0.0725,0.1433,0.4679,47,35,0.5732
"2023-24","Dylan Windler","ATL",6.38,2.5294,0.9412,0.5882,0.717,0.7167,0.129,0.1223,0.0797,0.0625,-2.0406,36,46,0.439
"2023-24","Malik Williams","TOR",15.22,2.7143,5.4286,0.2857,0.272,0.2794,0.148,0.0243,0.1887,0.0792,-6.3427,25,57,0.3049
"2023-24","Armoni Brooks","BKN",10.40,4.2,1.8,0.5,0.448,0.4457,0.188,0.0684,0.0949,0.0601,-2.8855,32,50,0.3902
"2023-24","Maxwell Lewis","LAL",3.02,0.3235,0.1176,0.1765,0.246,0.2143,0.127,0.069,0.0236,0.3094,0.4679,47,35,0.5732
"2023-24","Harry Giles III","LAL",4.34,2.4348,1.3043,0.2609,0.503,0.49,0.233,0.0917,0.1825,0.0972,0.4679,47,35,0.5732
"2023-24","Olivier Sarr","OKC",6.55,2.2667,2.4,0.1333,0.664,0.6316,0.124,0.0258,0.2192,0.1049,7.0665,57,25,0.6951
"2023-24","Jamaree Bouyea","SAS",10.54,2.3333,2.1111,1.2222,0.375,0.375,0.162,0.1512,0.1045,0.2432,-6.1515,22,60,0.2683
"2023-24","Josh Minott","MIN",2.86,1.5625,0.5312,0.25,0.593,0.5278,0.173,0.129,0.1012,0.0453,6.4536,56,26,0.6829
"2023-24","Chris Livingston","MIL",4.31,1.2381,1.0,0.2381,0.547,0.5227,0.136,0.0727,0.1319,0.1739,2.5519,49,33,0.5976
"2023-24","Cole Swider","MIA",4.82,2.3333,0.3889,0.2778,0.54,0.5263,0.226,0.0848,0.0473,0.1706,1.6124,46,36,0.561
"2023-24","Terquavion Smith","PHI",5.28,3.25,0.25,0.75,0.539,0.5326,0.242,0.2202,0.0277,0.1268,2.9184,47,35,0.5732
"2023-24","Admiral Schofield","ORL",3.67,1.1304,0.7391,0.3043,0.484,0.5,0.167,0.1152,0.1184,0.1568,2.0247,47,35,0.5732
"2023-24","Buddy Boeheim","DET",8.40,3.4,1.0,0.3,0.509,0.4483,0.161,0.0524,0.0695,0.0,-8.8226,14,68,0.1707
"2023-24","Jordan Walsh","BOS",9.27,1.6667,2.2222,0.5556,0.472,0.4667,0.092,0.0728,0.1349,0.1589,11.3558,64,18,0.7805
"2023-24","Wenyen Gabriel","BOS",16.20,3.4,5.0,0.6,0.351,0.3864,0.166,0.0465,0.1738,0.2484,11.3558,64,18,0.7805
"2023-24","James Bouknight","CHA",5.78,3.5714,0.6429,0.4286,0.597,0.5976,0.24,0.1343,0.0593,0.0456,-10.316,21,61,0.2561
"2023-24","Jerome Robinson","GSW",3.67,1.4091,0.2727,0.2273,0.41,0.3636,0.188,0.0808,0.0401,0.0502,2.6236,46,36,0.561
"2023-24","Ryan Rollins","MIL",5.99,3.3846,1.0,1.0769,0.638,0.5741,0.214,0.2564,0.095,0.1883,2.5519,49,33,0.5976
"2023-24","R.J. Hampton","MIA",9.50,1.25,0.75,1.0,0.336,0.3214,0.098,0.1317,0.0463,0.1678,1.6124,46,36,0.561
"2023-24","Wendell Moore Jr.","MIN",3.01,0.72,0.48,0.24,0.5,0.5,0.106,0.1073,0.0869,0.1818,6.4536,56,26,0.6829
"2023-24","Nate Hinton","HOU",4.97,2.2,1.4667,0.6667,0.585,0.5577,0.156,0.1876,0.1582,0.0962,1.1128,41,41,0.5
"2023-24","Mouhamed Gueye","ATL",12.13,4.0,3.6667,0.6667,0.468,0.413,0.144,0.0702,0.1632,0.0375,-2.0406,36,46,0.439
"2023-24","Isaiah Mobley","CLE",7.19,2.3,1.0,0.6,0.471,0.4792,0.16,0.1158,0.0807,0.0756,2.3284,48,34,0.5854
"2023-24","Jason Preston","UTA",10.16,1.7143,2.4286,2.2857,0.316,0.3158,0.121,0.2735,0.1122,0.0952,-4.8458,31,51,0.378
"2023-24","Boban Marjanovic","HOU",5.07,3.2143,2.2857,0.4286,0.56,0.5294,0.247,0.139,0.2419,0.1107,1.1128,41,41,0.5
"2023-24","Kobi Simmons","TOR",16.86,5.0,1.75,3.0,0.476,0.4762,0.141,0.2461,0.0549,0.0455,-6.3427,25,57,0.3049
"2023-24","Jett Howard","ORL",3.70,1.6111,0.3889,0.3333,0.457,0.45,0.22,0.131,0.0618,0.0863,2.0247,47,35,0.5732
"2023-24","Keyontae Johnson","OKC",7.36,1.2222,1.1111,0.4444,0.344,0.3438,0.128,0.0731,0.0903,0.2,7.0665,57,25,0.6951
"2023-24","Adama Sanogo","CHI",7.31,4.0,4.0,0.0,0.558,0.5185,0.21,0.0,0.3059,0.1341,-1.576,39,43,0.4756
"2023-24","Robin Lopez","MIL",4.05,1.125,0.3125,0.25,0.453,0.4211,0.139,0.0799,0.0439,0.0914,2.5519,49,33,0.5976
"2023-24","Amari Bailey","CHA",6.46,2.3,0.9,0.7,0.425,0.3542,0.207,0.1664,0.0742,0.1287,-10.316,21,61,0.2561
"2023-24","Moussa Diabaté","LAC",5.84,2.6364,2.1818,0.3636,0.576,0.5263,0.171,0.0856,0.21,0.0736,3.1568,51,31,0.622
"2023-24","Jack White","OKC",15.91,1.5,3.0,0.25,0.188,0.1875,0.11,0.018,0.1128,0.1111,7.0665,57,25,0.6951
"2023-24","Kendall Brown","IND",4.17,1.4,0.3333,0.3333,0.567,0.5333,0.135,0.0915,0.0443,0.0975,2.8997,47,35,0.5732
"2023-24","Ish Wainright","PHX",5.67,2.0909,1.2727,0.0909,0.462,0.4375,0.166,0.0212,0.1327,0.0744,3.0052,49,33,0.5976
"2023-24","Keon Johnson","BKN",12.28,6.2,1.4,0.6,0.59,0.4762,0.212,0.0682,0.0625,0.1598,-2.8855,32,50,0.3902
"2023-24","Jermaine Samuels Jr.","HOU",4.30,1.4286,0.9286,0.2143,0.672,0.6429,0.098,0.07,0.1159,0.0,1.1128,41,41,0.5
"2023-24","Braxton Key","DEN",3.00,1.1,0.9,0.45,0.536,0.4706,0.148,0.1877,0.1663,0.0465,5.2709,57,25,0.6951
"2023-24","Colin Castleton","LAL",3.69,1.5,0.75,0.1875,0.644,0.5625,0.157,0.0693,0.1235,0.1386,0.4679,47,35,0.5732
"2023-24","TyTy Washington Jr.","MIL",5.08,1.2727,0.4545,0.4545,0.35,0.35,0.165,0.1155,0.0509,0.0909,2.5519,49,33,0.5976
"2023-24","Dereon Seabron","NOP",9.18,2.3333,1.1667,0.8333,0.448,0.3462,0.122,0.1115,0.0703,0.0,4.457,49,33,0.5976
"2023-24","Juan Toscano-Anderson","SAC",4.79,0.6364,1.2727,0.3636,0.292,0.2917,0.106,0.0908,0.1504,0.1429,1.6233,46,36,0.561
"2023-24","Leonard Miller","MIN",3.08,1.7059,1.1765,0.4706,0.694,0.7,0.157,0.2478,0.2076,0.0457,6.4536,56,26,0.6829
"2023-24","Seth Lundy","ATL",5.78,1.5556,0.7778,0.0,0.373,0.3235,0.168,0.0,0.0727,0.0506,-2.0406,36,46,0.439
"2023-24","David Duke Jr.","SAS",12.84,6.5,2.5,1.25,0.673,0.6389,0.179,0.1437,0.1017,0.1344,-6.1515,22,60,0.2683
"2023-24","Daishen Nix","MIN",3.32,1.8,0.2,0.4,0.507,0.5,0.241,0.1764,0.0328,0.158,6.4536,56,26,0.6829
"2023-24","Jay Huff","DEN",2.47,1.15,0.55,0.1,0.724,0.7,0.14,0.0553,0.1236,0.0592,5.2709,57,25,0.6951
"2023-24","Hunter Tyson","DEN",2.67,1.1111,0.5,0.1111,0.5,0.5,0.186,0.0556,0.104,0.0909,5.2709,57,25,0.6951
"2023-24","James Johnson","IND",5.24,0.8889,0.4444,0.8889,0.368,0.3,0.137,0.1806,0.0469,0.3149,2.8997,47,35,0.5732
"2023-24","DaQuan Jeffries","NYK",2.70,0.8235,0.2941,0.2941,0.391,0.4118,0.193,0.1475,0.0643,0.1437,4.7421,50,32,0.6098
"2023-24","Ryan Arcidiacono","NYK",2.26,0.0,0.4,0.2,0.0,0.0,0.074,0.1021,0.1047,0.25,4.7421,50,32,0.6098
"2023-24","Frank Ntilikina","CHA",8.58,1.0,1.2,0.8,0.253,0.1667,0.111,0.1241,0.0745,0.0919,-10.316,21,61,0.2561
"2023-24","Oscar Tshiebwe","IND",5.24,3.25,2.0,0.25,0.553,0.5,0.205,0.0625,0.2112,0.0,2.8997,47,35,0.5732
"2023-24","D'Moi Hodge","LAL",5.89,2.0,0.0,0.7143,0.441,0.4333,0.172,0.1587,0.0,0.0592,0.4679,47,35,0.5732
"2023-24","Taze Moore","POR",10.08,4.5,2.0,1.25,0.453,0.4474,0.209,0.2024,0.1126,0.1311,-8.9485,21,61,0.2561
"2023-24","Alex Fudge","DAL",6.70,2.5,0.8333,0.0,0.472,0.4333,0.176,0.0,0.0698,0.1119,2.0537,50,32,0.6098
"2023-24","Greg Brown III","DAL",6.62,2.5,1.5,0.6667,0.501,0.5,0.178,0.1259,0.1272,0.211,2.0537,50,32,0.6098
"2023-24","RaiQuan Gray","SAS",13.01,7.6667,2.3333,2.0,0.676,0.6765,0.2,0.2496,0.0936,0.0556,-6.1515,22,60,0.2683
"2023-24","JD Davison","BOS",4.88,2.0,1.25,1.25,0.581,0.5417,0.16,0.3346,0.1443,0.1269,11.3558,64,18,0.7805
"2023-24","Jacob Toppin","NYK",4.24,1.4444,0.7778,0.3333,0.658,0.6111,0.133,0.1067,0.1084,0.0919,4.7421,50,32,0.6098
"2023-24","Charlie Brown Jr.","NYK",4.66,0.75,0.25,0.0,0.3,0.3,0.145,0.0,0.0317,0.1667,4.7421,50,32,0.6098
"2023-24","Jalen Slawson","SAC",3.08,0.6667,0.5833,0.1667,0.667,0.6667,0.088,0.0689,0.1071,0.25,1.6233,46,36,0.561
"2023-24","D.J. Carton","TOR",8.88,2.75,1.0,0.75,0.539,0.4375,0.125,0.1093,0.0595,0.0893,-6.3427,25,57,0.3049
"2023-24","Henri Drell","CHI",7.48,2.75,1.0,1.0,0.506,0.5,0.155,0.1834,0.0747,0.1553,-1.576,39,43,0.4756
"2023-24","Dexter Dennis","DAL",7.47,5.5,2.25,1.0,0.541,0.5526,0.278,0.227,0.1692,0.1286,2.0537,50,32,0.6098
"2023-24","Jordan Miller","LAC",3.52,1.625,0.625,0.0,0.658,0.6111,0.153,0.0,0.0997,0.0919,3.1568,51,31,0.622
"2023-24","Mason Jones","SAC",5.54,1.4,1.0,1.0,0.394,0.375,0.155,0.2199,0.1022,0.1838,1.6233,46,36,0.561
"2023-24","Pete Nance","CLE",3.42,0.375,0.375,0.0,0.218,0.25,0.138,0.0,0.0636,0.1269,2.3284,48,34,0.5854
"2023-24","Pat Spencer","GSW",4.28,0.6667,0.6667,0.8333,0.5,0.5,0.077,0.2362,0.0842,0.2,2.6236,46,36,0.561
"2023-24","Mamadi Diakite","NYK",4.07,2.0,0.6667,0.3333,0.694,0.6667,0.175,0.1163,0.0968,0.1037,4.7421,50,32,0.6098
"2023-24","Dariq Whitehead","BKN",11.99,1.5,2.0,1.5,0.255,0.2,0.094,0.1554,0.0914,0.0,-2.8855,32,50,0.3902
"2023-24","E.J. Liddell","NOP",2.89,0.5,0.625,0.125,0.291,0.1667,0.148,0.0514,0.1198,0.2252,4.457,49,33,0.5976
"2023-24","Drew Peterson","BOS",7.56,3.6667,0.3333,0.3333,0.917,0.9167,0.123,0.0614,0.0248,0.1429,11.3558,64,18,0.7805
"2023-24","Jordan Ford","SAC",3.64,2.0,0.3333,0.3333,0.761,0.7143,0.184,0.129,0.0519,0.1126,1.6233,46,36,0.561
"2023-24","Isaiah Thomas","PHX",3.23,1.3333,0.0,0.5,0.4,0.4,0.227,0.2165,0.0,0.0,3.0052,49,33,0.5976
"2023-24","Danny Green","PHI",9.23,0.0,1.0,0.5,0.0,0.0,0.043,0.0632,0.0635,0.0,2.9184,47,35,0.5732
"2023-24","Usman Garuba","GSW",2.96,0.5,1.1667,0.1667,0.218,0.1667,0.18,0.0664,0.2124,0.2252,2.6236,46,36,0.561
"2023-24","Alondes Williams","MIA",2.23,0.7143,0.1429,0.0,0.296,0.25,0.25,0.0,0.0376,0.1916,1.6124,46,36,0.561
"2023-24","D.J. Wilson","ORL",7.73,5.0,1.0,1.0,0.833,0.8333,0.182,0.2228,0.076,0.0,2.0247,47,35,0.5732
"2023-24","Ty Jerome","CLE",7.41,2.0,0.5,1.5,0.5,0.5,0.147,0.2794,0.0392,0.2,2.3284,48,34,0.5854
"2023-24","Adam Flagler","OKC",7.01,1.5,0.0,2.0,0.214,0.2143,0.212,0.3433,0.0,0.0,7.0665,57,25,0.6951
"2023-24","Andrew Funk","CHI",2.68,0.0,0.0,0.0,0.0,0.0,0.108,0.0,0.0,0.0,-1.576,39,43,0.4756
"2023-24","Quenton Jackson","IND",3.51,0.6667,1.3333,0.6667,0.532,0.0,0.083,0.1895,0.2101,0.0,2.8997,47,35,0.5732
"2023-24","Joshua Primo","LAC",5.13,1.0,0.5,0.0,0.333,0.3333,0.259,0.0,0.0547,0.5714,3.1568,51,31,0.622
"2023-24","Filip Petrusev","PHI",3.10,1.0,0.3333,0.0,0.521,0.5,0.15,0.0,0.0629,0.0,2.9184,47,35,0.5732
"2023-24","Lindell Wigginton","MIL",2.54,2.0,0.0,0.0,0.51,0.4,0.412,0.0,0.0,0.1453,2.5519,49,33,0.5976
"2023-24","Kaiser Gates","NOP",7.43,0.0,1.0,0.0,0.0,0.0,0.222,0.0,0.0744,0.0,4.457,49,33,0.5976
"2023-24","Kevon Harris","ORL",3.03,2.0,1.0,0.5,0.667,0.6667,0.286,0.3251,0.1943,0.25,2.0247,47,35,0.5732
"2023-24","Shaquille Harrison","MEM",1.99,0.6667,0.6667,0.0,0.5,0.5,0.154,0.0,0.1577,0.0,-6.9504,27,55,0.3293
"2023-24","Hamidou Diallo","WAS",2.38,1.0,1.0,0.5,0.5,0.5,0.188,0.2972,0.2054,0.3333,-8.8452,15,67,0.1829
"2023-24","Isaiah Wong","IND",4.28,2.0,0.0,0.0,0.333,0.3333,0.375,0.0,0.0,0.0,2.8997,47,35,0.5732
"2023-24","Ron Harper Jr.","TOR",3.65,0.0,0.0,1.0,0.0,NULL,0.0,0.3199,0.0,NULL,-6.3427,25,57,0.3049
"2023-24","Markquis Nowell","TOR",3.52,2.0,2.0,2.0,0.532,0.0,0.222,0.664,0.3007,0.0,-6.3427,25,57,0.3049
"2023-24","Izaiah Brockington","NOP",3.38,4.0,2.0,0.0,0.4,0.4,0.385,0.0,0.3269,0.0,4.457,49,33,0.5976
"2023-24","Jalen Crutcher","NOP",2.65,0.0,0.0,0.0,0.0,0.0,0.167,0.0,0.0,0.0,4.457,49,33,0.5976
"2023-24","Malcolm Cazalon","DET",2.58,0.0,0.0,0.0,0.0,NULL,0.0,0.0,0.0,NULL,-8.8226,14,68,0.1707
"2023-24","Dmytro Skapintsev","NYK",1.07,0.0,0.0,0.0,0.0,0.0,0.25,0.0,0.0,0.0,4.7421,50,32,0.6098
"2023-24","Justin Jackson","MIN",0.35,0.0,0.0,0.0,0.0,NULL,0.0,0.0,0.0,NULL,6.4536,56,26,0.6829
"2023-24","Javonte Smart","PHI",0.67,0.0,0.0,0.0,0.0,NULL,0.0,0.0,0.0,NULL,2.9184,47,35,0.5732
"2024-25","Mikal Bridges","NYK",37.03,17.6098,3.1585,3.7317,0.585,0.5697,0.192,0.1442,0.049,0.0966,3.9822,51,31,0.622
"2024-25","Josh Hart","NYK",37.62,13.6494,9.5714,5.8831,0.611,0.5792,0.151,0.2072,0.1461,0.1552,3.9822,51,31,0.622
"2024-25","Anthony Edwards","MIN",36.34,27.557,5.6962,4.5443,0.595,0.5465,0.307,0.2088,0.0879,0.1198,5.0613,49,33,0.5976
"2024-25","Devin Booker","PHX",37.27,25.64,4.0667,7.0533,0.589,0.525,0.285,0.3138,0.0647,0.1188,-2.9609,36,46,0.439
"2024-25","James Harden","LAC",35.30,22.8101,5.7722,8.6962,0.582,0.5008,0.286,0.3764,0.0923,0.1804,4.6585,50,32,0.6098
"2024-25","DeMar DeRozan","SAC",35.94,22.2078,3.8701,4.4416,0.569,0.5092,0.244,0.1814,0.061,0.0653,0.4839,40,42,0.4878
"2024-25","Trae Young","ATL",36.04,24.2237,3.1053,11.5789,0.567,0.4906,0.285,0.4801,0.0489,0.1795,-0.9777,40,42,0.4878
"2024-25","Tyler Herro","MIA",35.39,23.8961,5.1818,5.5065,0.605,0.5635,0.271,0.2673,0.0891,0.1151,0.5301,37,45,0.4512
"2024-25","OG Anunoby","NYK",36.56,18.0,4.8378,2.2162,0.591,0.5594,0.195,0.085,0.076,0.083,3.9822,51,31,0.622
"2024-25","Jalen Green","HOU",32.89,21.0122,4.5976,3.439,0.544,0.5045,0.267,0.1604,0.0758,0.1135,4.2411,52,30,0.6341
"2024-25","Christian Braun","DEN",33.87,15.4177,5.1899,2.5949,0.665,0.634,0.155,0.1008,0.0841,0.0813,3.6879,50,32,0.6098
"2024-25","Bam Adebayo","MIA",34.28,18.0769,9.6026,4.3205,0.561,0.5207,0.232,0.2036,0.1704,0.1135,0.5301,37,45,0.4512
"2024-25","Ivica Zubac","LAC",32.80,16.75,12.625,2.675,0.641,0.6285,0.192,0.1317,0.2173,0.1083,4.6585,50,32,0.6098
"2024-25","Jayson Tatum","BOS",36.44,26.8333,8.6528,5.9861,0.582,0.5372,0.301,0.2684,0.1289,0.1119,9.2604,61,21,0.7439
"2024-25","Jaden McDaniels","MIN",31.88,12.1951,5.7317,1.9878,0.562,0.5372,0.16,0.0894,0.1009,0.0964,5.0613,49,33,0.5976
"2024-25","Keegan Murray","SAC",34.34,12.3947,6.6711,1.4342,0.553,0.5378,0.148,0.0544,0.11,0.0658,0.4839,40,42,0.4878
"2024-25","Zach LaVine","SAC",35.17,23.2973,4.2568,4.1892,0.639,0.6087,0.251,0.1787,0.0685,0.1336,0.4839,40,42,0.4878
"2024-25","Shai Gilgeous-Alexander","OKC",34.18,32.6842,4.9868,6.3947,0.637,0.5685,0.336,0.3131,0.0782,0.0858,12.4023,68,14,0.8293
"2024-25","Michael Porter Jr.","DEN",33.68,18.1558,7.013,2.1429,0.617,0.5959,0.197,0.0867,0.1143,0.084,3.6879,50,32,0.6098
"2024-25","Derrick White","BOS",33.86,16.4211,4.4868,4.75,0.606,0.5803,0.195,0.2005,0.0719,0.1128,9.2604,61,21,0.7439
"2024-25","Dyson Daniels","ATL",33.83,14.1184,5.9079,4.3816,0.545,0.5363,0.178,0.1853,0.0991,0.136,-0.9777,40,42,0.4878
"2024-25","Nikola Jokić","DEN",36.73,29.5857,12.7429,10.2286,0.663,0.6268,0.285,0.4407,0.1905,0.1283,3.6879,50,32,0.6098
"2024-25","Austin Reaves","LAL",34.93,20.2055,4.5068,5.7671,0.616,0.5564,0.23,0.2643,0.0715,0.1287,1.1647,50,32,0.6098
"2024-25","Toumani Camara","POR",32.67,11.3077,5.7692,2.2436,0.572,0.5524,0.143,0.0965,0.096,0.1238,-2.732,36,46,0.439
"2024-25","Pascal Siakam","IND",32.66,20.2308,6.9231,3.3718,0.599,0.5719,0.237,0.1578,0.1195,0.0764,2.2677,50,32,0.6098
"2024-25","Brook Lopez","MIL",31.83,13.0125,5.0125,1.7875,0.624,0.5988,0.157,0.0773,0.0906,0.0914,2.4281,48,34,0.5854
"2024-25","Karl-Anthony Towns","NYK",34.95,24.4306,12.7778,3.0833,0.63,0.5844,0.265,0.1378,0.2099,0.121,3.9822,51,31,0.622
"2024-25","Bub Carrington","WAS",29.97,9.8415,4.1585,4.439,0.514,0.4933,0.154,0.2257,0.0678,0.1522,-12.0245,18,64,0.2195
"2024-25","Cade Cunningham","DET",35.03,26.1429,6.0714,9.1143,0.565,0.5206,0.323,0.4348,0.1048,0.1602,1.8703,44,38,0.5366
"2024-25","Tyrese Haliburton","IND",33.57,18.6164,3.5342,9.2192,0.616,0.5815,0.21,0.3921,0.0594,0.0981,2.2677,50,32,0.6098
"2024-25","Coby White","CHI",33.11,20.3919,3.6892,4.4595,0.601,0.5495,0.237,0.21,0.0591,0.1235,-1.4635,39,43,0.4756
"2024-25","LeBron James","LAL",34.92,24.4286,7.8,8.2143,0.604,0.5713,0.291,0.4314,0.1238,0.1552,1.1647,50,32,0.6098
"2024-25","Domantas Sabonis","SAC",34.70,19.1,13.8857,6.0429,0.655,0.6265,0.213,0.2525,0.2266,0.1653,0.4839,40,42,0.4878
"2024-25","Jamal Murray","DEN",36.09,21.4328,3.8955,6.0149,0.584,0.5433,0.235,0.232,0.0593,0.1009,3.6879,50,32,0.6098
"2024-25","Alperen Sengun","HOU",31.51,19.0921,10.3421,4.8947,0.545,0.5052,0.259,0.2425,0.1781,0.1272,4.2411,52,30,0.6341
"2024-25","Rudy Gobert","MIN",33.17,12.0278,10.9028,1.7639,0.687,0.6686,0.129,0.0752,0.1844,0.1238,5.0613,49,33,0.5976
"2024-25","Dillon Brooks","HOU",31.84,14.04,3.6667,1.7067,0.555,0.533,0.176,0.0748,0.0625,0.0742,4.2411,52,30,0.6341
"2024-25","Tobias Harris","DET",31.58,13.726,5.9178,2.2192,0.571,0.5335,0.173,0.0988,0.1133,0.0883,1.8703,44,38,0.5366
"2024-25","Darius Garland","CLE",30.68,20.5867,2.8533,6.7467,0.6,0.5622,0.265,0.3248,0.0512,0.1281,9.3031,64,18,0.7805
"2024-25","Jalen Brunson","NYK",35.40,26.0,2.8769,7.3077,0.605,0.5508,0.289,0.3227,0.0467,0.1051,3.9822,51,31,0.622
"2024-25","Jarrett Allen","CLE",28.00,13.4512,9.7317,1.9268,0.724,0.7062,0.156,0.0954,0.1914,0.1129,9.3031,64,18,0.7805
"2024-25","Chris Paul","SAS",27.95,8.8171,3.6098,7.378,0.58,0.5472,0.137,0.3314,0.0726,0.1714,-2.6509,34,48,0.4146
"2024-25","Anfernee Simons","POR",32.74,19.2571,2.7,4.8143,0.557,0.5213,0.241,0.2329,0.0448,0.1057,-2.732,36,46,0.439
"2024-25","Giannis Antetokounmpo","MIL",34.16,30.3881,11.9104,6.4627,0.625,0.6065,0.346,0.3539,0.2006,0.1122,2.4281,48,34,0.5854
"2024-25","Malik Beasley","DET",27.84,16.2927,2.6098,1.6951,0.59,0.5794,0.215,0.0901,0.0567,0.0683,1.8703,44,38,0.5366
"2024-25","Kentavious Caldwell-Pope","MEM",29.60,8.7403,2.1948,1.7662,0.574,0.5432,0.121,0.0761,0.0393,0.0957,4.6021,48,34,0.5854
"2024-25","Nikola Vučević","CHI",31.21,18.4795,10.0685,3.5068,0.611,0.592,0.221,0.185,0.1711,0.0973,-1.4635,39,43,0.4756
"2024-25","Payton Pritchard","BOS",28.39,14.3,3.8375,3.4875,0.633,0.6195,0.186,0.1796,0.0734,0.0842,9.2604,61,21,0.7439
"2024-25","Kevin Durant","PHX",36.53,26.5645,6.0323,4.2419,0.642,0.5979,0.283,0.2017,0.0979,0.129,-2.9609,36,46,0.439
"2024-25","Stephen Curry","GSW",32.18,24.5429,4.4286,6.0143,0.618,0.5719,0.286,0.3085,0.0647,0.1258,3.1817,48,34,0.5854
"2024-25","Shaedon Sharpe","POR",31.28,18.5417,4.5,2.75,0.551,0.5186,0.25,0.142,0.0782,0.1103,-2.732,36,46,0.439
"2024-25","De'Aaron Fox","SAS",36.15,23.5323,4.8065,6.3226,0.56,0.5142,0.274,0.2632,0.0747,0.1178,-2.6509,34,48,0.4146
"2024-25","Jalen Williams","OKC",32.42,21.5942,5.3478,5.1304,0.573,0.5368,0.27,0.2342,0.0884,0.1035,12.4023,68,14,0.8293
"2024-25","Donovan Mitchell","CLE",31.44,23.9577,4.5352,4.9859,0.575,0.5314,0.298,0.2418,0.0794,0.0915,9.3031,64,18,0.7805
"2024-25","Harrison Barnes","SAS",27.20,12.3293,3.7805,1.6585,0.656,0.6223,0.157,0.0814,0.0781,0.0609,-2.6509,34,48,0.4146
"2024-25","Julius Randle","MIN",32.25,18.6667,7.058,4.6812,0.593,0.5421,0.246,0.2248,0.1228,0.1528,5.0613,49,33,0.5976
"2024-25","Amen Thompson","HOU",32.25,14.058,8.1739,3.8406,0.602,0.5746,0.172,0.1694,0.1375,0.1462,4.2411,52,30,0.6341
"2024-25","Jaren Jackson Jr.","MEM",29.82,22.1757,5.6351,2.0,0.591,0.5482,0.274,0.1081,0.1003,0.0993,4.6021,48,34,0.5854
"2024-25","Desmond Bane","ORL",31.96,19.2319,6.058,5.3478,0.6,0.5648,0.227,0.2646,0.1014,0.1326,-0.0714,41,41,0.5
"2024-25","Naz Reid","MIN",27.50,14.225,6.0,2.2625,0.577,0.5563,0.21,0.1253,0.1224,0.0987,5.0613,49,33,0.5976
"2024-25","Myles Turner","IND",30.19,15.5556,6.5417,1.5417,0.612,0.5771,0.207,0.0714,0.1222,0.1184,2.2677,50,32,0.6098
"2024-25","Tyus Jones","PHX",26.83,10.2346,2.4198,5.2963,0.585,0.5695,0.16,0.2834,0.0534,0.1139,-2.9609,36,46,0.439
"2024-25","Evan Mobley","CLE",30.51,18.5352,9.2817,3.1831,0.633,0.6043,0.226,0.1523,0.1675,0.1223,9.3031,64,18,0.7805
"2024-25","Taurean Prince","MIL",27.07,8.2,3.5875,1.9375,0.613,0.6002,0.123,0.0926,0.0763,0.1329,2.4281,48,34,0.5854
"2024-25","Stephon Castle","SAS",26.69,14.6914,3.6667,4.0988,0.522,0.4762,0.253,0.2165,0.0772,0.1345,-2.6509,34,48,0.4146
"2024-25","Deni Avdija","POR",30.02,16.9306,7.25,3.9028,0.605,0.5504,0.228,0.1987,0.1313,0.1628,-2.732,36,46,0.439
"2024-25","Jaylen Brown","BOS",34.25,22.1905,5.8413,4.5397,0.555,0.5152,0.282,0.2123,0.0925,0.1139,9.2604,61,21,0.7439
"2024-25","Tim Hardaway Jr.","DET",27.96,10.961,2.3766,1.5974,0.567,0.5294,0.151,0.0763,0.0514,0.0606,1.8703,44,38,0.5366
"2024-25","Bennedict Mathurin","IND",29.85,16.0556,5.3194,1.8889,0.579,0.5158,0.222,0.0888,0.1005,0.119,2.2677,50,32,0.6098
"2024-25","Spencer Dinwiddie","DAL",27.04,11.038,2.6456,4.4177,0.553,0.4963,0.175,0.2193,0.0565,0.1145,-1.1321,39,43,0.4756
"2024-25","Scottie Barnes","TOR",32.83,19.2615,7.7231,5.8154,0.523,0.4817,0.262,0.262,0.1187,0.1333,-4.28,30,52,0.3659
"2024-25","Max Christie","DAL",27.27,9.6026,3.3077,1.8718,0.57,0.5246,0.15,0.0904,0.0701,0.1181,-1.1321,39,43,0.4756
"2024-25","Josh Giddey","CHI",30.24,14.6,8.0857,7.1857,0.57,0.5307,0.214,0.3529,0.1418,0.1839,-1.4635,39,43,0.4756
"2024-25","Fred VanVleet","HOU",35.19,14.0667,3.6833,5.55,0.515,0.4829,0.176,0.2128,0.0568,0.096,4.2411,52,30,0.6341
"2024-25","Keyonte George","UTA",31.47,16.791,3.7761,5.6269,0.539,0.4853,0.237,0.2699,0.064,0.1491,-9.1175,17,65,0.2073
"2024-25","Dennis Schröder","DET",28.06,13.0667,2.64,5.3867,0.531,0.4831,0.211,0.2674,0.0569,0.1335,1.8703,44,38,0.5366
"2024-25","Damian Lillard","MIL",36.08,24.9483,4.6897,7.069,0.621,0.5469,0.269,0.2929,0.0748,0.1221,2.4281,48,34,0.5854
"2024-25","Russell Westbrook","DEN",27.90,13.2533,4.9333,6.0933,0.532,0.5054,0.23,0.2876,0.0971,0.2059,3.6879,50,32,0.6098
"2024-25","Kelly Oubre Jr.","PHI",34.64,15.1,6.1333,1.8,0.551,0.5175,0.186,0.0763,0.0984,0.0887,-6.2556,24,58,0.2927
"2024-25","Luguentz Dort","OKC",29.20,10.1268,4.1268,1.6197,0.586,0.5784,0.133,0.069,0.0758,0.0768,12.4023,68,14,0.8293
"2024-25","Nickeil Alexander-Walker","MIN",25.28,9.4268,3.2317,2.7195,0.579,0.5528,0.155,0.1495,0.0717,0.1291,5.0613,49,33,0.5976
"2024-25","Onyeka Okongwu","ATL",27.89,13.3514,8.9189,2.2703,0.634,0.6023,0.169,0.1183,0.1815,0.1036,-0.9777,40,42,0.4878
"2024-25","Malik Monk","SAC",31.60,17.1846,3.7692,5.5692,0.549,0.5128,0.236,0.2495,0.0675,0.1352,0.4839,40,42,0.4878
"2024-25","Jaylen Wells","MEM",25.87,10.4177,3.3924,1.7089,0.56,0.5266,0.156,0.0883,0.0696,0.0858,4.6021,48,34,0.5854
"2024-25","Jalen Duren","DET",26.07,11.7692,10.3462,2.6795,0.703,0.6923,0.161,0.1486,0.24,0.1725,1.8703,44,38,0.5366
"2024-25","Jalen Wilson","BKN",25.71,9.481,3.4177,1.8354,0.541,0.4952,0.161,0.1065,0.0687,0.1024,-7.0512,26,56,0.3171
"2024-25","Miles Bridges","CHA",31.70,20.3125,7.5156,3.875,0.541,0.4954,0.273,0.211,0.1187,0.1017,-9.0468,19,63,0.2317
"2024-25","Davion Mitchell","MIA",27.40,7.9459,2.2568,4.9054,0.573,0.5567,0.135,0.2518,0.0501,0.1997,0.5301,37,45,0.4512
"2024-25","Franz Wagner","ORL",33.72,24.15,5.7,4.7333,0.558,0.5073,0.306,0.2377,0.0905,0.0961,-0.0714,41,41,0.5
"2024-25","Quentin Grimes","PHI",26.84,14.56,4.32,3.04,0.595,0.565,0.218,0.1721,0.0895,0.1333,-6.2556,24,58,0.2927
"2024-25","Jordan Poole","WAS",29.42,20.4559,2.9853,4.4559,0.591,0.5435,0.281,0.2754,0.0496,0.1477,-12.0245,18,64,0.2195
"2024-25","Draymond Green","GSW",29.17,9.0147,6.0882,5.6324,0.534,0.5029,0.157,0.2584,0.0982,0.2327,3.1817,48,34,0.5854
"2024-25","Devin Vassell","SAS",30.99,16.2656,3.9844,2.8594,0.553,0.5321,0.217,0.1306,0.0722,0.0855,-2.6509,34,48,0.4146
"2024-25","Klay Thompson","DAL",27.29,13.9583,3.4167,2.0139,0.552,0.5348,0.214,0.1063,0.0723,0.0882,-1.1321,39,43,0.4756
"2024-25","Tyrese Maxey","PHI",37.70,26.3269,3.3462,6.0962,0.562,0.511,0.293,0.2671,0.0493,0.0924,-6.2556,24,58,0.2927
"2024-25","Norman Powell","LAC",32.63,21.7667,3.1667,2.0833,0.615,0.5783,0.255,0.1044,0.0548,0.0923,4.6585,50,32,0.6098
"2024-25","Yves Missi","NOP",26.79,9.1096,8.2329,1.3562,0.572,0.5467,0.141,0.0714,0.1591,0.1235,-9.3612,21,61,0.2561
"2024-25","Keon Ellis","SAC",24.35,8.325,2.65,1.5,0.664,0.639,0.125,0.0779,0.0616,0.1239,0.4839,40,42,0.4878
"2024-25","Bilal Coulibaly","WAS",33.01,12.322,4.9831,3.3729,0.515,0.472,0.175,0.1589,0.0738,0.1505,-12.0245,18,64,0.2195
"2024-25","Kyle Kuzma","MIL",29.79,14.8308,5.6923,2.3385,0.514,0.4929,0.233,0.1138,0.11,0.1348,2.4281,48,34,0.5854
"2024-25","Julian Champagnie","SAS",23.56,9.939,3.878,1.3537,0.577,0.5489,0.164,0.0754,0.0925,0.0948,-2.6509,34,48,0.4146
"2024-25","Keon Johnson","BKN",24.37,10.6203,3.7595,2.2152,0.499,0.4698,0.212,0.1434,0.0798,0.1213,-7.0512,26,56,0.3171
"2024-25","Naji Marshall","DAL",27.81,13.2464,4.7536,3.0145,0.584,0.5506,0.197,0.1572,0.0987,0.1252,-1.1321,39,43,0.4756
"2024-25","Jrue Holiday","BOS",30.58,11.0645,4.2742,3.8548,0.565,0.5375,0.156,0.1726,0.0758,0.1126,9.2604,61,21,0.7439
"2024-25","Guerschon Yabusele","PHI",27.07,10.9714,5.6429,2.1143,0.616,0.5933,0.163,0.1116,0.1159,0.1224,-6.2556,24,58,0.2927
"2024-25","Gary Trent Jr.","MIL",25.59,11.1351,2.2703,1.1757,0.591,0.5677,0.168,0.0628,0.0511,0.0568,2.4281,48,34,0.5854
"2024-25","Josh Green","CHA",27.76,7.4412,2.5294,1.5882,0.559,0.5428,0.115,0.08,0.0456,0.1339,-9.0468,19,63,0.2317
"2024-25","Anthony Black","ORL",24.19,9.4359,2.9487,3.0769,0.521,0.4726,0.19,0.1773,0.0652,0.1644,-0.0714,41,41,0.5
"2024-25","Nic Claxton","BKN",26.88,10.3429,7.3571,2.2429,0.569,0.5678,0.166,0.1343,0.1416,0.1204,-7.0512,26,56,0.3171
"2024-25","Andrew Nembhard","IND",28.93,10.0462,3.3231,5.0154,0.545,0.5056,0.163,0.2271,0.0648,0.1576,2.2677,50,32,0.6098
"2024-25","Cason Wallace","OKC",27.59,8.3529,3.3676,2.5441,0.562,0.5501,0.124,0.1146,0.0654,0.1046,12.4023,68,14,0.8293
"2024-25","Derrick Jones Jr.","LAC",24.33,10.1429,3.4156,0.7792,0.609,0.5925,0.16,0.0471,0.0793,0.0934,4.6585,50,32,0.6098
"2024-25","Rui Hachimura","LAL",31.68,13.1356,5.0,1.4068,0.619,0.5972,0.156,0.0678,0.0875,0.0726,1.1647,50,32,0.6098
"2024-25","RJ Barrett","TOR",32.22,21.0862,6.3103,5.4138,0.547,0.5229,0.281,0.2577,0.0988,0.1292,-4.28,30,52,0.3659
"2024-25","Buddy Hield","GSW",22.72,11.122,3.2195,1.6341,0.56,0.5464,0.196,0.1057,0.0667,0.1005,3.1817,48,34,0.5854
"2024-25","Trey Murphy III","NOP",34.99,21.2075,5.0566,3.5472,0.598,0.5483,0.229,0.1581,0.0749,0.0987,-9.3612,21,61,0.2561
"2024-25","Zaccharie Risacher","ATL",24.58,12.56,3.5733,1.2267,0.558,0.5366,0.203,0.0732,0.0825,0.0982,-0.9777,40,42,0.4878
"2024-25","Andrew Wiggins","MIA",30.70,17.9667,4.4833,2.6333,0.566,0.5256,0.238,0.139,0.0888,0.0942,0.5301,37,45,0.4512
"2024-25","Isaiah Collier","UTA",25.90,8.662,3.3099,6.2817,0.494,0.4595,0.186,0.3437,0.0681,0.2504,-9.1175,17,65,0.2073
"2024-25","Keldon Johnson","SAS",23.87,12.7143,4.8182,1.6234,0.572,0.5383,0.207,0.0967,0.1134,0.0826,-2.6509,34,48,0.4146
"2024-25","Royce O'Neale","PHX",24.49,9.0667,4.6533,2.1733,0.585,0.5798,0.151,0.1257,0.1126,0.1006,-2.9609,36,46,0.439
"2024-25","P.J. Washington","DAL",32.19,14.6667,7.7544,2.2982,0.556,0.5211,0.198,0.1,0.1391,0.1356,-1.1321,39,43,0.4756
"2024-25","CJ McCollum","NOP",32.71,21.125,3.7857,4.0536,0.55,0.5295,0.266,0.205,0.0599,0.0897,-9.3612,21,61,0.2561
"2024-25","Dorian Finney-Smith","LAL",28.87,8.7143,3.9206,1.4286,0.604,0.5966,0.123,0.0703,0.0753,0.1096,1.1647,50,32,0.6098
"2024-25","Haywood Highsmith","MIA",24.57,6.4595,3.4054,1.5135,0.583,0.5716,0.111,0.0852,0.0843,0.1164,0.5301,37,45,0.4512
"2024-25","Alex Sarr","WAS",27.08,12.9701,6.4925,2.403,0.482,0.4571,0.23,0.1483,0.1172,0.1124,-12.0245,18,64,0.2195
"2024-25","Kyrie Irving","DAL",36.08,24.68,4.8,4.62,0.594,0.5492,0.264,0.2032,0.0768,0.0965,-1.1321,39,43,0.4756
"2024-25","Kyshawn George","WAS",26.50,8.6765,4.1912,2.4853,0.503,0.4762,0.156,0.1409,0.0773,0.1418,-12.0245,18,64,0.2195
"2024-25","Cameron Johnson","BKN",31.57,18.7719,4.3333,3.4035,0.632,0.5817,0.224,0.1814,0.071,0.1048,-7.0512,26,56,0.3171
"2024-25","Duncan Robinson","MIA",24.13,11.0405,2.2568,2.3784,0.595,0.5807,0.187,0.1497,0.0569,0.1114,0.5301,37,45,0.4512
"2024-25","Kris Dunn","LAC",24.09,6.4054,3.3919,2.8378,0.531,0.5252,0.126,0.1598,0.0795,0.1421,4.6585,50,32,0.6098
"2024-25","Luka Dončić","LAL",35.37,28.16,8.18,7.66,0.587,0.5361,0.328,0.3931,0.1281,0.1299,1.1647,50,32,0.6098
"2024-25","Scoot Henderson","POR",26.65,12.6818,3.0,5.0758,0.54,0.4956,0.22,0.2812,0.0612,0.1858,-2.732,36,46,0.439
"2024-25","Wendell Carter Jr.","ORL",25.86,9.0882,7.2353,1.9706,0.544,0.498,0.159,0.1048,0.1497,0.1194,-0.0714,41,41,0.5
"2024-25","Collin Sexton","UTA",27.90,18.3968,2.7143,4.1905,0.593,0.5433,0.264,0.252,0.0519,0.1407,-9.1175,17,65,0.2073
"2024-25","Mike Conley","MIN",24.73,8.1972,2.5634,4.493,0.573,0.5353,0.141,0.2444,0.0582,0.1287,5.0613,49,33,0.5976
"2024-25","Amir Coffey","LAC",24.27,9.6667,2.2361,1.0694,0.614,0.5696,0.15,0.0623,0.052,0.0736,4.6585,50,32,0.6098
"2024-25","Jimmy Butler III","GSW",31.75,17.5273,5.3818,5.4182,0.626,0.531,0.203,0.2496,0.0797,0.0877,3.1817,48,34,0.5854
"2024-25","Aaron Wiggins","OKC",22.95,12.0263,3.8816,1.7632,0.596,0.5769,0.2,0.106,0.0907,0.0825,12.4023,68,14,0.8293
"2024-25","Walker Kessler","UTA",30.01,11.0517,12.1897,1.6724,0.66,0.6706,0.133,0.0828,0.2166,0.1504,-9.1175,17,65,0.2073
"2024-25","De'Andre Hunter","CLE",27.19,17.0,4.0312,1.4375,0.623,0.5728,0.221,0.0742,0.0816,0.0858,9.3031,64,18,0.7805
"2024-25","Ochai Agbaji","TOR",27.17,10.4219,3.7812,1.5312,0.601,0.5927,0.144,0.0757,0.0702,0.0887,-4.28,30,52,0.3659
"2024-25","Brandin Podziemski","GSW",26.82,11.6719,5.0781,3.4375,0.557,0.5366,0.177,0.1849,0.0891,0.1006,3.1817,48,34,0.5854
"2024-25","Jabari Smith Jr.","HOU",30.10,12.2456,7.0,1.0526,0.562,0.5247,0.16,0.0477,0.1262,0.0894,4.2411,52,30,0.6341
"2024-25","Anthony Davis","DAL",33.44,24.7255,11.5686,3.549,0.588,0.5357,0.301,0.1762,0.1998,0.0953,-1.1321,39,43,0.4756
"2024-25","Bradley Beal","PHX",32.12,17.0189,3.3396,3.6792,0.598,0.5706,0.219,0.1806,0.0616,0.116,-2.9609,36,46,0.439
"2024-25","Georges Niang","ATL",21.48,9.9241,3.443,1.4051,0.607,0.5952,0.177,0.0925,0.0909,0.1127,-0.9777,40,42,0.4878
"2024-25","Jakob Poeltl","TOR",29.57,14.4561,9.5965,2.7719,0.641,0.6278,0.184,0.1373,0.1637,0.1473,-4.28,30,52,0.3659
"2024-25","Scotty Pippen Jr.","MEM",21.30,9.8608,3.2785,4.3924,0.582,0.553,0.188,0.2866,0.0817,0.171,4.6021,48,34,0.5854
"2024-25","Kevin Huerter","CHI",24.33,9.8696,2.971,2.2609,0.544,0.5348,0.171,0.1336,0.0647,0.0967,-1.4635,39,43,0.4756
"2024-25","Santi Aldama","MEM",25.53,12.4769,6.4,2.8923,0.588,0.5756,0.179,0.1618,0.133,0.0934,4.6021,48,34,0.5854
"2024-25","AJ Green","MIL",22.73,7.411,2.3836,1.4795,0.621,0.612,0.123,0.0844,0.0603,0.0841,2.4281,48,34,0.5854
"2024-25","Al Horford","BOS",27.64,8.9667,6.15,2.1333,0.563,0.5466,0.136,0.1033,0.1207,0.0878,9.2604,61,21,0.7439
"2024-25","Terry Rozier","MIA",25.91,10.6094,3.7188,2.6094,0.497,0.4622,0.195,0.15,0.0873,0.1026,0.5301,37,45,0.4512
"2024-25","Peyton Watson","DEN",24.35,8.1029,3.4265,1.3824,0.564,0.5327,0.138,0.0697,0.0773,0.1029,3.6879,50,32,0.6098
"2024-25","Moses Moody","GSW",22.29,9.7838,2.5541,1.2973,0.578,0.544,0.17,0.0823,0.0539,0.0794,3.1817,48,34,0.5854
"2024-25","Tristan da Silva","ORL",22.01,7.2027,3.3108,1.527,0.522,0.4948,0.149,0.0945,0.0805,0.0988,-0.0714,41,41,0.5
"2024-25","Donte DiVincenzo","MIN",25.90,11.6613,3.6774,3.629,0.582,0.5683,0.188,0.2018,0.0797,0.1376,5.0613,49,33,0.5976
"2024-25","Isaiah Joe","OKC",21.68,10.2162,2.6486,1.6081,0.617,0.6037,0.166,0.0967,0.0655,0.0584,12.4023,68,14,0.8293
"2024-25","Corey Kispert","WAS",26.25,11.5574,2.9672,1.6885,0.584,0.5575,0.169,0.1039,0.0552,0.0958,-12.0245,18,64,0.2195
"2024-25","Caris LeVert","ATL",24.94,12.125,3.1719,3.3594,0.582,0.5559,0.191,0.1923,0.0722,0.1023,-0.9777,40,42,0.4878
"2024-25","Miles McBride","NYK",24.90,9.5469,2.5156,2.9219,0.531,0.511,0.162,0.1555,0.058,0.0665,3.9822,51,31,0.622
"2024-25","Isaiah Hartenstein","OKC",27.89,11.1754,10.7193,3.8421,0.599,0.5812,0.165,0.183,0.206,0.153,12.4023,68,14,0.8293
"2024-25","Gradey Dick","TOR",29.40,14.3889,3.5741,1.8148,0.543,0.4977,0.209,0.0844,0.0613,0.104,-4.28,30,52,0.3659
"2024-25","Paolo Banchero","ORL",34.38,25.8913,7.5,4.7609,0.551,0.5,0.33,0.2325,0.1167,0.1118,-0.0714,41,41,0.5
"2024-25","Patrick Williams","CHI",25.02,8.9841,3.7619,1.9683,0.512,0.4903,0.165,0.1095,0.0797,0.1347,-1.4635,39,43,0.4756
"2024-25","Obi Toppin","IND",19.55,10.5443,4.0253,1.6203,0.642,0.621,0.191,0.1202,0.1161,0.0948,2.2677,50,32,0.6098
"2024-25","Grayson Allen","PHX",24.12,10.625,3.0312,2.1406,0.631,0.6002,0.169,0.1276,0.0745,0.1221,-2.9609,36,46,0.439
"2024-25","Ziaire Williams","BKN",24.47,10.0317,4.5556,1.3333,0.55,0.5106,0.179,0.0835,0.0963,0.1045,-7.0512,26,56,0.3171
"2024-25","Sam Hauser","BOS",21.71,8.5211,3.1549,0.9014,0.632,0.6266,0.14,0.0572,0.0789,0.0458,9.2604,61,21,0.7439
"2024-25","Gabe Vincent","LAL",21.21,6.3889,1.2778,1.3611,0.536,0.5298,0.131,0.0915,0.0334,0.0872,1.1647,50,32,0.6098
"2024-25","Victor Wembanyama","SAS",33.20,24.2609,11.0,3.6522,0.594,0.5589,0.3,0.1725,0.1862,0.1368,-2.6509,34,48,0.4146
"2024-25","Jonas Valančiūnas","SAC",18.81,10.4074,7.7407,2.0247,0.602,0.5566,0.222,0.1582,0.233,0.1464,0.4839,40,42,0.4878
"2024-25","Jerami Grant","POR",32.42,14.4043,3.4681,2.1489,0.523,0.4669,0.192,0.0947,0.0581,0.0913,-2.732,36,46,0.439
"2024-25","Kyle Filipowski","UTA",21.13,9.5833,6.1111,1.9444,0.594,0.5763,0.184,0.139,0.1542,0.1494,-9.1175,17,65,0.2073
"2024-25","Ja Morant","MEM",30.38,23.18,4.1,7.28,0.563,0.5039,0.312,0.3847,0.0716,0.1523,4.6021,48,34,0.5854
"2024-25","Matas Buzelis","CHI",18.89,8.6,3.475,0.9875,0.571,0.5405,0.181,0.0767,0.0975,0.1094,-1.4635,39,43,0.4756
"2024-25","LaMelo Ball","CHA",32.01,25.1915,4.9362,7.3617,0.536,0.494,0.342,0.4253,0.0772,0.1314,-9.0468,19,63,0.2317
"2024-25","Dalton Knecht","LAL",19.15,9.0513,2.7692,0.8462,0.594,0.5763,0.181,0.0691,0.0801,0.0586,1.1647,50,32,0.6098
"2024-25","Kevin Porter Jr.","MIL",19.76,10.28,3.7067,3.4133,0.531,0.4916,0.248,0.2528,0.1079,0.1577,2.4281,48,34,0.5854
"2024-25","D'Angelo Russell","BKN",25.52,12.6207,2.7931,5.1207,0.522,0.4788,0.228,0.3219,0.0566,0.1334,-7.0512,26,56,0.3171
"2024-25","Lauri Markkanen","UTA",31.40,18.9787,5.9149,1.4894,0.571,0.5214,0.231,0.075,0.1004,0.0779,-9.1175,17,65,0.2073
"2024-25","Luke Kennard","MEM",22.64,8.8615,2.8154,3.3077,0.631,0.609,0.14,0.1951,0.066,0.1363,4.6021,48,34,0.5854
"2024-25","Jamal Shead","TOR",19.56,7.1067,1.5333,4.2133,0.499,0.4762,0.179,0.2838,0.0396,0.1796,-4.28,30,52,0.3659
"2024-25","Aaron Gordon","DEN",28.37,14.6667,4.8431,3.2157,0.65,0.6066,0.186,0.1501,0.0937,0.1125,3.6879,50,32,0.6098
"2024-25","Isaiah Stewart","DET",19.91,6.0417,5.5417,1.7083,0.616,0.5857,0.121,0.1137,0.1683,0.1614,1.8703,44,38,0.5366
"2024-25","Brice Sensabaugh","UTA",20.17,10.8732,2.9577,1.5493,0.612,0.5902,0.208,0.1199,0.0782,0.145,-9.1175,17,65,0.2073
"2024-25","Goga Bitadze","ORL",20.42,7.1714,6.6143,1.9571,0.631,0.615,0.142,0.1348,0.1733,0.1533,-0.0714,41,41,0.5
"2024-25","Kel'el Ware","MIA",22.23,9.2969,7.3906,0.9375,0.603,0.5916,0.169,0.0659,0.2023,0.1035,0.5301,37,45,0.4512
"2024-25","Tari Eason","HOU",24.92,12.0351,6.3509,1.4561,0.567,0.5429,0.185,0.0852,0.1383,0.097,4.2411,52,30,0.6341
"2024-25","Zach Edey","MEM",21.45,9.2424,8.303,0.9848,0.624,0.6005,0.156,0.0645,0.2054,0.1525,4.6021,48,34,0.5854
"2024-25","T.J. McConnell","IND",17.92,9.1139,2.443,4.443,0.547,0.5312,0.226,0.3725,0.0769,0.1421,2.2677,50,32,0.6098
"2024-25","Terance Mann","ATL",21.11,7.7164,2.9701,1.806,0.584,0.569,0.145,0.1171,0.0798,0.0959,-0.9777,40,42,0.4878
"2024-25","Ryan Dunn","PHX",19.06,6.9054,3.6081,0.7703,0.517,0.5157,0.161,0.0584,0.1122,0.0749,-2.9609,36,46,0.439
"2024-25","Sam Merrill","CLE",19.74,7.169,2.2113,1.5211,0.583,0.5672,0.14,0.0969,0.0617,0.0742,9.3031,64,18,0.7805
"2024-25","Ayo Dosunmu","CHI",30.30,12.3043,3.5,4.5217,0.585,0.5612,0.163,0.2162,0.0613,0.1248,-1.4635,39,43,0.4756
"2024-25","Ty Jerome","CLE",19.89,12.5429,2.4714,3.3857,0.643,0.606,0.229,0.2471,0.0684,0.1187,9.3031,64,18,0.7805
"2024-25","Julian Strawther","DEN",21.28,9.0462,2.1846,1.2769,0.559,0.5288,0.173,0.0763,0.0564,0.0978,3.6879,50,32,0.6098
"2024-25","Nick Smith Jr.","CHA",22.81,9.85,2.1333,2.4167,0.502,0.4824,0.205,0.1634,0.0468,0.1223,-9.0468,19,63,0.2317
"2024-25","Jaime Jaquez Jr.","MIA",20.73,8.6364,4.3939,2.5152,0.543,0.5011,0.194,0.1823,0.1289,0.1574,0.5301,37,45,0.4512
"2024-25","Nicolas Batum","LAC",17.53,4.0128,2.7949,1.0769,0.633,0.6218,0.087,0.0799,0.09,0.1209,4.6585,50,32,0.6098
"2024-25","Jose Alvarado","NOP",24.39,10.3393,2.4286,4.625,0.523,0.4981,0.193,0.2719,0.0516,0.1345,-9.3612,21,61,0.2561
"2024-25","Jeremy Sochan","SAS",25.26,11.4259,6.5185,2.3704,0.589,0.565,0.184,0.1302,0.145,0.1382,-2.6509,34,48,0.4146
"2024-25","Luke Kornet","BOS",18.64,6.0411,5.3151,1.6027,0.683,0.6679,0.111,0.1183,0.1547,0.0876,9.2604,61,21,0.7439
"2024-25","Trey Lyles","SAC",19.56,6.5362,4.5797,1.1884,0.551,0.5281,0.139,0.0769,0.1326,0.087,0.4839,40,42,0.4878
"2024-25","Jake LaRavia","SAC",20.44,6.9394,3.9242,2.3939,0.591,0.5638,0.14,0.1486,0.1087,0.1816,0.4839,40,42,0.4878
"2024-25","Bogdan Bogdanović","LAC",24.96,10.7963,2.9444,2.7037,0.559,0.5335,0.183,0.1572,0.0666,0.1244,4.6585,50,32,0.6098
"2024-25","Justin Champagnie","WAS",21.62,8.7742,5.6613,0.9677,0.614,0.601,0.15,0.072,0.1279,0.1086,-12.0245,18,64,0.2195
"2024-25","Paul George","PHI",32.53,16.2195,5.3415,4.3415,0.543,0.514,0.233,0.2007,0.0913,0.1475,-6.2556,24,58,0.2927
"2024-25","Ausar Thompson","DET",22.50,10.0678,5.1356,2.2712,0.568,0.5467,0.185,0.1458,0.138,0.1328,1.8703,44,38,0.5366
"2024-25","Donovan Clingan","POR",19.76,6.5075,7.8657,1.1493,0.574,0.5599,0.135,0.0826,0.2164,0.1594,-2.732,36,46,0.439
"2024-25","Jordan Hawkins","NOP",23.58,10.7857,2.8214,1.1786,0.504,0.4712,0.204,0.0724,0.062,0.0883,-9.3612,21,61,0.2561
"2024-25","Tyrese Martin","BKN",21.92,8.7167,3.65,2.0333,0.533,0.5129,0.179,0.1432,0.0861,0.1311,-7.0512,26,56,0.3171
"2024-25","Mason Plumlee","PHX",17.57,4.5,6.1486,1.8108,0.645,0.6188,0.105,0.1391,0.2074,0.1859,-2.9609,36,46,0.439
"2024-25","Jonathan Mogbo","TOR",20.41,6.1746,4.9365,2.3175,0.496,0.4621,0.145,0.1462,0.122,0.1515,-4.28,30,52,0.3659
"2024-25","Jalen Johnson","ATL",35.67,18.8889,9.9722,5.0278,0.569,0.5406,0.214,0.212,0.1586,0.1507,-0.9777,40,42,0.4878
"2024-25","Max Strus","CLE",25.45,9.42,4.34,3.16,0.607,0.5938,0.143,0.1575,0.0939,0.1222,9.3031,64,18,0.7805
"2024-25","Johnny Juzang","UTA",19.84,8.9219,2.875,1.0625,0.573,0.5537,0.174,0.0797,0.0773,0.0674,-9.1175,17,65,0.2073
"2024-25","Ronald Holland II","DET",15.63,6.4444,2.6914,1.0123,0.556,0.5168,0.177,0.0897,0.1041,0.1329,1.8703,44,38,0.5366
"2024-25","Javonte Green","CLE",18.50,5.1029,3.2059,0.8235,0.541,0.5087,0.113,0.0543,0.0954,0.0908,9.3031,64,18,0.7805
"2024-25","Nick Richards","PHX",22.04,9.2807,8.1754,0.8596,0.634,0.5908,0.169,0.0579,0.2198,0.1625,-2.9609,36,46,0.439
"2024-25","Dean Wade","CLE",21.23,5.4237,4.2203,1.2881,0.563,0.5609,0.101,0.0732,0.1095,0.0718,9.3031,64,18,0.7805
"2024-25","Ricky Council IV","PHI",17.12,7.2877,2.9315,1.3288,0.502,0.4417,0.196,0.1097,0.0952,0.0893,-6.2556,24,58,0.2927
"2024-25","Tidjane Salaün","CHA",20.74,5.8833,4.6667,1.2333,0.457,0.4145,0.15,0.0827,0.1127,0.1305,-9.0468,19,63,0.2317
"2024-25","Bobby Portis","MIL",25.38,13.8776,8.3878,2.1224,0.542,0.5202,0.234,0.127,0.1902,0.0833,2.4281,48,34,0.5854
"2024-25","Moussa Diabaté","CHA",17.47,5.6761,6.169,0.7887,0.609,0.5964,0.13,0.0668,0.1768,0.1556,-9.0468,19,63,0.2317
"2024-25","Jeremiah Robinson-Earl","NOP",18.77,6.3333,4.7727,1.3333,0.563,0.536,0.14,0.0987,0.1317,0.1208,-9.3612,21,61,0.2561
"2024-25","Simone Fontecchio","DET",16.49,5.9467,2.8667,0.8667,0.544,0.504,0.152,0.0695,0.1051,0.1164,1.8703,44,38,0.5366
"2024-25","Cole Anthony","MEM",18.42,9.403,3.0448,2.8507,0.531,0.4945,0.238,0.2203,0.0877,0.148,4.6021,48,34,0.5854
"2024-25","Ben Sheppard","IND",19.52,5.2698,2.8095,1.3492,0.555,0.5366,0.108,0.0867,0.0812,0.0686,2.2677,50,32,0.6098
"2024-25","Daniel Gafford","DAL",21.51,12.2982,6.807,1.4035,0.716,0.7022,0.186,0.1008,0.1828,0.1189,-1.1321,39,43,0.4756
"2024-25","John Collins","UTA",30.51,18.95,8.175,2.0,0.628,0.5829,0.234,0.1086,0.1429,0.1459,-9.1175,17,65,0.2073
"2024-25","Caleb Martin","DAL",27.07,7.9111,3.9333,2.1111,0.513,0.4852,0.143,0.101,0.0839,0.1389,-1.1321,39,43,0.4756
"2024-25","Kristaps Porziņģis","BOS",28.81,19.4762,6.7619,2.0714,0.618,0.5723,0.253,0.1132,0.1274,0.0742,9.2604,61,21,0.7439
"2024-25","Brandon Clarke","MEM",18.86,8.3438,5.0938,1.0312,0.638,0.6224,0.15,0.0789,0.1433,0.0893,4.6021,48,34,0.5854
"2024-25","Deandre Ayton","POR",30.14,14.4,10.15,1.6,0.583,0.5726,0.197,0.0855,0.183,0.1225,-2.732,36,46,0.439
"2024-25","Jarace Walker","IND",15.82,6.1467,3.0533,1.4667,0.59,0.5764,0.165,0.1234,0.1088,0.1665,2.2677,50,32,0.6098
"2024-25","Kawhi Leonard","LAC",31.89,21.5135,5.9189,3.1351,0.589,0.5602,0.28,0.1689,0.1048,0.0962,4.6585,50,32,0.6098
"2024-25","Clint Capela","ATL",21.39,8.8727,8.5273,1.1273,0.564,0.559,0.16,0.0763,0.2262,0.098,-0.9777,40,42,0.4878
"2024-25","Cody Martin","PHX",22.14,6.7547,4.2264,1.9811,0.509,0.4846,0.142,0.1241,0.1132,0.1266,-2.9609,36,46,0.439
"2024-25","Mark Williams","CHA",26.61,15.25,10.1591,2.4773,0.647,0.604,0.21,0.1605,0.1911,0.1204,-9.0468,19,63,0.2317
"2024-25","Precious Achiuwa","NYK",20.52,6.6491,5.5614,0.9649,0.53,0.5168,0.143,0.0624,0.1556,0.1118,3.9822,51,31,0.622
"2024-25","Nikola Jović","MIA",25.12,10.7391,3.913,2.8478,0.595,0.5597,0.178,0.1686,0.0948,0.1262,0.5301,37,45,0.4512
"2024-25","Justin Edwards","PHI",26.24,10.1136,3.3636,1.5682,0.559,0.5463,0.165,0.0854,0.0713,0.1096,-6.2556,24,58,0.2927
"2024-25","Vít Krejčí","ATL",20.22,7.2281,2.7368,2.5789,0.661,0.6507,0.131,0.17,0.0768,0.1382,-0.9777,40,42,0.4878
"2024-25","Jonathan Kuminga","GSW",24.34,15.2979,4.617,2.2128,0.535,0.4947,0.271,0.1441,0.0892,0.0956,3.1817,48,34,0.5854
"2024-25","Kevon Looney","GSW",15.03,4.5263,6.0789,1.5526,0.535,0.518,0.125,0.1413,0.1903,0.1082,3.1817,48,34,0.5854
"2024-25","Kenrich Williams","OKC",16.40,6.3188,3.4928,1.4058,0.587,0.5763,0.151,0.1103,0.1142,0.0951,12.4023,68,14,0.8293
"2024-25","Julian Phillips","CHI",14.21,4.6329,2.1392,0.4937,0.571,0.5331,0.126,0.0473,0.0798,0.0777,-1.4635,39,43,0.4756
"2024-25","Aaron Nesmith","IND",24.92,12.0222,3.9556,1.2,0.653,0.6174,0.171,0.0665,0.0895,0.082,2.2677,50,32,0.6098
"2024-25","Dalano Banton","POR",16.72,8.3433,2.0149,2.3881,0.497,0.4615,0.237,0.2153,0.0655,0.1327,-2.732,36,46,0.439
"2024-25","Ben Simmons","LAC",21.95,5.0196,4.7255,5.5882,0.539,0.5202,0.133,0.3434,0.1215,0.3004,4.6585,50,32,0.6098
"2024-25","Ja'Kobe Walter","TOR",21.22,8.6346,3.0769,1.5577,0.523,0.4873,0.179,0.0974,0.0732,0.1043,-4.28,30,52,0.3659
"2024-25","Jaxson Hayes","LAL",19.51,6.8393,4.8036,1.0357,0.72,0.722,0.12,0.0799,0.1364,0.1391,1.1647,50,32,0.6098
"2024-25","Jonathan Isaac","ORL",15.35,5.3521,4.4225,0.5634,0.512,0.4738,0.155,0.0501,0.1542,0.0817,-0.0714,41,41,0.5
"2024-25","Cameron Payne","NYK",15.14,6.9444,1.4444,2.8194,0.532,0.5056,0.2,0.2552,0.0548,0.0997,3.9822,51,31,0.622
"2024-25","DaQuan Jeffries","CHA",22.80,6.7021,2.8723,1.1277,0.518,0.5,0.136,0.0706,0.0631,0.1032,-9.0468,19,63,0.2317
"2024-25","Jusuf Nurkić","CHA",20.84,8.8824,7.8039,2.2549,0.555,0.5227,0.202,0.1658,0.1875,0.192,-9.0468,19,63,0.2317
"2024-25","Seth Curry","CHA",15.62,6.5294,1.6618,0.8824,0.616,0.5991,0.151,0.0861,0.0533,0.0816,-9.0468,19,63,0.2317
"2024-25","Cody Williams","UTA",21.19,4.6,2.26,1.18,0.419,0.3911,0.122,0.0738,0.0569,0.1381,-9.1175,17,65,0.2073
"2024-25","Isaac Okoro","CLE",19.15,6.1273,2.3636,1.2364,0.587,0.5693,0.124,0.0807,0.068,0.0741,9.3031,64,18,0.7805
"2024-25","Oso Ighodaro","PHX",17.14,4.1803,3.6393,1.1639,0.61,0.6043,0.103,0.0931,0.1258,0.1573,-2.9609,36,46,0.439
"2024-25","Jared Butler","PHI",17.40,9.0167,1.8333,3.6667,0.549,0.5143,0.222,0.3222,0.0586,0.1396,-6.2556,24,58,0.2927
"2024-25","Noah Clowney","BKN",22.66,9.1304,3.9348,0.8696,0.516,0.4745,0.185,0.0578,0.0898,0.1015,-7.0512,26,56,0.3171
"2024-25","Jamison Battle","TOR",17.66,7.1017,2.678,0.8983,0.59,0.5807,0.147,0.0674,0.0765,0.0707,-4.28,30,52,0.3659
"2024-25","Alex Caruso","OKC",19.27,7.0741,2.9444,2.537,0.568,0.5414,0.147,0.1658,0.0819,0.0991,12.4023,68,14,0.8293
"2024-25","Kris Murray","POR",15.08,4.1594,2.6377,0.9855,0.472,0.4677,0.133,0.0898,0.0951,0.1239,-2.732,36,46,0.439
"2024-25","Dejounte Murray","NOP",32.65,17.4839,6.4516,7.3548,0.494,0.4453,0.263,0.3438,0.1023,0.1619,-9.3612,21,61,0.2561
"2024-25","Jalen Suggs","ORL",28.64,16.2,4.0286,3.6857,0.536,0.4886,0.268,0.1951,0.0753,0.1615,-0.0714,41,41,0.5
"2024-25","Kyle Anderson","MIA",16.43,5.8525,3.377,2.377,0.538,0.5099,0.152,0.213,0.1251,0.1004,0.5301,37,45,0.4512
"2024-25","Brandon Boston","NOP",23.64,10.6667,3.1905,2.1905,0.535,0.5,0.199,0.1363,0.0699,0.1105,-9.3612,21,61,0.2561
"2024-25","Dalen Terry","CHI",13.52,4.4658,1.6986,1.3288,0.546,0.5168,0.142,0.1351,0.0666,0.1508,-1.4635,39,43,0.4756
"2024-25","Andre Jackson Jr.","MIL",14.63,3.4328,2.7164,1.2388,0.554,0.5533,0.115,0.1079,0.1069,0.2184,2.4281,48,34,0.5854
"2024-25","Zach Collins","CHI",15.27,6.3594,4.5,1.7344,0.605,0.5596,0.166,0.1642,0.1563,0.1514,-1.4635,39,43,0.4756
"2024-25","Trayce Jackson-Davis","GSW",15.59,6.5645,5.0161,1.6774,0.587,0.5762,0.164,0.1591,0.1513,0.1148,3.1817,48,34,0.5854
"2024-25","Thomas Bryant","IND",14.59,6.5,3.803,0.803,0.614,0.5826,0.162,0.0759,0.147,0.0791,2.2677,50,32,0.6098
"2024-25","Jordan Clarkson","UTA",26.01,16.2162,3.1892,3.7297,0.54,0.4929,0.269,0.2298,0.0654,0.134,-9.1175,17,65,0.2073
"2024-25","Jalen Smith","CHI",15.04,8.1875,5.5781,1.0156,0.586,0.5539,0.201,0.1037,0.1967,0.0764,-1.4635,39,43,0.4756
"2024-25","Gary Payton II","GSW",14.95,6.4516,2.9839,1.3387,0.635,0.6258,0.156,0.1333,0.0939,0.1103,3.1817,48,34,0.5854
"2024-25","Brandon Miller","CHA",34.21,21.037,4.8519,3.6296,0.54,0.5092,0.27,0.178,0.071,0.1263,-9.0468,19,63,0.2317
"2024-25","Bruce Brown","NOP",22.48,8.2927,4.0,2.0488,0.504,0.4644,0.169,0.1292,0.0922,0.1036,-9.3612,21,61,0.2561
"2024-25","Immanuel Quickley","TOR",27.81,17.0909,3.5455,5.7879,0.57,0.5171,0.246,0.2984,0.0643,0.105,-4.28,30,52,0.3659
"2024-25","Trendon Watford","BKN",20.74,10.2273,3.6364,2.6136,0.557,0.51,0.226,0.206,0.0907,0.1705,-7.0512,26,56,0.3171
"2024-25","KJ Martin","UTA",21.20,6.3721,2.907,1.1163,0.618,0.5896,0.112,0.0741,0.0731,0.0977,-9.1175,17,65,0.2073
"2024-25","Day'Ron Sharpe","BKN",18.15,7.94,6.6,1.82,0.568,0.5379,0.186,0.1645,0.1881,0.1527,-7.0512,26,56,0.3171
"2024-25","Jaden Hardy","DAL",15.92,8.7018,1.5614,1.4211,0.549,0.5266,0.244,0.1313,0.0566,0.1536,-1.1321,39,43,0.4756
"2024-25","Tre Jones","CHI",19.67,7.1739,2.5217,4.1739,0.617,0.5777,0.136,0.3,0.068,0.1157,-1.4635,39,43,0.4756
"2024-25","Adem Bona","PHI",15.60,5.8103,4.2241,0.4655,0.714,0.7031,0.135,0.0427,0.1506,0.2054,-6.2556,24,58,0.2927
"2024-25","Jaden Ivey","DET",29.93,17.6,4.1333,3.9667,0.569,0.5363,0.256,0.199,0.0835,0.1609,1.8703,44,38,0.5366
"2024-25","Kelly Olynyk","NOP",20.25,8.7273,4.6818,2.9091,0.609,0.5616,0.185,0.2063,0.1197,0.1941,-9.3612,21,61,0.2561
"2024-25","Chet Holmgren","OKC",27.39,14.9688,8.0312,1.9688,0.599,0.5543,0.214,0.0974,0.1572,0.1228,12.4023,68,14,0.8293
"2024-25","Alec Burks","MIA",17.62,7.2653,2.5306,1.1224,0.608,0.5867,0.16,0.0926,0.0874,0.0902,0.5301,37,45,0.4512
"2024-25","Neemias Queta","BOS",13.92,5.0,3.8065,0.7258,0.674,0.6502,0.136,0.0733,0.1484,0.1482,9.2604,61,21,0.7439
"2024-25","Chris Boucher","TOR",17.25,10.04,4.48,0.66,0.615,0.5865,0.208,0.0557,0.131,0.0663,-4.28,30,52,0.3659
"2024-25","Zion Williamson","NOP",28.58,24.5667,7.2,5.3,0.6,0.5699,0.325,0.363,0.1305,0.1278,-9.3612,21,61,0.2561
"2024-25","Khris Middleton","WAS",22.79,11.8919,3.7027,4.0541,0.588,0.546,0.208,0.3023,0.0794,0.1302,-12.0245,18,64,0.2195
"2024-25","KJ Simpson","CHA",23.39,7.8333,3.0278,3.1111,0.437,0.4003,0.188,0.1936,0.0648,0.1478,-9.0468,19,63,0.2317
"2024-25","Shake Milton","LAL",14.67,5.5263,1.8246,1.7895,0.563,0.5276,0.162,0.1809,0.0689,0.125,1.1647,50,32,0.6098
"2024-25","Dereck Lively II","DAL",23.13,8.7222,7.5,2.3611,0.704,0.7016,0.132,0.1423,0.1873,0.1552,-1.1321,39,43,0.4756
"2024-25","Garrison Mathews","ATL",17.65,7.5106,1.8511,1.2766,0.606,0.5623,0.153,0.0961,0.0595,0.0962,-0.9777,40,42,0.4878
"2024-25","Cam Whitmore","HOU",16.21,9.3529,2.9608,0.9608,0.549,0.5248,0.231,0.0897,0.0991,0.0957,4.2411,52,30,0.6341
"2024-25","Ryan Rollins","MIL",14.63,6.2321,1.9286,1.8571,0.6,0.5775,0.179,0.1763,0.0758,0.1542,2.4281,48,34,0.5854
"2024-25","Marcus Sasser","DET",14.22,6.5789,1.2105,2.3333,0.589,0.5608,0.187,0.2315,0.0515,0.145,1.8703,44,38,0.5366
"2024-25","Steven Adams","HOU",13.69,3.8793,5.6379,1.1379,0.541,0.5449,0.127,0.109,0.2234,0.2062,4.2411,52,30,0.6341
"2024-25","Aaron Holiday","HOU",12.78,5.4839,1.2581,1.3387,0.594,0.5709,0.162,0.1436,0.0534,0.1145,4.2411,52,30,0.6341
"2024-25","Karlo Matković","NOP",18.82,7.7381,4.9762,1.0952,0.639,0.6191,0.155,0.0861,0.1369,0.1446,-9.3612,21,61,0.2561
"2024-25","Caleb Houstan","ORL",13.59,4.1207,1.2931,0.6034,0.605,0.5895,0.115,0.0589,0.0509,0.0618,-0.0714,41,41,0.5
"2024-25","Vasilije Micic","PHX",19.14,6.561,2.1707,3.122,0.462,0.4304,0.199,0.2277,0.0672,0.2092,-2.9609,36,46,0.439
"2024-25","Jaylin Williams","OKC",16.68,5.9149,5.5745,2.5532,0.594,0.5769,0.141,0.1902,0.1791,0.13,12.4023,68,14,0.8293
"2024-25","Pelle Larsson","MIA",14.22,4.5636,1.6727,1.1818,0.546,0.5172,0.141,0.1175,0.0716,0.0945,0.5301,37,45,0.4512
"2024-25","Cam Thomas","BKN",31.25,23.96,3.32,3.76,0.575,0.5132,0.328,0.2242,0.055,0.1064,-7.0512,26,56,0.3171
"2024-25","Lindy Waters III","DET",14.97,4.9231,2.1154,1.0,0.504,0.498,0.145,0.088,0.0855,0.073,1.8703,44,38,0.5366
"2024-25","Lonzo Ball","CHI",22.20,7.6286,3.3714,3.2857,0.524,0.5041,0.152,0.2016,0.0805,0.1386,-1.4635,39,43,0.4756
"2024-25","Orlando Robinson","TOR",17.50,6.8864,5.0,1.75,0.519,0.477,0.177,0.1338,0.1442,0.1438,-4.28,30,52,0.3659
"2024-25","Eric Gordon","PHI",19.70,6.8205,1.1795,1.6667,0.591,0.5637,0.14,0.115,0.0333,0.1106,-6.2556,24,58,0.2927
"2024-25","Landry Shamet","NYK",15.23,5.72,1.22,0.54,0.601,0.5957,0.143,0.047,0.046,0.0846,3.9822,51,31,0.622
"2024-25","Gui Santos","GSW",13.60,4.0536,3.0714,1.4286,0.575,0.5531,0.126,0.1403,0.1062,0.1754,3.1817,48,34,0.5854
"2024-25","Svi Mykhailiuk","UTA",20.01,8.7895,2.3684,2.0,0.526,0.5066,0.198,0.1475,0.0631,0.1408,-9.1175,17,65,0.2073
"2024-25","Andre Drummond","PHI",18.77,7.325,7.75,0.85,0.535,0.5064,0.183,0.0654,0.2296,0.1674,-6.2556,24,58,0.2927
"2024-25","Jabari Walker","POR",12.49,5.2167,3.5167,0.6167,0.601,0.5764,0.156,0.0723,0.1531,0.1156,-2.732,36,46,0.439
"2024-25","Jay Huff","MEM",11.69,6.8594,2.0156,0.5938,0.666,0.6475,0.194,0.0748,0.0915,0.0935,4.6021,48,34,0.5854
"2024-25","Drew Eubanks","LAC",12.23,4.5902,3.7049,0.8852,0.622,0.6005,0.149,0.1048,0.171,0.154,4.6585,50,32,0.6098
"2024-25","Talen Horton-Tucker","CHI",12.48,6.5345,1.7241,1.431,0.567,0.5275,0.208,0.1725,0.0733,0.1069,-1.4635,39,43,0.4756
"2024-25","Gary Harris","ORL",14.81,3.0208,1.3333,0.625,0.524,0.5188,0.09,0.0538,0.0482,0.1095,-0.0714,41,41,0.5
"2024-25","Micah Potter","UTA",18.56,4.2632,4.3158,0.8158,0.563,0.537,0.102,0.0585,0.124,0.1773,-9.1175,17,65,0.2073
"2024-25","Jett Howard","ORL",11.69,4.45,1.1667,0.7333,0.491,0.479,0.181,0.0876,0.0534,0.1168,-0.0714,41,41,0.5
"2024-25","DeAndre Jordan","DEN",12.33,3.7321,5.0714,0.9464,0.621,0.65,0.126,0.0952,0.2258,0.1922,3.6879,50,32,0.6098
"2024-25","Quinten Post","GSW",16.33,8.0952,3.5238,1.3333,0.595,0.5821,0.197,0.1206,0.1015,0.1035,3.1817,48,34,0.5854
"2024-25","Blake Wesley","SAS",11.78,3.7414,1.0517,1.9655,0.51,0.4812,0.165,0.2122,0.0502,0.2024,-2.6509,34,48,0.4146
"2024-25","Sandro Mamukelashvili","SAS",11.17,6.3115,3.0656,0.7869,0.628,0.6085,0.202,0.101,0.1542,0.0782,-2.6509,34,48,0.4146
"2024-25","Marcus Smart","WAS",20.01,8.9706,2.1176,3.2059,0.529,0.4883,0.198,0.2544,0.0517,0.1578,-12.0245,18,64,0.2195
"2024-25","Jalen Pickett","DEN",13.60,4.0816,1.449,2.1837,0.545,0.5389,0.13,0.1953,0.0585,0.1157,3.6879,50,32,0.6098
"2024-25","Tosan Evbuomwan","BKN",23.75,9.5357,4.2857,1.9643,0.53,0.4818,0.183,0.1273,0.0933,0.134,-7.0512,26,56,0.3171
"2024-25","Antonio Reeves","NOP",14.99,6.9318,1.4318,0.8864,0.579,0.5585,0.183,0.0875,0.0495,0.1022,-9.3612,21,61,0.2561
"2024-25","Kyle Lowry","PHI",18.84,3.9429,1.9143,2.7429,0.525,0.4744,0.1,0.1851,0.0565,0.1377,-6.2556,24,58,0.2927
"2024-25","Reed Sheppard","HOU",12.58,4.4038,1.5,1.4423,0.465,0.4519,0.171,0.1531,0.0647,0.1307,4.2411,52,30,0.6341
"2024-25","Herbert Jones","NOP",32.41,10.25,3.9,3.25,0.541,0.5,0.146,0.1372,0.0623,0.1558,-9.3612,21,61,0.2561
"2024-25","AJ Johnson","WAS",22.01,7.5862,2.0345,2.6207,0.48,0.4413,0.173,0.1832,0.0452,0.1324,-12.0245,18,64,0.2195
"2024-25","Maxi Kleber","LAL",18.73,3.0294,2.7941,1.2647,0.489,0.4531,0.085,0.0896,0.0827,0.1794,1.1647,50,32,0.6098
"2024-25","Delon Wright","NYK",15.86,3.125,1.65,1.925,0.44,0.4198,0.111,0.1474,0.0597,0.1341,3.9822,51,31,0.622
"2024-25","Jericho Sims","MIL",11.91,1.8491,3.717,0.6226,0.639,0.6338,0.074,0.0646,0.1796,0.3008,2.4281,48,34,0.5854
"2024-25","Josh Okogie","CHA",15.62,7.075,2.825,0.825,0.567,0.5189,0.185,0.08,0.0905,0.1106,-9.0468,19,63,0.2317
"2024-25","Daniel Theis","NOP",16.35,4.2632,4.3158,1.5789,0.558,0.5078,0.111,0.129,0.1367,0.1468,-9.3612,21,61,0.2561
"2024-25","Jeff Dowtin Jr.","PHI",15.14,6.9512,1.4634,1.9024,0.57,0.5478,0.176,0.188,0.0537,0.0566,-6.2556,24,58,0.2927
"2024-25","Cory Joseph","ORL",12.23,3.54,1.48,1.44,0.547,0.5292,0.126,0.156,0.0647,0.1,-0.0714,41,41,0.5
"2024-25","Kessler Edwards","DAL",15.21,4.2,2.875,1.05,0.597,0.5778,0.11,0.0899,0.1092,0.1021,-1.1321,39,43,0.4756
"2024-25","Zeke Nnaji","DEN",10.67,3.2281,1.5789,0.4035,0.574,0.5567,0.119,0.046,0.0813,0.0803,3.6879,50,32,0.6098
"2024-25","Pat Connaughton","MIL",14.70,5.2683,2.6585,1.7073,0.567,0.5424,0.151,0.1562,0.104,0.1118,2.4281,48,34,0.5854
"2024-25","Ajay Mitchell","OKC",16.58,6.5,1.8889,1.7778,0.587,0.5571,0.159,0.1381,0.0611,0.127,12.4023,68,14,0.8293
"2024-25","Brandon Ingram","TOR",33.06,22.2222,5.5556,5.1667,0.56,0.53,0.305,0.2451,0.0848,0.1619,-4.28,30,52,0.3659
"2024-25","Jared McCain","PHI",25.73,15.3043,2.4348,2.6087,0.589,0.5529,0.243,0.1595,0.0526,0.1102,-6.2556,24,58,0.2927
"2024-25","Cam Reddish","LAL",17.86,3.1818,2.0,0.6667,0.498,0.4734,0.084,0.05,0.062,0.1022,1.1647,50,32,0.6098
"2024-25","Jae'Sean Tate","HOU",11.31,3.6154,2.25,0.9038,0.557,0.527,0.126,0.1054,0.1079,0.1154,4.2411,52,30,0.6341
"2024-25","Olivier-Maxence Prosper","DAL",11.23,3.8654,2.4231,0.7692,0.484,0.4368,0.158,0.0903,0.1246,0.0632,-1.1321,39,43,0.4756
"2024-25","Jarred Vanderbilt","LAL",16.13,4.0833,5.0556,1.1389,0.537,0.5248,0.116,0.0994,0.1736,0.1749,1.1647,50,32,0.6098
"2024-25","Joel Embiid","PHI",30.23,23.7895,8.1579,4.4737,0.58,0.481,0.342,0.2446,0.15,0.1374,-6.2556,24,58,0.2927
"2024-25","Monte Morris","PHX",12.68,5.1778,1.4889,1.6222,0.546,0.5051,0.173,0.1849,0.0696,0.0896,-2.9609,36,46,0.439
"2024-25","Moritz Wagner","ORL",18.81,12.8667,4.9333,1.4,0.649,0.6165,0.254,0.1225,0.1404,0.1415,-0.0714,41,41,0.5
"2024-25","Malcolm Brogdon","WAS",23.50,12.7083,3.7917,4.0833,0.544,0.4667,0.231,0.2925,0.0788,0.1193,-12.0245,18,64,0.2195
"2024-25","John Konchar","MEM",12.14,2.4348,3.2826,0.913,0.592,0.5769,0.077,0.0923,0.1435,0.1448,4.6021,48,34,0.5854
"2024-25","Dillon Jones","OKC",10.21,2.5,2.2407,1.0741,0.464,0.4436,0.131,0.1258,0.1176,0.1616,12.4023,68,14,0.8293
"2024-25","Dwight Powell","DAL",10.02,2.0727,2.1455,1.0,0.713,0.7049,0.073,0.1245,0.1237,0.1838,-1.1321,39,43,0.4756
"2024-25","Jordan Goodwin","LAL",18.71,5.5517,3.8621,1.4483,0.541,0.5278,0.134,0.1113,0.1144,0.1487,1.1647,50,32,0.6098
"2024-25","Richaun Holmes","WAS",17.23,7.4194,5.7097,1.3548,0.695,0.6475,0.143,0.1289,0.1619,0.1127,-12.0245,18,64,0.2195
"2024-25","Mouhamed Gueye","ATL",16.14,5.9697,4.2121,0.8182,0.52,0.4825,0.155,0.0684,0.1481,0.0734,-0.9777,40,42,0.4878
"2024-25","Bismack Biyombo","SAS",18.84,5.1429,5.6429,1.1071,0.576,0.5877,0.124,0.0755,0.1683,0.1776,-2.6509,34,48,0.4146
"2024-25","Jaylen Clark","MIN",13.05,4.075,1.325,0.65,0.598,0.5583,0.115,0.0671,0.057,0.0554,5.0613,49,33,0.5976
"2024-25","Rob Dillingham","MIN",10.53,4.4694,1.0204,2.0,0.503,0.5,0.215,0.2836,0.0544,0.1959,5.0613,49,33,0.5976
"2024-25","Colby Jones","WAS",13.20,4.0256,2.2308,1.1282,0.544,0.5194,0.138,0.1288,0.0826,0.1374,-12.0245,18,64,0.2195
"2024-25","Craig Porter Jr.","CLE",10.06,3.6863,1.3137,1.3922,0.61,0.5893,0.155,0.1779,0.0719,0.1978,9.3031,64,18,0.7805
"2024-25","Tristan Vukcevic","WAS",14.64,9.4286,3.7143,1.1143,0.608,0.5744,0.252,0.1398,0.124,0.134,-12.0245,18,64,0.2195
"2024-25","Elfrid Payton","NOP",21.28,3.5417,3.2917,6.9167,0.34,0.332,0.151,0.4228,0.0801,0.3205,-9.3612,21,61,0.2561
"2024-25","Jamal Cain","NOP",13.56,5.2973,2.2973,0.5946,0.544,0.5127,0.167,0.0616,0.0877,0.1089,-9.3612,21,61,0.2561
"2024-25","Keaton Wallace","ATL",16.17,5.4194,1.6129,2.6129,0.503,0.4846,0.164,0.2166,0.0566,0.1651,-0.9777,40,42,0.4878
"2024-25","Jock Landale","HOU",11.91,4.7619,3.2619,0.881,0.59,0.5691,0.148,0.1035,0.1486,0.1102,4.2411,52,30,0.6341
"2024-25","Wendell Moore Jr.","CHA",13.86,4.1667,2.6389,1.1667,0.553,0.5238,0.133,0.1216,0.0953,0.166,-9.0468,19,63,0.2317
"2024-25","Vince Williams Jr.","MEM",18.46,6.6296,3.6296,2.037,0.504,0.479,0.166,0.1462,0.1043,0.1567,4.6021,48,34,0.5854
"2024-25","Brandon Williams","DAL",14.76,8.3333,1.7576,2.303,0.634,0.5851,0.218,0.2305,0.0688,0.1523,-1.1321,39,43,0.4756
"2024-25","A.J. Lawson","TOR",18.71,9.0769,3.3077,1.1923,0.542,0.5079,0.189,0.0869,0.0892,0.0645,-4.28,30,52,0.3659
"2024-25","Grant Williams","CHA",29.94,10.375,5.125,2.3125,0.596,0.5488,0.146,0.1107,0.0857,0.1674,-9.0468,19,63,0.2317
"2024-25","Lonnie Walker IV","PHI",23.84,12.35,3.15,2.5,0.548,0.5259,0.214,0.1584,0.0735,0.0999,-6.2556,24,58,0.2927
"2024-25","Duop Reath","POR",10.20,4.2174,2.0,0.5652,0.552,0.5241,0.162,0.0801,0.1065,0.0835,-2.732,36,46,0.439
"2024-25","Reece Beekman","BKN",13.04,2.5833,1.0833,1.75,0.4,0.3598,0.122,0.1873,0.043,0.153,-7.0512,26,56,0.3171
"2024-25","Kai Jones","DAL",11.71,4.95,3.125,0.625,0.804,0.8028,0.128,0.0771,0.1541,0.1276,-1.1321,39,43,0.4756
"2024-25","Larry Nance Jr.","ATL",19.30,8.4583,4.2917,1.5833,0.632,0.6258,0.155,0.1167,0.1262,0.0905,-0.9777,40,42,0.4878
"2024-25","Collin Gillespie","PHX",13.98,5.8788,2.3636,2.3636,0.578,0.5538,0.17,0.2452,0.1002,0.0921,-2.9609,36,46,0.439
"2024-25","Rayan Rupert","POR",8.84,2.9808,1.3462,0.4808,0.499,0.4648,0.156,0.0762,0.0828,0.162,-2.732,36,46,0.439
"2024-25","GG Jackson","MEM",15.81,7.2069,3.1724,1.0,0.482,0.4523,0.219,0.0869,0.1064,0.1252,4.6021,48,34,0.5854
"2024-25","Jaylon Tyson","CLE",9.64,3.5532,2.0426,0.9362,0.523,0.4966,0.164,0.1251,0.1167,0.1401,9.3031,64,18,0.7805
"2024-25","Bol Bol","PHX",12.46,6.7778,2.8889,0.6111,0.627,0.612,0.204,0.0787,0.1374,0.0933,-2.9609,36,46,0.439
"2024-25","Paul Reed","DET",9.72,4.0889,2.7333,0.9778,0.573,0.5352,0.179,0.1411,0.17,0.1394,1.8703,44,38,0.5366
"2024-25","Colin Castleton","TOR",16.62,4.7308,4.6923,1.0769,0.536,0.4796,0.125,0.0819,0.1425,0.167,-4.28,30,52,0.3659
"2024-25","Trevelin Queen","ORL",13.88,4.9032,1.7419,1.2258,0.486,0.4558,0.176,0.1217,0.0672,0.1234,-0.0714,41,41,0.5
"2024-25","Malaki Branham","SAS",9.08,5.0,1.0851,0.8085,0.575,0.5474,0.233,0.1271,0.0672,0.1425,-2.6509,34,48,0.4146
"2024-25","Jordan Miller","LAC",11.36,4.1081,1.5676,0.9189,0.509,0.4627,0.175,0.1144,0.0779,0.1482,4.6585,50,32,0.6098
"2024-25","Mo Bamba","NOP",12.92,4.3125,4.5312,0.5625,0.557,0.5312,0.15,0.0604,0.1816,0.139,-9.3612,21,61,0.2561
"2024-25","David Roddy","HOU",12.42,4.6364,2.5455,1.0606,0.561,0.532,0.159,0.1157,0.1112,0.1389,4.2411,52,30,0.6341
"2024-25","Taj Gibson","CHA",11.05,2.8919,3.2432,0.5676,0.515,0.5,0.132,0.0738,0.147,0.1941,-9.0468,19,63,0.2317
"2024-25","Ousmane Dieng","OKC",10.94,3.8378,2.1892,0.8378,0.538,0.524,0.152,0.0963,0.1073,0.12,12.4023,68,14,0.8293
"2024-25","Jordan Walsh","BOS",7.75,1.5769,1.3269,0.3654,0.464,0.4518,0.11,0.0597,0.0929,0.1615,9.2604,61,21,0.7439
"2024-25","Hunter Tyson","DEN",7.84,2.6275,1.5294,0.3922,0.506,0.4708,0.146,0.0606,0.1071,0.0957,3.6879,50,32,0.6098
"2024-25","Anthony Gill","WAS",7.80,2.5294,1.2941,0.3137,0.586,0.5455,0.124,0.0601,0.0811,0.0833,-12.0245,18,64,0.2195
"2024-25","Jeff Green","HOU",12.39,5.375,1.8125,0.625,0.649,0.624,0.144,0.0697,0.0794,0.0636,4.2411,52,30,0.6341
"2024-25","Devin Carter","SAC",11.00,3.8333,2.1111,1.1389,0.471,0.4409,0.169,0.1314,0.1087,0.1095,0.4839,40,42,0.4878
"2024-25","Trey Jemison III","LAL",10.32,2.5,2.7632,0.4211,0.537,0.5541,0.121,0.0577,0.1484,0.2133,1.1647,50,32,0.6098
"2024-25","Reggie Jackson","PHI",12.39,4.3871,1.3548,1.4516,0.496,0.485,0.17,0.1643,0.0608,0.1104,-6.2556,24,58,0.2927
"2024-25","Baylor Scheierman","BOS",12.38,3.6452,2.0968,1.0645,0.49,0.4727,0.143,0.1127,0.0919,0.0943,9.2604,61,21,0.7439
"2024-25","Quenton Jackson","IND",13.61,5.7857,1.5714,1.8929,0.58,0.5369,0.167,0.1873,0.0651,0.1028,2.2677,50,32,0.6098
"2024-25","Alex Len","LAL",8.26,1.6087,2.0652,0.8261,0.525,0.5238,0.101,0.1376,0.1386,0.221,1.1647,50,32,0.6098
"2024-25","Johnny Furphy","IND",7.59,2.06,1.42,0.38,0.506,0.462,0.118,0.0624,0.1055,0.1056,2.2677,50,32,0.6098
"2024-25","Charles Bassey","SAS",10.43,4.3611,4.2222,0.4722,0.597,0.5812,0.164,0.0625,0.2274,0.1488,-2.6509,34,48,0.4146
"2024-25","Dominick Barlow","ATL",10.71,4.2286,2.4286,0.5429,0.58,0.5619,0.141,0.0708,0.1286,0.0377,-0.9777,40,42,0.4878
"2024-25","Dante Exum","DAL",18.62,8.7,1.65,2.8,0.589,0.5634,0.193,0.213,0.0512,0.1297,-1.1321,39,43,0.4756
"2024-25","Damion Baugh","CHA",24.70,7.2667,3.3333,3.7333,0.399,0.3692,0.186,0.2168,0.0676,0.185,-9.0468,19,63,0.2317
"2024-25","Jaden Springer","UTA",8.49,2.5349,1.3488,0.7674,0.511,0.4556,0.139,0.1226,0.0847,0.1304,-9.1175,17,65,0.2073
"2024-25","Robert Williams III","POR",17.57,5.8,5.9,1.05,0.679,0.6474,0.12,0.0856,0.1825,0.1659,-2.732,36,46,0.439
"2024-25","Doug McDermott","SAC",8.13,3.5,0.5238,0.1667,0.617,0.6154,0.15,0.0269,0.0365,0.0479,0.4839,40,42,0.4878
"2024-25","Christian Koloko","LAL",9.23,2.4324,2.4865,0.4324,0.624,0.6061,0.104,0.0675,0.1493,0.1426,1.1647,50,32,0.6098
"2024-25","Terrence Shannon Jr.","MIN",10.59,4.3125,1.4688,1.0,0.56,0.5307,0.166,0.1373,0.0778,0.1085,5.0613,49,33,0.5976
"2024-25","Keion Brooks Jr.","NOP",23.70,10.1429,4.1429,0.9286,0.581,0.5505,0.169,0.057,0.0905,0.0894,-9.3612,21,61,0.2561
"2024-25","Tristan Thompson","CLE",8.20,1.725,3.35,0.6,0.41,0.4366,0.123,0.0888,0.2248,0.1426,9.3031,64,18,0.7805
"2024-25","Maxwell Lewis","BKN",11.70,4.1429,1.9643,0.6786,0.516,0.5046,0.164,0.0886,0.0868,0.1108,-7.0512,26,56,0.3171
"2024-25","Patty Mills","LAC",11.06,3.8276,0.7586,0.8966,0.543,0.5104,0.15,0.1107,0.0387,0.1427,4.6585,50,32,0.6098
"2024-25","Jevon Carter","CHI",8.90,4.25,1.0833,1.1111,0.509,0.4966,0.2,0.1843,0.0645,0.0682,-1.4635,39,43,0.4756
"2024-25","Tre Mann","CHA",24.54,14.0769,2.9231,3.0,0.537,0.5093,0.25,0.2068,0.0596,0.128,-9.0468,19,63,0.2317
"2024-25","Jalen Hood-Schifino","PHI",20.98,7.0667,1.8,2.4667,0.494,0.449,0.164,0.1608,0.0477,0.1437,-6.2556,24,58,0.2927
"2024-25","Jordan McLaughlin","SAS",6.83,2.1304,0.6522,1.1087,0.6,0.5625,0.134,0.2013,0.0536,0.1638,-2.6509,34,48,0.4146
"2024-25","Torrey Craig","BOS",12.07,4.1538,2.8077,0.6538,0.567,0.5556,0.139,0.0729,0.1262,0.0775,9.2604,61,21,0.7439
"2024-25","Matisse Thybulle","POR",20.82,7.4667,3.4667,1.8667,0.592,0.5966,0.135,0.127,0.0905,0.1208,-2.732,36,46,0.439
"2024-25","Isaac Jones","SAC",7.60,3.35,1.425,0.3,0.678,0.6687,0.152,0.0542,0.1062,0.1393,0.4839,40,42,0.4878
"2024-25","Tyler Kolek","NYK",7.22,1.9756,0.6585,1.7073,0.453,0.4146,0.152,0.2944,0.0523,0.1675,3.9822,51,31,0.622
"2024-25","Mitchell Robinson","NYK",17.07,5.1176,5.9412,0.7647,0.676,0.6607,0.109,0.0585,0.1998,0.1345,3.9822,51,31,0.622
"2024-25","Josh Minott","MIN",6.01,2.587,1.0217,0.3913,0.605,0.5667,0.16,0.0943,0.0954,0.1006,5.0613,49,33,0.5976
"2024-25","Kobe Brown","LAC",6.81,1.925,1.625,0.6,0.513,0.5,0.134,0.1218,0.1348,0.1378,4.6585,50,32,0.6098
"2024-25","Dru Smith","MIA",19.16,6.2143,2.5714,1.6429,0.656,0.6393,0.131,0.1216,0.0817,0.2041,0.5301,37,45,0.4512
"2024-25","Isaiah Wong","CHA",13.28,6.0,1.6,1.4,0.5,0.4524,0.22,0.1607,0.0603,0.1305,-9.0468,19,63,0.2317
"2024-25","Marvin Bagley III","MEM",8.56,4.3871,2.7097,0.3548,0.56,0.533,0.2,0.0609,0.168,0.09,4.6021,48,34,0.5854
"2024-25","Oscar Tshiebwe","UTA",18.23,7.6429,8.7143,0.6429,0.64,0.6,0.144,0.0528,0.2549,0.1068,-9.1175,17,65,0.2073
"2024-25","Drew Timme","BKN",28.21,12.1111,7.2222,2.2222,0.5,0.4853,0.205,0.1283,0.1324,0.1209,-7.0512,26,56,0.3171
"2024-25","Marcus Bagley","PHI",25.32,6.7,7.0,1.0,0.456,0.4275,0.128,0.0532,0.1537,0.0871,-6.2556,24,58,0.2927
"2024-25","Cam Spencer","MEM",10.09,4.24,1.2,1.36,0.587,0.5305,0.148,0.1788,0.0631,0.0623,4.6021,48,34,0.5854
"2024-25","Kevin Love","MIA",10.93,5.3043,4.087,0.9565,0.488,0.4609,0.23,0.133,0.2274,0.1006,0.5301,37,45,0.4512
"2024-25","Pat Spencer","GSW",6.40,2.5128,1.1795,1.2308,0.455,0.4307,0.204,0.2779,0.0867,0.1433,3.1817,48,34,0.5854
"2024-25","JT Thor","WAS",12.47,3.55,2.4,0.3,0.517,0.4746,0.132,0.0355,0.0941,0.1159,-12.0245,18,64,0.2195
"2024-25","Branden Carlson","OKC",7.70,3.8125,1.6875,0.4375,0.581,0.5567,0.185,0.0754,0.1175,0.0625,12.4023,68,14,0.8293
"2024-25","Dariq Whitehead","BKN",12.30,5.7,1.45,0.6,0.58,0.5781,0.189,0.0771,0.061,0.1325,-7.0512,26,56,0.3171
"2024-25","Johnny Davis","WAS",7.11,2.3529,1.1176,0.3235,0.473,0.4551,0.15,0.0705,0.0768,0.0764,-12.0245,18,64,0.2195
"2024-25","Bones Hyland","MIN",9.95,6.2083,1.0417,1.3333,0.576,0.5339,0.274,0.2052,0.0587,0.1619,5.0613,49,33,0.5976
"2024-25","Jaylen Martin","WAS",14.91,4.875,2.75,1.0625,0.497,0.4662,0.155,0.1099,0.0901,0.1327,-12.0245,18,64,0.2195
"2024-25","Xavier Tillman","BOS",7.00,1.0303,1.303,0.2121,0.31,0.2925,0.125,0.0375,0.1011,0.2036,9.2604,61,21,0.7439
"2024-25","Garrett Temple","TOR",8.10,1.8929,1.0357,1.1071,0.406,0.35,0.129,0.167,0.0645,0.1328,-4.28,30,52,0.3659
"2024-25","Jared Rhoden","TOR",16.15,8.4286,3.0,1.1429,0.602,0.5517,0.183,0.0993,0.0937,0.0841,-4.28,30,52,0.3659
"2024-25","Luka Garza","MIN",5.62,3.5385,1.3846,0.2821,0.573,0.5429,0.241,0.0818,0.1381,0.0906,5.0613,49,33,0.5976
"2024-25","Ariel Hukporti","NYK",8.69,1.92,2.04,0.44,0.654,0.6774,0.113,0.0635,0.1347,0.3638,3.9822,51,31,0.622
"2024-25","Alex Reese","PHI",14.40,5.0667,3.1333,0.2667,0.641,0.6204,0.123,0.0254,0.1209,0.0919,-6.2556,24,58,0.2927
"2024-25","Dario Saric","DEN",13.15,3.5,3.125,1.4375,0.449,0.4224,0.157,0.1305,0.1305,0.1938,3.6879,50,32,0.6098
"2024-25","Adam Flagler","OKC",5.49,1.7568,0.7297,0.3243,0.335,0.3333,0.207,0.0734,0.0713,0.0397,12.4023,68,14,0.8293
"2024-25","Chuma Okeke","CLE",21.85,5.8889,5.2222,1.6667,0.641,0.6375,0.093,0.0934,0.1316,0.0677,9.3031,64,18,0.7805
"2024-25","Drew Peterson","BOS",7.45,2.16,1.6,0.52,0.601,0.5732,0.121,0.0903,0.1166,0.1511,9.2604,61,21,0.7439
"2024-25","Markelle Fultz","SAC",8.76,2.9048,0.9524,1.2857,0.452,0.4478,0.196,0.1944,0.0615,0.182,0.4839,40,42,0.4878
"2024-25","Lester Quinones","NOP",14.11,6.6154,1.4615,1.8462,0.514,0.4808,0.213,0.1931,0.0537,0.1433,-9.3612,21,61,0.2561
"2024-25","Bronny James","LAL",6.71,2.2963,0.6667,0.8148,0.424,0.3806,0.199,0.1745,0.055,0.1509,1.1647,50,32,0.6098
"2024-25","Enrique Freeman","IND",8.24,2.0909,1.3636,0.4091,0.507,0.4459,0.109,0.0616,0.0934,0.1168,2.2677,50,32,0.6098
"2024-25","Cole Swider","IND",16.95,5.9,2.7,0.3,0.465,0.4683,0.155,0.0231,0.0898,0.0593,2.2677,50,32,0.6098
"2024-25","Jaylen Nowell","WAS",21.01,8.375,2.5,2.25,0.43,0.411,0.215,0.1717,0.0581,0.0932,-12.0245,18,64,0.2195
"2024-25","Markieff Morris","LAL",10.96,3.7333,1.5333,1.4,0.385,0.3643,0.202,0.1867,0.0775,0.0644,1.1647,50,32,0.6098
"2024-25","Killian Hayes","BKN",27.06,9.0,3.0,5.1667,0.559,0.5116,0.145,0.2806,0.0574,0.1571,-7.0512,26,56,0.3171
"2024-25","MarJon Beauchamp","NYK",4.47,2.2571,1.2571,0.3143,0.535,0.4923,0.222,0.0976,0.1616,0.1689,3.9822,51,31,0.622
"2024-25","Lamar Stevens","MEM",9.15,4.3529,2.2353,0.4706,0.545,0.5238,0.21,0.0732,0.1296,0.1285,4.6021,48,34,0.5854
"2024-25","Tyson Etienne","BKN",21.58,7.8571,1.2857,1.7143,0.488,0.4519,0.177,0.117,0.0308,0.1242,-7.0512,26,56,0.3171
"2024-25","Josh Richardson","MIA",18.69,4.0,1.5,1.5,0.402,0.3684,0.134,0.1074,0.0488,0.1675,0.5301,37,45,0.4512
"2024-25","Nate Williams","HOU",7.33,3.25,0.65,0.45,0.496,0.4839,0.212,0.0886,0.0481,0.1761,4.2411,52,30,0.6341
"2024-25","Bruno Fernando","TOR",8.62,3.4118,3.0,1.0588,0.552,0.5306,0.182,0.1704,0.1755,0.2105,-4.28,30,52,0.3659
"2024-25","Damion Lee","PHX",5.76,3.32,0.8,0.44,0.499,0.4257,0.269,0.1176,0.0823,0.1073,-2.9609,36,46,0.439
"2024-25","Oshae Brissett","PHI",23.71,8.6667,3.6667,0.6667,0.576,0.5641,0.154,0.0393,0.086,0.1505,-6.2556,24,58,0.2927
"2024-25","Pete Nance","MIL",10.63,2.9231,1.6154,0.7692,0.578,0.5781,0.116,0.0928,0.0875,0.1085,2.4281,48,34,0.5854
"2024-25","Elijah Harkless","UTA",13.80,3.2,2.1,0.8,0.425,0.4143,0.12,0.077,0.0811,0.0738,-9.1175,17,65,0.2073
"2024-25","Vlatko Čančar","DEN",10.45,1.8462,2.4615,0.6923,0.462,0.4615,0.109,0.0767,0.1294,0.2973,3.6879,50,32,0.6098
"2024-25","Kylor Kelley","LAL",11.45,3.0909,3.5455,0.4545,0.644,0.6364,0.097,0.0567,0.1716,0.1316,1.1647,50,32,0.6098
"2024-25","Alex Ducas","OKC",5.97,1.7143,1.2381,0.2381,0.583,0.5667,0.115,0.0479,0.1112,0.1147,12.4023,68,14,0.8293
"2024-25","Spencer Jones","DEN",6.23,1.3,0.85,0.25,0.368,0.3382,0.128,0.0472,0.0749,0.124,3.6879,50,32,0.6098
"2024-25","Kobe Bufkin","ATL",12.36,5.3,2.1,1.7,0.483,0.4255,0.203,0.1883,0.0964,0.1271,-0.9777,40,42,0.4878
"2024-25","Tyler Smith","MIL",5.29,2.913,1.087,0.1739,0.626,0.61,0.205,0.0481,0.1183,0.13,2.4281,48,34,0.5854
"2024-25","De'Anthony Melton","BKN",20.16,10.3333,3.3333,2.8333,0.539,0.5278,0.223,0.2305,0.0855,0.1481,-7.0512,26,56,0.3171
"2024-25","Moses Brown","DAL",9.12,5.8462,3.3846,0.1538,0.706,0.6939,0.216,0.0285,0.2143,0.1696,-1.1321,39,43,0.4756
"2024-25","TyTy Washington Jr.","PHX",7.40,2.1875,0.8125,1.0,0.367,0.3556,0.187,0.1881,0.0651,0.0592,-2.9609,36,46,0.439
"2024-25","Trey Alexander","DEN",4.88,1.3333,0.5,0.4583,0.374,0.3537,0.165,0.1135,0.0562,0.1047,3.6879,50,32,0.6098
"2024-25","Sidy Cissoko","POR",5.20,1.4545,0.9545,0.6818,0.471,0.4833,0.156,0.1803,0.0997,0.2447,-2.732,36,46,0.439
"2024-25","Joe Ingles","MIN",6.00,0.7895,0.5789,1.2105,0.326,0.3261,0.113,0.2528,0.0541,0.2812,5.0613,49,33,0.5976
"2024-25","Tony Bradley","IND",8.05,4.3571,3.0,0.4286,0.64,0.6556,0.182,0.0835,0.2101,0.095,2.2677,50,32,0.6098
"2024-25","Jaylen Sims","CHA",18.63,7.0,1.0,2.0,0.607,0.5357,0.159,0.1526,0.0269,0.1878,-9.0468,19,63,0.2317
"2024-25","Pacôme Dadiet","NYK",6.18,1.6667,1.0,0.2778,0.446,0.4194,0.142,0.0559,0.0929,0.1063,3.9822,51,31,0.622
"2024-25","Patrick Baldwin Jr.","LAC",4.45,2.2083,1.0417,0.125,0.721,0.7286,0.151,0.0421,0.1322,0.1197,4.6585,50,32,0.6098
"2024-25","Chris Livingston","MIL",5.04,1.4286,1.6667,0.2381,0.441,0.3333,0.15,0.0594,0.1903,0.1499,2.4281,48,34,0.5854
"2024-25","Jae Crowder","SAC",11.42,2.5556,2.2222,0.6667,0.467,0.4091,0.113,0.0696,0.1102,0.1397,0.4839,40,42,0.4878
"2024-25","Justin Minaya","POR",5.30,0.9474,0.5263,0.3684,0.411,0.4286,0.107,0.0914,0.054,0.186,-2.732,36,46,0.439
"2024-25","Keshad Johnson","MIA",6.13,2.6875,1.75,0.25,0.718,0.75,0.145,0.0639,0.1736,0.1178,0.5301,37,45,0.4512
"2024-25","JD Davison","BOS",5.81,2.0625,0.8125,0.8125,0.445,0.4118,0.228,0.1903,0.0759,0.2596,9.2604,61,21,0.7439
"2024-25","Yuki Kawamura","MEM",4.21,1.6364,0.5455,0.8636,0.53,0.4833,0.167,0.2662,0.0687,0.1283,4.6021,48,34,0.5854
"2024-25","Luke Travers","CLE",7.32,1.0,1.6667,0.6667,0.287,0.25,0.132,0.1057,0.1253,0.277,9.3031,64,18,0.7805
"2024-25","Stanley Umude","MIL",3.90,0.6818,0.7727,0.1818,0.27,0.25,0.137,0.0567,0.114,0.0975,2.4281,48,34,0.5854
"2024-25","Isaiah Jackson","IND",16.78,7.0,5.6,1.0,0.6,0.6087,0.164,0.0819,0.1883,0.1464,2.2677,50,32,0.6098
"2024-25","Kevin Knox II","GSW",5.98,3.2857,1.2143,0.3571,0.582,0.5556,0.202,0.0932,0.0956,0.0919,3.1817,48,34,0.5854
"2024-25","Marcus Garrett","CHA",19.85,7.0,1.5,3.25,0.487,0.463,0.193,0.2437,0.0378,0.1726,-9.0468,19,63,0.2317
"2024-25","Jacob Toppin","ATL",4.42,1.3529,0.8824,0.3529,0.523,0.5227,0.14,0.1056,0.1133,0.12,-0.9777,40,42,0.4878
"2024-25","Emoni Bates","CLE",7.48,3.7,0.7,0.8,0.487,0.4868,0.201,0.1438,0.0515,0.05,9.3031,64,18,0.7805
"2024-25","Taylor Hendricks","UTA",24.84,4.6667,5.0,0.6667,0.354,0.3056,0.113,0.0344,0.1073,0.0919,-9.1175,17,65,0.2073
"2024-25","Chris Duarte","CHI",4.38,2.1176,1.1765,0.5294,0.61,0.5769,0.151,0.1758,0.1424,0.0328,-1.4635,39,43,0.4756
"2024-25","Daeqwon Plowden","ATL",11.93,7.1667,1.8333,0.3333,0.831,0.82,0.181,0.0429,0.0872,0.1339,-0.9777,40,42,0.4878
"2024-25","RayJ Dennis","IND",6.40,2.7273,1.0909,1.2727,0.443,0.4242,0.212,0.2694,0.0962,0.1286,2.2677,50,32,0.6098
"2024-25","Josh Christopher","MIA",4.95,2.0,0.6429,0.5714,0.416,0.3871,0.235,0.1742,0.079,0.1514,0.5301,37,45,0.4512
"2024-25","Matt Ryan","NOP",3.57,1.4737,0.4211,0.1579,0.439,0.4194,0.208,0.0632,0.0611,0.086,-9.3612,21,61,0.2561
"2024-25","Armel Traore","LAL",7.41,1.5556,1.6667,0.1111,0.317,0.3158,0.153,0.0208,0.1247,0.1196,1.1647,50,32,0.6098
"2024-25","PJ Hall","DEN",3.48,1.7368,1.1579,0.2105,0.641,0.625,0.176,0.0832,0.1825,0.072,3.6879,50,32,0.6098
"2024-25","Nae'Qwan Tomlin","CLE",12.68,7.2,4.2,0.4,0.489,0.4375,0.23,0.0442,0.1824,0.0515,9.3031,64,18,0.7805
"2024-25","Jamaree Bouyea","MIL",12.34,3.4,1.0,2.0,0.581,0.5417,0.163,0.2068,0.0466,0.3534,2.4281,48,34,0.5854
"2024-25","Cam Christie","LAC",4.51,1.3846,0.9231,0.4615,0.349,0.3333,0.192,0.141,0.1155,0.072,4.6585,50,32,0.6098
"2024-25","P.J. Tucker","NYK",19.29,3.0,2.6667,0.0,0.643,0.6429,0.059,0.0,0.0794,0.125,3.9822,51,31,0.622
"2024-25","Liam Robbins","MIL",4.38,0.6923,0.9231,0.1538,0.363,0.25,0.128,0.0415,0.1212,0.3261,2.4281,48,34,0.5854
"2024-25","Jazian Gortman","DAL",3.54,1.5,0.3125,0.375,0.485,0.4783,0.195,0.1474,0.051,0.168,-1.1321,39,43,0.4756
"2024-25","E.J. Liddell","CHI",4.40,1.75,0.75,0.25,0.661,0.6333,0.13,0.0814,0.0903,0.1119,-1.4635,39,43,0.4756
"2024-25","Jackson Rowe","GSW",8.62,3.6667,1.8333,0.6667,0.56,0.5588,0.142,0.1102,0.1,0.0484,3.1817,48,34,0.5854
"2024-25","N'Faly Dante","HOU",12.65,6.0,5.25,0.5,0.789,0.7692,0.133,0.0581,0.2251,0.1163,4.2411,52,30,0.6341
"2024-25","Isaiah Crawford","SAC",3.04,0.8667,0.5333,0.0667,0.509,0.5,0.122,0.0275,0.0992,0.0727,0.4839,40,42,0.4878
"2024-25","Mason Jones","SAC",4.54,2.3,0.9,1.1,0.569,0.5278,0.193,0.342,0.1123,0.0472,0.4839,40,42,0.4878
"2024-25","Phillip Wheeler","PHI",8.88,1.6,1.6,0.4,0.183,0.1429,0.221,0.0577,0.1002,0.0437,-6.2556,24,58,0.2927
"2024-25","Malachi Flynn","SAS",10.92,4.0,1.75,1.75,0.512,0.4231,0.196,0.2027,0.09,0.2037,-2.6509,34,48,0.4146
"2024-25","Jack McVeigh","HOU",4.81,1.5556,0.5556,0.1111,0.412,0.4118,0.176,0.0304,0.0627,0.1053,4.2411,52,30,0.6341
"2024-25","Bobi Klintman","DET",5.30,1.875,0.875,0.875,0.689,0.7,0.121,0.2244,0.0999,0.0842,1.8703,44,38,0.5366
"2024-25","James Johnson","IND",3.05,0.6667,0.5,0.3333,0.35,0.3636,0.165,0.1391,0.0924,0.2591,2.2677,50,32,0.6098
"2024-25","Miles Norris","BOS",11.64,2.3333,3.0,0.0,0.354,0.3333,0.127,0.0,0.1399,0.0,9.2604,61,21,0.7439
"2024-25","PJ Dozier","MIN",3.88,0.7778,0.5556,0.5556,0.621,1.0,0.082,0.1807,0.0803,0.1506,5.0613,49,33,0.5976
"2024-25","Harrison Ingram","SAS",6.95,0.8,1.8,0.6,0.5,0.5,0.06,0.1019,0.1455,0.2,-2.6509,34,48,0.4146
"2024-25","David Duke Jr.","SAS",5.62,2.6667,0.8333,0.6667,0.538,0.5357,0.207,0.1632,0.0833,0.1185,-2.6509,34,48,0.4146
"2024-25","D.J. Carton","TOR",8.35,0.75,1.0,0.75,0.202,0.1429,0.122,0.1035,0.0604,0.3497,-4.28,30,52,0.3659
"2024-25","Ulrich Chomche","TOR",4.60,0.7143,1.1429,0.2857,0.425,0.4,0.108,0.0744,0.1254,0.2538,-4.28,30,52,0.3659
"2024-25","Bryce McGowens","POR",2.46,1.0,0.2308,0.1538,0.391,0.2857,0.244,0.0873,0.0509,0.1938,-2.732,36,46,0.439
"2024-25","Leonard Miller","MIN",2.43,1.5385,0.8462,0.0,0.54,0.4,0.239,0.0,0.1953,0.0975,5.0613,49,33,0.5976
"2024-25","Jalen Bridges","PHX",3.80,1.125,0.5,0.0,0.514,0.4286,0.197,0.0,0.078,0.3135,-2.9609,36,46,0.439
"2024-25","Jahmir Young","CHI",4.94,1.8333,0.5,1.0,0.935,0.9,0.092,0.2833,0.0536,0.1453,-1.4635,39,43,0.4756
"2024-25","Kevin McCullar Jr.","NYK",7.29,1.5,2.0,0.5,0.381,0.2857,0.118,0.0831,0.1575,0.0,3.9822,51,31,0.622
"2024-25","Trentyn Flowers","LAC",4.42,1.8333,0.6667,0.0,0.446,0.3636,0.194,0.0,0.0852,0.0751,4.6585,50,32,0.6098
"2024-25","Emanuel Miller","CHI",4.12,1.6667,1.3333,0.3333,0.563,0.5,0.143,0.1177,0.1715,0.0,-1.4635,39,43,0.4756
"2024-25","Daniss Jenkins","DET",3.25,1.0,0.2857,0.4286,0.322,0.35,0.231,0.1769,0.0532,0.0842,1.8703,44,38,0.5366
"2024-25","Tolu Smith","DET",22.35,14.0,8.0,0.0,0.678,0.6667,0.2,0.0,0.2165,0.1623,1.8703,44,38,0.5366
"2024-25","Anton Watson","NYK",2.46,0.8889,0.3333,0.2222,0.444,0.4444,0.193,0.1264,0.0777,0.1818,3.9822,51,31,0.622
"2024-25","Adama Sanogo","CHI",5.37,2.0,1.5,0.25,0.571,0.5714,0.145,0.0702,0.148,0.125,-1.4635,39,43,0.4756
"2024-25","Malevy Leons","OKC",3.49,0.3333,0.5,0.1667,0.266,0.0,0.102,0.0514,0.0767,0.2101,12.4023,68,14,0.8293
"2024-25","Taze Moore","POR",9.93,3.0,4.0,0.5,0.276,0.25,0.224,0.0681,0.219,0.1553,-2.732,36,46,0.439
"2024-25","Isaiah Mobley","PHI",17.37,6.0,4.0,5.0,0.381,0.3571,0.17,0.3925,0.128,0.0,-6.2556,24,58,0.2927
"2024-25","Ron Harper Jr.","DET",17.00,4.0,7.0,2.0,0.225,0.125,0.205,0.1437,0.249,0.0,1.8703,44,38,0.5366
"2024-25","Yuri Collins","GSW",8.15,1.0,1.5,2.0,0.333,0.3333,0.068,0.3087,0.0866,0.0,3.1817,48,34,0.5854
"2024-25","Tristen Newton","MIN",2.02,0.375,0.5,0.25,0.178,0.125,0.185,0.1572,0.139,0.1916,5.0613,49,33,0.5976
"2024-25","Daishen Nix","MIN",4.41,0.3333,1.3333,1.0,0.266,0.0,0.176,0.2667,0.1696,0.6803,5.0613,49,33,0.5976
"2024-25","Skal Labissiere","SAC",2.99,1.25,0.75,0.25,0.625,0.625,0.129,0.1131,0.142,0.0,0.4839,40,42,0.4878
"2024-25","Braxton Key","GSW",3.61,1.0,0.6667,0.0,0.226,0.0,0.222,0.0,0.0869,0.1309,3.1817,48,34,0.5854
"2024-25","Cui Cui","BKN",2.06,0.6,0.4,0.0,0.19,0.1429,0.296,0.0,0.1003,0.0,-7.0512,26,56,0.3171
"2024-25","Quincy Olivari","LAL",5.15,1.5,0.0,0.5,0.3,0.3,0.231,0.1359,0.0,0.1667,1.1647,50,32,0.6098
"2024-25","Mac McClung","ORL",5.12,0.0,0.5,1.5,0.0,0.0,0.087,0.3425,0.0523,0.0,-0.0714,41,41,0.5
"2024-25","Terence Davis","SAC",7.88,0.0,1.0,1.0,0.0,0.0,0.111,0.1399,0.0718,0.0,0.4839,40,42,0.4878
"2024-25","Jalen McDaniels","SAC",1.83,0.0,0.0,0.25,0.0,NULL,0.0,0.1503,0.0,NULL,0.4839,40,42,0.4878
"2024-25","Riley Minix","SAS",6.75,0.0,2.0,0.0,0.0,0.0,0.063,0.0,0.1665,0.0,-2.6509,34,48,0.4146
"2024-25","Terry Taylor","SAC",2.11,0.0,0.3333,0.6667,0.0,0.0,0.067,0.3482,0.0894,0.0,0.4839,40,42,0.4878
"2024-25","Isaiah Stevens","MIA",1.85,0.0,0.6667,0.0,0.0,0.0,0.143,0.0,0.2192,0.0,0.5301,37,45,0.4512
"2024-25","Jesse Edwards","MIN",2.33,0.0,0.0,0.5,0.0,NULL,0.0,0.2521,0.0,NULL,5.0613,49,33,0.5976
"2024-25","James Wiseman","IND",4.63,6.0,1.0,0.0,0.615,0.5,0.455,0.0,0.1217,0.0,2.2677,50,32,0.6098
"2024-25","Alondes Williams","LAC",3.72,5.0,0.0,1.0,1.25,1.25,0.286,0.8773,0.0,0.0,4.6585,50,32,0.6098
"2024-25","Jahlil Okafor","IND",3.37,0.0,1.0,1.0,0.0,NULL,0.0,0.332,0.1675,NULL,2.2677,50,32,0.6098
"2024-25","Zyon Pullin","MEM",0.87,0.0,0.0,0.0,0.0,0.0,0.167,0.0,0.0,0.0,4.6021,48,34,0.5854
"2025-26","Jaden McDaniels","MIN",31.73,14.8493,4.2466,2.726,0.611,0.5791,0.182,0.1216,0.0794,0.1288,3.0193,49,33,0.5976
"2025-26","Onyeka Okongwu","ATL",31.04,15.1757,7.5946,3.1216,0.592,0.564,0.189,0.1394,0.1495,0.118,2.3072,46,36,0.561
"2025-26","Luka Dončić","LAL",35.76,33.4844,7.7344,8.2812,0.616,0.5628,0.368,0.4017,0.1293,0.1278,1.6992,53,29,0.6463
"2025-26","Wendell Carter Jr.","ORL",29.34,11.8205,7.3974,1.9744,0.617,0.5683,0.156,0.0929,0.1371,0.1181,0.5644,45,37,0.5488
"2025-26","Collin Gillespie","PHX",28.52,12.65,4.0875,4.6375,0.575,0.5558,0.181,0.2343,0.0796,0.1243,1.3843,45,37,0.5488
"2025-26","Bub Carrington","WAS",27.69,10.7073,3.3659,4.6463,0.556,0.5378,0.174,0.227,0.0605,0.1947,-11.5431,17,65,0.2073
"2025-26","AJ Green","MIL",29.10,10.3718,2.7308,1.9487,0.627,0.6117,0.135,0.0906,0.0547,0.1041,-6.3435,32,50,0.3902
"2025-26","Julian Champagnie","SAS",27.63,11.1098,5.7683,1.5488,0.609,0.5784,0.146,0.0728,0.1109,0.0844,8.0749,62,20,0.7561
"2025-26","Nikola Jokić","DEN",34.84,27.6769,12.8615,10.7231,0.67,0.6184,0.289,0.524,0.2182,0.1532,5.051,54,28,0.6585
"2025-26","CJ McCollum","ATL",29.78,18.7368,3.3158,3.8553,0.566,0.5377,0.247,0.1934,0.068,0.0969,2.3072,46,36,0.561
"2025-26","Shai Gilgeous-Alexander","OKC",33.22,31.1324,4.2941,6.5882,0.665,0.5969,0.323,0.3495,0.0706,0.0867,10.8012,64,18,0.7805
"2025-26","Matas Buzelis","CHI",29.20,16.2597,5.8182,2.0519,0.586,0.553,0.223,0.1055,0.0963,0.1296,-4.9928,31,51,0.378
"2025-26","Saddiq Bey","NOP",31.19,17.6528,5.5556,2.5278,0.579,0.529,0.213,0.1177,0.0916,0.0584,-4.5085,26,56,0.3171
"2025-26","Max Christie","DAL",29.15,12.2727,3.2338,1.961,0.601,0.5655,0.162,0.0959,0.0599,0.1088,-5.3094,26,56,0.3171
"2025-26","Immanuel Quickley","TOR",31.88,16.4286,4.0286,5.9286,0.577,0.5414,0.206,0.2613,0.0709,0.0929,2.5169,46,36,0.561
"2025-26","De'Aaron Fox","SAS",30.99,18.5556,3.75,6.1806,0.578,0.5487,0.242,0.2955,0.0643,0.1243,8.0749,62,20,0.7561
"2025-26","Kris Dunn","LAC",27.20,7.2683,3.3049,3.5976,0.581,0.5597,0.122,0.1829,0.0675,0.178,1.104,42,40,0.5122
"2025-26","OG Anunoby","NYK",33.19,16.6866,5.2388,2.1642,0.62,0.5815,0.194,0.0928,0.0922,0.1201,6.3149,53,29,0.6463
"2025-26","Royce O'Neale","PHX",28.37,9.8077,4.7692,2.6667,0.596,0.5904,0.139,0.1289,0.0934,0.1383,1.3843,45,37,0.5488
"2025-26","Quentin Grimes","PHI",29.41,13.4133,3.64,3.2533,0.585,0.5344,0.183,0.1578,0.069,0.134,-0.1605,45,37,0.5488
"2025-26","Deni Avdija","POR",33.32,24.2121,6.8788,6.697,0.6,0.5211,0.285,0.3215,0.1154,0.1596,-0.1793,42,40,0.5122
"2025-26","Naji Marshall","DAL",29.51,15.2432,4.7027,3.2568,0.592,0.5481,0.2,0.1692,0.086,0.111,-5.3094,26,56,0.3171
"2025-26","Cade Cunningham","DET",33.93,23.9219,5.5469,9.9062,0.564,0.5135,0.296,0.4523,0.094,0.1481,8.013,60,22,0.7317
"2025-26","Reed Sheppard","HOU",26.18,13.5366,2.9024,3.378,0.564,0.5502,0.21,0.1855,0.0614,0.1111,5.2322,52,30,0.6341
"2025-26","Devin Booker","PHX",33.54,26.0625,3.875,6.0312,0.585,0.5067,0.307,0.3029,0.0642,0.1235,1.3843,45,37,0.5488
"2025-26","Anthony Edwards","MIN",35.03,28.8033,4.9508,3.7049,0.617,0.5723,0.309,0.1749,0.0839,0.1089,3.0193,49,33,0.5976
"2025-26","Tim Hardaway Jr.","DEN",26.59,13.4875,2.575,1.35,0.624,0.5905,0.177,0.0717,0.0572,0.0473,5.051,54,28,0.6585
"2025-26","Jaime Jaquez Jr.","MIA",28.28,15.36,5.0,4.6933,0.57,0.5388,0.216,0.2404,0.0917,0.1308,2.0935,43,39,0.5244
"2025-26","Duncan Robinson","DET",27.44,12.1948,2.6623,2.0649,0.629,0.6132,0.152,0.1007,0.0558,0.0675,8.013,60,22,0.7317
"2025-26","Jeremiah Fears","NOP",25.75,14.2561,3.6585,3.4024,0.525,0.4846,0.245,0.1955,0.0731,0.1377,-4.5085,26,56,0.3171
"2025-26","Donovan Clingan","POR",27.19,12.1299,11.5844,2.1039,0.604,0.5819,0.163,0.114,0.2381,0.1094,-0.1793,42,40,0.5122
"2025-26","Kawhi Leonard","LAC",32.07,27.8923,6.3538,3.6,0.629,0.5731,0.326,0.2156,0.11,0.0845,1.104,42,40,0.5122
"2025-26","Evan Mobley","CLE",31.91,18.1538,9.0154,3.6,0.596,0.5821,0.221,0.1708,0.1669,0.1097,3.9451,52,30,0.6341
"2025-26","Andrew Wiggins","MIA",30.33,15.3676,4.8382,2.6765,0.586,0.5591,0.194,0.1226,0.0827,0.1035,2.0935,43,39,0.5244
"2025-26","Jake LaRavia","LAL",25.14,8.2195,3.9756,1.7683,0.571,0.5335,0.138,0.0922,0.0945,0.1285,1.6992,53,29,0.6463
"2025-26","Pascal Siakam","IND",33.17,23.9516,6.629,3.8065,0.562,0.5294,0.292,0.1935,0.1041,0.0946,-7.7429,19,63,0.2317
"2025-26","Cason Wallace","OKC",26.57,8.5714,3.0909,2.5974,0.538,0.518,0.141,0.1273,0.0636,0.1063,10.8012,64,18,0.7805
"2025-26","Devin Vassell","SAS",30.51,13.9104,4.0149,2.4925,0.574,0.547,0.176,0.1101,0.0699,0.0688,8.0749,62,20,0.7561
"2025-26","Stephon Castle","SAS",29.97,16.6618,5.3235,7.3824,0.575,0.5208,0.243,0.3449,0.0944,0.1804,8.0749,62,20,0.7561
"2025-26","Derik Queen","NOP",24.98,11.7037,7.0617,3.679,0.546,0.4886,0.214,0.2081,0.1454,0.1796,-4.5085,26,56,0.3171
"2025-26","LaMelo Ball","CHA",28.02,20.0694,4.8194,7.1389,0.546,0.5161,0.306,0.4256,0.0956,0.1325,4.885,44,38,0.5366
"2025-26","Naz Reid","MIN",26.07,13.5844,6.1948,2.2078,0.565,0.5488,0.212,0.123,0.141,0.1199,3.0193,49,33,0.5976
"2025-26","Davion Mitchell","MIA",28.58,9.3429,2.6714,6.4714,0.582,0.5741,0.137,0.2909,0.0485,0.1613,2.0935,43,39,0.5244
"2025-26","Bruce Brown","DEN",24.36,7.9146,3.878,2.122,0.562,0.5297,0.142,0.1165,0.0941,0.1361,5.051,54,28,0.6585
"2025-26","Chet Holmgren","OKC",28.95,17.1159,8.8986,1.6667,0.653,0.6136,0.214,0.0855,0.168,0.1058,10.8012,64,18,0.7805
"2025-26","Josh Hart","NYK",30.21,12.0,7.3636,4.803,0.612,0.5929,0.163,0.2188,0.1424,0.1652,6.3149,53,29,0.6463
"2025-26","LeBron James","LAL",33.15,20.9333,6.0667,7.2,0.594,0.5566,0.262,0.3385,0.1094,0.1447,1.6992,53,29,0.6463
"2025-26","Ace Bailey","UTA",27.61,13.7917,4.1944,1.8194,0.533,0.5196,0.21,0.0941,0.0856,0.1031,-8.0067,22,60,0.2683
"2025-26","Harrison Barnes","SAS",25.80,9.9351,2.7662,1.9221,0.608,0.5765,0.144,0.0966,0.057,0.0884,8.0749,62,20,0.7561
"2025-26","Jalen Duren","DET",28.23,19.5,10.5286,1.9714,0.688,0.6501,0.231,0.1102,0.2145,0.1158,8.013,60,22,0.7317
"2025-26","Brandon Miller","CHA",30.28,20.1692,4.9077,3.3385,0.574,0.5326,0.272,0.1782,0.0901,0.1249,4.885,44,38,0.5366
"2025-26","Maxime Raynaud","SAC",26.54,12.4595,7.5135,1.3514,0.619,0.5887,0.178,0.0742,0.1527,0.112,-9.7968,22,60,0.2683
"2025-26","Deandre Ayton","LAL",27.20,12.4583,7.9861,0.8194,0.676,0.6705,0.164,0.0447,0.1755,0.1113,1.6992,53,29,0.6463
"2025-26","Jarace Walker","IND",25.70,11.6316,5.1447,2.5263,0.543,0.5095,0.2,0.1389,0.1043,0.1459,-7.7429,19,63,0.2317
"2025-26","Sam Hauser","BOS",24.80,9.2179,3.8462,1.4615,0.59,0.584,0.141,0.0774,0.0837,0.0543,7.8884,56,26,0.6829
"2025-26","Rui Hachimura","LAL",28.33,11.4706,3.3235,0.8382,0.62,0.6114,0.149,0.0411,0.0701,0.0626,1.6992,53,29,0.6463
"2025-26","Neemias Queta","BOS",25.34,10.2105,8.3684,1.6579,0.674,0.6543,0.145,0.0906,0.1781,0.1152,7.8884,56,26,0.6829
"2025-26","Nic Claxton","BKN",27.83,11.7391,6.9275,3.6667,0.592,0.5738,0.175,0.2244,0.1439,0.1231,-10.0196,20,62,0.2439
"2025-26","Myles Turner","MIL",26.93,11.9155,5.3239,1.4507,0.584,0.5534,0.181,0.0763,0.1153,0.1029,-6.3435,32,50,0.3902
"2025-26","Keldon Johnson","SAS",23.31,13.1829,5.3659,1.3537,0.613,0.5816,0.201,0.0846,0.1223,0.0735,8.0749,62,20,0.7561
"2025-26","Anthony Black","ORL",29.84,14.9844,3.8125,3.6875,0.549,0.5117,0.219,0.1801,0.0695,0.1313,0.5644,45,37,0.5488
"2025-26","Tristan da Silva","ORL",24.67,9.8961,3.6883,1.6104,0.576,0.5468,0.16,0.0907,0.0813,0.0944,0.5644,45,37,0.5488
"2025-26","Moussa Diabaté","CHA",26.01,7.8767,8.6986,1.9315,0.653,0.6322,0.112,0.1019,0.1859,0.1422,4.885,44,38,0.5366
"2025-26","Ausar Thompson","DET",25.97,9.8767,5.726,3.1233,0.545,0.5303,0.168,0.163,0.1268,0.1427,8.013,60,22,0.7317
"2025-26","Nique Clifford","SAC",25.09,8.6,3.76,2.3867,0.505,0.4824,0.167,0.127,0.0808,0.1537,-9.7968,22,60,0.2683
"2025-26","Ayo Dosunmu","MIN",27.26,14.8116,3.4348,3.6087,0.63,0.5991,0.197,0.1943,0.0748,0.1059,3.0193,49,33,0.5976
"2025-26","John Collins","LAC",27.12,13.5507,5.3188,1.0145,0.643,0.6199,0.188,0.0593,0.1089,0.1156,1.104,42,40,0.5122
"2025-26","Draymond Green","GSW",27.48,8.3824,5.5147,5.5294,0.54,0.5204,0.158,0.2698,0.1052,0.2553,-0.5461,37,45,0.4512
"2025-26","Victor Wembanyama","SAS",29.15,25.0,11.5,3.1094,0.626,0.5685,0.316,0.1758,0.2096,0.1082,8.0749,62,20,0.7561
"2025-26","Russell Westbrook","SAC",28.95,15.1719,5.4375,6.6562,0.528,0.503,0.252,0.3343,0.1013,0.1852,-9.7968,22,60,0.2683
"2025-26","Jamal Shead","TOR",22.59,6.6463,1.7439,5.4146,0.491,0.4504,0.149,0.3028,0.0433,0.1679,2.5169,46,36,0.561
"2025-26","Pelle Larsson","MIA",26.42,11.4286,3.4857,3.3714,0.605,0.551,0.165,0.1681,0.0684,0.1326,2.0935,43,39,0.5244
"2025-26","Luguentz Dort","OKC",26.79,8.3478,3.5507,1.2319,0.524,0.5076,0.139,0.0588,0.0724,0.0895,10.8012,64,18,0.7805
"2025-26","Sion James","CHA",22.48,5.378,3.5,1.9878,0.531,0.4825,0.109,0.1142,0.0866,0.1354,4.885,44,38,0.5366
"2025-26","Zion Williamson","NOP",29.69,21.0,5.6935,3.2097,0.644,0.6004,0.25,0.1744,0.0986,0.1108,-4.5085,26,56,0.3171
"2025-26","Jaylen Wells","MEM",26.39,12.5362,3.1884,1.6087,0.559,0.5236,0.189,0.0922,0.0585,0.0873,-5.7455,25,57,0.3049
"2025-26","Nikola Vučević","BOS",28.41,15.0781,8.3906,3.3281,0.574,0.5557,0.213,0.1736,0.1593,0.0919,7.8884,56,26,0.6829
"2025-26","Oso Ighodaro","PHX",22.05,6.4756,5.0976,2.2561,0.636,0.653,0.12,0.1429,0.1284,0.1948,1.3843,45,37,0.5488
"2025-26","Kyle Kuzma","MIL",26.17,12.9855,4.5362,2.6667,0.581,0.5522,0.212,0.1529,0.1011,0.1337,-6.3435,32,50,0.3902
"2025-26","Kyle Filipowski","UTA",23.39,11.4156,7.1688,2.5714,0.586,0.5479,0.197,0.1527,0.1727,0.1428,-8.0067,22,60,0.2683
"2025-26","Keyonte George","UTA",33.08,23.6111,3.6852,6.1481,0.609,0.5323,0.275,0.2757,0.0628,0.1368,-8.0067,22,60,0.2683
"2025-26","Andrew Nembhard","IND",31.33,16.9474,2.807,7.6667,0.564,0.5133,0.233,0.3609,0.0467,0.138,-7.7429,19,63,0.2317
"2025-26","Noah Clowney","BKN",26.97,12.2576,4.1364,1.6364,0.554,0.4984,0.202,0.0979,0.0887,0.1227,-10.0196,20,62,0.2439
"2025-26","Jaylon Tyson","CLE",26.93,13.2121,5.1212,2.2273,0.608,0.5918,0.189,0.118,0.1124,0.1213,3.9451,52,30,0.6341
"2025-26","Marcus Smart","LAL",28.53,9.3387,2.7742,2.9839,0.543,0.4968,0.151,0.1353,0.0581,0.1473,1.6992,53,29,0.6463
"2025-26","Brice Sensabaugh","UTA",23.49,14.88,3.08,1.9067,0.59,0.5543,0.244,0.1201,0.0739,0.1159,-8.0067,22,60,0.2683
"2025-26","Austin Reaves","LAL",34.54,23.2745,4.7059,5.4902,0.641,0.5669,0.258,0.2381,0.0814,0.1403,1.6992,53,29,0.6463
"2025-26","Tre Jones","CHI",26.96,14.0615,3.1385,5.3846,0.637,0.5859,0.186,0.2982,0.0562,0.1137,-4.9928,31,51,0.378
"2025-26","Sandro Mamukelashvili","TOR",21.88,11.1625,4.9375,1.8875,0.637,0.6141,0.181,0.1227,0.1265,0.0873,2.5169,46,36,0.561
"2025-26","Tobias Harris","DET",27.71,13.2698,5.127,2.4921,0.574,0.5311,0.181,0.1248,0.1064,0.0796,8.013,60,22,0.7317
"2025-26","Precious Achiuwa","SAC",23.91,10.0822,6.7397,1.3836,0.558,0.551,0.172,0.0827,0.1521,0.0898,-9.7968,22,60,0.2683
"2025-26","P.J. Washington","DAL",30.99,14.1607,7.0357,1.75,0.537,0.5076,0.194,0.0838,0.1225,0.113,-5.3094,26,56,0.3171
"2025-26","Josh Giddey","CHI",32.06,17.0185,8.2963,9.1481,0.562,0.5195,0.238,0.4202,0.125,0.1934,-4.9928,31,51,0.378
"2025-26","RJ Barrett","TOR",30.28,19.2632,5.2632,3.3158,0.585,0.5502,0.254,0.1662,0.0975,0.0954,2.5169,46,36,0.561
"2025-26","Jay Huff","IND",20.97,9.5488,3.9512,1.4756,0.598,0.5736,0.178,0.1012,0.0982,0.104,-7.7429,19,63,0.2317
"2025-26","Norman Powell","MIA",29.60,21.7414,3.4828,2.4655,0.609,0.5575,0.262,0.1255,0.061,0.0969,2.0935,43,39,0.5244
"2025-26","Cam Spencer","MEM",23.81,11.0833,2.5417,5.5556,0.649,0.6043,0.166,0.3467,0.0517,0.1314,-5.7455,25,57,0.3049
"2025-26","Kel'el Ware","MIA",22.13,11.0519,9.013,0.7273,0.616,0.6009,0.174,0.0465,0.2112,0.0823,2.0935,43,39,0.5244
"2025-26","Dillon Brooks","PHX",30.39,20.1964,3.625,1.7679,0.54,0.501,0.279,0.0965,0.0663,0.0855,1.3843,45,37,0.5488
"2025-26","Dennis Schröder","CLE",24.23,10.8,2.7143,4.8714,0.526,0.465,0.21,0.2731,0.0662,0.1471,3.9451,52,30,0.6341
"2025-26","Jerami Grant","POR",29.74,18.5965,3.4737,2.1404,0.608,0.5466,0.228,0.1101,0.0653,0.1201,-0.1793,42,40,0.5122
"2025-26","Isaac Okoro","CHI",26.90,9.2698,2.746,1.5873,0.574,0.5392,0.137,0.0797,0.0493,0.083,-4.9928,31,51,0.378
"2025-26","Michael Porter Jr.","BKN",32.47,24.2115,7.0577,3.0385,0.595,0.5553,0.292,0.1881,0.1257,0.1034,-10.0196,20,62,0.2439
"2025-26","Dominick Barlow","PHI",23.78,7.6761,4.7887,1.2254,0.597,0.5652,0.125,0.0708,0.1122,0.1092,-0.1605,45,37,0.5488
"2025-26","Luke Kennard","LAL",21.54,8.359,2.3333,2.2308,0.689,0.6648,0.131,0.1401,0.0647,0.1125,1.6992,53,29,0.6463
"2025-26","Cameron Johnson","DEN",30.50,12.2222,3.8148,2.4444,0.629,0.5958,0.144,0.1093,0.0739,0.0823,5.051,54,28,0.6585
"2025-26","Brook Lopez","LAC",21.80,8.4533,3.64,1.2933,0.552,0.5332,0.171,0.0868,0.0927,0.096,1.104,42,40,0.5122
"2025-26","Will Riley","WAS",22.06,10.3243,2.8649,1.973,0.548,0.5016,0.196,0.1257,0.0647,0.1188,-11.5431,17,65,0.2073
"2025-26","Cody Williams","UTA",24.34,8.7761,2.9552,2.0448,0.524,0.4951,0.159,0.1115,0.0684,0.1151,-8.0067,22,60,0.2683
"2025-26","Bennedict Mathurin","LAC",30.00,17.5741,5.4259,2.3889,0.575,0.4852,0.246,0.1234,0.1004,0.1252,1.104,42,40,0.5122
"2025-26","Bobby Portis Jr.","MIL",24.17,13.6567,6.3881,1.5672,0.587,0.578,0.225,0.1032,0.1541,0.078,-6.3435,32,50,0.3902
"2025-26","Collin Sexton","CHI",23.72,15.4412,2.2794,3.2794,0.615,0.5606,0.248,0.2156,0.0464,0.1417,-4.9928,31,51,0.378
"2025-26","Cedric Coward","MEM",25.77,13.5968,5.871,2.7581,0.585,0.5424,0.207,0.1684,0.1103,0.1271,-5.7455,25,57,0.3049
"2025-26","Peyton Watson","DEN",29.59,14.6111,4.8889,2.0556,0.594,0.5602,0.204,0.1002,0.0977,0.1228,5.051,54,28,0.6585
"2025-26","Herbert Jones","NOP",28.36,8.8571,3.3929,2.7679,0.491,0.4665,0.153,0.1272,0.0615,0.1262,-4.5085,26,56,0.3171
"2025-26","Kelly Oubre Jr.","PHI",31.49,14.1,5.04,1.6,0.58,0.546,0.179,0.0732,0.0892,0.102,-0.1605,45,37,0.5488
"2025-26","Jalen Suggs","ORL",27.61,13.7895,3.8596,5.4737,0.561,0.5285,0.22,0.2885,0.076,0.1783,0.5644,45,37,0.5488
"2025-26","Jordan Goodwin","PHX",22.45,8.7,4.8714,2.1571,0.525,0.5135,0.167,0.1368,0.1205,0.105,1.3843,45,37,0.5488
"2025-26","Jrue Holiday","POR",29.44,16.3208,4.6226,6.0755,0.573,0.548,0.227,0.3205,0.0878,0.162,-0.1793,42,40,0.5122
"2025-26","Dylan Harper","SAS",22.58,11.7826,3.3913,3.8551,0.574,0.5511,0.211,0.2472,0.0798,0.1226,8.0749,62,20,0.7561
"2025-26","Ronald Holland II","DET",19.88,8.2051,4.0385,1.2179,0.525,0.4779,0.184,0.0821,0.1169,0.1361,8.013,60,22,0.7317
"2025-26","Tari Eason","HOU",25.82,10.45,6.2667,1.5,0.514,0.4957,0.181,0.0797,0.1345,0.1173,5.2322,52,30,0.6341
"2025-26","Kevin Huerter","DET",22.45,10.0435,3.4783,2.5797,0.552,0.5352,0.184,0.1587,0.0891,0.103,8.013,60,22,0.7317
"2025-26","Moses Moody","GSW",25.66,12.1333,3.3333,1.6333,0.6,0.5754,0.174,0.0914,0.0681,0.0859,-0.5461,37,45,0.4512
"2025-26","Terance Mann","BKN",24.27,7.2222,3.1746,3.0159,0.564,0.5326,0.133,0.191,0.0756,0.1497,-10.0196,20,62,0.2439
"2025-26","Jarrett Allen","CLE",27.13,15.3571,8.5,1.7857,0.669,0.6392,0.196,0.099,0.1852,0.1045,3.9451,52,30,0.6341
"2025-26","Isaiah Collier","UTA",25.71,11.661,2.5424,7.1695,0.567,0.5214,0.204,0.3814,0.0557,0.196,-8.0067,22,60,0.2683
"2025-26","Isaiah Joe","OKC",21.23,11.0563,2.5493,1.3239,0.657,0.6215,0.178,0.0858,0.0656,0.0701,10.8012,64,18,0.7805
"2025-26","Jock Landale","ATL",22.15,10.5588,5.6912,1.6912,0.595,0.5821,0.177,0.1069,0.157,0.0904,2.3072,46,36,0.561
"2025-26","Zaccharie Risacher","ATL",22.44,9.5672,3.8358,1.1343,0.557,0.5438,0.168,0.0684,0.1045,0.0915,2.3072,46,36,0.561
"2025-26","Klay Thompson","DAL",21.69,11.7391,2.0725,1.3913,0.541,0.5316,0.214,0.0982,0.0516,0.0776,-5.3094,26,56,0.3171
"2025-26","Ryan Kalkbrenner","CHA",21.44,7.5507,5.4638,0.7826,0.762,0.7526,0.113,0.052,0.1417,0.1535,4.885,44,38,0.5366
"2025-26","Keon Ellis","CLE",20.54,6.6667,1.875,1.0,0.579,0.5586,0.129,0.0631,0.054,0.09,3.9451,52,30,0.6341
"2025-26","Patrick Williams","CHI",20.47,7.0139,2.9861,1.4583,0.494,0.4718,0.159,0.0958,0.0705,0.128,-4.9928,31,51,0.378
"2025-26","Ja'Kobe Walter","TOR",20.47,7.5139,2.5694,1.1944,0.61,0.5817,0.136,0.0759,0.0704,0.077,2.5169,46,36,0.561
"2025-26","Ajay Mitchell","OKC",25.84,13.5789,3.3333,3.614,0.585,0.5364,0.21,0.2007,0.0705,0.1091,10.8012,64,18,0.7805
"2025-26","Shaedon Sharpe","POR",29.43,20.84,4.34,2.64,0.546,0.5109,0.293,0.154,0.0824,0.1334,-0.1793,42,40,0.5122
"2025-26","Bilal Coulibaly","WAS",26.21,11.7321,4.3393,2.5893,0.531,0.4852,0.193,0.1371,0.0824,0.1157,-11.5431,17,65,0.2073
"2025-26","Grayson Allen","PHX",28.77,16.4902,3.0392,3.8235,0.568,0.5225,0.231,0.1999,0.0587,0.1007,1.3843,45,37,0.5488
"2025-26","Brandon Williams","DAL",22.16,13.0152,2.8939,3.8788,0.572,0.5008,0.242,0.2713,0.0705,0.1427,-5.3094,26,56,0.3171
"2025-26","Daniss Jenkins","DET",20.21,9.3194,2.3056,3.8611,0.525,0.4727,0.209,0.2587,0.0656,0.1526,8.013,60,22,0.7317
"2025-26","Jaren Jackson Jr.","UTA",30.31,19.3958,5.6667,1.9583,0.576,0.5341,0.253,0.0973,0.1054,0.1169,-8.0067,22,60,0.2683
"2025-26","Ivica Zubac","IND",30.14,14.1042,10.6042,2.1875,0.622,0.5975,0.186,0.109,0.1834,0.1364,-7.7429,19,63,0.2317
"2025-26","Javonte Green","DET",17.63,6.939,2.8049,0.6829,0.607,0.5604,0.143,0.0503,0.0915,0.0875,8.013,60,22,0.7317
"2025-26","Tre Johnson","WAS",24.05,12.2167,2.8333,2.0333,0.535,0.5077,0.22,0.1226,0.0587,0.1195,-11.5431,17,65,0.2073
"2025-26","Lauri Markkanen","UTA",34.35,26.7381,6.881,2.119,0.608,0.5484,0.269,0.0975,0.1129,0.0639,-8.0067,22,60,0.2683
"2025-26","Khris Middleton","DAL",22.84,10.1587,3.6667,2.7937,0.533,0.4824,0.198,0.1782,0.0866,0.1526,-5.3094,26,56,0.3171
"2025-26","Sidy Cissoko","POR",19.13,5.1067,2.2133,1.4667,0.514,0.4865,0.123,0.1014,0.0646,0.1581,-0.1793,42,40,0.5122
"2025-26","Luke Kornet","SAS",21.03,6.5294,6.0882,1.8529,0.689,0.6434,0.1,0.1129,0.1538,0.08,8.0749,62,20,0.7561
"2025-26","Baylor Scheierman","BOS",18.56,5.5455,3.4935,1.5065,0.616,0.5991,0.117,0.1033,0.1015,0.1172,7.8884,56,26,0.6829
"2025-26","Spencer Jones","DEN",22.14,5.5,3.2656,0.7969,0.619,0.6126,0.097,0.0462,0.0872,0.0983,5.051,54,28,0.6585
"2025-26","Mark Williams","PHX",23.60,11.6667,7.95,0.9667,0.68,0.645,0.167,0.0631,0.1871,0.1121,1.3843,45,37,0.5488
"2025-26","Aaron Wiggins","OKC",21.75,9.4,3.0615,1.6769,0.538,0.5205,0.194,0.1059,0.0769,0.1249,10.8012,64,18,0.7805
"2025-26","Walter Clayton Jr.","MEM",20.44,7.7971,2.0145,4.0435,0.523,0.4653,0.181,0.2822,0.0477,0.1841,-5.7455,25,57,0.3049
"2025-26","Christian Braun","DEN",31.80,11.9545,4.7955,2.7273,0.607,0.5746,0.142,0.1179,0.0892,0.0903,5.051,54,28,0.6585
"2025-26","Gui Santos","GSW",20.52,9.1912,3.9118,2.3382,0.609,0.5848,0.181,0.165,0.1,0.1659,-0.5461,37,45,0.4512
"2025-26","Vít Krejčí","POR",21.42,8.4615,2.2769,1.5385,0.609,0.5967,0.142,0.101,0.0594,0.0833,-0.1793,42,40,0.5122
"2025-26","Kyshawn George","WAS",28.98,14.7917,5.1042,4.4583,0.559,0.5243,0.222,0.2212,0.0877,0.1646,-11.5431,17,65,0.2073
"2025-26","Ben Sheppard","IND",21.39,7.0615,3.0,1.7538,0.561,0.5426,0.131,0.1102,0.0731,0.091,-7.7429,19,63,0.2317
"2025-26","Justin Champagnie","WAS",19.96,8.6522,5.5652,1.2174,0.589,0.5595,0.161,0.086,0.1388,0.0815,-11.5431,17,65,0.2073
"2025-26","Gary Trent Jr.","MIL",21.19,8.1385,1.0308,1.2154,0.533,0.5169,0.167,0.0795,0.0284,0.0764,-6.3435,32,50,0.3902
"2025-26","Sam Merrill","CLE",26.48,12.75,2.5577,2.4038,0.644,0.624,0.167,0.1253,0.0571,0.0755,3.9451,52,30,0.6341
"2025-26","Will Richard","GSW",19.95,6.3913,2.4928,1.3478,0.596,0.5708,0.123,0.0916,0.0655,0.1254,-0.5461,37,45,0.4512
"2025-26","Anfernee Simons","CHI",24.94,14.2727,2.4545,2.4364,0.576,0.5525,0.227,0.1487,0.0475,0.0907,-4.9928,31,51,0.378
"2025-26","Jose Alvarado","NYK",19.86,7.3913,2.4783,3.3913,0.543,0.529,0.167,0.2304,0.0729,0.141,6.3149,53,29,0.6463
"2025-26","Malik Monk","SAC",21.99,12.4516,1.8871,2.9839,0.568,0.5364,0.234,0.2001,0.0463,0.1182,-9.7968,22,60,0.2683
"2025-26","Ryan Dunn","PHX",19.36,5.8143,4.2429,1.4571,0.532,0.5304,0.136,0.1035,0.1217,0.1277,1.3843,45,37,0.5488
"2025-26","Josh Okogie","HOU",17.36,4.5256,2.5641,0.8846,0.544,0.5306,0.112,0.0643,0.0819,0.1122,5.2322,52,30,0.6341
"2025-26","Kobe Sanders","LAC",19.87,7.2794,2.25,1.6029,0.597,0.5703,0.155,0.1164,0.0629,0.1635,1.104,42,40,0.5122
"2025-26","Derrick Jones Jr.","LAC",26.99,10.08,3.46,1.38,0.6,0.5712,0.144,0.0746,0.0712,0.087,1.104,42,40,0.5122
"2025-26","Darius Garland","LAC",29.87,18.7778,2.3778,6.6889,0.582,0.5506,0.266,0.3761,0.0442,0.1519,1.104,42,40,0.5122
"2025-26","Aaron Nesmith","IND",29.67,13.8,4.1556,1.9111,0.554,0.5166,0.19,0.0913,0.073,0.101,-7.7429,19,63,0.2317
"2025-26","Kris Murray","POR",23.39,5.807,3.614,1.4211,0.55,0.529,0.103,0.0808,0.0864,0.135,-0.1793,42,40,0.5122
"2025-26","Stephen Curry","GSW",30.90,26.5581,3.5814,4.7209,0.637,0.587,0.308,0.2662,0.0608,0.1189,-0.5461,37,45,0.4512
"2025-26","Jordan Miller","LAC",22.08,9.9667,3.0333,2.2667,0.628,0.5789,0.177,0.1543,0.0763,0.1169,1.104,42,40,0.5122
"2025-26","Drake Powell","BKN",20.94,6.4762,1.7619,1.4444,0.521,0.4735,0.149,0.1059,0.0486,0.1328,-10.0196,20,62,0.2439
"2025-26","Jericho Sims","MIL",19.67,4.9851,5.5224,1.5522,0.772,0.7838,0.095,0.106,0.1637,0.2575,-6.3435,32,50,0.3902
"2025-26","Dean Wade","CLE",22.33,5.7966,4.1864,1.4915,0.58,0.5665,0.097,0.0841,0.1108,0.0515,3.9451,52,30,0.6341
"2025-26","Isaiah Stewart","DET",22.71,10.0172,5.0,1.1379,0.632,0.5995,0.164,0.0686,0.1266,0.1272,8.013,60,22,0.7317
"2025-26","Egor Dëmin","BKN",25.16,10.3077,3.1731,3.3269,0.561,0.5367,0.182,0.2121,0.0729,0.1526,-10.0196,20,62,0.2439
"2025-26","Alex Sarr","WAS",27.18,16.3125,7.3958,2.7083,0.544,0.5198,0.252,0.1568,0.1355,0.1022,-11.5431,17,65,0.2073
"2025-26","Yves Missi","NOP",19.65,5.7121,5.8333,1.2727,0.556,0.5442,0.122,0.0853,0.1527,0.1374,-4.5085,26,56,0.3171
"2025-26","Nicolas Batum","LAC",17.49,3.9595,2.4865,0.8649,0.603,0.5966,0.092,0.0658,0.0789,0.1322,1.104,42,40,0.5122
"2025-26","Ziaire Williams","BKN",22.88,10.2321,2.3929,1.0714,0.579,0.5242,0.179,0.0759,0.0605,0.1066,-10.0196,20,62,0.2439
"2025-26","Jordan Clarkson","NYK",17.77,8.6389,1.7639,1.3333,0.548,0.5171,0.203,0.1084,0.058,0.0999,6.3149,53,29,0.6463
"2025-26","Jaylin Williams","OKC",19.65,7.2154,5.5077,2.4308,0.597,0.5625,0.153,0.1597,0.1531,0.1458,10.8012,64,18,0.7805
"2025-26","Kevin Porter Jr.","MIL",33.18,17.3947,5.2105,7.3684,0.567,0.5097,0.236,0.334,0.0915,0.1588,-6.3435,32,50,0.3902
"2025-26","Coby White","CHA",25.00,17.36,3.4,4.0,0.595,0.5385,0.283,0.2552,0.0756,0.1494,4.885,44,38,0.5366
"2025-26","Collin Murray-Boyles","TOR",21.85,8.4912,5.0,1.8596,0.621,0.6038,0.15,0.1162,0.1283,0.1315,2.5169,46,36,0.561
"2025-26","Nolan Traore","BKN",22.20,8.9107,1.7679,3.8036,0.479,0.4436,0.224,0.279,0.046,0.1987,-10.0196,20,62,0.2439
"2025-26","Adem Bona","PHI",17.38,4.8451,4.3239,0.4507,0.638,0.6,0.108,0.0346,0.1387,0.1719,-0.1605,45,37,0.5488
"2025-26","Andre Drummond","PHI",19.54,6.3968,8.4444,1.2698,0.539,0.5193,0.143,0.0895,0.2409,0.1402,-0.1605,45,37,0.5488
"2025-26","Pat Spencer","GSW",18.62,7.2121,2.3939,3.5152,0.516,0.4954,0.185,0.2681,0.0674,0.1557,-0.5461,37,45,0.4512
"2025-26","Zach LaVine","SAC",31.39,19.1795,2.7692,2.2821,0.614,0.5695,0.234,0.109,0.0476,0.1083,-9.7968,22,60,0.2683
"2025-26","Jordan Walsh","BOS",17.82,5.3529,4.0,0.7941,0.623,0.5993,0.114,0.0572,0.121,0.107,7.8884,56,26,0.6829
"2025-26","Jaxson Hayes","LAL",18.28,7.5303,4.1061,0.8939,0.758,0.7615,0.124,0.0684,0.1342,0.0864,1.6992,53,29,0.6463
"2025-26","Marvin Bagley III","DAL",20.02,10.45,6.1,1.4167,0.661,0.6472,0.18,0.1119,0.1645,0.1139,-5.3094,26,56,0.3171
"2025-26","Joel Embiid","PHI",31.60,26.8684,7.7105,3.9474,0.605,0.5273,0.336,0.2187,0.136,0.1143,-0.1605,45,37,0.5488
"2025-26","Santi Aldama","MEM",27.86,14.0,6.6744,2.9302,0.572,0.5525,0.191,0.1654,0.116,0.0946,-5.7455,25,57,0.3049
"2025-26","Daniel Gafford","DAL",21.72,9.5273,6.8727,1.0545,0.677,0.6551,0.151,0.0724,0.1708,0.14,-5.3094,26,56,0.3171
"2025-26","Danny Wolf","BKN",20.83,8.9123,4.9298,2.2281,0.521,0.4818,0.201,0.1752,0.1369,0.1301,-10.0196,20,62,0.2439
"2025-26","Jimmy Butler III","GSW",31.10,20.0,5.5526,4.8684,0.646,0.5541,0.226,0.24,0.0936,0.0926,-0.5461,37,45,0.4512
"2025-26","Mouhamed Gueye","ATL",15.31,4.4416,3.5714,0.8961,0.539,0.5207,0.12,0.0741,0.1425,0.0942,2.3072,46,36,0.561
"2025-26","GG Jackson","MEM",21.41,12.4727,4.2727,1.4727,0.591,0.5584,0.23,0.1128,0.0967,0.1277,-5.7455,25,57,0.3049
"2025-26","Bones Hyland","MIN",16.58,8.507,1.7887,2.6479,0.599,0.5769,0.197,0.2261,0.064,0.1219,3.0193,49,33,0.5976
"2025-26","De'Andre Hunter","SAC",26.12,13.6667,4.1111,2.0,0.545,0.49,0.218,0.1087,0.0849,0.1174,-9.7968,22,60,0.2683
"2025-26","Mitchell Robinson","NYK",19.58,5.6667,8.75,0.8667,0.676,0.7233,0.102,0.059,0.2612,0.1403,6.3149,53,29,0.6463
"2025-26","Simone Fontecchio","MIA",16.75,8.5286,3.0143,1.4429,0.579,0.5425,0.184,0.1159,0.0933,0.0867,2.0935,43,39,0.5244
"2025-26","Landry Shamet","NYK",22.96,9.3137,1.8039,1.4118,0.598,0.5783,0.151,0.0829,0.0459,0.0702,6.3149,53,29,0.6463
"2025-26","Ryan Nembhard","DAL",19.51,6.6167,2.2167,5.2667,0.492,0.4769,0.173,0.3824,0.0613,0.174,-5.3094,26,56,0.3171
"2025-26","Day'Ron Sharpe","BKN",18.71,8.7097,6.6613,2.3387,0.638,0.6138,0.19,0.217,0.2059,0.2004,-10.0196,20,62,0.2439
"2025-26","Jared McCain","OKC",17.31,8.3284,2.0448,1.3433,0.551,0.5281,0.198,0.1085,0.0645,0.0997,10.8012,64,18,0.7805
"2025-26","Quinten Post","GSW",17.30,7.6567,4.0149,1.403,0.56,0.5456,0.183,0.1177,0.1217,0.109,-0.5461,37,45,0.4512
"2025-26","Svi Mykhailiuk","UTA",23.11,9.38,2.48,1.86,0.626,0.6133,0.143,0.1074,0.0605,0.1009,-8.0067,22,60,0.2683
"2025-26","Caris LeVert","DET",19.24,7.3833,1.95,2.65,0.518,0.4936,0.178,0.182,0.0583,0.1608,8.013,60,22,0.7317
"2025-26","Jakob Poeltl","TOR",24.98,10.7174,7.0217,2.0217,0.698,0.7,0.15,0.1152,0.1576,0.139,2.5169,46,36,0.561
"2025-26","Craig Porter Jr.","CLE",17.93,4.5156,3.4375,3.2031,0.524,0.5136,0.119,0.2274,0.1133,0.1763,3.9451,52,30,0.6341
"2025-26","Gary Payton II","GSW",15.65,7.4932,3.6301,1.6849,0.632,0.6277,0.177,0.1673,0.1217,0.1254,-0.5461,37,45,0.4512
"2025-26","Dru Smith","MIA",16.30,5.6429,2.4714,2.5714,0.532,0.4738,0.142,0.1995,0.0786,0.129,2.0935,43,39,0.5244
"2025-26","Isaiah Hartenstein","OKC",24.20,9.1915,9.4255,3.5319,0.631,0.6216,0.153,0.2001,0.2128,0.1933,10.8012,64,18,0.7805
"2025-26","Paul George","PHI",30.68,17.3243,5.2973,3.5946,0.57,0.5361,0.229,0.1783,0.0963,0.1023,-0.1605,45,37,0.5488
"2025-26","Jarred Vanderbilt","LAL",17.35,4.4308,4.4923,1.2923,0.544,0.5312,0.119,0.0956,0.1547,0.1747,1.6992,53,29,0.6463
"2025-26","De'Anthony Melton","GSW",22.96,12.2857,3.2245,2.551,0.518,0.4754,0.244,0.1672,0.0736,0.1354,-0.5461,37,45,0.4512
"2025-26","Taylor Hendricks","MEM",18.96,7.4237,3.7458,0.9322,0.566,0.5479,0.157,0.0723,0.0957,0.1145,-5.7455,25,57,0.3049
"2025-26","Luka Garza","BOS",16.20,8.0725,4.0725,0.9565,0.682,0.6541,0.168,0.0835,0.1356,0.1012,7.8884,56,26,0.6829
"2025-26","John Konchar","UTA",19.90,4.4286,4.2857,2.1071,0.568,0.5427,0.09,0.1299,0.1213,0.1381,-8.0067,22,60,0.2683
"2025-26","Ousmane Dieng","MIL",19.29,7.5614,3.1579,2.386,0.516,0.5013,0.192,0.1763,0.0954,0.1522,-6.3435,32,50,0.3902
"2025-26","Jalen Smith","CHI",20.67,10.2075,6.6981,1.2264,0.608,0.5842,0.183,0.0864,0.1566,0.1064,-4.9928,31,51,0.378
"2025-26","Kentavious Caldwell-Pope","MEM",21.32,8.3922,2.451,2.7255,0.533,0.485,0.173,0.1857,0.0557,0.132,-5.7455,25,57,0.3049
"2025-26","Hugo González","BOS",14.65,3.9054,3.3243,0.5405,0.561,0.561,0.114,0.0471,0.1224,0.1286,7.8884,56,26,0.6829
"2025-26","Jusuf Nurkić","UTA",26.42,10.9024,10.3659,4.7805,0.548,0.5377,0.186,0.2469,0.2211,0.1985,-8.0067,22,60,0.2683
"2025-26","Miles McBride","NYK",26.34,11.9756,2.439,2.5854,0.578,0.5619,0.174,0.1365,0.0541,0.0721,6.3149,53,29,0.6463
"2025-26","Corey Kispert","ATL",18.61,9.1724,2.2759,1.5862,0.609,0.5774,0.179,0.1166,0.0747,0.0934,2.3072,46,36,0.561
"2025-26","Rayan Rupert","MEM",16.76,5.1875,2.9375,1.0625,0.493,0.4633,0.148,0.0891,0.0849,0.1404,-5.7455,25,57,0.3049
"2025-26","Gradey Dick","TOR",14.04,5.9868,1.9342,0.6711,0.538,0.4922,0.176,0.0646,0.0773,0.0904,2.5169,46,36,0.561
"2025-26","Giannis Antetokounmpo","MIL",28.87,27.5833,9.7778,5.4444,0.658,0.6363,0.358,0.3807,0.1975,0.1322,-6.3435,32,50,0.3902
"2025-26","Tyler Herro","MIA",31.29,20.5152,4.7879,4.1212,0.602,0.5612,0.248,0.1966,0.0794,0.1022,2.0935,43,39,0.5244
"2025-26","Jamir Watkins","WAS",20.64,7.36,3.88,1.34,0.554,0.5253,0.148,0.0866,0.0936,0.1075,-11.5431,17,65,0.2073
"2025-26","Alex Caruso","OKC",18.22,6.2143,2.7679,1.9643,0.54,0.5117,0.152,0.1406,0.083,0.1296,10.8012,64,18,0.7805
"2025-26","Franz Wagner","ORL",29.97,20.5588,5.2059,3.3235,0.588,0.5286,0.256,0.1768,0.0945,0.0889,0.5644,45,37,0.5488
"2025-26","Caleb Love","POR",20.67,10.3878,2.3265,2.5102,0.497,0.4827,0.228,0.1837,0.0629,0.1081,-0.1793,42,40,0.5122
"2025-26","Robert Williams III","POR",17.09,6.7288,7.0339,1.0169,0.722,0.726,0.129,0.0884,0.23,0.1512,-0.1793,42,40,0.5122
"2025-26","Guerschon Yabusele","CHI",15.03,5.5672,3.4925,0.9403,0.543,0.5112,0.155,0.0845,0.1122,0.1066,-4.9928,31,51,0.378
"2025-26","Aaron Gordon","DEN",27.92,16.1667,5.8056,2.6667,0.62,0.5741,0.213,0.1416,0.1229,0.0748,5.051,54,28,0.6585
"2025-26","Nae'Qwan Tomlin","CLE",15.68,5.8438,2.9062,0.8281,0.549,0.5207,0.151,0.0717,0.1095,0.0784,3.9451,52,30,0.6341
"2025-26","Mike Conley","MIN",18.36,4.537,1.7222,2.9074,0.517,0.4651,0.113,0.1946,0.0557,0.1255,3.0193,49,33,0.5976
"2025-26","Olivier-Maxence Prosper","MEM",18.56,10.0,3.5283,0.9623,0.662,0.6343,0.183,0.0822,0.0921,0.1051,-5.7455,25,57,0.3049
"2025-26","Tyus Jones","DEN",14.61,2.9701,1.1343,2.3731,0.448,0.4404,0.103,0.2046,0.0459,0.1012,5.051,54,28,0.6585
"2025-26","Justin Edwards","PHI",15.27,6.0312,1.4688,1.25,0.572,0.5516,0.154,0.1155,0.0536,0.0965,-0.1605,45,37,0.5488
"2025-26","Ochai Agbaji","BKN",15.70,5.0645,2.2742,0.7581,0.525,0.4964,0.142,0.076,0.0838,0.094,-10.0196,20,62,0.2439
"2025-26","Goga Bitadze","ORL",15.19,5.8594,5.0,1.3125,0.7,0.68,0.128,0.1217,0.179,0.1384,0.5644,45,37,0.5488
"2025-26","Rob Dillingham","CHI",14.92,6.2923,2.0154,2.2,0.469,0.4466,0.218,0.2117,0.0652,0.1865,-4.9928,31,51,0.378
"2025-26","Al Horford","GSW",21.54,8.2667,4.8667,2.5778,0.554,0.5401,0.163,0.1678,0.1185,0.1113,-0.5461,37,45,0.4512
"2025-26","T.J. McConnell","IND",17.19,9.375,2.2143,5.125,0.567,0.5556,0.227,0.4862,0.0671,0.1215,-7.7429,19,63,0.2317
"2025-26","Kobe Brown","IND",15.78,5.7869,3.0328,1.3115,0.594,0.5646,0.154,0.1134,0.1002,0.1514,-7.7429,19,63,0.2317
"2025-26","Anthony Gill","WAS",17.29,5.8364,2.8727,1.2545,0.682,0.6674,0.116,0.0986,0.0827,0.1327,-11.5431,17,65,0.2073
"2025-26","Kasparas Jakučionis","MIA",17.82,6.1887,2.6038,2.5849,0.614,0.5672,0.129,0.1811,0.0758,0.1577,2.0935,43,39,0.5244
"2025-26","Jalen Williams","OKC",28.36,17.0606,4.6364,5.4848,0.56,0.5101,0.252,0.2929,0.0893,0.1114,10.8012,64,18,0.7805
"2025-26","Jordan Poole","NOP",23.93,13.4359,1.9744,3.0513,0.53,0.4797,0.235,0.1806,0.0424,0.1225,-4.5085,26,56,0.3171
"2025-26","Clint Capela","HOU",12.34,3.76,4.6,0.6667,0.54,0.522,0.133,0.0713,0.2066,0.1356,5.2322,52,30,0.6341
"2025-26","Ben Saraf","BKN",20.83,7.5455,2.0909,3.2955,0.486,0.4274,0.202,0.2514,0.0581,0.2246,-10.0196,20,62,0.2439
"2025-26","Micah Peavy","NOP",14.97,4.2951,1.918,1.0,0.455,0.4364,0.135,0.0872,0.0659,0.065,-4.5085,26,56,0.3171
"2025-26","Karlo Matković","NOP",14.71,5.6774,3.6935,0.8065,0.696,0.6851,0.128,0.0754,0.1292,0.1185,-4.5085,26,56,0.3171
"2025-26","Micah Potter","IND",19.33,9.7447,4.9574,1.4681,0.679,0.6365,0.174,0.1088,0.1337,0.1223,-7.7429,19,63,0.2317
"2025-26","Isaiah Jackson","LAC",16.51,6.7273,5.2727,0.9455,0.653,0.6371,0.152,0.0869,0.1773,0.17,1.104,42,40,0.5122
"2025-26","Josh Green","CHA",15.65,4.2931,1.7586,0.8103,0.644,0.6188,0.104,0.0683,0.0625,0.1533,4.885,44,38,0.5366
"2025-26","Dylan Cardwell","SAC",20.60,5.4091,7.5455,1.4091,0.591,0.5922,0.108,0.0894,0.1975,0.1622,-9.7968,22,60,0.2683
"2025-26","Dwight Powell","DAL",14.36,3.3333,4.0794,1.0794,0.699,0.6535,0.084,0.0974,0.1534,0.2143,-5.3094,26,56,0.3171
"2025-26","Paul Reed","DET",13.86,7.7538,4.5231,1.2308,0.65,0.6357,0.2,0.1334,0.1878,0.1302,8.013,60,22,0.7317
"2025-26","Jaden Hardy","WAS",15.76,9.1754,1.5088,1.0175,0.566,0.5455,0.239,0.0957,0.0477,0.1183,-11.5431,17,65,0.2073
"2025-26","Quenton Jackson","IND",18.31,9.1429,2.3265,2.8571,0.589,0.5335,0.2,0.2251,0.0662,0.1402,-7.7429,19,63,0.2317
"2025-26","Jaylen Clark","MIN",13.05,4.0441,1.7647,0.6324,0.534,0.5066,0.126,0.0625,0.0802,0.082,3.0193,49,33,0.5976
"2025-26","Cam Thomas","MIL",20.96,13.5,1.6905,2.5714,0.53,0.4664,0.295,0.1917,0.047,0.1214,-6.3435,32,50,0.3902
"2025-26","Bryce McGowens","NOP",20.95,8.0952,2.0952,1.4762,0.61,0.5612,0.136,0.0936,0.0514,0.0575,-4.5085,26,56,0.3171
"2025-26","Gabe Vincent","ATL",16.59,4.3585,1.0189,1.434,0.511,0.4884,0.119,0.1061,0.0375,0.1067,2.3072,46,36,0.561
"2025-26","Jonas Valanciunas","DEN",13.40,8.7231,5.0615,1.2,0.63,0.5923,0.26,0.1465,0.2233,0.1396,5.051,54,28,0.6585
"2025-26","Jevon Carter","ORL",16.37,6.3962,1.6792,1.6415,0.537,0.5277,0.166,0.1384,0.0558,0.1025,0.5644,45,37,0.5488
"2025-26","Trendon Watford","PHI",16.30,6.5283,3.283,2.4906,0.573,0.5336,0.17,0.2197,0.1123,0.1749,-0.1605,45,37,0.5488
"2025-26","Julian Strawther","DEN",15.10,7.2456,2.0,1.0702,0.59,0.558,0.187,0.1015,0.0783,0.0933,5.051,54,28,0.6585
"2025-26","Jalen Wilson","BKN",15.91,6.3519,2.1111,0.9259,0.536,0.4928,0.177,0.092,0.0767,0.1061,-10.0196,20,62,0.2439
"2025-26","Caleb Martin","DAL",14.76,3.9138,2.4655,1.3966,0.526,0.5026,0.122,0.127,0.0902,0.1563,-5.3094,26,56,0.3171
"2025-26","Kenrich Williams","OKC",15.27,6.4821,3.3393,1.4107,0.569,0.5574,0.178,0.127,0.1195,0.1188,10.8012,64,18,0.7805
"2025-26","Kyle Anderson","MIN",19.84,6.186,3.4884,2.9302,0.573,0.5396,0.131,0.194,0.1043,0.144,3.0193,49,33,0.5976
"2025-26","Daeqwon Plowden","SAC",26.39,10.75,3.0312,1.2812,0.572,0.5412,0.157,0.0657,0.062,0.0796,-9.7968,22,60,0.2683
"2025-26","Josh Minott","BKN",17.01,7.4286,3.2245,0.9388,0.653,0.627,0.162,0.0905,0.1096,0.1336,-10.0196,20,62,0.2439
"2025-26","Jonathan Kuminga","ATL",23.07,12.1667,5.6111,2.3056,0.557,0.5147,0.226,0.1403,0.1486,0.1456,2.3072,46,36,0.561
"2025-26","Javon Small","MEM",20.24,9.6585,3.122,3.6829,0.611,0.5694,0.183,0.2737,0.0747,0.1473,-5.7455,25,57,0.3049
"2025-26","Jalen Green","PHX",25.89,17.75,3.625,2.8438,0.516,0.4912,0.309,0.187,0.0778,0.1157,1.3843,45,37,0.5488
"2025-26","Vince Williams Jr.","UTA",20.48,7.5,3.875,4.15,0.478,0.4469,0.19,0.2619,0.1066,0.1823,-8.0067,22,60,0.2683
"2025-26","Buddy Hield","ATL",16.06,7.6471,2.2745,1.3922,0.568,0.5505,0.192,0.1193,0.0865,0.1227,2.3072,46,36,0.561
"2025-26","Carter Bryant","SAS",11.52,4.1972,2.507,0.662,0.526,0.5057,0.158,0.0745,0.1157,0.1043,8.0749,62,20,0.7561
"2025-26","Nikola Jović","MIA",17.19,7.3191,3.2553,2.1702,0.48,0.4379,0.203,0.1647,0.0982,0.1535,2.0935,43,39,0.5244
"2025-26","Jalen Pickett","DEN",16.13,5.2,2.28,2.3,0.541,0.528,0.148,0.1901,0.0836,0.1239,5.051,54,28,0.6585
"2025-26","Keegan Murray","SAC",34.48,13.9565,5.7391,1.6522,0.499,0.4717,0.182,0.0663,0.0898,0.0775,-9.7968,22,60,0.2683
"2025-26","Aaron Holiday","HOU",13.70,5.4737,1.0175,1.0526,0.578,0.5496,0.159,0.1024,0.0412,0.1234,5.2322,52,30,0.6341
"2025-26","Tyrese Martin","PHI",16.88,6.3043,2.5217,1.6957,0.501,0.4892,0.178,0.1405,0.0833,0.1215,-0.1605,45,37,0.5488
"2025-26","Kristaps Porziņģis","GSW",24.03,16.6562,5.2188,2.5312,0.582,0.5155,0.265,0.1671,0.1139,0.0822,-0.5461,37,45,0.4512
"2025-26","Jabari Walker","PHI",11.90,4.3125,3.0,0.5312,0.568,0.5305,0.142,0.0613,0.1405,0.1,-0.1605,45,37,0.5488
"2025-26","Noah Penda","ORL",12.84,3.8475,3.1695,1.1864,0.506,0.4778,0.14,0.1219,0.1343,0.1578,0.5644,45,37,0.5488
"2025-26","Scoot Henderson","POR",24.93,14.2333,2.6667,3.7333,0.553,0.5015,0.246,0.2277,0.0598,0.159,-0.1793,42,40,0.5122
"2025-26","Pete Nance","MIL",15.68,5.4043,2.6596,1.0213,0.639,0.6443,0.132,0.0906,0.0989,0.1156,-6.3435,32,50,0.3902
"2025-26","Thomas Bryant","CLE",12.20,6.1667,3.4167,0.55,0.625,0.5936,0.182,0.0642,0.1655,0.0864,3.9451,52,30,0.6341
"2025-26","Steven Adams","HOU",22.82,5.8438,8.625,1.5,0.535,0.5036,0.116,0.0833,0.2094,0.167,5.2322,52,30,0.6341
"2025-26","Lonzo Ball","CLE",20.79,4.5714,4.0,3.8857,0.432,0.4148,0.13,0.2297,0.1137,0.2192,3.9451,52,30,0.6341
"2025-26","Tyler Kolek","NYK",11.73,4.4194,1.5806,2.7419,0.533,0.5242,0.173,0.3207,0.0787,0.1764,6.3149,53,29,0.6463
"2025-26","Leonard Miller","CHI",15.62,7.8478,3.9348,0.8696,0.633,0.6145,0.176,0.084,0.1217,0.112,-4.9928,31,51,0.378
"2025-26","Grant Williams","CHA",19.76,7.0,3.9444,1.5556,0.609,0.5683,0.132,0.1064,0.111,0.1304,4.885,44,38,0.5366
"2025-26","Nick Richards","CHI",14.60,5.75,5.0625,0.3333,0.562,0.5249,0.176,0.0318,0.1675,0.1938,-4.9928,31,51,0.378
"2025-26","Sharife Cooper","WAS",17.07,8.122,2.0976,3.0244,0.609,0.5729,0.197,0.2545,0.0612,0.1824,-11.5431,17,65,0.2073
"2025-26","Devin Carter","SAC",18.42,8.9211,3.2895,2.6579,0.508,0.4658,0.226,0.2038,0.0963,0.1394,-9.7968,22,60,0.2683
"2025-26","Jett Howard","ORL",12.64,5.4727,1.5818,0.8182,0.561,0.5259,0.166,0.0905,0.068,0.053,0.5644,45,37,0.5488
"2025-26","Jordan Hawkins","NOP",13.57,5.0588,1.7255,0.8235,0.48,0.4572,0.175,0.0813,0.0654,0.1123,-4.5085,26,56,0.3171
"2025-26","Rasheer Fleming","PHX",12.24,4.3273,2.2545,0.2909,0.517,0.5093,0.159,0.033,0.1023,0.112,1.3843,45,37,0.5488
"2025-26","Jahmai Mashack","MEM",21.71,6.1935,2.6129,2.2258,0.456,0.4436,0.156,0.144,0.0583,0.1889,-5.7455,25,57,0.3049
"2025-26","Tristan Vukcevic","WAS",13.69,9.0,3.0,1.1224,0.603,0.5584,0.259,0.1259,0.1091,0.1449,-11.5431,17,65,0.2073
"2025-26","Jaden Ivey","CHI",18.12,8.5405,2.4595,1.8378,0.571,0.543,0.192,0.1461,0.0656,0.1291,-4.9928,31,51,0.378
"2025-26","Tre Mann","CHA",12.61,5.4906,1.7358,1.6226,0.462,0.4422,0.231,0.1874,0.0765,0.1464,4.885,44,38,0.5366
"2025-26","Gary Harris","MIL",13.77,2.6667,1.2708,1.0625,0.593,0.5769,0.082,0.0984,0.0538,0.1497,-6.3435,32,50,0.3902
"2025-26","Ethan Thompson","IND",20.41,6.9688,2.1562,1.7812,0.515,0.4745,0.154,0.1161,0.055,0.1034,-7.7429,19,63,0.2317
"2025-26","Jamaree Bouyea","PHX",14.00,5.7174,1.7826,1.7826,0.523,0.5064,0.184,0.1871,0.0707,0.1066,1.3843,45,37,0.5488
"2025-26","Johnny Furphy","IND",18.37,5.1429,4.3714,1.1714,0.547,0.547,0.125,0.0844,0.124,0.1499,-7.7429,19,63,0.2317
"2025-26","Mohamed Diawara","NYK",9.19,3.5652,1.3623,0.7681,0.55,0.5352,0.169,0.1136,0.0866,0.1183,6.3149,53,29,0.6463
"2025-26","Zeke Nnaji","DEN",12.04,3.6538,2.6154,0.5577,0.558,0.5166,0.136,0.0611,0.1284,0.1368,5.051,54,28,0.6585
"2025-26","Anthony Davis","WAS",31.28,20.35,11.05,2.8,0.551,0.521,0.272,0.1474,0.1759,0.0998,-11.5431,17,65,0.2073
"2025-26","Dorian Finney-Smith","HOU",16.77,3.3243,2.5135,0.973,0.452,0.4356,0.104,0.0713,0.0831,0.1393,5.2322,52,30,0.6341
"2025-26","Kam Jones","IND",16.66,4.3784,1.6216,3.2162,0.47,0.4675,0.141,0.2559,0.0507,0.1726,-7.7429,19,63,0.2317
"2025-26","Kevin Love","UTA",16.56,6.7027,5.8108,1.8108,0.568,0.5302,0.161,0.1419,0.1977,0.1208,-8.0067,22,60,0.2683
"2025-26","Taurean Prince","MIL",23.51,9.1923,3.1154,1.7692,0.617,0.6099,0.157,0.1054,0.0772,0.138,-6.3435,32,50,0.3902
"2025-26","Jase Richardson","ORL",10.87,4.4259,1.1667,1.0741,0.574,0.5479,0.162,0.1383,0.0584,0.1072,0.5644,45,37,0.5488
"2025-26","Tidjane Salaün","CHA",15.55,6.0,4.027,0.7297,0.629,0.6164,0.147,0.0661,0.144,0.1283,4.885,44,38,0.5366
"2025-26","Ja Morant","MEM",28.43,19.45,3.25,8.05,0.521,0.441,0.305,0.4767,0.0554,0.1597,-5.7455,25,57,0.3049
"2025-26","Domantas Sabonis","SAC",29.66,15.8421,11.3684,4.1053,0.59,0.5543,0.223,0.2072,0.2067,0.1667,-9.7968,22,60,0.2683
"2025-26","Dalton Knecht","LAL",10.24,4.2222,1.3889,0.3889,0.568,0.555,0.171,0.0526,0.0811,0.1028,1.6992,53,29,0.6463
"2025-26","Drew Eubanks","SAC",13.15,5.2143,3.0238,0.4524,0.605,0.5994,0.161,0.0483,0.124,0.1421,-9.7968,22,60,0.2683
"2025-26","Dalen Terry","PHI",11.48,3.6667,1.7917,1.375,0.523,0.5161,0.139,0.1637,0.087,0.1339,-0.1605,45,37,0.5488
"2025-26","Tyrese Proctor","CLE",10.90,5.44,1.28,1.48,0.556,0.5156,0.214,0.1897,0.0694,0.1404,3.9451,52,30,0.6341
"2025-26","Elijah Harkless","UTA",20.95,6.8462,2.0385,2.8846,0.471,0.4006,0.162,0.1721,0.0548,0.1208,-8.0067,22,60,0.2683
"2025-26","Terrence Shannon Jr","MIN",12.50,5.6047,1.1395,0.8837,0.597,0.5409,0.171,0.0951,0.0541,0.1063,3.0193,49,33,0.5976
"2025-26","Keaton Wallace","ATL",10.11,3.5094,1.0566,1.7736,0.52,0.5088,0.161,0.2265,0.0638,0.1353,2.3072,46,36,0.561
"2025-26","Moussa Cisse","DAL",13.94,4.4737,5.6842,0.2368,0.564,0.5739,0.136,0.0236,0.2202,0.1661,-5.3094,26,56,0.3171
"2025-26","Cole Anthony","MIL",15.05,6.6857,2.4857,3.4571,0.483,0.4719,0.244,0.3438,0.0963,0.2114,-6.3435,32,50,0.3902
"2025-26","Jayson Tatum","BOS",32.62,21.75,10.0,5.3125,0.541,0.493,0.29,0.2448,0.1654,0.1081,7.8884,56,26,0.6829
"2025-26","Jonathan Isaac","ORL",10.02,2.5769,2.5385,0.4231,0.498,0.4541,0.119,0.0543,0.1378,0.118,0.5644,45,37,0.5488
"2025-26","Jamison Battle","TOR",8.47,3.1475,1.459,0.3934,0.635,0.631,0.135,0.0621,0.0966,0.1117,2.5169,46,36,0.561
"2025-26","Asa Newell","ATL",11.36,5.1591,2.1818,0.5909,0.624,0.6243,0.16,0.0723,0.1173,0.1123,2.3072,46,36,0.561
"2025-26","Ariel Hukporti","NYK",9.22,2.1667,2.9444,0.537,0.619,0.5688,0.104,0.074,0.1866,0.2529,6.3149,53,29,0.6463
"2025-26","Trayce Jackson-Davis","TOR",9.36,3.4151,2.7358,0.7358,0.578,0.5766,0.142,0.1051,0.1639,0.1281,2.5169,46,36,0.561
"2025-26","D'Angelo Russell","WAS",19.03,10.1538,2.3462,4.0,0.511,0.4763,0.261,0.3057,0.0614,0.1594,-11.5431,17,65,0.2073
"2025-26","Taelon Peter","IND",12.95,4.5,1.5526,1.0526,0.518,0.5095,0.159,0.1094,0.0625,0.1406,-7.7429,19,63,0.2317
"2025-26","Bez Mbeng","UTA",32.81,8.1333,3.8,4.1333,0.55,0.53,0.106,0.1579,0.0653,0.1654,-8.0067,22,60,0.2683
"2025-26","Amir Coffey","PHX",10.66,3.2391,1.2391,0.587,0.594,0.5619,0.117,0.0748,0.0646,0.067,1.3843,45,37,0.5488
"2025-26","Branden Carlson","OKC",11.62,5.7619,2.9524,0.6905,0.613,0.6102,0.185,0.0861,0.1388,0.075,10.8012,64,18,0.7805
"2025-26","Jamal Cain","ORL",12.15,5.375,1.95,0.725,0.624,0.5789,0.159,0.0835,0.0873,0.0994,0.5644,45,37,0.5488
"2025-26","Cam Christie","LAC",8.72,2.8364,1.4182,0.5636,0.484,0.4245,0.168,0.0904,0.0903,0.1202,1.104,42,40,0.5122
"2025-26","Matisse Thybulle","POR",15.99,5.8,1.9667,0.9,0.6,0.5709,0.144,0.0773,0.0687,0.1618,-0.1793,42,40,0.5122
"2025-26","Jeremy Sochan","NYK",10.65,3.5909,2.4318,0.9091,0.563,0.5388,0.141,0.1152,0.1334,0.1301,6.3149,53,29,0.6463
"2025-26","Maxi Kleber","LAL",10.72,2.0,1.9535,0.6279,0.509,0.4932,0.092,0.0725,0.1089,0.1676,1.6992,53,29,0.6463
"2025-26","Marcus Sasser","DET",12.01,5.1842,1.0263,1.9737,0.533,0.5141,0.197,0.22,0.0491,0.1436,8.013,60,22,0.7317
"2025-26","AJ Johnson","DAL",9.45,3.3333,1.1458,0.9792,0.413,0.358,0.195,0.1443,0.0655,0.1342,-5.3094,26,56,0.3171
"2025-26","Bogdan Bogdanović","LAC",19.65,7.4348,2.5652,2.2174,0.525,0.4967,0.185,0.1624,0.0725,0.1421,1.104,42,40,0.5122
"2025-26","Tony Bradley","ATL",10.99,3.9512,2.8293,0.5366,0.596,0.5556,0.136,0.0643,0.1573,0.1169,2.3072,46,36,0.561
"2025-26","Larry Nance Jr.","CLE",12.82,3.7429,2.6571,0.9714,0.505,0.504,0.137,0.0983,0.1225,0.1336,3.9451,52,30,0.6341
"2025-26","Oscar Tshiebwe","UTA",16.61,7.8148,6.6296,1.1852,0.633,0.6345,0.162,0.1028,0.2249,0.112,-8.0067,22,60,0.2683
"2025-26","Doug McDermott","SAC",15.14,5.6552,1.2759,0.7586,0.574,0.5612,0.146,0.0661,0.0454,0.0834,-9.7968,22,60,0.2683
"2025-26","Leaky Black","WAS",28.87,7.0667,5.0,1.4667,0.498,0.4806,0.113,0.0647,0.0862,0.1162,-11.5431,17,65,0.2073
"2025-26","Julian Phillips","MIN",8.90,2.9167,1.0208,0.2083,0.534,0.5041,0.134,0.0305,0.0681,0.0774,3.0193,49,33,0.5976
"2025-26","Moritz Wagner","ORL",11.85,6.8611,3.1944,0.75,0.545,0.4821,0.237,0.0942,0.1466,0.0773,0.5644,45,37,0.5488
"2025-26","Obi Toppin","IND",17.66,11.625,4.4167,2.2917,0.636,0.5955,0.241,0.2065,0.1304,0.1133,-7.7429,19,63,0.2317
"2025-26","Yanic Konan Niederhäuser","LAC",10.33,4.2927,2.8537,0.2927,0.691,0.645,0.153,0.042,0.1534,0.153,1.104,42,40,0.5122
"2025-26","Khaman Maluach","PHX",8.94,3.0217,2.8913,0.1304,0.586,0.5571,0.142,0.0205,0.1798,0.174,1.3843,45,37,0.5488
"2025-26","Myron Gardner","MIA",9.12,3.6222,2.7111,0.9778,0.606,0.5854,0.139,0.1401,0.1541,0.1123,2.0935,43,39,0.5244
"2025-26","Andre Jackson Jr.","MIL",8.50,2.3542,1.5,0.8958,0.425,0.3908,0.17,0.1389,0.1029,0.1889,-6.3435,32,50,0.3902
"2025-26","Killian Hayes","SAC",17.63,5.5217,2.3478,3.5217,0.422,0.3659,0.179,0.2569,0.0718,0.157,-9.7968,22,60,0.2683
"2025-26","Jae'Sean Tate","HOU",8.80,2.8043,1.587,0.5435,0.567,0.5596,0.131,0.0827,0.1,0.1232,5.2322,52,30,0.6341
"2025-26","Julian Reese","WAS",30.88,11.8462,10.5385,1.8462,0.557,0.5294,0.173,0.0829,0.1699,0.1878,-11.5431,17,65,0.2073
"2025-26","Dejounte Murray","NOP",27.82,16.7143,5.3571,6.3571,0.58,0.5357,0.267,0.348,0.0991,0.1889,-4.5085,26,56,0.3171
"2025-26","Trae Young","WAS",25.58,17.9333,2.0,8.0,0.612,0.5339,0.262,0.4692,0.0389,0.1508,-11.5431,17,65,0.2073
"2025-26","Tyson Etienne","BKN",15.83,7.875,1.125,1.6667,0.588,0.5483,0.198,0.1732,0.0411,0.0905,-10.0196,20,62,0.2439
"2025-26","Bronny James","LAL",8.94,2.9048,0.5476,1.2143,0.517,0.5043,0.163,0.1801,0.0366,0.1747,1.6992,53,29,0.6463
"2025-26","Nick Smith Jr.","LAL",12.50,6.1667,0.7667,1.0333,0.552,0.5404,0.212,0.1194,0.0367,0.1113,1.6992,53,29,0.6463
"2025-26","Cameron Payne","PHI",17.02,7.4091,2.0,2.6364,0.514,0.4832,0.183,0.2196,0.0655,0.0648,-0.1605,45,37,0.5488
"2025-26","Liam McNeeley","CHA",11.86,4.2581,2.3548,0.7742,0.588,0.5263,0.144,0.0875,0.1104,0.1039,4.885,44,38,0.5366
"2025-26","Blake Wesley","POR",11.64,4.7742,1.2581,2.0,0.511,0.4919,0.189,0.2477,0.0604,0.1765,-0.1793,42,40,0.5122
"2025-26","Jeremiah Robinson-Earl","DAL",16.39,4.5909,4.6818,0.6818,0.468,0.42,0.129,0.0561,0.1542,0.1001,-5.3094,26,56,0.3171
"2025-26","Kelly Olynyk","SAS",8.58,3.1667,1.8095,1.1667,0.59,0.5521,0.16,0.1761,0.1121,0.1755,8.0749,62,20,0.7561
"2025-26","Malachi Smith","BKN",23.92,8.2667,3.4,3.2667,0.605,0.5859,0.136,0.2179,0.0822,0.1202,-10.0196,20,62,0.2439
"2025-26","Christian Koloko","ATL",13.21,2.7037,3.0,0.6667,0.453,0.4257,0.109,0.062,0.1388,0.1656,2.3072,46,36,0.561
"2025-26","Kennedy Chandler","UTA",32.29,15.0,3.3636,6.7273,0.529,0.5,0.195,0.2863,0.0587,0.1285,-8.0067,22,60,0.2683
"2025-26","Cam Whitmore","WAS",16.86,9.1905,2.7619,0.7143,0.528,0.503,0.225,0.0642,0.0816,0.0897,-11.5431,17,65,0.2073
"2025-26","E.J. Liddell","BKN",13.43,5.6538,2.6538,0.9231,0.6,0.5676,0.168,0.1135,0.1143,0.1091,-10.0196,20,62,0.2439
"2025-26","Brooks Barnhizer","OKC",8.70,1.7,1.95,0.55,0.451,0.4296,0.103,0.0777,0.1225,0.1171,10.8012,64,18,0.7805
"2025-26","Chaney Johnson","BKN",20.45,8.1765,4.6471,2.1176,0.635,0.5904,0.16,0.1688,0.1314,0.1546,-10.0196,20,62,0.2439
"2025-26","Isaiah Livers","PHX",9.65,1.8056,1.6944,0.5833,0.469,0.4375,0.094,0.077,0.0976,0.1476,1.3843,45,37,0.5488
"2025-26","Lachlan Olbrich","CHI",9.30,2.4054,3.027,1.1351,0.47,0.4805,0.125,0.1606,0.1572,0.1447,-4.9928,31,51,0.378
"2025-26","Ty Jerome","MEM",22.58,19.6667,2.8,5.6667,0.616,0.5721,0.332,0.4779,0.0601,0.1013,-5.7455,25,57,0.3049
"2025-26","Ron Harper Jr.","BOS",10.95,4.2414,1.6552,0.7586,0.55,0.5455,0.158,0.0928,0.0815,0.0668,7.8884,56,26,0.6829
"2025-26","Joan Beringer","MIN",7.85,3.9,2.3,0.3,0.683,0.6633,0.156,0.0562,0.1738,0.0878,3.0193,49,33,0.5976
"2025-26","Jalen Slawson","IND",23.89,7.3077,4.3846,2.7692,0.562,0.539,0.136,0.1535,0.0957,0.1675,-7.7429,19,63,0.2317
"2025-26","Kevon Looney","NOP",14.64,2.8095,5.619,1.619,0.458,0.4333,0.096,0.138,0.1974,0.1226,-4.5085,26,56,0.3171
"2025-26","Tyler Burton","MEM",25.56,10.75,4.1667,1.0,0.521,0.4732,0.18,0.0567,0.079,0.0816,-5.7455,25,57,0.3049
"2025-26","Yang Hansen","POR",6.97,2.2093,1.5349,0.5116,0.413,0.335,0.196,0.0984,0.123,0.2177,-0.1793,42,40,0.5122
"2025-26","Pat Connaughton","CHA",7.06,2.619,1.4524,0.4286,0.586,0.5706,0.15,0.0842,0.1144,0.105,4.885,44,38,0.5366
"2025-26","LJ Cryer","GSW",16.23,8.2222,1.5556,1.0,0.59,0.5598,0.196,0.0887,0.0503,0.1005,-0.5461,37,45,0.4512
"2025-26","Max Strus","CLE",24.02,11.1667,5.4167,2.0,0.609,0.5991,0.17,0.1151,0.1332,0.0757,3.9451,52,30,0.6341
"2025-26","Blake Hinson","UTA",20.39,11.9286,2.3571,1.1429,0.684,0.6739,0.175,0.0809,0.0651,0.0394,-8.0067,22,60,0.2683
"2025-26","Lindy Waters III","SAS",7.12,2.375,0.725,0.475,0.532,0.5284,0.141,0.0848,0.0541,0.0727,8.0749,62,20,0.7561
"2025-26","Zach Edey","MEM",25.80,13.6364,11.0909,1.0909,0.669,0.6378,0.2,0.0695,0.2082,0.1883,-5.7455,25,57,0.3049
"2025-26","Jordan McLaughlin","SAS",6.40,2.0227,0.7273,0.8636,0.542,0.5253,0.143,0.1717,0.0604,0.1545,8.0749,62,20,0.7561
"2025-26","Keshad Johnson","MIA",8.74,4.25,1.9375,0.25,0.582,0.5529,0.171,0.0394,0.115,0.1002,2.0935,43,39,0.5244
"2025-26","Malevy Leons","GSW",11.06,3.32,2.12,0.92,0.516,0.4722,0.137,0.1125,0.1005,0.1392,-0.5461,37,45,0.4512
"2025-26","Malaki Branham","WAS",9.84,4.5714,1.5714,0.8214,0.604,0.5495,0.177,0.1157,0.0795,0.124,-11.5431,17,65,0.2073
"2025-26","Cormac Ryan","MIL",24.61,14.2727,2.5455,1.7273,0.692,0.652,0.206,0.1066,0.0603,0.1303,-6.3435,32,50,0.3902
"2025-26","Chaz Lanier","DET",7.71,2.3529,0.6765,0.5,0.436,0.4213,0.147,0.082,0.0505,0.0317,8.013,60,22,0.7317
"2025-26","Duop Reath","POR",8.07,2.9375,1.1875,0.3125,0.613,0.6014,0.13,0.0537,0.0823,0.0837,-0.1793,42,40,0.5122
"2025-26","KJ Simpson","DEN",12.88,4.55,1.85,2.15,0.426,0.404,0.21,0.2257,0.0849,0.1895,5.051,54,28,0.6585
"2025-26","John Poulakidas","DAL",19.50,8.8462,2.3077,0.8462,0.611,0.5989,0.153,0.0629,0.0639,0.0408,-5.3094,26,56,0.3171
"2025-26","Jonathan Mogbo","TOR",6.22,1.525,1.7,0.625,0.608,0.5909,0.102,0.1276,0.1532,0.2182,2.5169,46,36,0.561
"2025-26","Adama Bal","MEM",30.16,10.375,3.125,2.375,0.573,0.5441,0.134,0.1108,0.0502,0.0765,-5.7455,25,57,0.3049
"2025-26","Nate Williams","GSW",17.08,8.0,2.1429,1.0,0.592,0.5625,0.192,0.0866,0.0658,0.1369,-0.5461,37,45,0.4512
"2025-26","Drew Timme","LAL",8.71,3.4074,1.2222,0.8519,0.658,0.6591,0.155,0.1363,0.0839,0.1567,1.6992,53,29,0.6463
"2025-26","DeJon Jarreau","MEM",20.98,8.0,4.6364,3.2727,0.473,0.4217,0.211,0.2283,0.1071,0.2183,-5.7455,25,57,0.3049
"2025-26","Chris Paul","LAC",14.22,2.9375,1.75,3.3125,0.413,0.4107,0.135,0.3122,0.0683,0.2195,1.104,42,40,0.5122
"2025-26","A.J. Lawson","TOR",9.42,4.2083,1.7917,0.2917,0.588,0.5577,0.172,0.0418,0.1066,0.0653,2.5169,46,36,0.561
"2025-26","Lucas Williamson","MEM",31.96,10.4286,5.4286,2.5714,0.465,0.4333,0.159,0.1126,0.0823,0.113,-5.7455,25,57,0.3049
"2025-26","JD Davison","HOU",7.80,2.4643,1.2143,1.25,0.477,0.4375,0.153,0.2067,0.0863,0.0882,5.2322,52,30,0.6341
"2025-26","Toby Okani","MEM",36.18,10.0,3.5,1.0,0.408,0.4214,0.142,0.0389,0.0469,0.0392,-5.7455,25,57,0.3049
"2025-26","PJ Hall","CHA",11.23,4.5263,3.9474,0.5263,0.599,0.5339,0.17,0.0661,0.1954,0.1823,4.885,44,38,0.5366
"2025-26","Scotty Pippen Jr.","MEM",21.19,11.4,2.2,4.7,0.537,0.5,0.255,0.3559,0.0503,0.2028,-5.7455,25,57,0.3049
"2025-26","DaRon Holmes II","DEN",8.38,3.72,1.4,0.64,0.692,0.6721,0.171,0.1055,0.0988,0.1516,5.051,54,28,0.6585
"2025-26","Yuki Kawamura","CHI",11.61,3.4444,1.8333,2.6111,0.514,0.4327,0.133,0.2871,0.0763,0.1883,-4.9928,31,51,0.378
"2025-26","RayJ Dennis","ATL",12.13,4.3529,1.5294,1.9412,0.425,0.3976,0.195,0.2064,0.077,0.1635,2.3072,46,36,0.561
"2025-26","DeAndre Jordan","NOP",16.57,4.4167,6.3333,0.9167,0.671,0.6562,0.098,0.0712,0.1966,0.1856,-4.5085,26,56,0.3171
"2025-26","MarJon Beauchamp","PHI",14.01,6.7857,2.2857,1.0714,0.563,0.5395,0.203,0.1113,0.091,0.1335,-0.1605,45,37,0.5488
"2025-26","Garrison Mathews","IND",13.07,5.2,1.1333,0.6667,0.628,0.5673,0.134,0.0673,0.0452,0.0461,-7.7429,19,63,0.2317
"2025-26","Nigel Hayes-Davis","PHX",7.23,1.2593,1.2222,0.2593,0.356,0.3478,0.116,0.0465,0.0939,0.1435,1.3843,45,37,0.5488
"2025-26","Chris Youngblood","POR",5.44,2.0882,0.8235,0.3529,0.527,0.4921,0.162,0.0888,0.0845,0.0288,-0.1793,42,40,0.5122
"2025-26","Xavier Tillman","CHA",6.13,1.4667,1.4333,0.4333,0.461,0.4674,0.127,0.0954,0.13,0.1435,4.885,44,38,0.5366
"2025-26","Zach Collins","CHI",18.37,9.7,5.6,1.5,0.666,0.6484,0.177,0.1231,0.1472,0.1208,-4.9928,31,51,0.378
"2025-26","Dariq Whitehead","MEM",30.47,16.3333,4.0,1.5,0.51,0.5,0.231,0.0789,0.0636,0.0943,-5.7455,25,57,0.3049
"2025-26","Trevon Scott","BKN",30.37,8.0,5.1667,1.6667,0.456,0.44,0.136,0.0836,0.0984,0.0706,-10.0196,20,62,0.2439
"2025-26","Jeff Green","HOU",5.83,2.2333,0.8333,0.2667,0.477,0.4559,0.171,0.0617,0.0793,0.0539,5.2322,52,30,0.6341
"2025-26","Mason Plumlee","SAS",8.57,1.55,2.65,1.0,0.769,0.7857,0.074,0.139,0.1642,0.3731,8.0749,62,20,0.7561
"2025-26","Andersson Garcia","UTA",33.75,5.2,8.4,2.8,0.394,0.3276,0.094,0.0981,0.1402,0.1752,-8.0067,22,60,0.2683
"2025-26","Tyler Smith","DAL",13.80,4.6667,2.75,0.4167,0.532,0.52,0.135,0.0421,0.1076,0.1023,-5.3094,26,56,0.3171
"2025-26","Hunter Tyson","DEN",7.71,2.1905,1.7143,0.8095,0.398,0.3365,0.166,0.1337,0.1315,0.0797,5.051,54,28,0.6585
"2025-26","Nikola Topić","OKC",16.01,5.2,1.9,4.4,0.489,0.4902,0.204,0.3647,0.0648,0.3197,10.8012,64,18,0.7805
"2025-26","Kevin McCullar Jr.","NYK",7.38,2.381,1.3333,0.9524,0.508,0.5106,0.166,0.1724,0.1055,0.1961,6.3149,53,29,0.6463
"2025-26","Walker Kessler","UTA",30.80,14.4,10.8,3.0,0.786,0.7838,0.167,0.1334,0.1976,0.2589,-8.0067,22,60,0.2683
"2025-26","Charles Bassey","GSW",11.75,5.8462,4.3846,0.5385,0.681,0.6596,0.161,0.0703,0.1957,0.0971,-0.5461,37,45,0.4512
"2025-26","Joe Ingles","MIN",5.66,1.5185,0.7037,1.2593,0.735,0.7222,0.106,0.2849,0.0738,0.3343,3.0193,49,33,0.5976
"2025-26","Adou Thiero","LAL",5.96,1.88,1.12,0.4,0.578,0.5323,0.143,0.087,0.1124,0.1812,1.6992,53,29,0.6463
"2025-26","Thanasis Antetokounmpo","MIL",4.35,1.3824,0.8824,0.4412,0.52,0.4688,0.154,0.1346,0.1182,0.1812,-6.3435,32,50,0.3902
"2025-26","Amari Williams","BOS",6.62,1.3636,1.8182,0.4545,0.573,0.5,0.103,0.0834,0.148,0.296,7.8884,56,26,0.6829
"2025-26","Alijah Martin","TOR",6.33,2.2174,0.913,0.5217,0.437,0.36,0.185,0.1054,0.0809,0.1206,2.5169,46,36,0.561
"2025-26","Bismack Biyombo","SAS",5.65,0.92,1.04,0.2,0.636,0.6,0.082,0.0421,0.0977,0.3067,8.0749,62,20,0.7561
"2025-26","Tolu Smith","DET",9.16,3.7333,3.2667,0.8667,0.569,0.5,0.177,0.1233,0.2051,0.1246,8.013,60,22,0.7317
"2025-26","Pacôme Dadiet","NYK",4.68,1.6552,0.931,0.4138,0.454,0.4062,0.167,0.1163,0.1162,0.0537,6.3149,53,29,0.6463
"2025-26","Mac McClung","CHI",12.29,6.0909,0.9091,0.9091,0.501,0.4492,0.199,0.1066,0.0357,0.1185,-4.9928,31,51,0.378
"2025-26","Miles Kelly","DAL",9.55,3.0714,1.7143,0.8571,0.484,0.4773,0.144,0.1239,0.0969,0.119,-5.3094,26,56,0.3171
"2025-26","Seth Curry","GSW",13.30,7.1,1.2,1.0,0.654,0.6122,0.169,0.1114,0.0473,0.0355,-0.5461,37,45,0.4512
"2025-26","Bradley Beal","LAC",20.15,8.1667,0.8333,1.6667,0.476,0.4479,0.224,0.1223,0.023,0.1487,1.104,42,40,0.5122
"2025-26","Kobe Bufkin","LAL",7.47,2.875,0.8125,0.625,0.416,0.35,0.219,0.111,0.065,0.0829,1.6992,53,29,0.6463
"2025-26","Kyle Lowry","PHI",8.43,1.2143,0.6429,0.7857,0.308,0.24,0.106,0.1134,0.0425,0.1264,-0.1605,45,37,0.5488
"2025-26","Dereck Lively II","DAL",16.47,4.2857,5.2857,1.8571,0.67,0.6111,0.113,0.1506,0.1733,0.3086,-5.3094,26,56,0.3171
"2025-26","Trey Alexander","NOP",12.29,5.2222,1.2222,1.0,0.599,0.5946,0.148,0.1144,0.0511,0.0711,-4.5085,26,56,0.3171
"2025-26","Omer Yurtseven","GSW",11.55,3.7778,3.3333,0.8889,0.501,0.4231,0.167,0.1027,0.1513,0.2097,-0.5461,37,45,0.4512
"2025-26","Luke Travers","CLE",8.59,2.3333,2.0,0.75,0.35,0.2639,0.161,0.1092,0.1376,0.0698,3.9451,52,30,0.6341
"2025-26","Patrick Baldwin Jr.","SAC",11.39,3.6667,2.5556,0.5556,0.549,0.5185,0.142,0.0631,0.1211,0.1425,-9.7968,22,60,0.2683
"2025-26","Alondes Williams","WAS",25.20,11.0,6.25,3.0,0.745,0.7115,0.141,0.1656,0.1235,0.1448,-11.5431,17,65,0.2073
"2025-26","Taj Gibson","MEM",9.69,3.4,2.7,0.6,0.576,0.5192,0.123,0.0882,0.135,0.0328,-5.7455,25,57,0.3049
"2025-26","Chris Boucher","BOS",10.46,2.3333,2.0,0.3333,0.392,0.36,0.128,0.0395,0.1031,0.036,7.8884,56,26,0.6829
"2025-26","Javonte Cooke","POR",4.93,1.2105,1.0,0.3684,0.275,0.2561,0.205,0.0993,0.1134,0.1769,-0.1793,42,40,0.5122
"2025-26","Isaiah Crawford","HOU",6.58,2.0,1.1429,0.3571,0.526,0.4792,0.138,0.0699,0.0963,0.1305,5.2322,52,30,0.6341
"2025-26","Haywood Highsmith","PHX",12.97,5.4286,1.8571,1.0,0.729,0.6957,0.121,0.1077,0.0795,0.0,1.3843,45,37,0.5488
"2025-26","TyTy Washington Jr.","LAC",5.51,1.3125,0.375,1.0625,0.553,0.5526,0.113,0.2668,0.0378,0.1364,1.104,42,40,0.5122
"2025-26","Curtis Jones","DEN",8.77,2.9,1.1,1.0,0.52,0.5185,0.142,0.1528,0.0741,0.0669,5.051,54,28,0.6585
"2025-26","Johnny Juzang","MIN",4.18,2.0476,0.8095,0.2857,0.518,0.5,0.2,0.0972,0.115,0.1075,3.0193,49,33,0.5976
"2025-26","Tristan Enaruna","CLE",9.46,4.1111,1.5556,0.7778,0.587,0.5536,0.16,0.1139,0.0972,0.0869,3.9451,52,30,0.6341
"2025-26","Koby Brea","PHX",6.99,3.75,0.6667,0.8333,0.61,0.5972,0.203,0.1782,0.053,0.0978,1.3843,45,37,0.5488
"2025-26","Josh Oduro","NOP",27.26,8.3333,7.6667,1.3333,0.636,0.6471,0.09,0.0654,0.1447,0.0924,-4.5085,26,56,0.3171
"2025-26","Trey Jemison III","NYK",6.28,1.0,1.3846,0.3846,0.623,0.6,0.099,0.0762,0.1289,0.4892,6.3149,53,29,0.6463
"2025-26","Caleb Houstan","ATL",4.19,2.3333,0.6111,0.2222,0.769,0.75,0.168,0.0741,0.0891,0.1277,2.3072,46,36,0.561
"2025-26","Keshon Gilbert","ATL",18.45,4.25,1.25,3.0,0.564,0.4167,0.131,0.1951,0.0414,0.3466,2.3072,46,36,0.561
"2025-26","Eric Gordon","PHI",12.29,5.5,0.3333,0.5,0.754,0.7619,0.137,0.0587,0.0151,0.1206,-0.1605,45,37,0.5488
"2025-26","David Roddy","DEN",14.60,8.0,4.0,0.8,0.605,0.55,0.191,0.0822,0.1619,0.057,5.051,54,28,0.6585
"2025-26","Garrett Temple","TOR",3.32,0.7727,0.4091,0.4091,0.448,0.3667,0.152,0.1475,0.0692,0.2696,2.5169,46,36,0.561
"2025-26","Bobi Klintman","DET",5.95,1.8333,1.5833,0.5,0.388,0.4074,0.18,0.1089,0.1531,0.1748,8.013,60,22,0.7317
"2025-26","David Jones Garcia","SAS",6.18,2.9091,1.1818,1.6364,0.579,0.58,0.18,0.372,0.1016,0.1532,8.0749,62,20,0.7561
"2025-26","Antonio Reeves","CHA",6.77,2.7,0.8,0.3,0.675,0.675,0.133,0.0632,0.0657,0.0476,4.885,44,38,0.5366
"2025-26","Kadary Richmond","WAS",22.27,8.3333,3.3333,2.6667,0.722,0.6875,0.114,0.1645,0.0745,0.1035,-11.5431,17,65,0.2073
"2025-26","Monte Morris","IND",10.77,3.0,1.1667,1.5,0.414,0.4,0.141,0.1841,0.0565,0.0842,-7.7429,19,63,0.2317
"2025-26","Drew Peterson","CHA",10.71,0.8333,1.5,0.3333,0.148,0.125,0.108,0.038,0.0779,0.0,4.885,44,38,0.5366
"2025-26","Payton Sandfort","OKC",15.83,8.75,2.5,0.0,0.63,0.6346,0.186,0.0,0.0863,0.0348,10.8012,64,18,0.7805
"2025-26","Dalano Banton","BOS",10.28,2.0,0.8333,1.8333,0.436,0.3333,0.152,0.2158,0.0437,0.3676,7.8884,56,26,0.6829
"2025-26","DaQuan Jeffries","SAC",19.97,10.3333,1.6667,0.3333,0.731,0.6842,0.141,0.0239,0.045,0.0,-9.7968,22,60,0.2683
"2025-26","Wendell Moore Jr.","DET",9.93,1.6667,1.0,0.6667,0.635,0.5714,0.066,0.0809,0.0579,0.1126,8.013,60,22,0.7317
"2025-26","James Wiseman","IND",14.62,3.25,2.0,0.75,0.597,0.6,0.114,0.0673,0.0713,0.3149,-7.7429,19,63,0.2317
"2025-26","Jahmir Young","MIA",4.16,1.7857,0.2857,0.6429,0.483,0.46,0.178,0.2098,0.0356,0.1039,2.0935,43,39,0.5244
"2025-26","Riley Minix","CLE",6.45,3.8889,0.6667,0.5556,0.72,0.6957,0.176,0.1334,0.061,0.1098,3.9451,52,30,0.6341
"2025-26","Cody Martin","IND",13.80,1.75,3.5,0.5,0.277,0.2,0.119,0.0437,0.1322,0.2404,-7.7429,19,63,0.2317
"2025-26","Johni Broome","PHI",4.98,0.9091,1.4545,0.3636,0.188,0.1667,0.226,0.0934,0.1629,0.1012,-0.1605,45,37,0.5488
"2025-26","Lawson Lovering","MEM",24.63,7.0,7.5,1.5,0.574,0.6,0.106,0.0864,0.1475,0.1408,-5.7455,25,57,0.3049
"2025-26","Chris Mañon","LAL",5.12,0.7778,1.1111,0.3333,0.451,0.3333,0.081,0.0779,0.1297,0.1142,1.6992,53,29,0.6463
"2025-26","Mouhamadou Gueye","CHI",22.72,8.0,3.0,3.0,0.627,0.5909,0.138,0.1803,0.0638,0.1904,-4.9928,31,51,0.378
"2025-26","Mo Bamba","UTA",10.95,2.5,5.5,0.25,0.455,0.4545,0.123,0.0291,0.283,0.1538,-8.0067,22,60,0.2683
"2025-26","Isaiah Stevens","SAC",14.26,3.3333,1.0,3.3333,0.571,0.4286,0.107,0.2882,0.0378,0.1859,-9.7968,22,60,0.2683
"2025-26","Zyon Pullin","MIN",8.52,4.6,0.6,1.8,0.779,0.7308,0.167,0.313,0.0418,0.1689,3.0193,49,33,0.5976
"2025-26","Hunter Dickinson","NOP",8.50,2.4,1.0,0.4,0.403,0.3571,0.162,0.0615,0.0605,0.1678,-4.5085,26,56,0.3171
"2025-26","John Tonje","BOS",6.98,2.5,1.0,0.3333,0.476,0.3929,0.157,0.06,0.0772,0.0,7.8884,56,26,0.6829
"2025-26","Dario Saric","SAC",8.25,1.0,1.2,0.4,0.363,0.25,0.1,0.0566,0.0785,0.2252,-9.7968,22,60,0.2683
"2025-26","CJ Huntley","PHX",10.10,3.0,1.25,0.5,0.545,0.5455,0.107,0.0708,0.0688,0.0,1.3843,45,37,0.5488
"2025-26","Dillon Jones","NYK",5.63,1.2857,1.0,0.5714,0.418,0.2778,0.111,0.1228,0.1038,0.0,6.3149,53,29,0.6463
"2025-26","Olivier Sarr","CLE",9.84,3.5,2.75,1.25,0.761,0.8571,0.108,0.1673,0.1652,0.1786,3.9451,52,30,0.6341
"2025-26","Skal Labissiere","WAS",12.52,4.3333,3.0,1.0,0.65,0.65,0.117,0.1113,0.1193,0.0909,-11.5431,17,65,0.2073
"2025-26","Enrique Freeman","MIN",9.30,3.25,2.5,0.5,0.666,0.625,0.113,0.069,0.1595,0.1701,3.0193,49,33,0.5976
"2025-26","Rocco Zikarsky","MIN",7.30,2.8,2.8,0.4,0.717,0.625,0.131,0.0731,0.2277,0.0929,3.0193,49,33,0.5976
"2025-26","Max Shulga","BOS",3.30,0.6364,0.5455,0.1818,0.394,0.3125,0.128,0.0659,0.0892,0.2525,7.8884,56,26,0.6829
"2025-26","Markelle Fultz","TOR",7.15,0.8,0.2,1.6,0.182,0.1818,0.163,0.2677,0.0157,0.2667,2.5169,46,36,0.561
"2025-26","Isaac Jones","DET",5.10,1.2857,0.7143,0.1429,0.514,0.4286,0.119,0.0344,0.0806,0.1025,8.013,60,22,0.7317
"2025-26","Grant Nelson","BKN",8.75,4.25,1.5,1.25,0.634,0.5556,0.222,0.2312,0.0991,0.2299,-10.0196,20,62,0.2439
"2025-26","Emanuel Miller","SAS",6.61,3.0,0.6,0.8,0.54,0.5385,0.169,0.1677,0.0482,0.0,8.0749,62,20,0.7561
"2025-26","Jahmyl Telfort","LAC",4.00,0.125,0.375,0.125,0.087,0.0,0.093,0.0378,0.052,0.1479,1.104,42,40,0.5122
"2025-26","Sean Pedulla","LAC",4.43,1.8571,0.4286,0.7143,0.433,0.4333,0.219,0.243,0.0537,0.0625,1.104,42,40,0.5122
"2025-26","Harrison Ingram","SAS",3.73,1.5714,0.4286,0.1429,0.917,0.9167,0.104,0.0538,0.061,0.1429,8.0749,62,20,0.7561
"2025-26","Mark Sears","MIL",3.73,3.1429,0.2857,0.2857,0.666,0.6154,0.344,0.1228,0.0447,0.1949,-6.3435,32,50,0.3902
"2025-26","Hunter Sallis","PHI",3.67,1.0,0.1429,0.5714,0.595,0.6,0.169,0.211,0.0217,0.4596,-0.1605,45,37,0.5488
"2025-26","Orlando Robinson","ORL",6.20,1.75,1.0,0.75,0.7,0.7,0.081,0.1621,0.0877,0.0,0.5644,45,37,0.5488
"2025-26","Hayden Gray","UTA",24.75,6.0,0.0,1.0,0.773,0.6667,0.079,0.0494,0.0,0.2049,-8.0067,22,60,0.2683
"2025-26","Vladislav Goldin","MIA",2.66,0.7778,1.0,0.3333,0.788,0.75,0.101,0.1598,0.1948,0.4032,2.0935,43,39,0.5244
"2025-26","Norchad Omier","LAC",3.94,2.8333,1.1667,0.3333,0.751,0.7,0.18,0.1596,0.1643,0.0,1.104,42,40,0.5122
"2025-26","Alex Morales","ORL",5.90,2.0,0.75,1.0,0.508,0.4286,0.203,0.2294,0.0692,0.3367,0.5644,45,37,0.5488
"2025-26","Jayson Kent","POR",4.49,2.0,1.0,0.0,0.672,0.6429,0.137,0.0,0.1244,0.0,-0.1793,42,40,0.5122
"2025-26","Colin Castleton","ORL",5.35,1.25,2.0,0.25,0.46,0.4,0.14,0.0605,0.2035,0.2688,0.5644,45,37,0.5488
"2025-26","Alex Antetokounmpo","MIL",3.44,3.1667,1.0,0.1667,0.651,0.5,0.314,0.0683,0.1695,0.0641,-6.3435,32,50,0.3902
"2025-26","Brandon Clarke","MEM",10.22,4.0,3.0,0.5,0.372,0.3333,0.193,0.072,0.1422,0.0,-5.7455,25,57,0.3049
"2025-26","Chris Livingston","CLE",5.81,3.0,1.0,0.3333,0.605,0.5714,0.189,0.0874,0.1017,0.0,3.9451,52,30,0.6341
"2025-26","Jacob Toppin","ATL",3.37,1.6,0.2,0.2,0.667,0.6667,0.14,0.0893,0.0362,0.0,2.3072,46,36,0.561
"2025-26","N'Faly Dante","ATL",3.85,0.75,1.75,0.0,0.338,0.25,0.119,0.0,0.2775,0.1838,2.3072,46,36,0.561
"2025-26","Buddy Boeheim","OKC",3.75,1.5,0.0,0.0,0.5,0.5,0.158,0.0,0.0,0.0,10.8012,64,18,0.7805
"2025-26","Trevor Keels","MIA",1.87,1.0,0.25,0.0,0.333,0.3333,0.261,0.0,0.0694,0.0,2.0935,43,39,0.5244
"2025-26","Chucky Hepburn","TOR",6.62,0.0,0.5,1.0,0.0,0.0,0.219,0.1695,0.0424,0.1429,2.5169,46,36,0.561
"2025-26","Tristen Newton","HOU",12.00,12.0,3.0,0.0,0.581,0.5556,0.345,0.0,0.1386,0.0,5.2322,52,30,0.6341
"2025-26","Tosan Evbuomwan","CHA",1.54,0.0,0.4,0.0,0.0,0.0,0.048,0.0,0.1442,0.0,4.885,44,38,0.5366
"2025-26","Colby Jones","DET",6.82,2.0,4.0,2.0,0.333,0.3333,0.158,0.3906,0.3375,0.0,8.013,60,22,0.7317
"2025-26","Stanley Umude","SAS",3.28,1.0,0.0,0.5,0.5,0.5,0.143,0.2028,0.0,0.0,8.0749,62,20,0.7561
"2025-26","Noa Essengue","CHI",3.02,0.0,0.0,0.0,0.0,0.0,0.188,0.0,0.0,0.0,-4.9928,31,51,0.378
"2025-26","Trentyn Flowers","CHI",2.78,2.0,0.5,0.5,0.667,0.6667,0.25,0.3574,0.087,0.25,-4.9928,31,51,0.378
"2025-26","Darius Brown II","CLE",2.67,0.0,1.0,0.0,0.0,0.0,0.167,0.0,0.2216,0.0,3.9451,52,30,0.6341
