season,team,game_date,matchup,opponent,home,result,points,opponent_points,point_diff,field_goals_made,field_goal_attempts,field_goal_pct,three_point_makes,three_point_attempts,three_point_pct,free_throws_made,free_throw_attempts,offensive_rebounds,defensive_rebounds,rebounds,assists,steals,blocks,turnovers,effective_fg_pct,off_rating_est,def_rating_est
2022-23,ATL,2023-04-09,ATL @ BOS,BOS,False,L,114,120,-6,44,97,0.454,11,39,0.282,15,19,16,34,50,27,11,5,9,0.5103,116.0187,122.125
2022-23,ATL,2023-04-07,ATL vs. PHI,PHI,True,L,131,136,-5,51,92,0.554,10,33,0.303,19,28,4,34,38,32,11,7,21,0.6087,107.7834,111.8973
2022-23,ATL,2023-04-05,ATL vs. WAS,WAS,True,W,134,116,18,43,84,0.512,13,30,0.433,35,40,12,36,48,30,10,5,17,0.5893,125.2102,108.391
2022-23,ATL,2023-04-04,ATL @ CHI,CHI,False,W,123,105,18,48,86,0.558,10,28,0.357,17,19,7,41,48,26,5,7,17,0.6163,120.4937,102.8605
2022-23,ATL,2023-04-02,ATL vs. DAL,DAL,True,W,132,130,2,51,108,0.472,12,35,0.343,18,22,16,37,53,28,10,3,11,0.5278,116.9383,115.1665
2022-23,ATL,2023-03-31,ATL @ BKN,BKN,False,L,107,124,-17,39,91,0.429,8,37,0.216,21,23,16,30,46,23,6,3,11,0.4725,110.4003,127.9406
2022-23,ATL,2023-03-28,ATL vs. CLE,CLE,True,W,120,118,2,41,89,0.461,12,27,0.444,26,33,14,37,51,25,5,3,15,0.5281,116.9591,115.0097
2022-23,ATL,2023-03-26,ATL vs. MEM,MEM,True,L,119,123,-4,45,98,0.459,7,31,0.226,22,26,14,34,48,27,4,5,10,0.4949,114.5332,118.3831
2022-23,ATL,2023-03-25,ATL vs. IND,IND,True,W,143,130,13,53,96,0.552,15,30,0.5,22,25,15,27,42,33,10,8,13,0.6302,134.096,121.9055
2022-23,ATL,2023-03-22,ATL @ MIN,MIN,False,L,124,125,-1,45,85,0.529,12,26,0.462,22,25,9,32,41,28,6,6,17,0.6,118.7967,119.7547
2022-23,ATL,2023-03-21,ATL vs. DET,DET,True,W,129,107,22,44,95,0.463,14,38,0.368,27,36,21,40,61,26,5,6,11,0.5368,126.8437,105.2114
2022-23,ATL,2023-03-19,ATL @ SAS,SAS,False,L,118,126,-8,48,101,0.475,5,22,0.227,17,20,20,31,51,21,4,4,12,0.5,115.2119,123.0228
2022-23,ATL,2023-03-17,ATL vs. GSW,GSW,True,W,127,119,8,47,100,0.47,16,41,0.39,17,25,13,32,45,27,7,8,11,0.55,117.1587,109.7786
2022-23,ATL,2023-03-13,ATL vs. MIN,MIN,True,L,115,136,-21,44,97,0.454,4,22,0.182,23,28,18,33,51,17,6,4,16,0.4742,105.7763,125.092
2022-23,ATL,2023-03-11,ATL vs. BOS,BOS,True,L,125,134,-9,50,100,0.5,10,34,0.294,15,16,13,35,48,24,4,4,10,0.55,120.0077,128.6482
2022-23,ATL,2023-03-10,ATL @ WAS,WAS,False,W,114,107,7,42,95,0.442,15,31,0.484,15,19,13,33,46,25,9,4,14,0.5211,109.468,102.7463
2022-23,ATL,2023-03-08,ATL @ WAS,WAS,False,W,122,120,2,45,85,0.529,12,29,0.414,20,26,8,28,36,26,11,5,11,0.6,120.2444,118.2732
2022-23,ATL,2023-03-06,ATL @ MIA,MIA,False,L,128,130,-2,51,92,0.554,9,29,0.31,17,23,12,25,37,28,5,0,11,0.6033,129.6859,131.7123
2022-23,ATL,2023-03-04,ATL @ MIA,MIA,False,L,109,117,-8,37,79,0.468,9,30,0.3,26,30,10,27,37,22,12,1,16,0.5253,109.3719,117.3992
2022-23,ATL,2023-03-03,ATL vs. POR,POR,True,W,129,111,18,52,91,0.571,12,26,0.462,13,16,10,33,43,30,10,5,17,0.6374,122.9508,105.7949
2022-23,ATL,2023-02-28,ATL vs. WAS,WAS,True,L,116,119,-3,43,93,0.462,13,35,0.371,17,19,13,29,42,21,4,7,9,0.5323,118.2708,121.3295
2022-23,ATL,2023-02-26,ATL vs. BKN,BKN,True,W,129,127,2,45,90,0.5,16,30,0.533,23,28,13,33,46,20,7,2,16,0.5889,123.3977,121.4846
2022-23,ATL,2023-02-24,ATL vs. CLE,CLE,True,W,136,119,17,50,85,0.588,15,28,0.536,21,23,5,37,42,28,7,8,14,0.6765,132.1158,115.6013
2022-23,ATL,2023-02-15,ATL vs. NYK,NYK,True,L,101,122,-21,40,97,0.412,5,26,0.192,16,21,8,32,40,25,6,7,5,0.4381,96.6877,116.7911
2022-23,ATL,2023-02-13,ATL @ CHA,CHA,False,L,138,144,-6,53,108,0.491,11,28,0.393,21,21,16,26,42,26,9,4,12,0.5417,124.6838,130.1048
2022-23,ATL,2023-02-11,ATL vs. SAS,SAS,True,W,125,106,19,50,103,0.485,10,26,0.385,15,19,14,34,48,29,9,6,10,0.534,116.3657,98.6781
2022-23,ATL,2023-02-09,ATL vs. PHX,PHX,True,W,116,107,9,43,95,0.453,10,29,0.345,20,27,20,39,59,23,6,4,19,0.5053,112.2726,103.5617
2022-23,ATL,2023-02-07,ATL @ NOP,NOP,False,L,107,116,-9,38,85,0.447,12,36,0.333,19,25,10,31,41,30,4,6,12,0.5176,109.6087,118.8281
2022-23,ATL,2023-02-04,ATL @ DEN,DEN,False,L,108,128,-20,44,91,0.484,6,20,0.3,14,17,10,33,43,26,7,7,16,0.5165,103.211,122.3242
2022-23,ATL,2023-02-03,ATL @ UTA,UTA,False,W,115,108,7,44,95,0.463,10,37,0.27,17,23,14,38,52,28,8,5,9,0.5158,114.4051,107.4413
2022-23,ATL,2023-02-01,ATL @ PHX,PHX,False,W,132,100,32,52,91,0.571,19,33,0.576,9,11,6,39,45,32,6,5,12,0.6758,128.4797,97.3331
2022-23,ATL,2023-01-30,ATL @ POR,POR,False,L,125,129,-4,44,94,0.468,13,30,0.433,24,30,17,28,45,26,5,0,7,0.5372,129.48,133.6234
2022-23,ATL,2023-01-28,ATL vs. LAC,LAC,True,L,113,120,-7,45,95,0.474,7,27,0.259,16,20,15,32,47,24,12,2,9,0.5105,116.3988,123.6094
2022-23,ATL,2023-01-25,ATL @ OKC,OKC,False,W,137,132,5,50,84,0.595,11,29,0.379,26,33,11,35,46,26,5,6,17,0.6607,128.3012,123.6187
2022-23,ATL,2023-01-23,ATL @ CHI,CHI,False,L,100,111,-11,39,85,0.459,10,33,0.303,12,19,9,34,43,24,6,4,19,0.5176,98.8728,109.7489
2022-23,ATL,2023-01-21,ATL vs. CHA,CHA,True,L,118,122,-4,45,83,0.542,11,25,0.44,17,20,6,34,40,24,5,4,18,0.6084,113.2003,117.0376
2022-23,ATL,2023-01-20,ATL vs. NYK,NYK,True,W,139,124,15,56,100,0.56,13,34,0.382,14,16,14,25,39,27,6,4,7,0.625,143.6544,128.1521
2022-23,ATL,2023-01-18,ATL @ DAL,DAL,False,W,130,122,8,49,86,0.57,13,26,0.5,19,20,7,28,35,28,7,4,12,0.6453,129.7664,121.7808
2022-23,ATL,2023-01-16,ATL vs. MIA,MIA,True,W,121,113,8,45,76,0.592,13,27,0.481,18,22,2,26,28,27,9,5,16,0.6776,120.1112,112.1699
2022-23,ATL,2023-01-14,ATL @ TOR,TOR,False,W,114,103,11,43,84,0.512,11,27,0.407,17,18,5,35,40,19,6,4,12,0.5774,112.8043,101.9197
2022-23,ATL,2023-01-13,ATL @ IND,IND,False,W,113,111,2,41,94,0.436,16,33,0.485,15,21,14,36,50,26,6,9,14,0.5213,107.619,105.7143
2022-23,ATL,2023-01-11,ATL vs. MIL,MIL,True,L,105,114,-9,39,87,0.448,11,30,0.367,16,18,6,35,41,25,5,3,11,0.5115,105.1262,114.137
2022-23,ATL,2023-01-08,ATL @ LAC,LAC,False,W,112,108,4,44,89,0.494,8,26,0.308,16,20,7,36,43,22,7,9,9,0.5393,112.8805,108.849
2022-23,ATL,2023-01-06,ATL @ LAL,LAL,False,L,114,130,-16,44,96,0.458,9,31,0.29,17,22,7,32,39,24,8,5,12,0.5052,102.8324,117.265
2022-23,ATL,2023-01-04,ATL @ SAC,SAC,False,W,120,117,3,45,84,0.536,10,30,0.333,20,22,7,37,44,21,9,4,16,0.5952,117.9014,114.9538
2022-23,ATL,2023-01-02,ATL @ GSW,GSW,False,L,141,143,-2,53,109,0.486,11,35,0.314,24,29,10,43,53,30,9,10,13,0.5367,111.7628,113.3481
2022-23,ATL,2022-12-30,ATL vs. LAL,LAL,True,L,121,130,-9,48,101,0.475,11,38,0.289,14,20,12,29,41,22,6,5,10,0.5297,112.1825,120.5266
2022-23,ATL,2022-12-28,ATL vs. BKN,BKN,True,L,107,108,-1,42,97,0.433,8,22,0.364,15,22,11,36,47,22,5,6,4,0.4742,108.5413,109.5557
2022-23,ATL,2022-12-27,ATL @ IND,IND,False,L,114,129,-15,40,89,0.449,12,30,0.4,22,29,9,33,42,26,4,3,9,0.5169,107.7301,121.9051
2022-23,ATL,2022-12-23,ATL vs. DET,DET,True,W,130,105,25,49,92,0.533,12,34,0.353,20,24,8,40,48,30,10,8,8,0.5978,123.6211,99.8479
2022-23,ATL,2022-12-21,ATL vs. CHI,CHI,True,L,108,110,-2,39,91,0.429,14,37,0.378,16,16,9,38,47,22,6,7,15,0.5055,106.5509,108.5241
2022-23,ATL,2022-12-19,ATL vs. ORL,ORL,True,W,126,125,1,48,94,0.511,12,32,0.375,18,20,6,35,41,29,7,3,10,0.5745,119.5446,118.5958
2022-23,ATL,2022-12-16,ATL @ CHA,CHA,False,W,125,106,19,41,75,0.547,15,29,0.517,28,34,4,37,41,25,3,5,14,0.6467,122.3571,103.7588
2022-23,ATL,2022-12-14,ATL @ ORL,ORL,False,L,124,135,-11,44,88,0.5,12,35,0.343,24,27,11,28,39,30,2,6,13,0.5682,119.1849,129.7578
2022-23,ATL,2022-12-12,ATL @ MEM,MEM,False,L,103,128,-25,37,104,0.356,12,37,0.324,17,22,20,19,39,20,13,1,16,0.4135,94.236,117.1089
2022-23,ATL,2022-12-11,ATL vs. CHI,CHI,True,W,123,122,1,47,98,0.48,13,39,0.333,16,21,8,37,45,28,3,6,15,0.5459,106.7894,105.9212
2022-23,ATL,2022-12-09,ATL @ BKN,BKN,False,L,116,120,-4,46,93,0.495,10,29,0.345,14,16,12,26,38,21,12,4,18,0.5484,110.3291,114.1335
2022-23,ATL,2022-12-07,ATL @ NYK,NYK,False,L,89,113,-24,32,85,0.376,6,36,0.167,19,24,11,28,39,16,4,6,11,0.4118,93.6251,118.8723
2022-23,ATL,2022-12-05,ATL vs. OKC,OKC,True,L,114,121,-7,44,102,0.431,13,38,0.342,13,17,17,37,54,24,7,4,18,0.4951,104.568,110.9888
2022-23,ATL,2022-12-02,ATL vs. DEN,DEN,True,W,117,109,8,49,88,0.557,10,28,0.357,9,14,12,31,43,24,7,3,12,0.6136,121.9512,113.6127
2022-23,ATL,2022-11-30,ATL @ ORL,ORL,False,W,125,108,17,51,94,0.543,8,32,0.25,15,19,14,35,49,25,8,3,12,0.5851,123.5422,106.7405
2022-23,ATL,2022-11-28,ATL @ PHI,PHI,False,L,101,104,-3,37,74,0.5,12,27,0.444,15,22,8,34,42,26,7,6,20,0.5811,105.428,108.5595
2022-23,ATL,2022-11-27,ATL vs. MIA,MIA,True,L,98,106,-8,35,88,0.398,10,36,0.278,18,19,8,34,42,24,6,3,12,0.4545,98.6312,106.6828
2022-23,ATL,2022-11-25,ATL @ HOU,HOU,False,L,122,128,-6,39,82,0.476,15,39,0.385,29,36,6,22,28,14,9,6,14,0.5671,115.7056,121.3961
2022-23,ATL,2022-11-23,ATL vs. SAC,SAC,True,W,115,106,9,41,92,0.446,11,30,0.367,22,23,10,37,47,23,9,6,13,0.5054,108.3066,99.8305
2022-23,ATL,2022-11-21,ATL @ CLE,CLE,False,L,102,114,-12,38,87,0.437,11,34,0.324,15,17,10,25,35,24,11,3,17,0.5,102.719,114.8036
2022-23,ATL,2022-11-19,ATL vs. TOR,TOR,True,W,124,122,2,46,92,0.5,7,25,0.28,25,32,11,39,50,23,5,5,15,0.538,110.3399,108.5602
2022-23,ATL,2022-11-16,ATL vs. BOS,BOS,True,L,101,126,-25,42,101,0.416,7,32,0.219,10,13,14,31,45,21,5,5,9,0.4505,99.4486,124.0646
2022-23,ATL,2022-11-14,ATL @ MIL,MIL,False,W,121,106,15,44,92,0.478,7,20,0.35,26,30,13,32,45,23,4,4,9,0.5163,116.7728,102.2969
2022-23,ATL,2022-11-12,ATL @ PHI,PHI,False,L,109,121,-12,40,89,0.449,6,24,0.25,23,27,12,31,43,20,4,2,19,0.4831,103.0635,114.41
2022-23,ATL,2022-11-10,ATL vs. PHI,PHI,True,W,104,95,9,39,88,0.443,6,26,0.231,20,23,11,43,54,19,8,2,18,0.4773,99.3694,90.7701
2022-23,ATL,2022-11-09,ATL vs. UTA,UTA,True,L,119,125,-6,51,109,0.468,8,28,0.286,9,11,17,37,54,24,5,5,11,0.5046,112.0527,117.7024
2022-23,ATL,2022-11-07,ATL vs. MIL,MIL,True,W,117,98,19,46,99,0.465,11,29,0.379,14,17,12,36,48,23,11,3,12,0.5202,109.5916,91.7947
2022-23,ATL,2022-11-05,ATL vs. NOP,NOP,True,W,124,121,3,47,103,0.456,9,36,0.25,21,25,12,38,50,28,12,8,13,0.5,106.7493,104.1667
2022-23,ATL,2022-11-02,ATL @ NYK,NYK,False,W,112,99,13,44,107,0.411,12,34,0.353,12,16,17,34,51,28,11,4,9,0.4673,106.748,94.3576
2022-23,ATL,2022-10-31,ATL @ TOR,TOR,False,L,109,139,-30,39,84,0.464,11,29,0.379,20,25,7,30,37,28,1,4,18,0.5298,103.5138,132.0038
2022-23,ATL,2022-10-29,ATL @ MIL,MIL,False,L,115,123,-8,45,94,0.479,13,29,0.448,12,15,12,30,42,19,5,2,13,0.5479,112.5465,120.3758
2022-23,ATL,2022-10-28,ATL @ DET,DET,False,W,136,112,24,55,97,0.567,12,29,0.414,14,18,10,35,45,31,5,8,7,0.6289,134.8939,111.0891
2022-23,ATL,2022-10-26,ATL @ DET,DET,False,W,118,113,5,45,91,0.495,8,22,0.364,20,25,10,36,46,22,6,12,12,0.5385,113.0918,108.2998
2022-23,ATL,2022-10-23,ATL vs. CHA,CHA,True,L,109,126,-17,39,95,0.411,8,35,0.229,23,28,16,29,45,23,8,9,12,0.4526,105.5588,122.0221
2022-23,ATL,2022-10-21,ATL vs. ORL,ORL,True,W,108,98,10,40,89,0.449,13,31,0.419,15,16,9,37,46,26,10,2,17,0.5225,104.7324,95.0349
2022-23,ATL,2022-10-19,ATL vs. HOU,HOU,True,W,117,107,10,45,90,0.5,7,25,0.28,20,24,4,34,38,30,12,5,9,0.5389,110.8164,101.345
2022-23,BKN,2023-04-09,BKN vs. PHI,PHI,True,L,105,134,-29,35,83,0.422,12,32,0.375,23,28,10,32,42,22,6,6,19,0.494,98.2778,125.4212
2022-23,BKN,2023-04-07,BKN vs. ORL,ORL,True,W,101,84,17,35,89,0.393,9,42,0.214,22,25,10,35,45,27,14,3,10,0.4438,100.7582,83.7989
2022-23,BKN,2023-04-05,BKN @ DET,DET,False,W,123,108,15,45,86,0.523,17,43,0.395,16,23,11,27,38,36,6,7,13,0.6221,127.2765,111.755
2022-23,BKN,2023-04-04,BKN vs. MIN,MIN,True,L,102,107,-5,39,90,0.433,13,35,0.371,11,14,7,33,40,21,6,8,10,0.5056,102.5951,107.6242
2022-23,BKN,2023-04-02,BKN vs. UTA,UTA,True,W,111,110,1,38,86,0.442,9,32,0.281,26,34,7,33,40,25,6,2,9,0.4942,107.1635,106.1981
2022-23,BKN,2023-03-31,BKN vs. ATL,ATL,True,W,124,107,17,49,88,0.557,15,33,0.455,11,13,9,32,41,33,9,3,13,0.642,127.9406,110.4003
2022-23,BKN,2023-03-29,BKN vs. HOU,HOU,True,W,123,114,9,44,82,0.537,17,35,0.486,18,27,8,33,41,33,4,9,12,0.6402,126.0763,116.8512
2022-23,BKN,2023-03-26,BKN @ ORL,ORL,False,L,106,119,-13,37,91,0.407,8,35,0.229,24,28,15,29,44,17,7,8,15,0.4505,104.619,117.4497
2022-23,BKN,2023-03-25,BKN @ MIA,MIA,False,W,129,100,29,44,89,0.494,18,40,0.45,23,25,17,28,45,30,6,6,8,0.5955,140.8604,109.1941
2022-23,BKN,2023-03-23,BKN vs. CLE,CLE,True,L,114,116,-2,39,81,0.481,12,34,0.353,24,27,9,33,42,24,7,7,16,0.5556,115.5483,117.5755
2022-23,BKN,2023-03-21,BKN vs. CLE,CLE,True,L,109,115,-6,41,92,0.446,9,33,0.273,18,23,19,30,49,25,6,5,17,0.4946,109.9012,115.9508
2022-23,BKN,2023-03-19,BKN vs. DEN,DEN,True,L,102,108,-6,38,82,0.463,12,35,0.343,14,16,9,24,33,26,10,3,12,0.5366,108.0737,114.431
2022-23,BKN,2023-03-16,BKN vs. SAC,SAC,True,L,96,101,-5,33,80,0.413,14,39,0.359,16,23,3,38,41,20,8,4,7,0.5,101.4799,106.7653
2022-23,BKN,2023-03-14,BKN @ OKC,OKC,False,L,107,121,-14,35,82,0.427,12,41,0.293,25,34,11,35,46,25,3,5,17,0.5,102.3532,115.7452
2022-23,BKN,2023-03-12,BKN @ DEN,DEN,False,W,122,120,2,42,84,0.5,17,44,0.386,21,24,4,24,28,32,11,2,10,0.6012,121.3206,119.3317
2022-23,BKN,2023-03-10,BKN @ MIN,MIN,False,W,124,123,1,42,91,0.462,16,34,0.471,24,33,12,36,48,20,7,5,15,0.5495,112.0752,111.1714
2022-23,BKN,2023-03-09,BKN @ MIL,MIL,False,L,113,118,-5,41,104,0.394,14,36,0.389,17,17,15,32,47,20,10,4,14,0.4615,104.3205,108.9365
2022-23,BKN,2023-03-07,BKN @ HOU,HOU,False,W,118,96,22,40,81,0.494,15,40,0.375,23,29,5,31,36,23,12,7,12,0.5864,118.9996,96.8132
2022-23,BKN,2023-03-05,BKN vs. CHA,CHA,True,W,102,86,16,36,92,0.391,12,43,0.279,18,22,8,44,52,21,5,9,8,0.4565,101.3514,85.4531
2022-23,BKN,2023-03-03,BKN @ BOS,BOS,False,W,115,105,10,40,95,0.421,14,44,0.318,21,26,13,34,47,25,9,6,13,0.4947,109.9216,100.3632
2022-23,BKN,2023-03-01,BKN @ NYK,NYK,False,L,118,142,-24,42,90,0.467,15,39,0.385,19,20,5,26,31,26,6,5,14,0.55,109.747,132.0685
2022-23,BKN,2023-02-28,BKN vs. MIL,MIL,True,L,104,118,-14,36,83,0.434,12,36,0.333,20,25,3,35,38,25,12,6,18,0.506,93.5757,106.1724
2022-23,BKN,2023-02-26,BKN @ ATL,ATL,False,L,127,129,-2,43,87,0.494,14,39,0.359,27,29,6,31,37,20,12,6,10,0.5747,121.4846,123.3977
2022-23,BKN,2023-02-24,BKN @ CHI,CHI,False,L,87,131,-44,30,81,0.37,12,44,0.273,15,19,5,26,31,21,6,3,14,0.4444,88.021,132.5374
2022-23,BKN,2023-02-15,BKN vs. MIA,MIA,True,W,116,105,11,41,77,0.532,17,39,0.436,17,20,5,31,36,26,3,5,11,0.6429,126.3892,114.404
2022-23,BKN,2023-02-13,BKN @ NYK,NYK,False,L,106,124,-18,35,78,0.449,12,29,0.414,24,33,10,29,39,18,3,3,10,0.5256,112.79,131.943
2022-23,BKN,2023-02-11,BKN vs. PHI,PHI,True,L,98,101,-3,37,92,0.402,13,40,0.325,11,13,12,30,42,23,7,6,9,0.4728,104.8577,108.0676
2022-23,BKN,2023-02-09,BKN vs. CHI,CHI,True,W,116,105,11,39,91,0.429,17,44,0.386,21,25,11,38,49,26,8,1,11,0.522,112.4903,101.8231
2022-23,BKN,2023-02-07,BKN vs. PHX,PHX,True,L,112,116,-4,38,79,0.481,9,28,0.321,27,31,5,31,36,25,11,2,17,0.538,107.713,111.5599
2022-23,BKN,2023-02-06,BKN vs. LAC,LAC,True,L,116,124,-8,41,84,0.488,16,31,0.516,18,22,8,34,42,21,4,5,16,0.5833,113.237,121.0465
2022-23,BKN,2023-02-04,BKN vs. WAS,WAS,True,W,125,123,2,43,86,0.5,14,33,0.424,25,28,10,29,39,21,4,10,15,0.5814,117.7246,115.841
2022-23,BKN,2023-02-01,BKN @ BOS,BOS,False,L,96,139,-43,36,88,0.409,9,39,0.231,15,18,5,27,32,19,8,1,7,0.4602,98.3002,142.3305
2022-23,BKN,2023-01-30,BKN vs. LAL,LAL,True,W,121,104,17,45,95,0.474,16,41,0.39,15,19,12,38,50,24,8,9,11,0.5579,117.6814,101.1476
2022-23,BKN,2023-01-28,BKN vs. NYK,NYK,True,W,122,115,7,46,87,0.529,22,40,0.55,8,14,9,26,35,31,5,3,9,0.6552,130.8171,123.3112
2022-23,BKN,2023-01-26,BKN vs. DET,DET,True,L,122,130,-8,43,94,0.457,13,38,0.342,23,27,15,25,40,24,5,6,16,0.5266,116.5679,124.2117
2022-23,BKN,2023-01-25,BKN @ PHI,PHI,False,L,133,137,-4,49,76,0.645,14,26,0.538,21,27,6,25,31,29,3,4,16,0.7368,135.9084,139.9959
2022-23,BKN,2023-01-22,BKN @ GSW,GSW,False,W,120,116,4,43,79,0.544,14,27,0.519,20,31,9,33,42,30,4,7,16,0.6329,117.9245,113.9937
2022-23,BKN,2023-01-20,BKN @ UTA,UTA,False,W,117,106,11,43,80,0.538,18,41,0.439,13,20,6,36,42,26,7,6,11,0.65,123.2098,111.6259
2022-23,BKN,2023-01-19,BKN @ PHX,PHX,False,L,112,117,-5,43,82,0.524,11,26,0.423,15,25,2,32,34,27,10,6,13,0.5915,106.141,110.8795
2022-23,BKN,2023-01-17,BKN @ SAS,SAS,False,L,98,106,-8,37,88,0.42,3,23,0.13,21,24,10,39,49,22,10,8,21,0.4375,88.336,95.5471
2022-23,BKN,2023-01-15,BKN vs. OKC,OKC,True,L,102,112,-10,39,91,0.429,12,41,0.293,12,19,14,37,51,24,4,7,16,0.4945,101.5936,111.5538
2022-23,BKN,2023-01-12,BKN vs. BOS,BOS,True,L,98,109,-11,38,84,0.452,13,34,0.382,9,11,4,27,31,26,8,9,12,0.5298,101.9135,113.3527
2022-23,BKN,2023-01-08,BKN @ MIA,MIA,False,W,102,101,1,39,76,0.513,12,33,0.364,12,15,6,34,40,22,8,8,19,0.5921,106.7616,105.7149
2022-23,BKN,2023-01-06,BKN @ NOP,NOP,False,W,108,102,6,37,85,0.435,15,33,0.455,19,20,10,33,43,26,8,12,13,0.5235,109.2012,103.1345
2022-23,BKN,2023-01-04,BKN @ CHI,CHI,False,L,112,121,-9,42,91,0.462,12,37,0.324,16,21,5,29,34,24,9,7,11,0.5275,106.1611,114.6919
2022-23,BKN,2023-01-02,BKN vs. SAS,SAS,True,W,139,103,36,58,93,0.624,11,20,0.55,12,15,7,38,45,31,13,7,13,0.6828,130.1986,96.4781
2022-23,BKN,2022-12-31,BKN @ CHA,CHA,False,W,123,106,17,48,80,0.6,13,34,0.382,14,19,2,40,42,26,7,6,14,0.6812,120.8251,104.1257
2022-23,BKN,2022-12-28,BKN @ ATL,ATL,False,W,108,107,1,42,83,0.506,10,26,0.385,14,17,5,42,47,22,0,13,12,0.5663,109.5557,108.5413
2022-23,BKN,2022-12-26,BKN @ CLE,CLE,False,W,125,117,8,47,82,0.573,18,30,0.6,13,17,7,31,38,27,7,4,17,0.6829,127.11,118.975
2022-23,BKN,2022-12-23,BKN vs. MIL,MIL,True,W,118,100,18,46,93,0.495,14,32,0.438,12,13,12,33,45,30,11,2,12,0.5699,119.5542,101.3171
2022-23,BKN,2022-12-21,BKN vs. GSW,GSW,True,W,143,113,30,54,84,0.643,21,33,0.636,14,16,3,29,32,42,10,4,15,0.7679,136.8159,108.1133
2022-23,BKN,2022-12-18,BKN @ DET,DET,False,W,124,121,3,44,80,0.55,15,29,0.517,21,23,4,31,35,26,5,8,13,0.6438,123.9504,120.9516
2022-23,BKN,2022-12-16,BKN @ TOR,TOR,False,W,119,116,3,46,76,0.605,9,26,0.346,18,23,4,33,37,22,5,6,15,0.6645,121.503,118.4399
2022-23,BKN,2022-12-12,BKN @ WAS,WAS,False,W,112,100,12,44,89,0.494,8,27,0.296,16,18,7,34,41,25,8,7,13,0.5393,108.9494,97.2763
2022-23,BKN,2022-12-10,BKN @ IND,IND,False,W,136,133,3,52,100,0.52,9,28,0.321,23,32,29,30,59,19,7,3,18,0.565,129.1303,126.2818
2022-23,BKN,2022-12-09,BKN vs. ATL,ATL,True,W,120,116,4,45,83,0.542,13,30,0.433,17,21,9,29,38,30,10,5,21,0.6205,114.1335,110.3291
2022-23,BKN,2022-12-07,BKN vs. CHA,CHA,True,W,122,116,6,49,86,0.57,12,31,0.387,12,16,5,34,39,33,3,8,11,0.6395,123.1328,117.0771
2022-23,BKN,2022-12-04,BKN vs. BOS,BOS,True,L,92,103,-11,34,84,0.405,9,26,0.346,15,22,11,34,45,17,6,7,15,0.4583,93.6482,104.8453
2022-23,BKN,2022-12-02,BKN vs. TOR,TOR,True,W,114,105,9,44,82,0.537,11,32,0.344,15,22,7,34,41,27,7,5,18,0.6037,110.7441,102.0012
2022-23,BKN,2022-11-30,BKN vs. WAS,WAS,True,W,113,107,6,39,84,0.464,11,26,0.423,24,26,4,31,35,22,8,7,9,0.5298,110.5675,104.6967
2022-23,BKN,2022-11-28,BKN vs. ORL,ORL,True,W,109,102,7,44,81,0.543,9,28,0.321,12,14,8,34,42,20,7,8,18,0.5988,111.3154,104.1667
2022-23,BKN,2022-11-27,BKN vs. POR,POR,True,W,111,97,14,41,78,0.526,15,35,0.429,14,18,4,34,38,27,6,2,8,0.6218,122.9236,107.4197
2022-23,BKN,2022-11-25,BKN @ IND,IND,False,L,117,128,-11,47,88,0.534,15,41,0.366,8,10,5,33,38,27,2,8,19,0.6193,109.2845,119.5591
2022-23,BKN,2022-11-23,BKN @ TOR,TOR,False,W,112,98,14,45,82,0.549,17,38,0.447,5,7,7,32,39,32,10,11,21,0.6524,110.8472,96.9913
2022-23,BKN,2022-11-22,BKN @ PHI,PHI,False,L,106,115,-9,44,80,0.55,9,28,0.321,9,13,4,31,35,31,5,13,15,0.6062,109.9813,119.3194
2022-23,BKN,2022-11-20,BKN vs. MEM,MEM,True,W,127,115,12,50,83,0.602,16,34,0.471,11,15,5,40,45,33,5,5,19,0.6988,119.1146,107.8597
2022-23,BKN,2022-11-17,BKN @ POR,POR,False,W,109,107,2,40,79,0.506,11,29,0.379,18,23,5,42,47,32,4,5,17,0.5759,104.8077,102.8846
2022-23,BKN,2022-11-15,BKN @ SAC,SAC,False,L,121,153,-32,40,81,0.494,11,28,0.393,30,33,3,26,29,25,5,3,17,0.5617,108.7543,137.5157
2022-23,BKN,2022-11-13,BKN @ LAL,LAL,False,L,103,116,-13,36,80,0.45,7,27,0.259,24,31,8,33,41,22,5,5,13,0.4938,105.4032,118.7065
2022-23,BKN,2022-11-12,BKN @ LAC,LAC,False,W,110,95,15,40,83,0.482,16,35,0.457,14,21,6,35,41,27,9,6,13,0.5783,109.431,94.5086
2022-23,BKN,2022-11-09,BKN vs. NYK,NYK,True,W,112,85,27,42,87,0.483,14,34,0.412,14,20,11,44,55,30,11,5,15,0.5632,110.7595,84.0585
2022-23,BKN,2022-11-07,BKN @ DAL,DAL,False,L,94,96,-2,35,80,0.438,10,29,0.345,14,19,14,20,34,22,13,5,14,0.5,103.9133,106.1243
2022-23,BKN,2022-11-05,BKN @ CHA,CHA,False,W,98,94,4,33,84,0.393,12,36,0.333,20,22,9,32,41,23,8,10,11,0.4643,101.1352,97.0072
2022-23,BKN,2022-11-04,BKN @ WAS,WAS,False,W,128,86,42,50,90,0.556,14,28,0.5,14,14,7,41,48,32,8,7,9,0.6333,130.0549,87.3806
2022-23,BKN,2022-11-01,BKN vs. CHI,CHI,True,L,99,108,-9,36,74,0.486,12,32,0.375,15,19,4,34,38,27,4,7,18,0.5676,102.2727,111.5702
2022-23,BKN,2022-10-31,BKN vs. IND,IND,True,W,116,109,7,43,80,0.538,11,30,0.367,19,20,6,33,39,26,11,9,20,0.6062,108.4518,101.9073
2022-23,BKN,2022-10-29,BKN vs. IND,IND,True,L,116,125,-9,41,82,0.5,14,39,0.359,20,26,6,28,34,29,6,9,9,0.5854,117.8383,126.9809
2022-23,BKN,2022-10-27,BKN vs. DAL,DAL,True,L,125,129,-4,43,93,0.462,12,35,0.343,27,30,13,32,45,20,10,6,15,0.5269,115.9555,119.666
2022-23,BKN,2022-10-26,BKN @ MIL,MIL,False,L,99,110,-11,34,86,0.395,7,27,0.259,24,30,7,30,37,23,7,6,14,0.436,93.4139,103.7932
2022-23,BKN,2022-10-24,BKN @ MEM,MEM,False,L,124,134,-10,47,87,0.54,9,29,0.31,21,26,9,26,35,27,4,7,11,0.592,120.9284,130.6807
2022-23,BKN,2022-10-21,BKN vs. TOR,TOR,True,W,109,105,4,38,80,0.475,13,35,0.371,20,29,13,31,44,26,3,13,13,0.5562,113.7312,109.5576
2022-23,BKN,2022-10-19,BKN vs. NOP,NOP,True,L,108,130,-22,40,89,0.449,10,33,0.303,18,24,9,30,39,22,10,10,16,0.5056,102.0987,122.8966
2022-23,BOS,2023-04-09,BOS vs. ATL,ATL,True,W,120,114,6,42,89,0.472,25,54,0.463,11,14,12,35,47,33,5,3,15,0.6124,122.125,116.0187
2022-23,BOS,2023-04-07,BOS vs. TOR,TOR,True,W,121,102,19,45,81,0.556,15,44,0.341,16,21,13,40,53,37,4,7,21,0.6481,124.281,104.7658
2022-23,BOS,2023-04-05,BOS vs. TOR,TOR,True,W,97,93,4,38,89,0.427,11,38,0.289,10,18,11,37,48,20,5,7,15,0.4888,98.2776,94.2249
2022-23,BOS,2023-04-04,BOS @ PHI,PHI,False,L,101,103,-2,38,91,0.418,15,45,0.333,10,16,13,30,43,28,4,4,8,0.5,109.7349,111.9079
2022-23,BOS,2023-03-31,BOS vs. UTA,UTA,True,W,122,114,8,42,96,0.438,17,51,0.333,21,22,10,32,42,27,8,4,12,0.526,113.5729,106.1255
2022-23,BOS,2023-03-30,BOS @ MIL,MIL,False,W,140,99,41,51,91,0.56,22,43,0.512,16,20,7,40,47,28,8,5,9,0.6813,135.5801,95.8745
2022-23,BOS,2023-03-28,BOS @ WAS,WAS,False,L,111,130,-19,45,93,0.484,11,44,0.25,10,11,7,31,38,29,5,8,12,0.543,104.4411,122.3184
2022-23,BOS,2023-03-26,BOS vs. SAS,SAS,True,W,137,93,44,52,91,0.571,18,44,0.409,15,21,9,52,61,29,4,11,15,0.6703,125.5959,85.2585
2022-23,BOS,2023-03-24,BOS vs. IND,IND,True,W,120,95,25,44,93,0.473,18,42,0.429,14,19,9,40,49,28,11,6,15,0.5699,113.1862,89.6057
2022-23,BOS,2023-03-21,BOS @ SAC,SAC,False,W,132,109,23,49,92,0.533,18,44,0.409,16,23,11,32,43,33,9,3,6,0.6304,137.9599,113.9214
2022-23,BOS,2023-03-18,BOS @ UTA,UTA,False,L,117,118,-1,42,88,0.477,22,51,0.431,11,16,5,35,40,30,2,2,8,0.6023,120.1726,121.1997
2022-23,BOS,2023-03-17,BOS @ POR,POR,False,W,126,112,14,41,87,0.471,15,42,0.357,29,35,18,34,52,29,12,2,18,0.5575,122.3063,108.7168
2022-23,BOS,2023-03-15,BOS @ MIN,MIN,False,W,104,102,2,34,84,0.405,12,40,0.3,24,30,8,36,44,20,7,5,11,0.4762,104.5857,102.5744
2022-23,BOS,2023-03-13,BOS @ HOU,HOU,False,L,109,111,-2,39,87,0.448,12,42,0.286,19,21,10,28,38,19,7,5,14,0.5172,110.0343,112.0533
2022-23,BOS,2023-03-11,BOS @ ATL,ATL,False,W,134,125,9,52,95,0.547,20,42,0.476,10,12,5,35,40,35,6,6,9,0.6526,128.6482,120.0077
2022-23,BOS,2023-03-08,BOS vs. POR,POR,True,W,115,93,22,42,88,0.477,18,49,0.367,13,20,5,40,45,26,9,2,11,0.5795,111.2831,89.9942
2022-23,BOS,2023-03-06,BOS @ CLE,CLE,False,L,114,118,-4,42,101,0.416,16,48,0.333,14,21,15,37,52,25,5,5,14,0.495,105.9283,109.645
2022-23,BOS,2023-03-05,BOS vs. NYK,NYK,True,L,129,131,-2,43,109,0.394,21,59,0.356,22,25,17,37,54,27,8,5,16,0.4908,108.824,110.5112
2022-23,BOS,2023-03-03,BOS vs. BKN,BKN,True,L,105,115,-10,41,84,0.488,9,29,0.31,14,20,9,39,48,26,8,8,19,0.5417,100.3632,109.9216
2022-23,BOS,2023-03-01,BOS vs. CLE,CLE,True,W,117,113,4,39,78,0.5,16,32,0.5,23,28,7,36,43,27,5,4,13,0.6026,120.2714,116.1595
2022-23,BOS,2023-02-27,BOS @ NYK,NYK,False,L,94,109,-15,37,84,0.44,9,42,0.214,11,14,7,28,35,21,5,8,12,0.494,95.8597,111.1564
2022-23,BOS,2023-02-25,BOS @ PHI,PHI,False,W,110,107,3,43,86,0.5,16,36,0.444,8,12,9,35,44,20,6,4,13,0.593,115.3765,112.2299
2022-23,BOS,2023-02-23,BOS @ IND,IND,False,W,142,138,4,51,99,0.515,18,39,0.462,22,26,20,31,51,31,7,6,15,0.6061,132.6359,128.8997
2022-23,BOS,2023-02-15,BOS vs. DET,DET,True,W,127,109,18,49,92,0.533,21,45,0.467,8,10,8,35,43,30,10,5,11,0.6467,127.9984,109.8569
2022-23,BOS,2023-02-14,BOS @ MIL,MIL,False,L,125,131,-6,46,99,0.465,17,50,0.34,16,20,8,36,44,28,8,1,13,0.5505,110.0352,115.3169
2022-23,BOS,2023-02-12,BOS vs. MEM,MEM,True,W,119,109,10,39,88,0.443,21,51,0.412,20,26,15,40,55,28,5,3,11,0.5625,122.8831,112.5568
2022-23,BOS,2023-02-10,BOS vs. CHA,CHA,True,W,127,116,11,44,89,0.494,25,55,0.455,14,17,5,38,43,34,7,7,15,0.6348,119.2936,108.9611
2022-23,BOS,2023-02-08,BOS vs. PHI,PHI,True,W,106,99,7,40,76,0.526,19,35,0.543,7,10,5,39,44,25,2,5,15,0.6513,116.9978,109.2715
2022-23,BOS,2023-02-06,BOS @ DET,DET,False,W,111,99,12,39,83,0.47,16,37,0.432,17,21,10,41,51,25,2,5,12,0.5663,116.5477,103.9479
2022-23,BOS,2023-02-03,BOS vs. PHX,PHX,True,L,94,106,-12,29,75,0.387,10,38,0.263,26,31,3,40,43,18,5,3,15,0.4533,93.6255,105.5777
2022-23,BOS,2023-02-01,BOS vs. BKN,BKN,True,W,139,96,43,53,92,0.576,26,54,0.481,7,10,11,46,57,28,4,4,12,0.7174,142.3305,98.3002
2022-23,BOS,2023-01-28,BOS vs. LAL,LAL,True,W,125,121,4,39,84,0.464,13,40,0.325,34,39,7,39,46,18,8,9,12,0.5417,113.1427,109.5221
2022-23,BOS,2023-01-26,BOS vs. NYK,NYK,True,L,117,120,-3,41,100,0.41,16,46,0.348,19,23,15,39,54,22,4,4,13,0.49,109.2233,112.0239
2022-23,BOS,2023-01-24,BOS @ MIA,MIA,False,L,95,98,-3,32,74,0.432,10,32,0.313,21,27,5,39,44,21,5,6,17,0.5,96.9388,100.0
2022-23,BOS,2023-01-23,BOS @ ORL,ORL,False,L,98,113,-15,36,83,0.434,18,46,0.391,8,11,8,29,37,24,5,4,18,0.5422,100.3071,115.6602
2022-23,BOS,2023-01-21,BOS @ TOR,TOR,False,W,106,104,2,38,85,0.447,16,35,0.457,14,15,11,30,41,25,9,8,15,0.5412,110.027,107.951
2022-23,BOS,2023-01-19,BOS vs. GSW,GSW,True,W,121,118,3,43,108,0.398,13,41,0.317,22,30,18,45,63,21,10,5,17,0.4583,101.5441,99.0265
2022-23,BOS,2023-01-16,BOS @ CHA,CHA,False,W,130,118,12,43,87,0.494,20,43,0.465,24,25,14,33,47,34,1,4,12,0.6092,135.9833,123.431
2022-23,BOS,2023-01-14,BOS @ CHA,CHA,False,W,122,106,16,47,99,0.475,19,53,0.358,9,10,14,32,46,35,8,4,7,0.5707,125.929,109.4137
2022-23,BOS,2023-01-12,BOS @ BKN,BKN,False,W,109,98,11,41,86,0.477,12,36,0.333,15,17,12,36,48,23,4,6,14,0.5465,113.3527,101.9135
2022-23,BOS,2023-01-11,BOS vs. NOP,NOP,True,W,125,114,11,44,91,0.484,15,44,0.341,22,25,11,39,50,24,7,5,9,0.5659,125.3258,114.2972
2022-23,BOS,2023-01-09,BOS vs. CHI,CHI,True,W,107,99,8,38,87,0.437,11,41,0.268,20,21,9,41,50,25,2,7,9,0.5,112.395,103.9916
2022-23,BOS,2023-01-07,BOS @ SAS,SAS,False,W,121,116,5,47,95,0.495,15,34,0.441,12,18,8,35,43,30,6,10,14,0.5737,111.9956,107.3676
2022-23,BOS,2023-01-05,BOS @ DAL,DAL,False,W,124,95,29,41,84,0.488,16,43,0.372,26,31,10,42,52,29,6,8,11,0.5833,124.2236,95.1713
2022-23,BOS,2023-01-03,BOS @ OKC,OKC,False,L,117,150,-33,40,88,0.455,12,40,0.3,25,31,11,27,38,29,4,7,17,0.5227,106.6934,136.7864
2022-23,BOS,2023-01-01,BOS @ DEN,DEN,False,L,111,123,-12,40,87,0.46,9,33,0.273,22,27,10,31,41,30,8,3,13,0.5115,108.3984,120.1172
2022-23,BOS,2022-12-29,BOS vs. LAC,LAC,True,W,116,110,6,44,91,0.484,11,39,0.282,17,22,11,38,49,22,3,7,12,0.544,114.9425,108.9972
2022-23,BOS,2022-12-27,BOS vs. HOU,HOU,True,W,126,102,24,43,91,0.473,20,56,0.357,20,23,9,40,49,32,8,5,11,0.5824,122.164,98.8947
2022-23,BOS,2022-12-25,BOS vs. MIL,MIL,True,W,139,118,21,50,85,0.588,19,39,0.487,20,25,5,30,35,29,9,1,12,0.7,135.0301,114.6299
2022-23,BOS,2022-12-23,BOS vs. MIN,MIN,True,W,121,109,12,44,100,0.44,13,46,0.283,20,26,20,33,53,28,9,6,12,0.505,116.8856,105.2937
2022-23,BOS,2022-12-21,BOS vs. IND,IND,True,L,112,117,-5,39,101,0.386,13,41,0.317,21,25,25,37,62,26,11,5,17,0.4505,107.713,112.5216
2022-23,BOS,2022-12-18,BOS vs. ORL,ORL,True,L,92,95,-3,31,89,0.348,12,47,0.255,18,21,11,43,54,22,7,7,17,0.4157,89.4942,92.4125
2022-23,BOS,2022-12-16,BOS vs. ORL,ORL,True,L,109,117,-8,35,84,0.417,11,46,0.239,28,34,10,28,38,17,9,12,14,0.4821,104.1667,111.8119
2022-23,BOS,2022-12-13,BOS @ LAL,LAL,False,W,122,118,4,46,104,0.442,19,48,0.396,11,16,13,38,51,27,6,2,14,0.5337,109.2994,105.7158
2022-23,BOS,2022-12-12,BOS @ LAC,LAC,False,L,93,113,-20,33,76,0.434,9,39,0.231,18,26,5,31,36,27,5,6,15,0.4934,95.0531,115.4947
2022-23,BOS,2022-12-10,BOS @ GSW,GSW,False,L,107,123,-16,38,87,0.437,12,40,0.3,19,26,6,33,39,17,8,6,10,0.5057,103.2619,118.703
2022-23,BOS,2022-12-07,BOS @ PHX,PHX,False,W,125,98,27,49,101,0.485,16,45,0.356,11,13,11,42,53,29,14,3,13,0.5644,116.2358,91.1289
2022-23,BOS,2022-12-05,BOS @ TOR,TOR,False,W,116,110,6,44,90,0.489,13,36,0.361,15,21,13,36,49,27,6,3,11,0.5611,118.1022,111.9935
2022-23,BOS,2022-12-04,BOS @ BKN,BKN,False,W,103,92,11,35,81,0.432,15,38,0.395,18,20,8,40,48,18,11,9,17,0.5247,104.8453,93.6482
2022-23,BOS,2022-12-02,BOS vs. MIA,MIA,True,L,116,120,-4,40,87,0.46,15,45,0.333,21,28,7,41,48,26,6,2,20,0.546,102.546,106.082
2022-23,BOS,2022-11-30,BOS vs. MIA,MIA,True,W,134,121,13,46,83,0.554,22,45,0.489,20,23,11,30,41,32,7,0,18,0.6867,133.9464,120.9516
2022-23,BOS,2022-11-28,BOS vs. CHA,CHA,True,W,140,105,35,55,93,0.591,24,52,0.462,6,7,9,30,39,40,10,5,16,0.7204,138.1488,103.6116
2022-23,BOS,2022-11-27,BOS vs. WAS,WAS,True,W,130,121,9,44,80,0.55,16,34,0.471,26,26,10,28,38,25,2,5,14,0.65,136.8709,127.3952
2022-23,BOS,2022-11-25,BOS vs. SAC,SAC,True,W,122,104,18,41,83,0.494,16,37,0.432,24,27,4,34,38,27,9,6,10,0.5904,118.2629,100.8143
2022-23,BOS,2022-11-23,BOS vs. DAL,DAL,True,W,125,112,13,45,84,0.536,17,34,0.5,18,21,6,32,38,29,4,4,12,0.6369,125.3258,112.292
2022-23,BOS,2022-11-21,BOS @ CHI,CHI,False,L,107,121,-14,38,87,0.437,19,50,0.38,12,17,5,33,38,28,3,4,15,0.546,102.2554,115.6346
2022-23,BOS,2022-11-18,BOS @ NOP,NOP,False,W,117,109,8,41,85,0.482,20,46,0.435,15,17,11,35,46,28,6,3,17,0.6,118.6613,110.5477
2022-23,BOS,2022-11-16,BOS @ ATL,ATL,False,W,126,101,25,48,88,0.545,21,46,0.457,9,10,6,43,49,29,4,8,15,0.6648,124.0646,99.4486
2022-23,BOS,2022-11-14,BOS vs. OKC,OKC,True,W,126,122,4,46,96,0.479,10,37,0.27,24,29,10,36,46,25,15,7,14,0.5312,109.5652,106.087
2022-23,BOS,2022-11-12,BOS @ DET,DET,False,W,117,108,9,39,91,0.429,18,48,0.375,21,24,9,33,42,27,6,4,7,0.5275,116.5339,107.5697
2022-23,BOS,2022-11-11,BOS vs. DEN,DEN,True,W,131,112,19,50,90,0.556,16,37,0.432,15,20,10,36,46,30,3,5,7,0.6444,136.7432,116.9102
2022-23,BOS,2022-11-09,BOS vs. DET,DET,True,W,128,112,16,47,88,0.534,18,46,0.391,16,21,8,35,43,31,5,4,13,0.6364,125.5887,109.8901
2022-23,BOS,2022-11-07,BOS @ MEM,MEM,False,W,109,106,3,38,82,0.463,12,37,0.324,21,28,7,38,45,26,5,6,15,0.5366,107.665,104.7017
2022-23,BOS,2022-11-05,BOS @ NYK,NYK,False,W,133,118,15,47,88,0.534,27,51,0.529,12,12,8,26,34,30,5,2,13,0.6875,134.8064,119.6027
2022-23,BOS,2022-11-04,BOS vs. CHI,CHI,True,W,123,119,4,41,83,0.494,9,31,0.29,32,39,7,32,39,24,5,7,14,0.5482,114.8674,111.1319
2022-23,BOS,2022-11-02,BOS @ CLE,CLE,False,L,113,114,-1,38,93,0.409,11,41,0.268,26,27,8,44,52,26,5,9,14,0.4677,101.1457,102.0408
2022-23,BOS,2022-10-30,BOS vs. WAS,WAS,True,W,112,94,18,36,79,0.456,21,47,0.447,19,20,4,43,47,29,4,5,14,0.5886,113.2228,95.0263
2022-23,BOS,2022-10-28,BOS vs. CLE,CLE,True,L,123,132,-9,42,82,0.512,13,33,0.394,26,32,5,29,34,28,9,2,19,0.5915,112.3083,120.5259
2022-23,BOS,2022-10-24,BOS @ CHI,CHI,False,L,102,120,-18,37,100,0.37,18,48,0.375,10,12,14,31,45,26,5,7,11,0.46,100.9701,118.7884
2022-23,BOS,2022-10-22,BOS @ ORL,ORL,False,W,126,120,6,42,87,0.483,19,47,0.404,23,28,7,30,37,24,5,6,8,0.592,124.4813,118.5536
2022-23,BOS,2022-10-21,BOS @ MIA,MIA,False,W,111,104,7,41,79,0.519,14,33,0.424,15,15,12,31,43,17,4,11,20,0.6076,116.1088,108.7866
2022-23,BOS,2022-10-18,BOS vs. PHI,PHI,True,W,126,117,9,46,82,0.561,12,35,0.343,22,28,6,30,36,24,8,3,11,0.6341,124.9752,116.0484
2022-23,CHA,2023-04-09,CHA @ CLE,CLE,False,W,106,95,11,37,81,0.457,6,32,0.188,26,30,10,39,49,23,8,5,19,0.4938,103.7995,93.0278
2022-23,CHA,2023-04-07,CHA vs. HOU,HOU,True,L,109,112,-3,38,88,0.432,13,41,0.317,20,27,7,34,41,22,10,9,17,0.5057,100.8326,103.6078
2022-23,CHA,2023-04-04,CHA vs. TOR,TOR,True,L,100,120,-20,36,77,0.468,12,31,0.387,16,19,6,36,42,27,3,4,18,0.5455,102.7327,123.2792
2022-23,CHA,2023-04-02,CHA vs. TOR,TOR,True,L,108,128,-20,42,85,0.494,15,31,0.484,9,13,10,27,37,26,3,4,18,0.5824,108.412,128.4883
2022-23,CHA,2023-03-31,CHA vs. CHI,CHI,True,L,91,121,-30,35,77,0.455,14,37,0.378,7,10,4,32,36,27,3,5,22,0.5455,93.2951,124.0517
2022-23,CHA,2023-03-28,CHA @ OKC,OKC,False,W,137,134,3,52,94,0.553,14,35,0.4,19,30,15,37,52,34,6,7,18,0.6277,122.892,120.2009
2022-23,CHA,2023-03-26,CHA vs. DAL,DAL,True,W,110,104,6,39,88,0.443,12,29,0.414,20,24,14,44,58,27,6,2,14,0.5114,111.5392,105.4553
2022-23,CHA,2023-03-24,CHA @ DAL,DAL,False,W,117,109,8,43,89,0.483,11,28,0.393,20,27,6,37,43,32,7,4,8,0.5449,116.1636,108.2208
2022-23,CHA,2023-03-23,CHA @ NOP,NOP,False,L,96,115,-19,38,83,0.458,9,37,0.243,11,16,4,34,38,24,8,4,17,0.512,92.4677,110.7686
2022-23,CHA,2023-03-20,CHA vs. IND,IND,True,W,115,109,6,41,90,0.456,10,31,0.323,23,32,10,27,37,26,12,6,11,0.5111,108.9841,103.298
2022-23,CHA,2023-03-17,CHA vs. PHI,PHI,True,L,82,121,-39,29,86,0.337,5,35,0.143,19,26,7,28,35,20,10,6,14,0.3663,78.6797,116.1006
2022-23,CHA,2023-03-14,CHA vs. CLE,CLE,True,L,104,120,-16,43,76,0.566,6,23,0.261,12,15,6,34,40,28,3,8,22,0.6053,106.1441,122.474
2022-23,CHA,2023-03-12,CHA vs. CLE,CLE,True,L,108,114,-6,41,80,0.513,10,21,0.476,16,22,7,36,43,25,8,5,19,0.575,106.593,112.5148
2022-23,CHA,2023-03-11,CHA vs. UTA,UTA,True,L,111,119,-8,40,98,0.408,17,40,0.425,14,15,11,32,43,24,5,14,7,0.4949,109.1445,117.0108
2022-23,CHA,2023-03-09,CHA @ DET,DET,False,W,113,103,10,43,86,0.5,8,24,0.333,19,32,13,31,44,24,11,9,13,0.5465,113.0678,103.0618
2022-23,CHA,2023-03-07,CHA @ NYK,NYK,False,W,112,105,7,42,85,0.494,12,32,0.375,16,21,10,32,42,27,2,5,12,0.5647,115.5831,108.3591
2022-23,CHA,2023-03-05,CHA @ BKN,BKN,False,L,86,102,-16,33,88,0.375,8,30,0.267,12,15,5,44,49,17,2,3,10,0.4205,85.4531,101.3514
2022-23,CHA,2023-03-03,CHA vs. ORL,ORL,True,L,106,117,-11,38,78,0.487,9,24,0.375,21,25,8,26,34,25,11,4,21,0.5449,104.2486,115.0669
2022-23,CHA,2023-03-01,CHA vs. PHX,PHX,True,L,91,105,-14,32,88,0.364,9,33,0.273,18,28,12,36,48,20,3,7,14,0.4148,88.3838,101.9814
2022-23,CHA,2023-02-27,CHA vs. DET,DET,True,W,117,106,11,43,83,0.518,13,26,0.5,18,22,7,39,46,24,8,3,17,0.5964,113.8354,103.1329
2022-23,CHA,2023-02-25,CHA vs. MIA,MIA,True,W,108,103,5,38,88,0.432,10,31,0.323,22,27,11,37,48,20,10,2,15,0.4886,102.9356,98.17
2022-23,CHA,2023-02-24,CHA @ MIN,MIN,False,W,121,113,8,43,92,0.467,10,28,0.357,25,28,11,41,52,25,10,4,11,0.5217,113.4233,105.9243
2022-23,CHA,2023-02-15,CHA vs. SAS,SAS,True,W,120,110,10,43,96,0.448,14,35,0.4,20,29,15,43,58,26,8,12,16,0.5208,108.8139,99.7461
2022-23,CHA,2023-02-13,CHA vs. ATL,ATL,True,W,144,138,6,53,84,0.631,20,37,0.541,18,23,3,32,35,36,5,5,17,0.75,130.1048,124.6838
2022-23,CHA,2023-02-11,CHA vs. DEN,DEN,True,L,105,119,-14,40,85,0.471,8,32,0.25,17,29,5,32,37,25,11,8,14,0.5176,98.4806,111.6113
2022-23,CHA,2023-02-10,CHA @ BOS,BOS,False,L,116,127,-11,45,93,0.484,8,23,0.348,18,26,11,36,47,26,9,6,13,0.5269,108.9611,119.2936
2022-23,CHA,2023-02-08,CHA @ WAS,WAS,False,L,104,118,-14,39,93,0.419,9,31,0.29,17,21,12,28,40,23,11,5,7,0.4677,105.1993,119.3607
2022-23,CHA,2023-02-05,CHA vs. ORL,ORL,True,L,113,119,-6,45,83,0.542,12,33,0.364,11,23,8,31,39,28,8,6,15,0.6145,113.9572,120.0081
2022-23,CHA,2023-02-03,CHA @ DET,DET,False,L,112,118,-6,40,90,0.444,9,34,0.265,23,30,8,29,37,22,16,2,14,0.4944,103.5503,109.0976
2022-23,CHA,2023-02-02,CHA @ CHI,CHI,False,L,98,114,-16,39,93,0.419,7,35,0.2,13,15,16,29,45,19,6,4,15,0.457,100.4922,116.8991
2022-23,CHA,2023-01-31,CHA @ MIL,MIL,False,L,115,124,-9,42,111,0.378,11,39,0.282,20,26,18,44,62,27,6,6,11,0.4279,100.7358,108.6195
2022-23,CHA,2023-01-29,CHA vs. MIA,MIA,True,W,122,117,5,45,83,0.542,15,40,0.375,17,22,11,36,47,25,6,3,19,0.6325,119.1406,114.2578
2022-23,CHA,2023-01-26,CHA vs. CHI,CHI,True,W,111,96,15,39,84,0.464,7,32,0.219,26,31,6,46,52,24,8,5,16,0.506,103.5834,89.5857
2022-23,CHA,2023-01-24,CHA @ PHX,PHX,False,L,97,128,-31,39,96,0.406,6,25,0.24,13,18,10,30,40,19,10,5,14,0.4375,92.1003,121.5344
2022-23,CHA,2023-01-23,CHA @ UTA,UTA,False,L,102,120,-18,38,85,0.447,2,16,0.125,24,34,11,31,42,22,8,7,15,0.4588,97.8887,115.1631
2022-23,CHA,2023-01-21,CHA @ ATL,ATL,False,W,122,118,4,45,89,0.506,13,34,0.382,19,22,6,30,36,28,11,2,12,0.5787,117.0376,113.2003
2022-23,CHA,2023-01-18,CHA @ HOU,HOU,False,W,122,117,5,48,96,0.5,9,36,0.25,17,25,11,26,37,27,14,10,10,0.5469,114.1254,109.4481
2022-23,CHA,2023-01-16,CHA vs. BOS,BOS,True,L,118,130,-12,41,90,0.456,13,31,0.419,23,30,13,25,38,26,7,2,5,0.5278,123.431,135.9833
2022-23,CHA,2023-01-14,CHA vs. BOS,BOS,True,L,106,122,-16,41,88,0.466,8,27,0.296,16,19,10,36,46,21,3,2,11,0.5114,109.4137,125.929
2022-23,CHA,2023-01-12,CHA @ TOR,TOR,False,L,114,124,-10,41,77,0.532,13,33,0.394,19,27,9,33,42,27,6,5,22,0.6169,113.028,122.9427
2022-23,CHA,2023-01-10,CHA @ TOR,TOR,False,L,120,132,-12,47,86,0.547,15,35,0.429,11,15,6,28,34,33,6,4,10,0.6337,124.6883,137.1571
2022-23,CHA,2023-01-08,CHA @ IND,IND,False,L,111,116,-5,38,88,0.432,11,33,0.333,24,27,13,36,49,25,8,4,18,0.4943,103.5448,108.209
2022-23,CHA,2023-01-06,CHA @ MIL,MIL,False,W,138,109,29,53,102,0.52,20,48,0.417,12,19,13,36,49,32,11,3,5,0.6176,136.6878,107.9635
2022-23,CHA,2023-01-04,CHA vs. MEM,MEM,True,L,107,131,-24,38,94,0.404,11,38,0.289,20,24,10,34,44,25,11,8,12,0.4628,97.3435,119.1776
2022-23,CHA,2023-01-02,CHA vs. LAL,LAL,True,L,115,121,-6,42,93,0.452,11,32,0.344,20,29,8,39,47,24,8,7,14,0.5108,102.6969,108.055
2022-23,CHA,2022-12-31,CHA vs. BKN,BKN,True,L,106,123,-17,38,96,0.396,11,41,0.268,19,21,14,31,45,28,7,2,12,0.4531,104.1257,120.8251
2022-23,CHA,2022-12-29,CHA vs. OKC,OKC,True,W,121,113,8,46,84,0.548,10,32,0.313,19,29,12,40,52,33,8,11,18,0.6071,114.1509,106.6038
2022-23,CHA,2022-12-27,CHA @ GSW,GSW,False,L,105,110,-5,38,92,0.413,10,38,0.263,19,25,9,38,47,22,6,7,14,0.4674,96.0835,100.6589
2022-23,CHA,2022-12-26,CHA @ POR,POR,False,L,113,124,-11,41,103,0.398,12,36,0.333,19,25,18,27,45,25,8,3,13,0.4563,106.4431,116.8048
2022-23,CHA,2022-12-23,CHA @ LAL,LAL,False,W,134,130,4,52,94,0.553,16,41,0.39,14,18,11,30,41,30,11,5,16,0.6383,125.4682,121.7228
2022-23,CHA,2022-12-21,CHA @ LAC,LAC,False,L,105,126,-21,37,92,0.402,9,31,0.29,22,29,11,29,40,25,15,2,15,0.4511,94.6458,113.5749
2022-23,CHA,2022-12-19,CHA @ SAC,SAC,False,W,125,119,6,49,95,0.516,10,31,0.323,17,23,11,45,56,26,4,7,14,0.5684,116.409,110.8214
2022-23,CHA,2022-12-18,CHA @ DEN,DEN,False,L,115,119,-4,41,96,0.427,12,38,0.316,21,23,12,36,48,26,7,7,11,0.4896,107.9407,111.6951
2022-23,CHA,2022-12-16,CHA vs. ATL,ATL,True,L,106,125,-19,39,98,0.398,15,43,0.349,13,19,15,28,43,26,8,5,13,0.4745,103.7588,122.3571
2022-23,CHA,2022-12-14,CHA vs. DET,DET,True,L,134,141,-7,47,114,0.412,17,51,0.333,23,29,17,35,52,21,7,6,5,0.4868,117.7504,123.9016
2022-23,CHA,2022-12-11,CHA @ PHI,PHI,False,L,113,131,-18,38,93,0.409,11,30,0.367,26,30,15,30,45,21,12,3,16,0.4677,106.9671,124.0061
2022-23,CHA,2022-12-09,CHA vs. NYK,NYK,True,L,102,121,-19,37,84,0.44,6,26,0.231,22,28,12,33,45,16,8,6,13,0.4762,101.2306,120.0873
2022-23,CHA,2022-12-07,CHA @ BKN,BKN,False,L,116,122,-6,47,88,0.534,10,24,0.417,12,23,10,30,40,25,4,3,11,0.5909,117.0771,123.1328
2022-23,CHA,2022-12-05,CHA vs. LAC,LAC,True,L,117,119,-2,47,98,0.48,12,34,0.353,11,17,14,35,49,29,8,4,10,0.5408,115.4301,117.4033
2022-23,CHA,2022-12-03,CHA vs. MIL,MIL,True,L,96,105,-9,34,87,0.391,5,24,0.208,23,26,9,35,44,15,9,4,14,0.4195,91.954,100.5747
2022-23,CHA,2022-12-02,CHA vs. WAS,WAS,True,W,117,116,1,40,95,0.421,12,29,0.414,25,31,19,26,45,25,6,3,4,0.4842,122.4874,121.4405
2022-23,CHA,2022-11-28,CHA @ BOS,BOS,False,L,105,140,-35,42,86,0.488,11,29,0.379,10,15,13,24,37,28,7,2,20,0.5523,103.6116,138.1488
2022-23,CHA,2022-11-25,CHA vs. MIN,MIN,True,W,110,108,2,40,89,0.449,8,25,0.32,22,32,15,40,55,24,6,4,18,0.4944,102.3256,100.4651
2022-23,CHA,2022-11-23,CHA vs. PHI,PHI,True,W,107,101,6,44,92,0.478,6,23,0.261,13,21,11,33,44,25,8,1,16,0.5109,101.345,95.6621
2022-23,CHA,2022-11-20,CHA @ WAS,WAS,False,L,102,106,-4,39,100,0.39,8,32,0.25,16,23,15,36,51,19,5,5,13,0.43,96.2083,99.9811
2022-23,CHA,2022-11-18,CHA @ CLE,CLE,False,L,122,132,-10,44,110,0.4,14,44,0.318,20,24,17,36,53,24,11,6,16,0.4636,102.2461,110.6269
2022-23,CHA,2022-11-16,CHA vs. IND,IND,True,L,113,125,-12,43,94,0.457,12,33,0.364,15,18,14,30,44,29,8,4,18,0.5213,108.3621,119.8696
2022-23,CHA,2022-11-14,CHA @ ORL,ORL,False,W,112,105,7,42,88,0.477,7,35,0.2,21,24,14,23,37,22,15,7,13,0.517,114.4726,107.3181
2022-23,CHA,2022-11-12,CHA @ MIA,MIA,False,L,115,132,-17,46,90,0.511,9,31,0.29,14,16,4,33,37,25,4,3,12,0.5611,109.378,125.5469
2022-23,CHA,2022-11-10,CHA @ MIA,MIA,False,L,112,117,-5,43,88,0.489,14,39,0.359,12,20,8,42,50,23,4,2,21,0.5682,102.4515,107.0252
2022-23,CHA,2022-11-09,CHA vs. POR,POR,True,L,95,105,-10,34,91,0.374,10,40,0.25,17,24,20,22,42,21,10,3,11,0.4286,100.7637,111.3704
2022-23,CHA,2022-11-07,CHA vs. WAS,WAS,True,L,100,108,-8,42,101,0.416,5,32,0.156,11,16,17,28,45,27,8,7,11,0.4406,99.8801,107.8706
2022-23,CHA,2022-11-05,CHA vs. BKN,BKN,True,L,94,98,-4,32,86,0.372,14,42,0.333,16,23,13,37,50,22,3,6,15,0.4535,97.0072,101.1352
2022-23,CHA,2022-11-04,CHA @ MEM,MEM,False,L,99,130,-31,33,86,0.384,8,27,0.296,25,31,12,29,41,22,11,7,18,0.4302,93.1502,122.3184
2022-23,CHA,2022-11-02,CHA @ CHI,CHI,False,L,88,106,-18,36,92,0.391,7,32,0.219,9,16,13,34,47,22,12,12,17,0.4293,84.6317,101.9427
2022-23,CHA,2022-10-31,CHA vs. SAC,SAC,True,L,108,115,-7,43,84,0.512,14,29,0.483,8,14,6,32,38,31,11,6,21,0.5952,102.1373,108.7573
2022-23,CHA,2022-10-29,CHA vs. GSW,GSW,True,W,120,113,7,43,102,0.422,10,31,0.323,24,31,15,40,55,32,2,2,10,0.4706,110.2536,103.8221
2022-23,CHA,2022-10-28,CHA @ ORL,ORL,False,L,93,113,-20,33,86,0.384,11,38,0.289,16,24,10,37,47,21,3,4,15,0.4477,90.7317,110.2439
2022-23,CHA,2022-10-26,CHA @ NYK,NYK,False,L,131,134,-3,49,99,0.495,13,31,0.419,20,30,9,33,42,31,9,5,15,0.5606,114.4705,117.0919
2022-23,CHA,2022-10-23,CHA @ ATL,ATL,False,W,126,109,17,47,90,0.522,11,26,0.423,21,30,14,38,52,28,7,6,14,0.5833,122.0221,105.5588
2022-23,CHA,2022-10-21,CHA vs. NOP,NOP,True,L,112,124,-12,44,97,0.454,13,34,0.382,11,14,11,26,37,30,9,4,14,0.5206,105.4415,116.7388
2022-23,CHA,2022-10-19,CHA @ SAS,SAS,False,W,129,102,27,48,94,0.511,13,29,0.448,20,23,14,37,51,26,7,10,15,0.5798,120.3583,95.167
2022-23,CHI,2023-04-09,CHI vs. DET,DET,True,W,103,81,22,40,95,0.421,6,30,0.2,17,22,11,37,48,21,15,7,4,0.4526,103.8306,81.6532
2022-23,CHI,2023-04-07,CHI @ DAL,DAL,False,W,115,112,3,46,88,0.523,11,31,0.355,12,18,8,42,50,24,6,4,12,0.5852,114.0647,111.0891
2022-23,CHI,2023-04-05,CHI @ MIL,MIL,False,L,92,105,-13,36,83,0.434,11,33,0.333,9,11,5,33,38,28,10,3,15,0.5,94.5141,107.8693
2022-23,CHI,2023-04-04,CHI vs. ATL,ATL,True,L,105,123,-18,41,89,0.461,7,31,0.226,16,20,6,26,32,16,8,6,8,0.5,102.8605,120.4937
2022-23,CHI,2023-04-02,CHI vs. MEM,MEM,True,W,128,107,21,50,94,0.532,9,31,0.29,19,22,4,32,36,29,9,6,3,0.5798,126.7578,105.9616
2022-23,CHI,2023-03-31,CHI @ CHA,CHA,False,W,121,91,30,45,88,0.511,13,31,0.419,18,22,9,33,42,25,12,4,7,0.5852,124.0517,93.2951
2022-23,CHI,2023-03-29,CHI vs. LAL,LAL,True,L,110,121,-11,45,88,0.511,9,33,0.273,11,13,6,26,32,31,10,4,14,0.5625,107.8854,118.674
2022-23,CHI,2023-03-27,CHI @ LAC,LAC,False,L,112,124,-12,44,82,0.537,9,23,0.391,15,21,8,26,34,26,9,3,15,0.5915,112.9716,125.0757
2022-23,CHI,2023-03-26,CHI @ LAL,LAL,False,W,118,108,10,47,87,0.54,14,31,0.452,10,13,8,34,42,32,8,2,9,0.6207,123.5343,113.0653
2022-23,CHI,2023-03-24,CHI @ POR,POR,False,W,124,96,28,48,84,0.571,17,28,0.607,11,14,11,36,47,33,6,8,17,0.6726,126.479,97.9192
2022-23,CHI,2023-03-22,CHI vs. PHI,PHI,True,L,91,116,-25,34,83,0.41,6,25,0.24,17,22,15,27,42,18,7,4,19,0.4458,92.3295,117.6948
2022-23,CHI,2023-03-20,CHI @ PHI,PHI,False,W,109,105,4,39,94,0.415,7,33,0.212,24,29,4,38,42,20,12,7,11,0.4521,96.6998,93.1512
2022-23,CHI,2023-03-18,CHI vs. MIA,MIA,True,W,113,99,14,45,80,0.563,17,34,0.5,6,6,5,27,32,34,8,5,14,0.6688,122.6927,107.4919
2022-23,CHI,2023-03-17,CHI vs. MIN,MIN,True,W,139,131,8,51,94,0.543,11,24,0.458,26,30,6,41,47,23,9,6,12,0.6011,121.4823,114.4905
2022-23,CHI,2023-03-15,CHI vs. SAC,SAC,True,L,114,117,-3,38,97,0.392,16,42,0.381,22,25,13,35,48,28,13,4,15,0.4742,105.673,108.4538
2022-23,CHI,2023-03-11,CHI @ HOU,HOU,False,W,119,111,8,44,86,0.512,15,32,0.469,16,22,13,31,44,25,7,9,14,0.5988,119.5019,111.4682
2022-23,CHI,2023-03-08,CHI @ DEN,DEN,False,W,117,96,21,46,89,0.517,8,24,0.333,17,18,9,41,50,26,9,2,9,0.5618,122.1805,100.2506
2022-23,CHI,2023-03-05,CHI vs. IND,IND,True,L,122,125,-3,45,74,0.608,10,22,0.455,22,25,4,29,33,18,6,3,15,0.6757,126.3987,129.5068
2022-23,CHI,2023-03-03,CHI vs. PHX,PHX,True,L,104,125,-21,39,83,0.47,7,23,0.304,19,25,9,25,34,24,7,1,9,0.512,111.2299,133.6898
2022-23,CHI,2023-03-01,CHI @ DET,DET,False,W,117,115,2,41,85,0.482,12,27,0.444,23,31,10,30,40,27,9,4,15,0.5529,114.7284,112.7672
2022-23,CHI,2023-02-28,CHI @ TOR,TOR,False,L,98,104,-6,37,71,0.521,10,25,0.4,14,17,6,29,35,28,6,7,20,0.5915,104.3441,110.7325
2022-23,CHI,2023-02-26,CHI vs. WAS,WAS,True,W,102,82,20,40,79,0.506,8,30,0.267,14,17,8,31,39,21,7,3,11,0.557,113.5857,91.314
2022-23,CHI,2023-02-24,CHI vs. BKN,BKN,True,W,131,87,44,50,88,0.568,12,26,0.462,19,28,12,45,57,25,6,4,11,0.6364,132.5374,88.021
2022-23,CHI,2023-02-16,CHI vs. MIL,MIL,True,L,100,112,-12,37,97,0.381,10,32,0.313,16,21,15,36,51,19,4,2,6,0.433,103.5411,115.966
2022-23,CHI,2023-02-15,CHI @ IND,IND,False,L,113,117,-4,41,84,0.488,15,35,0.429,16,21,6,32,38,23,10,6,14,0.5774,109.7514,113.6364
2022-23,CHI,2023-02-13,CHI vs. ORL,ORL,True,L,91,100,-9,35,86,0.407,3,21,0.143,18,19,10,34,44,17,8,3,16,0.4244,90.6736,99.6413
2022-23,CHI,2023-02-11,CHI @ CLE,CLE,False,L,89,97,-8,36,74,0.486,5,21,0.238,12,15,6,38,44,27,7,3,23,0.5203,91.3008,99.5076
2022-23,CHI,2023-02-09,CHI @ BKN,BKN,False,L,105,116,-11,42,91,0.462,5,26,0.192,16,21,8,38,46,15,4,2,12,0.489,101.8231,112.4903
2022-23,CHI,2023-02-07,CHI @ MEM,MEM,False,L,89,104,-15,32,87,0.368,7,35,0.2,18,27,11,38,49,24,9,3,20,0.408,85.9405,100.4249
2022-23,CHI,2023-02-06,CHI vs. SAS,SAS,True,W,128,104,24,50,89,0.562,6,22,0.273,22,25,7,42,49,27,10,6,14,0.5955,118.2557,96.0828
2022-23,CHI,2023-02-04,CHI vs. POR,POR,True,W,129,121,8,48,80,0.6,12,26,0.462,21,25,6,35,41,32,6,3,12,0.675,132.1451,123.95
2022-23,CHI,2023-02-02,CHI vs. CHA,CHA,True,W,114,98,16,41,79,0.519,11,28,0.393,21,26,8,32,40,24,9,3,14,0.5886,116.8991,100.4922
2022-23,CHI,2023-01-31,CHI vs. LAC,LAC,True,L,103,108,-5,38,77,0.494,12,24,0.5,15,21,6,45,51,26,6,6,20,0.5714,102.142,107.1004
2022-23,CHI,2023-01-28,CHI @ ORL,ORL,False,W,128,109,19,48,81,0.593,16,35,0.457,16,19,4,34,38,30,5,6,12,0.6914,129.3452,110.1455
2022-23,CHI,2023-01-26,CHI @ CHA,CHA,False,L,96,111,-15,37,91,0.407,4,25,0.16,18,22,7,36,43,16,8,2,13,0.4286,89.5857,103.5834
2022-23,CHI,2023-01-24,CHI @ IND,IND,False,L,110,116,-6,43,88,0.489,5,24,0.208,19,25,11,34,45,19,5,5,16,0.517,105.1022,110.8351
2022-23,CHI,2023-01-23,CHI vs. ATL,ATL,True,W,111,100,11,44,95,0.463,11,34,0.324,12,18,15,32,47,28,13,3,11,0.5211,109.7489,98.8728
2022-23,CHI,2023-01-19,CHI @ DET,DET,False,W,126,108,18,50,92,0.543,7,23,0.304,19,21,11,37,48,23,11,8,14,0.5815,118.2432,101.3514
2022-23,CHI,2023-01-15,CHI vs. GSW,GSW,True,W,132,118,14,48,95,0.505,15,39,0.385,21,24,7,31,38,29,12,1,10,0.5842,121.5246,108.6356
2022-23,CHI,2023-01-13,CHI vs. OKC,OKC,True,L,110,124,-14,38,85,0.447,12,38,0.316,22,24,10,32,42,30,7,5,16,0.5176,108.7816,122.6266
2022-23,CHI,2023-01-11,CHI @ WAS,WAS,False,L,97,100,-3,41,88,0.466,9,29,0.31,6,9,8,31,39,16,7,6,12,0.517,100.4141,103.5197
2022-23,CHI,2023-01-09,CHI @ BOS,BOS,False,L,99,107,-8,39,86,0.453,12,35,0.343,9,14,6,36,42,19,6,1,8,0.5233,103.9916,112.395
2022-23,CHI,2023-01-07,CHI vs. UTA,UTA,True,W,126,118,8,44,83,0.53,13,28,0.464,25,32,7,37,44,22,4,4,10,0.6084,123.5294,115.6863
2022-23,CHI,2023-01-06,CHI @ PHI,PHI,False,W,126,112,14,48,84,0.571,20,34,0.588,10,17,8,37,45,33,3,4,12,0.6905,132.3529,117.6471
2022-23,CHI,2023-01-04,CHI vs. BKN,BKN,True,W,121,112,9,43,81,0.531,8,20,0.4,27,29,6,40,46,21,7,7,17,0.5802,114.6919,106.1611
2022-23,CHI,2023-01-02,CHI @ CLE,CLE,False,L,134,145,-11,47,95,0.495,10,33,0.303,30,34,6,36,42,22,8,2,7,0.5474,121.9512,131.9621
2022-23,CHI,2022-12-31,CHI vs. CLE,CLE,True,L,102,103,-1,39,81,0.481,7,21,0.333,17,24,9,31,40,14,15,6,15,0.5247,103.5954,104.611
2022-23,CHI,2022-12-30,CHI vs. DET,DET,True,W,132,118,14,53,92,0.576,12,27,0.444,14,15,12,26,38,21,10,4,14,0.6413,131.8945,117.9057
2022-23,CHI,2022-12-28,CHI vs. MIL,MIL,True,W,119,113,6,42,92,0.457,9,23,0.391,26,30,7,45,52,21,5,10,14,0.5054,104.2579,99.0012
2022-23,CHI,2022-12-26,CHI vs. HOU,HOU,True,L,118,133,-15,45,92,0.489,13,35,0.371,15,21,8,27,35,27,6,2,8,0.5598,114.6076,129.1764
2022-23,CHI,2022-12-23,CHI @ NYK,NYK,False,W,118,117,1,45,93,0.484,14,31,0.452,14,18,11,30,41,24,6,4,4,0.5591,124.6303,123.5741
2022-23,CHI,2022-12-21,CHI @ ATL,ATL,False,W,110,108,2,43,86,0.5,7,24,0.292,17,22,8,39,47,20,9,4,11,0.5407,108.5241,106.5509
2022-23,CHI,2022-12-20,CHI @ MIA,MIA,False,W,113,103,10,40,73,0.548,13,31,0.419,20,24,5,34,39,24,7,0,17,0.637,120.1872,109.5512
2022-23,CHI,2022-12-18,CHI @ MIN,MIN,False,L,126,150,-24,46,88,0.523,16,38,0.421,18,24,6,24,30,31,6,1,11,0.6136,121.9748,145.2081
2022-23,CHI,2022-12-16,CHI vs. NYK,NYK,True,L,91,114,-23,36,77,0.468,12,30,0.4,7,8,2,37,39,26,3,2,20,0.5455,90.2778,113.0952
2022-23,CHI,2022-12-14,CHI vs. NYK,NYK,True,L,120,128,-8,46,84,0.548,9,28,0.321,19,22,3,28,31,25,6,7,12,0.6012,115.5624,123.2666
2022-23,CHI,2022-12-11,CHI @ ATL,ATL,False,L,122,123,-1,48,100,0.48,7,27,0.259,19,23,13,40,53,28,11,6,19,0.515,105.9212,106.7894
2022-23,CHI,2022-12-10,CHI vs. DAL,DAL,True,W,144,115,29,54,85,0.635,19,34,0.559,17,24,4,40,44,33,8,5,10,0.7471,141.8719,113.3005
2022-23,CHI,2022-12-07,CHI vs. WAS,WAS,True,W,115,111,4,45,90,0.5,10,23,0.435,15,17,6,35,41,29,11,4,19,0.5556,104.9079,101.2589
2022-23,CHI,2022-12-04,CHI @ SAC,SAC,False,L,101,110,-9,38,86,0.442,9,25,0.36,16,19,7,32,39,17,9,5,16,0.4942,95.409,103.9108
2022-23,CHI,2022-12-02,CHI @ GSW,GSW,False,L,111,119,-8,43,93,0.462,9,27,0.333,16,24,6,38,44,28,7,1,12,0.5108,101.0561,108.3394
2022-23,CHI,2022-11-30,CHI @ PHX,PHX,False,L,113,132,-19,41,82,0.5,4,25,0.16,27,33,5,30,35,21,5,6,12,0.5244,107.7422,125.8581
2022-23,CHI,2022-11-28,CHI @ UTA,UTA,False,W,114,107,7,43,93,0.462,6,22,0.273,22,25,13,37,50,21,6,3,8,0.4946,116.5644,109.407
2022-23,CHI,2022-11-25,CHI @ OKC,OKC,False,L,119,123,-4,44,101,0.436,12,33,0.364,19,23,14,33,47,25,5,4,15,0.495,106.1552,109.7235
2022-23,CHI,2022-11-23,CHI @ MIL,MIL,False,W,118,113,5,43,87,0.494,18,42,0.429,14,18,5,30,35,30,9,12,13,0.5977,110.8398,106.1432
2022-23,CHI,2022-11-21,CHI vs. BOS,BOS,True,W,121,107,14,46,89,0.517,14,29,0.483,15,20,8,43,51,26,10,1,15,0.5955,115.6346,102.2554
2022-23,CHI,2022-11-18,CHI vs. ORL,ORL,True,L,107,108,-1,41,89,0.461,5,21,0.238,20,25,13,33,46,27,6,6,11,0.4888,109.924,110.9513
2022-23,CHI,2022-11-16,CHI @ NOP,NOP,False,L,110,124,-14,44,89,0.494,11,32,0.344,11,17,7,30,37,25,2,1,12,0.5562,109.978,123.9752
2022-23,CHI,2022-11-13,CHI vs. DEN,DEN,True,L,103,126,-23,40,81,0.494,6,22,0.273,17,21,8,28,36,24,9,4,19,0.5309,102.2434,125.0744
2022-23,CHI,2022-11-09,CHI vs. NOP,NOP,True,L,111,115,-4,44,87,0.506,7,27,0.259,16,18,6,29,35,23,5,8,15,0.546,107.3709,111.2401
2022-23,CHI,2022-11-07,CHI vs. TOR,TOR,True,W,111,97,14,42,80,0.525,9,28,0.321,18,22,9,40,49,30,7,7,22,0.5812,107.0602,93.5571
2022-23,CHI,2022-11-06,CHI @ TOR,TOR,False,L,104,113,-9,40,88,0.455,13,36,0.361,11,13,15,31,46,27,5,10,17,0.5284,107.4824,116.7838
2022-23,CHI,2022-11-04,CHI @ BOS,BOS,False,L,119,123,-4,43,83,0.518,11,28,0.393,22,25,4,33,37,21,8,5,17,0.5843,111.1319,114.8674
2022-23,CHI,2022-11-02,CHI vs. CHA,CHA,True,W,106,88,18,38,88,0.432,14,31,0.452,16,18,11,40,51,28,6,9,20,0.5114,101.9427,84.6317
2022-23,CHI,2022-11-01,CHI @ BKN,BKN,False,W,108,99,9,39,89,0.438,12,30,0.4,18,21,11,33,44,20,8,4,10,0.5056,111.5702,102.2727
2022-23,CHI,2022-10-29,CHI vs. PHI,PHI,True,L,109,114,-5,36,80,0.45,11,31,0.355,26,29,9,31,40,22,7,3,18,0.5188,107.0517,111.9623
2022-23,CHI,2022-10-28,CHI @ SAS,SAS,False,L,124,129,-5,47,99,0.475,9,27,0.333,21,26,15,27,42,20,13,3,13,0.5202,113.3041,117.8728
2022-23,CHI,2022-10-26,CHI vs. IND,IND,True,W,124,109,15,43,87,0.494,16,30,0.533,22,24,9,35,44,34,10,5,18,0.5862,114.2225,100.4053
2022-23,CHI,2022-10-24,CHI vs. BOS,BOS,True,W,120,102,18,42,87,0.483,10,21,0.476,26,29,14,46,60,29,4,6,14,0.5402,118.7884,100.9701
2022-23,CHI,2022-10-22,CHI vs. CLE,CLE,True,L,96,128,-32,34,84,0.405,7,29,0.241,21,25,10,25,35,19,12,7,10,0.4464,97.0089,129.3452
2022-23,CHI,2022-10-21,CHI @ WAS,WAS,False,L,100,102,-2,33,79,0.418,7,27,0.259,27,33,10,28,38,19,8,3,13,0.462,103.434,105.5027
2022-23,CHI,2022-10-19,CHI @ MIA,MIA,False,W,116,108,8,41,93,0.441,13,36,0.361,21,28,12,34,46,23,12,6,15,0.5108,109.6201,102.0601
2022-23,CLE,2023-04-09,CLE vs. CHA,CHA,True,L,95,106,-11,35,89,0.393,10,37,0.27,15,16,11,33,44,27,9,5,16,0.4494,93.0278,103.7995
2022-23,CLE,2023-04-06,CLE @ ORL,ORL,False,W,118,94,24,46,88,0.523,18,38,0.474,8,9,9,33,42,31,13,7,17,0.625,115.5051,92.0125
2022-23,CLE,2023-04-04,CLE @ ORL,ORL,False,W,117,113,4,42,84,0.5,15,31,0.484,18,20,5,25,30,23,3,7,9,0.5893,121.0679,116.9288
2022-23,CLE,2023-04-02,CLE vs. IND,IND,True,W,115,105,10,44,90,0.489,9,24,0.375,18,26,13,30,43,23,7,7,13,0.5389,113.189,103.3465
2022-23,CLE,2023-03-31,CLE vs. NYK,NYK,True,L,116,130,-14,44,86,0.512,17,37,0.459,11,13,3,30,33,33,2,9,10,0.6105,118.1985,132.4638
2022-23,CLE,2023-03-28,CLE @ ATL,ATL,False,L,118,120,-2,47,93,0.505,9,25,0.36,15,22,10,30,40,20,5,6,8,0.5538,115.0097,116.9591
2022-23,CLE,2023-03-26,CLE vs. HOU,HOU,True,W,108,91,17,39,83,0.47,9,30,0.3,21,24,13,28,41,20,5,7,11,0.5241,115.8301,97.5976
2022-23,CLE,2023-03-23,CLE @ BKN,BKN,False,W,116,114,2,42,89,0.472,12,32,0.375,20,26,13,27,40,24,7,7,10,0.5393,117.5755,115.5483
2022-23,CLE,2023-03-21,CLE @ BKN,BKN,False,W,115,109,6,42,83,0.506,14,29,0.483,17,21,8,26,34,23,6,3,14,0.5904,115.9508,109.9012
2022-23,CLE,2023-03-17,CLE vs. WAS,WAS,True,W,117,94,23,48,87,0.552,4,19,0.211,17,22,9,32,41,31,9,7,11,0.5747,120.3209,96.668
2022-23,CLE,2023-03-15,CLE vs. PHI,PHI,True,L,109,118,-9,40,85,0.471,14,41,0.341,15,22,12,21,33,20,6,2,12,0.5529,115.6131,125.1591
2022-23,CLE,2023-03-14,CLE @ CHA,CHA,False,W,120,104,16,45,88,0.511,14,30,0.467,16,19,8,22,30,29,8,6,9,0.5909,122.474,106.1441
2022-23,CLE,2023-03-12,CLE @ CHA,CHA,False,W,114,108,6,41,87,0.471,7,27,0.259,25,34,11,29,40,18,8,3,10,0.5115,112.5148,106.593
2022-23,CLE,2023-03-10,CLE @ MIA,MIA,False,L,115,119,-4,40,86,0.465,18,43,0.419,17,21,8,26,34,25,5,6,11,0.5698,117.7314,121.8264
2022-23,CLE,2023-03-08,CLE @ MIA,MIA,False,W,104,100,4,39,80,0.488,9,28,0.321,17,19,7,25,32,26,13,3,17,0.5438,106.6011,102.501
2022-23,CLE,2023-03-06,CLE vs. BOS,BOS,True,W,118,114,4,43,96,0.448,12,34,0.353,20,25,16,42,58,27,4,7,15,0.5104,109.645,105.9283
2022-23,CLE,2023-03-04,CLE vs. DET,DET,True,W,114,90,24,45,91,0.495,14,34,0.412,10,18,8,31,39,29,14,8,12,0.5714,110.1875,86.9901
2022-23,CLE,2023-03-01,CLE @ BOS,BOS,False,L,113,117,-4,45,92,0.489,10,32,0.313,13,21,10,28,38,21,8,3,7,0.5435,116.1595,120.2714
2022-23,CLE,2023-02-26,CLE vs. TOR,TOR,True,W,118,93,25,44,84,0.524,18,36,0.5,12,14,8,37,45,31,7,5,14,0.631,119.9431,94.5314
2022-23,CLE,2023-02-24,CLE @ ATL,ATL,False,L,119,136,-17,40,88,0.455,13,35,0.371,26,29,10,25,35,20,9,6,11,0.5284,115.6013,132.1158
2022-23,CLE,2023-02-23,CLE vs. DEN,DEN,True,L,109,115,-6,43,90,0.478,6,26,0.231,17,20,13,28,41,24,10,2,11,0.5111,115.3928,121.7447
2022-23,CLE,2023-02-15,CLE @ PHI,PHI,False,L,112,118,-6,41,82,0.5,10,30,0.333,20,25,10,25,35,23,7,5,8,0.561,120.5857,127.0457
2022-23,CLE,2023-02-13,CLE vs. SAS,SAS,True,W,117,109,8,44,78,0.564,9,28,0.321,20,25,11,25,36,21,8,6,14,0.6218,121.3693,113.0705
2022-23,CLE,2023-02-11,CLE vs. CHI,CHI,True,W,97,89,8,36,86,0.419,9,35,0.257,16,19,10,29,39,26,9,4,13,0.4709,99.5076,91.3008
2022-23,CLE,2023-02-10,CLE @ NOP,NOP,False,W,118,107,11,48,85,0.565,10,28,0.357,12,15,12,29,41,28,9,5,14,0.6235,124.4726,112.8692
2022-23,CLE,2023-02-08,CLE vs. DET,DET,True,W,113,85,28,43,87,0.494,6,26,0.231,21,25,13,37,50,30,8,4,13,0.5287,117.7574,88.5786
2022-23,CLE,2023-02-06,CLE @ WAS,WAS,False,W,114,91,23,44,78,0.564,12,29,0.414,14,20,7,36,43,26,9,6,17,0.641,117.4289,93.7371
2022-23,CLE,2023-02-05,CLE @ IND,IND,False,W,122,103,19,46,88,0.523,15,37,0.405,15,16,8,38,46,33,7,5,13,0.608,120.3631,101.618
2022-23,CLE,2023-02-02,CLE vs. MEM,MEM,True,W,128,113,15,49,91,0.538,14,29,0.483,16,22,9,32,41,33,12,7,16,0.6154,121.1204,106.9266
2022-23,CLE,2023-01-31,CLE vs. MIA,MIA,True,L,97,100,-3,40,83,0.482,11,40,0.275,6,12,5,34,39,32,9,6,13,0.5482,101.422,104.5588
2022-23,CLE,2023-01-29,CLE vs. LAC,LAC,True,W,122,99,23,44,78,0.564,20,33,0.606,14,19,4,31,35,35,9,7,13,0.6923,124.3375,100.8969
2022-23,CLE,2023-01-27,CLE @ OKC,OKC,False,L,100,112,-12,39,88,0.443,8,29,0.276,14,18,11,26,37,27,9,5,10,0.4886,106.9976,119.8374
2022-23,CLE,2023-01-26,CLE @ HOU,HOU,False,W,113,95,18,40,87,0.46,15,36,0.417,18,22,11,25,36,29,12,4,10,0.546,117.4148,98.7116
2022-23,CLE,2023-01-24,CLE @ NYK,NYK,False,L,103,105,-2,40,87,0.46,12,33,0.364,11,16,10,31,41,29,8,4,12,0.5287,109.4115,111.536
2022-23,CLE,2023-01-21,CLE vs. MIL,MIL,True,W,114,102,12,48,86,0.558,7,22,0.318,11,17,9,32,41,33,9,3,9,0.5988,117.9392,105.5245
2022-23,CLE,2023-01-20,CLE vs. GSW,GSW,True,L,114,120,-6,42,84,0.5,14,33,0.424,16,19,10,25,35,24,7,8,15,0.5833,116.4929,122.6242
2022-23,CLE,2023-01-18,CLE @ MEM,MEM,False,L,114,115,-1,42,82,0.512,16,35,0.457,14,21,11,36,47,29,4,7,19,0.6098,114.6189,115.6244
2022-23,CLE,2023-01-16,CLE vs. NOP,NOP,True,W,113,103,10,39,80,0.488,9,28,0.321,26,33,13,30,43,22,5,4,15,0.5438,115.7787,105.5328
2022-23,CLE,2023-01-14,CLE @ MIN,MIN,False,L,102,110,-8,37,76,0.487,8,28,0.286,20,23,8,32,40,24,5,2,18,0.5395,105.3066,113.566
2022-23,CLE,2023-01-12,CLE @ POR,POR,False,W,119,113,6,44,89,0.494,7,22,0.318,24,31,12,32,44,28,6,1,11,0.5337,116.4384,110.5675
2022-23,CLE,2023-01-10,CLE @ UTA,UTA,False,L,114,116,-2,42,90,0.467,10,37,0.27,20,24,7,30,37,18,7,7,5,0.5222,112.4039,114.3759
2022-23,CLE,2023-01-08,CLE @ PHX,PHX,False,W,112,98,14,45,78,0.577,11,29,0.379,11,17,3,36,39,29,8,5,14,0.6474,114.6836,100.3481
2022-23,CLE,2023-01-06,CLE @ DEN,DEN,False,L,108,121,-13,40,88,0.455,10,26,0.385,18,32,18,22,40,30,7,5,7,0.5114,117.9039,132.0961
2022-23,CLE,2023-01-04,CLE vs. PHX,PHX,True,W,90,88,2,30,77,0.39,11,36,0.306,19,23,7,39,46,15,9,4,15,0.461,94.2211,92.1273
2022-23,CLE,2023-01-02,CLE vs. CHI,CHI,True,W,145,134,11,48,92,0.522,16,46,0.348,33,45,13,34,47,27,1,3,10,0.6087,131.9621,121.9512
2022-23,CLE,2022-12-31,CLE @ CHI,CHI,False,W,103,102,1,39,85,0.459,13,38,0.342,12,19,15,35,50,20,9,5,21,0.5353,104.611,103.5954
2022-23,CLE,2022-12-29,CLE @ IND,IND,False,L,126,135,-9,50,96,0.521,12,28,0.429,14,20,17,27,44,29,7,4,11,0.5833,127.247,136.3361
2022-23,CLE,2022-12-26,CLE vs. BKN,BKN,True,L,117,125,-8,39,82,0.476,13,36,0.361,26,30,10,23,33,21,8,3,12,0.5549,118.975,127.11
2022-23,CLE,2022-12-23,CLE vs. TOR,TOR,True,L,107,118,-11,39,76,0.513,11,33,0.333,18,30,6,29,35,27,9,4,15,0.5855,108.0153,119.1197
2022-23,CLE,2022-12-21,CLE vs. MIL,MIL,True,W,114,106,8,41,85,0.482,10,32,0.313,22,28,9,28,37,22,8,3,10,0.5412,114.5729,106.5327
2022-23,CLE,2022-12-19,CLE vs. UTA,UTA,True,W,122,99,23,43,70,0.614,15,26,0.577,21,26,4,41,45,24,5,4,23,0.7214,120.4581,97.7488
2022-23,CLE,2022-12-17,CLE vs. DAL,DAL,True,W,100,99,1,40,94,0.426,7,36,0.194,13,22,9,42,51,23,6,5,13,0.4628,94.7688,93.8211
2022-23,CLE,2022-12-16,CLE vs. IND,IND,True,W,118,112,6,38,76,0.5,14,31,0.452,28,32,6,28,34,23,6,2,10,0.5921,125.907,119.5049
2022-23,CLE,2022-12-14,CLE @ DAL,DAL,False,W,105,90,15,41,78,0.526,8,24,0.333,15,19,5,38,43,26,5,2,9,0.5769,114.8796,98.4683
2022-23,CLE,2022-12-12,CLE @ SAS,SAS,False,L,111,112,-1,45,92,0.489,5,23,0.217,16,17,15,29,44,21,7,7,15,0.5163,112.3937,113.4062
2022-23,CLE,2022-12-10,CLE vs. OKC,OKC,True,W,110,102,8,40,85,0.471,12,32,0.375,18,26,12,36,48,25,6,4,13,0.5412,113.8481,105.5682
2022-23,CLE,2022-12-09,CLE vs. SAC,SAC,True,L,95,106,-11,34,79,0.43,10,30,0.333,17,22,8,28,36,20,7,4,20,0.4937,97.556,108.8519
2022-23,CLE,2022-12-06,CLE vs. LAL,LAL,True,W,116,102,14,48,93,0.516,7,27,0.259,13,17,9,35,44,25,11,3,8,0.5538,115.3999,101.4723
2022-23,CLE,2022-12-04,CLE @ NYK,NYK,False,L,81,92,-11,29,83,0.349,8,35,0.229,15,20,8,31,39,17,7,6,19,0.3976,79.009,89.7386
2022-23,CLE,2022-12-02,CLE vs. ORL,ORL,True,W,107,96,11,41,84,0.488,16,42,0.381,9,9,5,28,33,22,7,5,13,0.5833,113.0839,101.4585
2022-23,CLE,2022-11-30,CLE vs. PHI,PHI,True,W,113,85,28,45,74,0.608,15,29,0.517,8,10,6,34,40,28,10,3,19,0.7095,121.9512,91.7332
2022-23,CLE,2022-11-28,CLE @ TOR,TOR,False,L,88,100,-12,34,90,0.378,7,38,0.184,13,16,13,34,47,21,7,3,10,0.4167,92.3788,104.9759
2022-23,CLE,2022-11-27,CLE @ DET,DET,False,W,102,94,8,33,77,0.429,8,28,0.286,28,33,10,31,41,14,3,4,14,0.4805,104.6368,96.43
2022-23,CLE,2022-11-25,CLE @ MIL,MIL,False,L,102,117,-15,34,87,0.391,12,33,0.364,22,26,10,31,41,12,9,2,9,0.4598,103.8485,119.1203
2022-23,CLE,2022-11-23,CLE vs. POR,POR,True,W,114,96,18,41,74,0.554,12,27,0.444,20,23,11,28,39,22,4,4,17,0.6351,126.7794,106.7616
2022-23,CLE,2022-11-21,CLE vs. ATL,ATL,True,W,114,102,12,42,70,0.6,10,19,0.526,20,23,3,34,37,24,8,3,20,0.6714,114.8036,102.719
2022-23,CLE,2022-11-20,CLE vs. MIA,MIA,True,W,113,87,26,44,83,0.53,13,37,0.351,12,16,13,36,49,31,7,1,20,0.6084,117.8802,90.7574
2022-23,CLE,2022-11-18,CLE vs. CHA,CHA,True,W,132,122,10,49,92,0.533,8,28,0.286,26,32,7,43,50,25,8,8,20,0.5761,110.6269,102.2461
2022-23,CLE,2022-11-16,CLE @ MIL,MIL,False,L,98,113,-15,36,84,0.429,12,28,0.429,14,17,6,28,34,22,7,7,8,0.5,101.8923,117.488
2022-23,CLE,2022-11-13,CLE vs. MIN,MIN,True,L,124,129,-5,40,89,0.449,17,34,0.5,27,39,16,24,40,22,6,1,10,0.5449,124.548,129.5701
2022-23,CLE,2022-11-11,CLE @ GSW,GSW,False,L,101,106,-5,37,92,0.402,8,30,0.267,19,26,14,32,46,25,6,3,13,0.4457,102.2267,107.2874
2022-23,CLE,2022-11-09,CLE @ SAC,SAC,False,L,120,127,-7,46,86,0.535,11,26,0.423,17,20,12,30,42,24,4,1,18,0.5988,120.4819,127.51
2022-23,CLE,2022-11-07,CLE @ LAC,LAC,False,L,117,119,-2,43,83,0.518,16,33,0.485,15,21,10,38,48,29,6,2,17,0.6145,119.6564,121.7018
2022-23,CLE,2022-11-06,CLE @ LAL,LAL,False,W,114,100,14,37,84,0.44,8,32,0.25,32,36,9,39,48,19,7,6,14,0.4881,109.5732,96.1169
2022-23,CLE,2022-11-04,CLE @ DET,DET,False,W,112,88,24,44,81,0.543,11,26,0.423,13,16,10,37,47,30,5,13,19,0.6111,113.9138,89.5037
2022-23,CLE,2022-11-02,CLE vs. BOS,BOS,True,W,114,113,1,42,100,0.42,11,39,0.282,19,24,9,42,51,24,6,4,11,0.475,102.0408,101.1457
2022-23,CLE,2022-10-30,CLE vs. NYK,NYK,True,W,121,108,13,41,89,0.461,23,50,0.46,16,19,10,33,43,33,3,5,14,0.5899,119.5652,106.7194
2022-23,CLE,2022-10-28,CLE @ BOS,BOS,False,W,132,123,9,45,87,0.517,16,35,0.457,26,34,9,33,42,18,5,2,16,0.6092,120.5259,112.3083
2022-23,CLE,2022-10-26,CLE vs. ORL,ORL,True,W,103,92,11,36,87,0.414,10,33,0.303,21,30,12,31,43,25,6,3,13,0.4713,103.8097,92.7232
2022-23,CLE,2022-10-23,CLE vs. WAS,WAS,True,W,117,107,10,41,96,0.427,13,33,0.394,22,25,16,32,48,19,10,5,13,0.4948,109.5506,100.1873
2022-23,CLE,2022-10-22,CLE @ CHI,CHI,False,W,128,96,32,48,85,0.565,16,27,0.593,16,18,8,40,48,32,4,5,18,0.6588,129.3452,97.0089
2022-23,CLE,2022-10-19,CLE @ TOR,TOR,False,L,105,108,-3,38,77,0.494,10,28,0.357,19,23,6,32,38,25,5,5,17,0.5584,105.4217,108.4337
2022-23,DAL,2023-04-09,DAL vs. SAS,SAS,True,L,117,138,-21,46,108,0.426,17,53,0.321,8,16,8,38,46,28,4,3,4,0.5046,102.9748,121.4575
2022-23,DAL,2023-04-07,DAL vs. CHI,CHI,True,L,112,115,-3,42,93,0.452,18,55,0.327,10,13,7,36,43,23,7,3,10,0.5484,111.0891,114.0647
2022-23,DAL,2023-04-05,DAL vs. SAC,SAC,True,W,123,119,4,44,89,0.494,20,44,0.455,15,18,7,32,39,24,4,7,10,0.6067,122.2178,118.2432
2022-23,DAL,2023-04-02,DAL @ ATL,ATL,False,L,130,132,-2,49,95,0.516,10,38,0.263,22,32,10,37,47,24,4,3,14,0.5684,115.1665,116.9383
2022-23,DAL,2023-04-01,DAL @ MIA,MIA,False,L,122,129,-7,47,77,0.61,14,34,0.412,14,16,1,30,31,32,3,2,14,0.7013,123.9837,131.0976
2022-23,DAL,2023-03-29,DAL @ PHI,PHI,False,L,108,116,-8,38,83,0.458,18,46,0.391,14,18,8,32,40,24,3,3,14,0.5663,113.6125,122.0282
2022-23,DAL,2023-03-27,DAL @ IND,IND,False,W,127,104,23,47,83,0.566,18,37,0.486,15,17,4,29,33,29,7,8,13,0.6747,125.3702,102.6654
2022-23,DAL,2023-03-26,DAL @ CHA,CHA,False,L,104,110,-6,32,84,0.381,19,49,0.388,21,22,3,34,37,18,8,7,8,0.494,105.4553,111.5392
2022-23,DAL,2023-03-24,DAL vs. CHA,CHA,True,L,109,117,-8,41,84,0.488,9,36,0.25,18,24,7,38,45,25,3,4,11,0.5417,108.2208,116.1636
2022-23,DAL,2023-03-22,DAL vs. GSW,GSW,True,L,125,127,-2,44,89,0.494,17,40,0.425,20,28,8,23,31,27,7,2,10,0.5899,123.0073,124.9754
2022-23,DAL,2023-03-20,DAL @ MEM,MEM,False,L,108,112,-4,39,84,0.464,11,36,0.306,19,20,8,29,37,22,5,4,12,0.5298,112.9471,117.1303
2022-23,DAL,2023-03-17,DAL @ LAL,LAL,False,W,111,110,1,40,79,0.506,16,34,0.471,15,19,7,28,35,27,8,4,15,0.6076,115.625,114.5833
2022-23,DAL,2023-03-15,DAL @ SAS,SAS,False,W,137,128,9,44,86,0.512,17,33,0.515,32,37,10,42,52,23,4,4,19,0.6105,122.4745,114.4288
2022-23,DAL,2023-03-13,DAL vs. MEM,MEM,True,L,88,104,-16,35,90,0.389,12,46,0.261,6,8,8,33,41,23,3,3,13,0.4556,88.4956,104.5857
2022-23,DAL,2023-03-11,DAL @ MEM,MEM,False,L,108,112,-4,39,85,0.459,15,43,0.349,15,23,10,33,43,25,4,3,11,0.5471,112.103,116.2549
2022-23,DAL,2023-03-08,DAL @ NOP,NOP,False,L,106,113,-7,38,88,0.432,16,46,0.348,14,19,5,29,34,24,7,0,9,0.5227,107.4615,114.558
2022-23,DAL,2023-03-07,DAL vs. UTA,UTA,True,W,120,116,4,42,89,0.472,19,45,0.422,17,22,3,40,43,24,10,6,17,0.5787,106.3453,102.8004
2022-23,DAL,2023-03-05,DAL vs. PHX,PHX,True,L,126,130,-4,38,77,0.494,15,38,0.395,35,38,5,26,31,15,5,0,10,0.5909,126.8116,130.8374
2022-23,DAL,2023-03-02,DAL vs. PHI,PHI,True,W,133,126,7,45,82,0.549,25,48,0.521,18,27,5,26,31,26,8,1,13,0.7012,131.9183,124.9752
2022-23,DAL,2023-02-28,DAL vs. IND,IND,True,L,122,124,-2,46,91,0.505,12,37,0.324,18,28,9,29,38,28,5,3,7,0.5714,121.4414,123.4322
2022-23,DAL,2023-02-26,DAL vs. LAL,LAL,True,L,108,111,-3,39,93,0.419,20,49,0.408,10,14,11,37,48,21,5,5,17,0.5269,103.6071,106.485
2022-23,DAL,2023-02-23,DAL vs. SAS,SAS,True,W,142,116,26,46,82,0.561,22,42,0.524,28,36,3,33,36,27,10,5,7,0.6951,138.5636,113.1928
2022-23,DAL,2023-02-15,DAL @ DEN,DEN,False,L,109,118,-9,39,84,0.464,14,39,0.359,17,20,6,25,31,25,8,3,12,0.5476,110.998,120.1629
2022-23,DAL,2023-02-13,DAL vs. MIN,MIN,True,L,121,124,-3,43,84,0.512,13,39,0.333,22,29,9,24,33,21,5,1,11,0.5893,123.9754,127.0492
2022-23,DAL,2023-02-11,DAL @ SAC,SAC,False,L,128,133,-5,47,91,0.516,20,51,0.392,14,19,7,36,43,27,4,4,16,0.6264,118.8707,123.5141
2022-23,DAL,2023-02-10,DAL @ SAC,SAC,False,W,122,114,8,43,88,0.489,18,43,0.419,18,19,11,28,39,34,4,0,12,0.5909,126.7928,118.4785
2022-23,DAL,2023-02-08,DAL @ LAC,LAC,False,W,110,104,6,41,78,0.526,17,35,0.486,11,17,8,36,44,26,7,6,18,0.6346,114.1553,107.9286
2022-23,DAL,2023-02-06,DAL @ UTA,UTA,False,W,124,111,13,41,88,0.466,15,39,0.385,27,31,17,32,49,26,6,4,14,0.5511,123.9504,110.9556
2022-23,DAL,2023-02-04,DAL @ GSW,GSW,False,L,113,119,-6,39,85,0.459,14,40,0.35,21,27,10,29,39,22,9,1,14,0.5412,112.8646,118.8574
2022-23,DAL,2023-02-02,DAL vs. NOP,NOP,True,W,111,106,5,37,85,0.435,14,41,0.341,23,29,6,30,36,16,10,3,8,0.5176,112.1212,107.0707
2022-23,DAL,2023-01-30,DAL vs. DET,DET,True,W,111,105,6,39,79,0.494,10,34,0.294,23,33,9,31,40,17,6,1,11,0.557,115.9875,109.7179
2022-23,DAL,2023-01-28,DAL @ UTA,UTA,False,L,100,108,-8,35,80,0.438,18,46,0.391,12,17,7,24,31,26,7,3,14,0.55,104.6901,113.0653
2022-23,DAL,2023-01-26,DAL @ PHX,PHX,False,W,99,95,4,33,77,0.429,13,34,0.382,20,28,7,36,43,20,3,3,9,0.513,109.7804,105.3449
2022-23,DAL,2023-01-24,DAL vs. WAS,WAS,True,L,126,127,-1,47,89,0.528,10,30,0.333,22,26,8,30,38,24,6,2,9,0.5843,121.4575,122.4214
2022-23,DAL,2023-01-22,DAL vs. LAC,LAC,True,L,98,112,-14,35,80,0.438,13,35,0.371,15,26,12,26,38,15,3,3,10,0.5188,107.645,123.0228
2022-23,DAL,2023-01-20,DAL vs. MIA,MIA,True,W,115,90,25,37,80,0.463,18,38,0.474,23,28,10,27,37,21,7,1,10,0.575,124.8643,97.7199
2022-23,DAL,2023-01-18,DAL vs. ATL,ATL,True,L,122,130,-8,44,84,0.524,16,42,0.381,18,24,10,21,31,26,5,3,16,0.619,121.7808,129.7664
2022-23,DAL,2023-01-15,DAL @ POR,POR,False,L,123,140,-17,41,89,0.461,14,42,0.333,27,33,13,26,39,31,3,2,9,0.5393,121.1823,137.931
2022-23,DAL,2023-01-14,DAL @ POR,POR,False,L,119,136,-17,43,82,0.524,22,46,0.478,11,19,2,23,25,28,4,3,11,0.6585,119.574,136.6559
2022-23,DAL,2023-01-12,DAL @ LAL,LAL,False,W,119,115,4,48,96,0.5,14,42,0.333,9,17,3,51,54,25,4,9,19,0.5729,99.4318,96.0896
2022-23,DAL,2023-01-10,DAL @ LAC,LAC,False,L,101,113,-12,30,69,0.435,12,38,0.316,29,36,3,29,32,15,5,6,12,0.5217,105.737,118.2998
2022-23,DAL,2023-01-08,DAL @ OKC,OKC,False,L,109,120,-11,31,73,0.425,14,39,0.359,33,42,8,31,39,21,3,1,13,0.5205,111.6346,122.9005
2022-23,DAL,2023-01-07,DAL vs. NOP,NOP,True,W,127,117,10,42,74,0.568,13,29,0.448,30,38,5,34,39,23,5,7,17,0.6554,120.8833,111.3649
2022-23,DAL,2023-01-05,DAL vs. BOS,BOS,True,L,95,124,-29,34,90,0.378,7,32,0.219,20,25,11,31,42,15,4,3,11,0.4167,95.1713,124.2236
2022-23,DAL,2023-01-02,DAL @ HOU,HOU,False,W,111,106,5,34,81,0.42,13,43,0.302,30,34,8,33,41,19,8,6,8,0.5,115.193,110.0042
2022-23,DAL,2022-12-31,DAL @ SAS,SAS,False,W,126,125,1,50,86,0.581,14,34,0.412,12,21,6,20,26,21,5,3,5,0.6628,131.7165,130.6711
2022-23,DAL,2022-12-29,DAL vs. HOU,HOU,True,W,129,114,15,47,91,0.516,18,45,0.4,17,25,6,38,44,30,7,8,9,0.6154,123.8717,109.468
2022-23,DAL,2022-12-27,DAL vs. NYK,NYK,True,W,126,121,5,44,90,0.489,13,46,0.283,25,33,7,40,47,20,4,5,9,0.5611,118.2654,113.5724
2022-23,DAL,2022-12-25,DAL vs. LAL,LAL,True,W,124,115,9,44,84,0.524,18,44,0.409,18,25,11,27,38,31,6,3,11,0.631,128.4442,119.1216
2022-23,DAL,2022-12-23,DAL @ HOU,HOU,False,W,112,106,6,36,80,0.45,16,44,0.364,24,27,7,27,34,20,10,7,14,0.55,114.7541,108.6066
2022-23,DAL,2022-12-21,DAL @ MIN,MIN,False,W,104,99,5,34,75,0.453,13,39,0.333,23,27,7,32,39,17,6,3,13,0.54,111.0636,105.724
2022-23,DAL,2022-12-19,DAL @ MIN,MIN,False,L,106,116,-10,31,76,0.408,19,45,0.422,25,31,8,34,42,23,5,5,16,0.5329,106.4257,116.4659
2022-23,DAL,2022-12-17,DAL @ CLE,CLE,False,L,99,100,-1,36,88,0.409,15,49,0.306,12,19,5,40,45,19,5,6,12,0.4943,93.8211,94.7688
2022-23,DAL,2022-12-16,DAL vs. POR,POR,True,W,130,110,20,45,81,0.556,18,43,0.419,22,26,3,37,40,25,4,5,13,0.6667,127.1767,107.611
2022-23,DAL,2022-12-14,DAL vs. CLE,CLE,True,L,90,105,-15,29,74,0.392,13,38,0.342,19,26,6,27,33,17,2,3,13,0.4797,98.4683,114.8796
2022-23,DAL,2022-12-12,DAL vs. OKC,OKC,True,W,121,114,7,39,93,0.419,22,54,0.407,21,25,16,34,50,24,4,3,14,0.5376,119.6598,112.7373
2022-23,DAL,2022-12-10,DAL @ CHI,CHI,False,L,115,144,-29,41,90,0.456,11,44,0.25,22,26,8,29,37,24,5,4,8,0.5167,113.3005,141.8719
2022-23,DAL,2022-12-09,DAL vs. MIL,MIL,True,L,105,106,-1,41,88,0.466,13,40,0.325,10,24,12,31,43,21,8,6,11,0.5398,105.6976,106.7042
2022-23,DAL,2022-12-06,DAL @ DEN,DEN,False,W,116,115,1,36,72,0.5,17,36,0.472,27,31,4,31,35,27,10,4,17,0.6181,117.1954,116.1851
2022-23,DAL,2022-12-05,DAL vs. PHX,PHX,True,W,130,111,19,44,84,0.524,20,41,0.488,22,26,10,31,41,23,7,6,13,0.6429,129.4305,110.5137
2022-23,DAL,2022-12-03,DAL @ NYK,NYK,False,W,121,100,21,43,100,0.43,24,61,0.393,11,14,14,36,50,27,7,5,11,0.55,117.773,97.3331
2022-23,DAL,2022-12-01,DAL @ DET,DET,False,L,125,131,-6,46,86,0.535,19,46,0.413,14,29,4,26,30,25,8,7,13,0.6453,117.7468,123.3986
2022-23,DAL,2022-11-29,DAL vs. GSW,GSW,True,W,116,113,3,42,91,0.462,15,44,0.341,17,27,8,31,39,21,7,4,14,0.544,107.907,105.1163
2022-23,DAL,2022-11-27,DAL @ MIL,MIL,False,L,115,124,-9,41,80,0.513,17,41,0.415,16,25,6,26,32,23,6,2,13,0.6188,116.9888,126.1445
2022-23,DAL,2022-11-26,DAL @ TOR,TOR,False,L,100,105,-5,35,73,0.479,11,39,0.282,19,24,4,30,34,28,7,5,16,0.5548,104.712,109.9476
2022-23,DAL,2022-11-23,DAL @ BOS,BOS,False,L,112,125,-13,44,82,0.537,11,31,0.355,13,21,5,30,35,20,4,3,14,0.6037,112.292,125.3258
2022-23,DAL,2022-11-20,DAL vs. DEN,DEN,True,L,97,98,-1,35,78,0.449,15,42,0.357,12,21,6,30,36,24,5,3,13,0.5449,100.7269,101.7653
2022-23,DAL,2022-11-18,DAL vs. DEN,DEN,True,W,127,99,28,46,77,0.597,13,32,0.406,22,28,6,38,44,29,5,3,10,0.6818,132.8174,103.5348
2022-23,DAL,2022-11-16,DAL vs. HOU,HOU,True,L,92,101,-9,31,102,0.304,12,55,0.218,18,19,13,25,38,21,9,2,6,0.3627,90.6761,99.5466
2022-23,DAL,2022-11-15,DAL vs. LAC,LAC,True,W,103,101,2,35,80,0.438,17,43,0.395,16,24,8,26,34,20,12,1,12,0.5438,109.5745,107.4468
2022-23,DAL,2022-11-12,DAL vs. POR,POR,True,W,117,112,5,41,81,0.506,14,43,0.326,21,26,7,33,40,26,8,2,11,0.5926,121.9766,116.764
2022-23,DAL,2022-11-10,DAL @ WAS,WAS,False,L,105,113,-8,37,86,0.43,18,47,0.383,13,21,7,34,41,19,9,1,13,0.5349,103.4279,111.3081
2022-23,DAL,2022-11-09,DAL @ ORL,ORL,False,L,87,94,-7,32,85,0.376,11,42,0.262,12,19,4,25,29,17,14,4,6,0.4412,90.3427,97.6116
2022-23,DAL,2022-11-07,DAL vs. BKN,BKN,True,W,96,94,2,32,72,0.444,12,28,0.429,20,24,12,29,41,18,7,3,22,0.5278,106.1243,103.9133
2022-23,DAL,2022-11-04,DAL vs. TOR,TOR,True,W,111,110,1,39,77,0.506,12,34,0.353,21,25,6,25,31,23,12,3,19,0.5844,110.4478,109.4527
2022-23,DAL,2022-11-02,DAL vs. UTA,UTA,True,W,103,100,3,42,84,0.5,11,38,0.289,8,15,7,30,37,20,9,4,12,0.5655,107.9891,104.8438
2022-23,DAL,2022-10-30,DAL vs. ORL,ORL,True,W,114,105,9,41,83,0.494,11,35,0.314,21,28,5,32,37,15,10,1,4,0.5602,121.1477,111.5834
2022-23,DAL,2022-10-29,DAL vs. OKC,OKC,True,L,111,117,-6,38,95,0.4,8,40,0.2,27,34,12,37,49,17,8,5,16,0.4421,99.7305,105.1213
2022-23,DAL,2022-10-27,DAL @ BKN,BKN,False,W,129,125,4,41,81,0.506,20,40,0.5,27,35,7,30,37,25,8,4,18,0.6296,119.666,115.9555
2022-23,DAL,2022-10-25,DAL @ NOP,NOP,False,L,111,113,-2,41,82,0.5,12,39,0.308,17,24,11,26,37,18,8,5,12,0.5732,118.4126,120.5462
2022-23,DAL,2022-10-22,DAL vs. MEM,MEM,True,W,137,96,41,45,90,0.5,17,39,0.436,30,36,15,37,52,23,7,7,15,0.5944,132.1119,92.5747
2022-23,DAL,2022-10-19,DAL @ PHX,PHX,False,L,105,107,-2,35,75,0.467,14,35,0.4,21,34,5,35,40,17,6,4,12,0.56,107.34,109.3846
2022-23,DEN,2023-04-09,DEN vs. SAC,SAC,True,W,109,95,14,42,84,0.5,7,28,0.25,18,25,15,36,51,25,11,2,20,0.5417,110.885,96.6429
2022-23,DEN,2023-04-08,DEN @ UTA,UTA,False,L,114,118,-4,41,90,0.456,15,46,0.326,17,24,5,36,41,32,7,9,14,0.5389,104.2619,107.9202
2022-23,DEN,2023-04-06,DEN @ PHX,PHX,False,L,115,119,-4,44,83,0.53,8,23,0.348,19,23,9,29,38,24,7,2,13,0.5783,120.9762,125.1841
2022-23,DEN,2023-04-04,DEN @ HOU,HOU,False,L,103,124,-21,41,87,0.471,11,36,0.306,10,18,13,34,47,26,9,13,20,0.5345,99.2867,119.5296
2022-23,DEN,2023-04-02,DEN vs. GSW,GSW,True,W,112,110,2,44,100,0.44,9,33,0.273,15,18,17,30,47,24,11,7,13,0.485,106.9723,105.0621
2022-23,DEN,2023-03-31,DEN @ PHX,PHX,False,L,93,100,-7,38,95,0.4,6,26,0.231,11,20,15,36,51,19,11,5,11,0.4316,92.9814,99.98
2022-23,DEN,2023-03-30,DEN vs. NOP,NOP,True,L,88,107,-19,32,80,0.4,4,28,0.143,20,32,11,29,40,21,4,5,10,0.425,94.2386,114.5856
2022-23,DEN,2023-03-27,DEN vs. PHI,PHI,True,W,116,111,5,43,85,0.506,11,32,0.344,19,22,10,32,42,34,8,4,12,0.5706,118.7551,113.6364
2022-23,DEN,2023-03-25,DEN vs. MIL,MIL,True,W,129,106,23,47,89,0.528,15,36,0.417,20,28,7,41,48,28,4,3,12,0.6124,123.1151,101.1643
2022-23,DEN,2023-03-22,DEN @ WAS,WAS,False,W,118,104,14,42,83,0.506,15,32,0.469,19,21,11,30,41,28,7,2,10,0.5964,129.4711,114.1102
2022-23,DEN,2023-03-19,DEN @ BKN,BKN,False,W,108,102,6,42,80,0.525,12,23,0.522,12,13,6,34,40,31,5,3,17,0.6,114.431,108.0737
2022-23,DEN,2023-03-18,DEN @ NYK,NYK,False,L,110,116,-6,43,84,0.512,12,33,0.364,12,15,6,27,33,30,3,2,13,0.5833,115.8382,122.1567
2022-23,DEN,2023-03-16,DEN @ DET,DET,False,W,119,100,19,47,89,0.528,8,24,0.333,17,25,13,34,47,29,9,7,10,0.573,122.731,103.1353
2022-23,DEN,2023-03-14,DEN @ TOR,TOR,False,L,110,125,-15,42,76,0.553,6,25,0.24,20,25,4,28,32,29,9,4,14,0.5921,113.1222,128.5479
2022-23,DEN,2023-03-12,DEN vs. BKN,BKN,True,L,120,122,-2,45,90,0.5,12,31,0.387,18,24,15,34,49,27,4,8,15,0.5667,119.3317,121.3206
2022-23,DEN,2023-03-10,DEN @ SAS,SAS,False,L,120,128,-8,44,90,0.489,13,35,0.371,19,20,8,25,33,32,14,4,14,0.5611,113.0582,120.5954
2022-23,DEN,2023-03-08,DEN vs. CHI,CHI,True,L,96,117,-21,37,88,0.42,15,40,0.375,7,15,11,33,44,26,5,2,11,0.5057,100.2506,122.1805
2022-23,DEN,2023-03-06,DEN vs. TOR,TOR,True,W,118,113,5,43,86,0.5,13,33,0.394,19,23,12,29,41,30,9,2,14,0.5756,119.8456,114.7674
2022-23,DEN,2023-03-03,DEN vs. MEM,MEM,True,W,113,97,16,40,87,0.46,8,31,0.258,25,31,13,40,53,28,6,5,10,0.5057,115.1416,98.8384
2022-23,DEN,2023-02-28,DEN @ HOU,HOU,False,W,133,112,21,53,92,0.576,16,37,0.432,11,16,11,32,43,40,8,5,11,0.663,130.7511,110.1062
2022-23,DEN,2023-02-26,DEN vs. LAC,LAC,True,W,134,124,10,49,96,0.51,13,39,0.333,23,31,11,39,50,35,10,3,16,0.5781,119.1959,110.3007
2022-23,DEN,2023-02-25,DEN @ MEM,MEM,False,L,94,112,-18,36,89,0.404,11,37,0.297,11,14,11,37,48,22,4,4,15,0.4663,94.6245,112.7441
2022-23,DEN,2023-02-23,DEN @ CLE,CLE,False,W,115,109,6,39,84,0.464,17,36,0.472,20,23,18,29,47,30,7,4,16,0.5655,121.7447,115.3928
2022-23,DEN,2023-02-15,DEN vs. DAL,DAL,True,W,118,109,9,48,84,0.571,11,31,0.355,11,15,6,37,43,34,7,5,13,0.6369,120.1629,110.998
2022-23,DEN,2023-02-13,DEN @ MIA,MIA,False,W,112,108,4,44,76,0.579,11,28,0.393,13,15,6,33,39,34,3,4,13,0.6513,119.5304,115.2615
2022-23,DEN,2023-02-11,DEN @ CHA,CHA,False,W,119,105,14,50,99,0.505,5,23,0.217,14,17,14,37,51,35,7,5,14,0.5303,111.6113,98.4806
2022-23,DEN,2023-02-09,DEN @ ORL,ORL,False,L,104,115,-11,39,84,0.464,10,33,0.303,16,24,7,32,39,24,6,5,16,0.5238,102.0008,112.7893
2022-23,DEN,2023-02-07,DEN vs. MIN,MIN,True,W,146,112,34,58,93,0.624,13,27,0.481,17,22,6,38,44,44,12,5,11,0.6935,137.012,105.1051
2022-23,DEN,2023-02-05,DEN @ MIN,MIN,False,L,98,128,-30,34,71,0.479,6,25,0.24,24,31,3,34,37,19,6,5,22,0.5211,93.4045,121.9977
2022-23,DEN,2023-02-04,DEN vs. ATL,ATL,True,W,128,108,20,48,95,0.505,15,38,0.395,17,20,12,36,48,32,14,6,13,0.5842,122.3242,103.211
2022-23,DEN,2023-02-02,DEN vs. GSW,GSW,True,W,134,117,17,51,90,0.567,16,35,0.457,16,21,7,31,38,35,10,2,13,0.6556,130.3502,113.8132
2022-23,DEN,2023-01-31,DEN vs. NOP,NOP,True,W,122,113,9,43,87,0.494,16,36,0.444,20,24,10,34,44,33,7,3,18,0.5862,116.9927,108.3621
2022-23,DEN,2023-01-28,DEN @ PHI,PHI,False,L,119,126,-7,44,81,0.543,14,34,0.412,17,20,6,30,36,28,6,6,14,0.6296,121.2059,128.3357
2022-23,DEN,2023-01-25,DEN @ MIL,MIL,False,L,99,107,-8,38,97,0.392,11,34,0.324,12,16,15,36,51,21,9,5,19,0.4485,92.368,99.8321
2022-23,DEN,2023-01-24,DEN @ NOP,NOP,False,W,99,98,1,39,80,0.488,11,33,0.333,10,13,7,27,34,27,8,5,12,0.5562,106.1548,105.0826
2022-23,DEN,2023-01-22,DEN vs. OKC,OKC,True,L,99,101,-2,36,82,0.439,10,28,0.357,17,33,10,32,42,22,7,5,9,0.5,106.704,108.8597
2022-23,DEN,2023-01-20,DEN vs. IND,IND,True,W,134,111,23,51,83,0.614,14,28,0.5,18,26,12,26,38,38,16,4,18,0.6988,130.2742,107.9137
2022-23,DEN,2023-01-18,DEN vs. MIN,MIN,True,W,122,118,4,45,85,0.529,8,21,0.381,24,32,8,26,34,27,10,2,16,0.5765,117.6471,113.7898
2022-23,DEN,2023-01-17,DEN vs. POR,POR,True,W,122,113,9,44,88,0.5,11,32,0.344,23,28,11,31,42,32,8,6,12,0.5625,120.0079,111.1548
2022-23,DEN,2023-01-15,DEN vs. ORL,ORL,True,W,119,116,3,48,89,0.539,13,39,0.333,10,19,12,29,41,32,10,5,16,0.6124,117.0569,114.1058
2022-23,DEN,2023-01-13,DEN @ LAC,LAC,False,W,115,103,12,41,82,0.5,14,33,0.424,19,25,10,33,43,24,7,4,11,0.5854,122.2364,109.4813
2022-23,DEN,2023-01-11,DEN vs. PHX,PHX,True,W,126,97,29,48,85,0.565,15,34,0.441,15,21,7,31,38,30,9,4,11,0.6529,126.3791,97.2919
2022-23,DEN,2023-01-09,DEN vs. LAL,LAL,True,W,122,109,13,46,99,0.465,15,42,0.357,15,17,14,41,55,29,7,11,17,0.5404,112.7125,100.7021
2022-23,DEN,2023-01-06,DEN vs. CLE,CLE,True,W,121,108,13,43,81,0.531,17,35,0.486,18,23,13,36,49,28,5,4,14,0.6358,132.0961,117.9039
2022-23,DEN,2023-01-05,DEN vs. LAC,LAC,True,W,122,91,31,45,89,0.506,14,36,0.389,18,21,10,47,57,28,6,5,12,0.5843,120.6487,89.9921
2022-23,DEN,2023-01-02,DEN @ MIN,MIN,False,L,111,124,-13,42,91,0.462,11,29,0.379,16,20,18,27,45,27,8,1,15,0.522,112.8737,126.0931
2022-23,DEN,2023-01-01,DEN vs. BOS,BOS,True,W,123,111,12,45,79,0.57,17,30,0.567,16,18,1,34,35,31,5,4,17,0.6772,120.1172,108.3984
2022-23,DEN,2022-12-30,DEN vs. MIA,MIA,True,W,124,119,5,45,76,0.592,17,28,0.607,17,22,5,31,36,34,6,1,20,0.7039,121.0465,116.1656
2022-23,DEN,2022-12-28,DEN @ SAC,SAC,False,L,126,127,-1,49,85,0.576,12,27,0.444,16,18,7,27,34,31,6,8,16,0.6471,124.1869,125.1725
2022-23,DEN,2022-12-27,DEN @ SAC,SAC,False,W,113,106,7,41,86,0.477,13,37,0.351,18,21,10,30,40,34,12,3,13,0.5523,114.9542,107.8332
2022-23,DEN,2022-12-25,DEN vs. PHX,PHX,True,W,128,125,3,45,94,0.479,13,36,0.361,25,34,12,36,48,29,8,4,13,0.5479,117.7553,114.9954
2022-23,DEN,2022-12-23,DEN vs. POR,POR,True,W,120,107,13,47,81,0.58,10,21,0.476,16,26,4,34,38,31,9,2,11,0.642,120.6758,107.6026
2022-23,DEN,2022-12-20,DEN vs. MEM,MEM,True,W,105,91,14,40,89,0.449,10,27,0.37,15,25,13,35,48,28,9,5,17,0.5056,103.3261,89.5493
2022-23,DEN,2022-12-18,DEN vs. CHA,CHA,True,W,119,115,4,43,94,0.457,11,33,0.333,22,34,15,40,55,33,6,3,14,0.516,111.6951,107.9407
2022-23,DEN,2022-12-16,DEN @ LAL,LAL,False,L,108,126,-18,39,81,0.481,9,27,0.333,21,28,9,30,39,25,7,4,19,0.537,103.4087,120.6434
2022-23,DEN,2022-12-14,DEN vs. WAS,WAS,True,W,141,128,13,54,83,0.651,4,16,0.25,29,35,7,38,45,31,8,7,19,0.6747,127.3023,115.5652
2022-23,DEN,2022-12-10,DEN vs. UTA,UTA,True,W,115,110,5,47,86,0.547,8,26,0.308,13,16,6,33,39,28,5,8,9,0.593,118.3858,113.2386
2022-23,DEN,2022-12-08,DEN @ POR,POR,False,W,121,120,1,47,91,0.516,12,30,0.4,15,22,16,32,48,28,6,5,16,0.5824,121.7794,120.7729
2022-23,DEN,2022-12-06,DEN vs. DAL,DAL,True,L,115,116,-1,40,78,0.513,13,32,0.406,22,28,8,28,36,30,8,4,17,0.5962,116.1851,117.1954
2022-23,DEN,2022-12-04,DEN @ NOP,NOP,False,L,106,121,-15,41,81,0.506,8,31,0.258,16,24,9,34,43,24,5,5,19,0.5556,104.2281,118.9774
2022-23,DEN,2022-12-02,DEN @ ATL,ATL,False,L,109,117,-8,45,85,0.529,12,32,0.375,7,13,9,24,33,31,8,0,16,0.6,113.6127,121.9512
2022-23,DEN,2022-11-30,DEN vs. HOU,HOU,True,W,120,100,20,44,83,0.53,17,32,0.531,15,20,8,34,42,30,6,8,12,0.6325,122.6242,102.1868
2022-23,DEN,2022-11-28,DEN vs. HOU,HOU,True,W,129,113,16,50,88,0.568,12,30,0.4,17,20,13,30,43,31,8,4,14,0.6364,129.7787,113.6821
2022-23,DEN,2022-11-25,DEN @ LAC,LAC,False,W,114,104,10,44,89,0.494,10,30,0.333,16,23,10,27,37,27,9,5,6,0.5506,121.225,110.5912
2022-23,DEN,2022-11-23,DEN @ OKC,OKC,False,W,131,126,5,42,88,0.477,14,38,0.368,33,41,17,38,55,31,4,8,19,0.5568,121.6568,117.0134
2022-23,DEN,2022-11-22,DEN vs. DET,DET,True,L,108,110,-2,43,86,0.5,5,19,0.263,17,26,15,27,42,28,7,8,18,0.5291,108.7613,110.7754
2022-23,DEN,2022-11-20,DEN @ DAL,DAL,False,W,98,97,1,37,78,0.474,9,27,0.333,15,19,4,40,44,22,10,5,16,0.5321,101.7653,100.7269
2022-23,DEN,2022-11-18,DEN @ DAL,DAL,False,L,99,127,-28,38,90,0.422,10,30,0.333,13,18,13,23,36,24,4,1,13,0.4778,103.5348,132.8174
2022-23,DEN,2022-11-16,DEN vs. NYK,NYK,True,L,103,106,-3,36,82,0.439,14,38,0.368,17,20,8,34,42,18,3,5,15,0.5244,104.3355,107.3744
2022-23,DEN,2022-11-13,DEN @ CHI,CHI,False,W,126,103,23,48,80,0.6,13,27,0.481,17,21,5,31,36,33,11,3,16,0.6812,125.0744,102.2434
2022-23,DEN,2022-11-11,DEN @ BOS,BOS,False,L,112,131,-19,42,92,0.457,12,29,0.414,16,20,11,27,38,26,3,1,6,0.5217,116.9102,136.7432
2022-23,DEN,2022-11-09,DEN @ IND,IND,False,W,122,119,3,43,88,0.489,12,28,0.429,24,26,11,36,47,27,10,7,22,0.5568,110.009,107.3039
2022-23,DEN,2022-11-07,DEN @ SAS,SAS,False,W,115,109,6,47,88,0.534,8,24,0.333,13,20,8,32,40,33,14,7,22,0.5795,107.1162,101.5276
2022-23,DEN,2022-11-05,DEN vs. SAS,SAS,True,W,126,101,25,53,87,0.609,15,29,0.517,5,10,10,37,47,37,10,0,18,0.6954,128.0748,102.6631
2022-23,DEN,2022-11-03,DEN @ OKC,OKC,False,W,122,110,12,45,84,0.536,18,31,0.581,14,16,8,39,47,32,5,2,20,0.6429,119.3738,107.6321
2022-23,DEN,2022-10-30,DEN @ LAL,LAL,False,L,110,121,-11,41,96,0.427,15,40,0.375,13,18,13,35,48,24,3,8,9,0.5052,109.6054,120.566
2022-23,DEN,2022-10-28,DEN vs. UTA,UTA,True,W,117,101,16,39,85,0.459,17,37,0.459,22,34,17,41,58,18,2,4,12,0.5588,119.1932,102.8932
2022-23,DEN,2022-10-26,DEN vs. LAL,LAL,True,W,110,99,11,42,92,0.457,9,34,0.265,17,21,9,45,54,34,12,5,11,0.5054,106.1366,95.523
2022-23,DEN,2022-10-24,DEN @ POR,POR,False,L,110,135,-25,45,91,0.495,12,31,0.387,8,14,10,28,38,28,4,1,8,0.5604,114.1079,140.0415
2022-23,DEN,2022-10-22,DEN vs. OKC,OKC,True,W,122,117,5,42,85,0.494,20,38,0.526,18,31,9,37,46,33,5,6,18,0.6118,113.6152,108.9588
2022-23,DEN,2022-10-21,DEN @ GSW,GSW,False,W,128,123,5,46,86,0.535,15,34,0.441,21,25,12,29,41,30,10,2,20,0.6221,118.0376,113.4268
2022-23,DEN,2022-10-19,DEN @ UTA,UTA,False,L,102,123,-21,40,83,0.482,5,22,0.227,17,18,10,25,35,21,10,3,21,0.512,98.2848,118.5199
2022-23,DET,2023-04-09,DET @ CHI,CHI,False,L,81,103,-22,31,85,0.365,9,33,0.273,10,13,15,44,59,20,1,3,25,0.4176,81.6532,103.8306
2022-23,DET,2023-04-07,DET @ IND,IND,False,W,122,115,7,44,90,0.489,13,31,0.419,21,26,10,32,42,24,12,6,13,0.5611,116.3234,109.6491
2022-23,DET,2023-04-05,DET vs. BKN,BKN,True,L,108,123,-15,41,84,0.488,13,28,0.464,13,14,9,25,34,27,5,3,14,0.5655,111.755,127.2765
2022-23,DET,2023-04-04,DET vs. MIA,MIA,True,L,105,118,-13,36,73,0.493,11,28,0.393,22,27,6,29,35,21,5,2,14,0.5685,112.1076,125.9876
2022-23,DET,2023-04-02,DET @ ORL,ORL,False,L,102,128,-26,32,78,0.41,9,33,0.273,29,36,9,29,38,22,4,1,16,0.4679,100.7706,126.4572
2022-23,DET,2023-03-31,DET @ HOU,HOU,False,L,115,121,-6,43,89,0.483,11,35,0.314,18,27,13,27,40,24,7,7,12,0.5449,114.6103,120.59
2022-23,DET,2023-03-29,DET @ OKC,OKC,False,L,106,107,-1,40,80,0.5,16,33,0.485,10,14,10,32,42,27,1,3,18,0.6,110.3247,111.3655
2022-23,DET,2023-03-27,DET vs. MIL,MIL,True,L,117,126,-9,41,92,0.446,7,24,0.292,28,36,14,33,47,22,5,0,10,0.4837,114.5487,123.3601
2022-23,DET,2023-03-24,DET @ TOR,TOR,False,L,97,118,-21,34,73,0.466,6,25,0.24,23,30,8,31,39,23,8,4,22,0.5068,96.5366,117.4363
2022-23,DET,2023-03-21,DET @ ATL,ATL,False,L,107,129,-22,37,91,0.407,13,40,0.325,20,24,9,26,35,20,8,2,10,0.478,105.2114,126.8437
2022-23,DET,2023-03-19,DET vs. MIA,MIA,True,L,100,112,-12,38,82,0.463,10,32,0.313,14,17,9,30,39,26,4,2,13,0.5244,107.8283,120.7677
2022-23,DET,2023-03-16,DET vs. DEN,DEN,True,L,100,119,-19,39,85,0.459,12,27,0.444,10,18,13,24,37,24,8,3,17,0.5294,103.1353,122.731
2022-23,DET,2023-03-14,DET @ WAS,WAS,False,L,97,117,-20,38,99,0.384,10,34,0.294,11,12,19,25,44,18,8,3,11,0.4343,98.9998,119.4121
2022-23,DET,2023-03-13,DET vs. IND,IND,True,W,117,97,20,48,100,0.48,14,36,0.389,7,10,19,33,52,28,10,5,15,0.55,117.0234,97.0194
2022-23,DET,2023-03-11,DET vs. IND,IND,True,L,115,121,-6,43,94,0.457,11,34,0.324,18,27,12,30,42,25,7,7,12,0.516,109.6073,115.326
2022-23,DET,2023-03-09,DET vs. CHA,CHA,True,L,103,113,-10,40,89,0.449,7,21,0.333,16,20,17,31,48,20,5,4,19,0.4888,103.0618,113.0678
2022-23,DET,2023-03-07,DET vs. WAS,WAS,True,L,117,119,-2,43,84,0.512,13,30,0.433,18,22,10,20,30,29,6,3,12,0.5893,123.0543,125.1578
2022-23,DET,2023-03-06,DET vs. POR,POR,True,L,104,110,-6,40,86,0.465,10,32,0.313,14,20,16,36,52,30,9,6,16,0.5233,109.589,115.9115
2022-23,DET,2023-03-04,DET @ CLE,CLE,False,L,90,114,-24,33,81,0.407,6,24,0.25,18,25,12,37,49,19,5,7,24,0.4444,86.9901,110.1875
2022-23,DET,2023-03-01,DET vs. CHI,CHI,True,L,115,117,-2,39,78,0.5,14,35,0.4,23,28,7,33,40,23,8,2,17,0.5897,112.7672,114.7284
2022-23,DET,2023-02-27,DET @ CHA,CHA,False,L,106,117,-11,42,92,0.457,3,26,0.115,19,27,10,29,39,18,12,3,9,0.4728,103.1329,113.8354
2022-23,DET,2023-02-25,DET vs. TOR,TOR,True,L,91,95,-4,38,94,0.404,6,24,0.25,9,14,17,45,62,26,4,5,16,0.4362,90.9454,94.943
2022-23,DET,2023-02-23,DET @ ORL,ORL,False,L,106,108,-2,37,81,0.457,17,34,0.5,15,19,6,39,45,22,5,7,21,0.5617,100.2459,102.1373
2022-23,DET,2023-02-15,DET @ BOS,BOS,False,L,109,127,-18,43,84,0.512,11,29,0.379,12,16,6,29,35,24,6,4,14,0.5774,109.8569,127.9984
2022-23,DET,2023-02-12,DET @ TOR,TOR,False,L,118,119,-1,40,79,0.506,13,34,0.382,25,32,6,26,32,25,3,4,18,0.5886,116.302,117.2876
2022-23,DET,2023-02-10,DET vs. SAS,SAS,True,W,138,131,7,46,107,0.43,7,37,0.189,39,49,21,41,62,29,6,5,16,0.4626,109.7328,104.1667
2022-23,DET,2023-02-08,DET @ CLE,CLE,False,L,85,113,-28,30,81,0.37,8,32,0.25,17,18,9,23,32,19,8,6,14,0.4198,88.5786,117.7574
2022-23,DET,2023-02-06,DET vs. BOS,BOS,True,L,99,111,-12,37,87,0.425,9,33,0.273,16,21,9,33,42,22,9,6,9,0.477,103.9479,116.5477
2022-23,DET,2023-02-04,DET vs. PHX,PHX,True,L,100,116,-16,35,81,0.432,16,42,0.381,14,22,9,21,30,23,8,2,16,0.5309,103.4554,120.0083
2022-23,DET,2023-02-03,DET vs. CHA,CHA,True,W,118,112,6,44,86,0.512,14,32,0.438,16,23,12,39,51,27,7,3,23,0.593,109.0976,103.5503
2022-23,DET,2023-01-30,DET @ DAL,DAL,False,L,105,111,-6,36,79,0.456,14,39,0.359,19,27,9,31,40,18,9,6,14,0.5443,109.7179,115.9875
2022-23,DET,2023-01-28,DET vs. HOU,HOU,True,L,114,117,-3,38,83,0.458,14,38,0.368,24,31,8,27,35,23,10,5,16,0.5422,108.8202,111.6838
2022-23,DET,2023-01-26,DET @ BKN,BKN,False,W,130,122,8,48,95,0.505,11,27,0.407,23,26,15,33,48,27,12,5,11,0.5632,124.2117,116.5679
2022-23,DET,2023-01-23,DET vs. MIL,MIL,True,L,130,150,-20,43,87,0.494,13,32,0.406,31,40,11,30,41,26,10,3,20,0.569,113.9551,131.4867
2022-23,DET,2023-01-19,DET vs. CHI,CHI,True,L,108,126,-18,39,97,0.402,8,34,0.235,22,27,17,32,49,25,7,3,17,0.4433,101.3514,118.2432
2022-23,DET,2023-01-15,DET vs. NYK,NYK,True,L,104,117,-13,37,83,0.446,18,44,0.409,12,15,9,29,38,23,4,4,12,0.5542,112.8962,127.0083
2022-23,DET,2023-01-13,DET vs. NOP,NOP,True,L,110,116,-6,43,90,0.478,7,30,0.233,17,24,7,35,42,20,7,3,13,0.5167,102.4399,108.0276
2022-23,DET,2023-01-11,DET vs. MIN,MIN,True,W,135,118,17,48,80,0.6,17,32,0.531,22,28,7,31,38,30,10,7,17,0.7062,131.3485,114.8083
2022-23,DET,2023-01-10,DET @ PHI,PHI,False,L,116,147,-31,36,89,0.404,14,39,0.359,30,36,3,23,26,23,9,5,11,0.4831,103.5529,131.2266
2022-23,DET,2023-01-08,DET vs. PHI,PHI,True,L,111,123,-12,44,87,0.506,8,23,0.348,15,18,10,33,43,25,9,2,23,0.5517,104.6972,116.0158
2022-23,DET,2023-01-06,DET @ SAS,SAS,False,L,109,121,-12,44,93,0.473,11,31,0.355,10,17,15,22,37,23,11,0,16,0.5323,106.383,118.0949
2022-23,DET,2023-01-04,DET @ GSW,GSW,False,W,122,119,3,45,92,0.489,16,36,0.444,16,23,11,30,41,29,9,1,10,0.5761,122.171,119.1668
2022-23,DET,2023-01-02,DET @ POR,POR,False,L,106,135,-29,34,82,0.415,6,18,0.333,32,41,9,36,45,16,8,4,21,0.4512,94.8801,120.8378
2022-23,DET,2022-12-31,DET @ MIN,MIN,False,W,116,104,12,43,89,0.483,10,27,0.37,20,28,15,37,52,21,6,6,14,0.5393,115.5609,103.6063
2022-23,DET,2022-12-30,DET @ CHI,CHI,False,L,118,132,-14,41,86,0.477,17,39,0.436,19,24,13,22,35,28,8,1,16,0.5756,117.9057,131.8945
2022-23,DET,2022-12-28,DET vs. ORL,ORL,True,W,121,101,20,36,80,0.45,18,42,0.429,31,40,11,38,49,25,7,4,13,0.5625,122.4944,102.2474
2022-23,DET,2022-12-26,DET vs. LAC,LAC,True,L,131,142,-11,44,100,0.44,16,34,0.471,27,34,16,29,45,32,10,4,18,0.52,114.0519,123.6288
2022-23,DET,2022-12-23,DET @ ATL,ATL,False,L,105,130,-25,37,90,0.411,9,33,0.273,22,29,9,34,43,17,7,3,14,0.4611,99.8479,123.6211
2022-23,DET,2022-12-21,DET @ PHI,PHI,False,L,93,113,-20,31,79,0.392,6,23,0.261,25,34,11,35,46,15,6,1,22,0.4304,90.0116,109.369
2022-23,DET,2022-12-20,DET vs. UTA,UTA,True,L,111,126,-15,41,81,0.506,9,25,0.36,20,27,9,34,43,22,6,1,14,0.5617,111.4234,126.4806
2022-23,DET,2022-12-18,DET vs. BKN,BKN,True,L,121,124,-3,42,88,0.477,8,30,0.267,29,34,11,30,41,20,9,2,9,0.5227,120.9516,123.9504
2022-23,DET,2022-12-16,DET vs. SAC,SAC,True,L,113,122,-9,39,85,0.459,10,29,0.345,25,31,14,32,46,22,7,1,17,0.5176,109.4961,118.2171
2022-23,DET,2022-12-14,DET @ CHA,CHA,False,W,141,134,7,48,93,0.516,18,40,0.45,27,36,12,40,52,25,0,8,16,0.6129,123.9016,117.7504
2022-23,DET,2022-12-11,DET vs. LAL,LAL,True,L,117,124,-7,43,93,0.462,17,45,0.378,14,17,10,30,40,28,9,3,12,0.5538,115.0669,121.9512
2022-23,DET,2022-12-09,DET @ MEM,MEM,False,L,103,114,-11,36,90,0.4,11,35,0.314,20,27,13,34,47,23,6,7,19,0.4611,95.8318,106.0662
2022-23,DET,2022-12-07,DET @ NOP,NOP,False,L,98,104,-6,35,90,0.389,15,42,0.357,13,16,8,34,42,17,5,1,13,0.4722,95.0718,100.8925
2022-23,DET,2022-12-06,DET @ MIA,MIA,False,W,116,96,20,43,87,0.494,19,41,0.463,11,15,9,31,40,27,8,1,13,0.6034,119.563,98.9487
2022-23,DET,2022-12-04,DET vs. MEM,MEM,True,L,112,122,-10,37,84,0.44,13,35,0.371,25,30,8,31,39,26,7,7,15,0.5179,106.1813,115.6617
2022-23,DET,2022-12-01,DET vs. DAL,DAL,True,W,131,125,6,51,94,0.543,15,35,0.429,14,24,13,39,52,29,9,0,13,0.6223,123.3986,117.7468
2022-23,DET,2022-11-29,DET vs. NYK,NYK,True,L,110,140,-30,42,83,0.506,13,39,0.333,13,20,7,23,30,28,7,4,16,0.5843,108.353,137.9039
2022-23,DET,2022-11-27,DET vs. CLE,CLE,True,L,94,102,-8,36,79,0.456,8,28,0.286,14,26,7,29,36,14,9,6,16,0.5063,96.43,104.6368
2022-23,DET,2022-11-25,DET @ PHX,PHX,False,L,102,108,-6,39,92,0.424,9,26,0.346,15,16,19,30,49,21,6,3,19,0.4728,102.2659,108.2815
2022-23,DET,2022-11-23,DET @ UTA,UTA,False,W,125,116,9,44,89,0.494,12,24,0.5,25,27,8,30,38,24,9,2,7,0.5618,124.8502,115.861
2022-23,DET,2022-11-22,DET @ DEN,DEN,False,W,110,108,2,45,88,0.511,8,28,0.286,12,14,12,28,40,27,7,5,16,0.5568,110.7754,108.7613
2022-23,DET,2022-11-20,DET @ SAC,SAC,False,L,129,137,-8,47,89,0.528,15,29,0.517,20,23,10,25,35,20,4,3,12,0.6124,126.149,133.9722
2022-23,DET,2022-11-18,DET @ LAL,LAL,False,L,121,128,-7,43,92,0.467,11,34,0.324,24,32,10,27,37,27,9,4,11,0.5272,114.3235,120.9373
2022-23,DET,2022-11-17,DET @ LAC,LAC,False,L,91,96,-5,33,88,0.375,6,31,0.194,19,24,10,33,43,15,9,7,13,0.4091,90.4932,95.4654
2022-23,DET,2022-11-14,DET vs. TOR,TOR,True,L,111,115,-4,35,77,0.455,10,31,0.323,31,43,11,28,39,23,8,2,19,0.5195,109.2305,113.1667
2022-23,DET,2022-11-12,DET vs. BOS,BOS,True,L,108,117,-9,37,89,0.416,16,38,0.421,18,21,11,39,50,23,4,3,14,0.5056,107.5697,116.5339
2022-23,DET,2022-11-11,DET @ NYK,NYK,False,L,112,121,-9,37,80,0.463,7,31,0.226,31,41,12,31,43,22,6,6,15,0.5062,110.4536,119.3294
2022-23,DET,2022-11-09,DET @ BOS,BOS,False,L,112,128,-16,37,89,0.416,7,33,0.212,31,40,15,33,48,15,7,3,10,0.4551,109.8901,125.5887
2022-23,DET,2022-11-07,DET vs. OKC,OKC,True,W,112,103,9,39,93,0.419,9,33,0.273,25,33,16,42,58,20,6,9,16,0.4677,106.1611,97.6303
2022-23,DET,2022-11-04,DET vs. CLE,CLE,True,L,88,112,-24,31,83,0.373,13,37,0.351,13,15,9,25,34,16,10,6,19,0.4518,89.5037,113.9138
2022-23,DET,2022-11-02,DET @ MIL,MIL,False,L,91,116,-25,33,79,0.418,11,31,0.355,14,15,2,33,35,18,7,3,21,0.4873,87.4327,111.4527
2022-23,DET,2022-10-31,DET @ MIL,MIL,False,L,108,110,-2,41,92,0.446,8,29,0.276,18,21,13,30,43,19,9,3,12,0.4891,106.9307,108.9109
2022-23,DET,2022-10-30,DET vs. GSW,GSW,True,W,128,114,14,40,83,0.482,14,33,0.424,34,38,12,35,47,24,4,3,16,0.5663,122.6524,109.2373
2022-23,DET,2022-10-28,DET vs. ATL,ATL,True,L,112,136,-24,37,86,0.43,7,32,0.219,31,38,14,28,42,18,2,4,11,0.4709,111.0891,134.8939
2022-23,DET,2022-10-26,DET vs. ATL,ATL,True,L,113,118,-5,42,91,0.462,14,32,0.438,15,22,10,30,40,23,4,6,14,0.5385,108.2998,113.0918
2022-23,DET,2022-10-25,DET @ WAS,WAS,False,L,99,120,-21,36,88,0.409,8,28,0.286,19,25,11,30,41,12,6,1,13,0.4545,98.7827,119.7366
2022-23,DET,2022-10-22,DET @ IND,IND,False,L,115,124,-9,37,95,0.389,18,42,0.429,23,30,17,36,53,26,5,3,14,0.4842,109.6491,118.2304
2022-23,DET,2022-10-21,DET @ NYK,NYK,False,L,106,130,-24,39,90,0.433,9,36,0.25,19,32,13,36,49,26,6,2,15,0.4833,100.1133,122.7805
2022-23,DET,2022-10-19,DET vs. ORL,ORL,True,W,113,109,4,40,94,0.426,14,38,0.368,19,24,12,29,41,31,11,4,13,0.5,108.6957,104.848
2022-23,GSW,2023-04-09,GSW @ POR,POR,False,W,157,101,56,58,96,0.604,27,49,0.551,14,16,9,49,58,47,13,6,16,0.7448,140.4293,90.3399
2022-23,GSW,2023-04-07,GSW @ SAC,SAC,False,W,119,97,22,41,78,0.526,16,36,0.444,21,24,10,37,47,36,6,7,24,0.6282,117.5425,95.8119
2022-23,GSW,2023-04-04,GSW vs. OKC,OKC,True,W,136,125,11,47,95,0.495,20,47,0.426,22,30,19,35,54,25,6,6,14,0.6,130.3931,119.8466
2022-23,GSW,2023-04-02,GSW @ DEN,DEN,False,L,110,112,-2,42,105,0.4,9,42,0.214,17,17,22,35,57,26,9,4,15,0.4429,105.0621,106.9723
2022-23,GSW,2023-03-31,GSW vs. SAS,SAS,True,W,130,115,15,47,93,0.505,21,49,0.429,15,21,14,31,45,37,5,4,15,0.6183,126.6069,111.9984
2022-23,GSW,2023-03-28,GSW vs. NOP,NOP,True,W,120,109,11,43,82,0.524,18,40,0.45,16,22,11,30,41,32,11,4,19,0.6341,117.7394,106.9466
2022-23,GSW,2023-03-26,GSW vs. MIN,MIN,True,L,96,99,-3,34,82,0.415,15,40,0.375,13,17,6,31,37,25,9,2,16,0.5061,96.7352,99.7582
2022-23,GSW,2023-03-24,GSW vs. PHI,PHI,True,W,120,112,8,42,88,0.477,18,50,0.36,18,24,10,39,49,27,3,0,11,0.5795,120.8946,112.835
2022-23,GSW,2023-03-22,GSW @ DAL,DAL,False,W,127,125,2,50,90,0.556,12,39,0.308,15,18,11,33,44,33,7,5,13,0.6222,124.9754,123.0073
2022-23,GSW,2023-03-20,GSW @ HOU,HOU,False,W,121,108,13,44,88,0.5,17,48,0.354,16,19,16,32,48,31,12,6,20,0.5966,115.8338,103.3889
2022-23,GSW,2023-03-18,GSW @ MEM,MEM,False,L,119,133,-14,39,91,0.429,13,35,0.371,28,34,15,27,42,27,3,8,13,0.5,117.5657,131.397
2022-23,GSW,2023-03-17,GSW @ ATL,ATL,False,L,119,127,-8,47,98,0.48,11,40,0.275,14,20,16,38,54,28,6,9,17,0.5357,109.7786,117.1587
2022-23,GSW,2023-03-15,GSW @ LAC,LAC,False,L,126,134,-8,49,88,0.557,17,36,0.472,11,15,7,29,36,28,5,1,16,0.6534,122.5204,130.2995
2022-23,GSW,2023-03-13,GSW vs. PHX,PHX,True,W,123,112,11,45,83,0.542,19,39,0.487,14,24,9,32,41,28,8,6,16,0.6566,121.6377,110.7595
2022-23,GSW,2023-03-11,GSW vs. MIL,MIL,True,W,125,116,9,46,112,0.411,23,55,0.418,10,11,18,47,65,33,12,4,15,0.5134,109.3231,101.4518
2022-23,GSW,2023-03-09,GSW @ MEM,MEM,False,L,110,131,-21,36,82,0.439,15,45,0.333,23,24,8,24,32,25,9,3,17,0.5305,106.0343,126.2772
2022-23,GSW,2023-03-07,GSW @ OKC,OKC,False,L,128,137,-9,47,89,0.528,20,51,0.392,14,16,8,25,33,36,8,3,21,0.6404,117.1089,125.3431
2022-23,GSW,2023-03-05,GSW @ LAL,LAL,False,L,105,113,-8,36,91,0.396,18,52,0.346,15,18,7,35,42,27,2,6,13,0.4945,100.6711,108.3413
2022-23,GSW,2023-03-03,GSW vs. NOP,NOP,True,W,108,99,9,40,78,0.513,10,31,0.323,18,20,9,34,43,28,7,4,18,0.5769,113.2788,103.8389
2022-23,GSW,2023-03-02,GSW vs. LAC,LAC,True,W,115,91,24,39,93,0.419,14,46,0.304,23,27,15,45,60,25,9,6,12,0.4946,111.0467,87.8718
2022-23,GSW,2023-02-28,GSW vs. POR,POR,True,W,123,105,18,49,91,0.538,12,30,0.4,13,16,12,34,46,34,5,2,18,0.6044,120.754,103.0827
2022-23,GSW,2023-02-26,GSW vs. MIN,MIN,True,W,109,104,5,39,91,0.429,15,42,0.357,16,22,16,40,56,23,11,5,18,0.511,104.848,100.0385
2022-23,GSW,2023-02-24,GSW vs. HOU,HOU,True,W,116,101,15,37,78,0.474,26,54,0.481,16,18,7,40,47,27,3,3,19,0.641,119.8347,104.3388
2022-23,GSW,2023-02-23,GSW @ LAL,LAL,False,L,111,124,-13,40,105,0.381,14,49,0.286,17,21,17,31,48,24,10,3,10,0.4476,103.6415,115.7796
2022-23,GSW,2023-02-14,GSW @ LAC,LAC,False,L,124,134,-10,45,83,0.542,15,34,0.441,19,27,8,28,36,28,2,1,11,0.6325,126.8153,137.0423
2022-23,GSW,2023-02-13,GSW vs. WAS,WAS,True,W,135,126,9,52,89,0.584,20,40,0.5,11,15,11,23,34,40,10,0,16,0.6966,136.4739,127.3757
2022-23,GSW,2023-02-11,GSW vs. LAL,LAL,True,L,103,109,-6,40,96,0.417,12,44,0.273,11,12,7,36,43,31,11,6,16,0.4792,95.0535,100.5906
2022-23,GSW,2023-02-08,GSW @ POR,POR,False,L,122,125,-3,46,97,0.474,21,49,0.429,9,10,10,22,32,31,11,2,11,0.5825,119.9135,122.8622
2022-23,GSW,2023-02-06,GSW vs. OKC,OKC,True,W,141,114,27,56,97,0.577,26,50,0.52,3,7,11,34,45,43,6,3,16,0.7113,134.722,108.9241
2022-23,GSW,2023-02-04,GSW vs. DAL,DAL,True,W,119,113,6,45,82,0.549,14,35,0.4,15,19,5,33,38,33,6,5,14,0.6341,118.8574,112.8646
2022-23,GSW,2023-02-02,GSW @ DEN,DEN,False,L,117,134,-17,43,85,0.506,19,38,0.5,12,19,10,32,42,25,4,4,17,0.6176,113.8132,130.3502
2022-23,GSW,2023-02-01,GSW @ MIN,MIN,False,L,114,119,-5,38,91,0.418,11,35,0.314,27,34,9,49,58,21,7,4,17,0.478,98.4796,102.7989
2022-23,GSW,2023-01-30,GSW @ OKC,OKC,False,W,128,120,8,46,90,0.511,20,47,0.426,16,20,6,38,44,37,9,4,15,0.6222,117.1089,109.7896
2022-23,GSW,2023-01-27,GSW vs. TOR,TOR,True,W,129,117,12,50,90,0.556,18,43,0.419,11,15,5,38,43,40,5,1,14,0.6556,121.79,110.4607
2022-23,GSW,2023-01-25,GSW vs. MEM,MEM,True,W,122,120,2,43,85,0.506,14,32,0.438,22,28,14,30,44,33,7,5,22,0.5882,114.7695,112.8881
2022-23,GSW,2023-01-22,GSW vs. BKN,BKN,True,L,116,120,-4,41,90,0.456,13,32,0.406,21,27,10,32,42,28,10,2,12,0.5278,113.9937,117.9245
2022-23,GSW,2023-01-20,GSW @ CLE,CLE,False,W,120,114,6,42,86,0.488,23,43,0.535,13,19,14,31,45,25,9,4,18,0.6221,122.6242,116.4929
2022-23,GSW,2023-01-19,GSW @ BOS,BOS,False,L,118,121,-3,40,100,0.4,18,52,0.346,20,23,8,39,47,28,10,7,16,0.49,99.0265,101.5441
2022-23,GSW,2023-01-16,GSW @ WAS,WAS,False,W,127,118,9,45,91,0.495,18,44,0.409,19,21,9,34,43,28,8,1,12,0.5934,122.4923,113.8117
2022-23,GSW,2023-01-15,GSW @ CHI,CHI,False,L,118,132,-14,41,83,0.494,21,51,0.412,15,22,7,33,40,35,6,4,23,0.6205,108.6356,121.5246
2022-23,GSW,2023-01-13,GSW @ SAS,SAS,False,W,144,113,31,55,101,0.545,18,48,0.375,16,20,12,43,55,33,9,6,13,0.6337,129.8701,101.912
2022-23,GSW,2023-01-10,GSW vs. PHX,PHX,True,L,113,125,-12,37,96,0.385,18,48,0.375,21,27,16,29,45,24,13,2,17,0.4792,104.8627,115.9985
2022-23,GSW,2023-01-07,GSW vs. ORL,ORL,True,L,101,115,-14,33,88,0.375,18,58,0.31,17,21,11,38,49,26,7,1,16,0.4773,99.1168,112.8557
2022-23,GSW,2023-01-04,GSW vs. DET,DET,True,L,119,122,-3,45,87,0.517,15,40,0.375,14,15,9,31,40,31,3,4,14,0.6034,119.1668,122.171
2022-23,GSW,2023-01-02,GSW vs. ATL,ATL,True,W,143,141,2,54,121,0.446,19,59,0.322,16,24,23,46,69,34,9,6,19,0.5248,113.3481,111.7628
2022-23,GSW,2022-12-30,GSW vs. POR,POR,True,W,118,112,6,42,91,0.462,17,43,0.395,17,21,17,29,46,29,9,2,13,0.5549,120.1874,114.0762
2022-23,GSW,2022-12-28,GSW vs. UTA,UTA,True,W,112,107,5,37,87,0.425,16,45,0.356,22,27,10,41,51,22,6,3,13,0.5172,108.5692,103.7224
2022-23,GSW,2022-12-27,GSW vs. CHA,CHA,True,W,110,105,5,41,95,0.432,8,37,0.216,20,24,9,40,49,31,3,2,14,0.4737,100.6589,96.0835
2022-23,GSW,2022-12-25,GSW vs. MEM,MEM,True,W,123,109,14,43,91,0.473,18,44,0.409,19,26,9,42,51,31,6,5,12,0.5714,113.5524,100.6278
2022-23,GSW,2022-12-21,GSW @ BKN,BKN,False,L,113,143,-30,41,83,0.494,12,33,0.364,19,25,9,27,36,32,6,1,21,0.5663,108.1133,136.8159
2022-23,GSW,2022-12-20,GSW @ NYK,NYK,False,L,94,132,-38,35,74,0.473,12,35,0.343,12,13,4,25,29,23,3,2,20,0.5541,96.5092,135.5236
2022-23,GSW,2022-12-18,GSW @ TOR,TOR,False,W,126,110,16,43,81,0.531,18,39,0.462,22,26,12,29,41,31,6,2,17,0.642,127.1956,111.0438
2022-23,GSW,2022-12-16,GSW @ PHI,PHI,False,L,106,118,-12,39,94,0.415,17,43,0.395,11,13,13,35,48,31,8,6,17,0.5053,102.7331,114.3632
2022-23,GSW,2022-12-14,GSW @ IND,IND,False,L,119,125,-6,40,86,0.465,14,33,0.424,25,29,12,34,46,27,5,4,24,0.5465,107.3232,112.7345
2022-23,GSW,2022-12-13,GSW @ MIL,MIL,False,L,111,128,-17,38,95,0.4,20,50,0.4,15,19,12,25,37,25,7,2,18,0.5053,102.5688,118.2776
2022-23,GSW,2022-12-10,GSW vs. BOS,BOS,True,W,123,107,16,47,92,0.511,13,39,0.333,16,20,11,42,53,26,3,6,15,0.5815,118.703,103.2619
2022-23,GSW,2022-12-07,GSW @ UTA,UTA,False,L,123,124,-1,45,98,0.459,14,42,0.333,19,25,14,28,42,26,8,5,14,0.5306,115.9065,116.8489
2022-23,GSW,2022-12-05,GSW vs. IND,IND,True,L,104,112,-8,38,94,0.404,13,44,0.295,15,19,12,35,47,26,6,6,12,0.4734,98.9157,106.5246
2022-23,GSW,2022-12-03,GSW vs. HOU,HOU,True,W,120,101,19,45,85,0.529,25,52,0.481,5,10,6,29,35,34,8,5,14,0.6765,121.0898,101.9173
2022-23,GSW,2022-12-02,GSW vs. CHI,CHI,True,W,119,111,8,42,87,0.483,20,50,0.4,15,23,7,43,50,32,2,5,20,0.5977,108.3394,101.0561
2022-23,GSW,2022-11-29,GSW @ DAL,DAL,False,L,113,116,-3,42,88,0.477,11,43,0.256,18,23,10,40,50,27,6,3,18,0.5398,105.1163,107.907
2022-23,GSW,2022-11-27,GSW @ MIN,MIN,False,W,137,114,23,50,87,0.575,20,47,0.426,17,20,8,39,47,36,7,6,16,0.6897,128.9048,107.2638
2022-23,GSW,2022-11-25,GSW vs. UTA,UTA,True,W,129,118,11,52,101,0.515,20,45,0.444,5,6,16,33,49,33,8,3,21,0.6139,122.2054,111.7848
2022-23,GSW,2022-11-23,GSW vs. LAC,LAC,True,W,124,107,17,48,97,0.495,19,51,0.373,9,13,12,33,45,36,11,5,13,0.5928,118.8878,102.5887
2022-23,GSW,2022-11-21,GSW @ NOP,NOP,False,L,83,128,-45,28,74,0.378,10,43,0.233,17,19,4,30,34,17,9,5,27,0.4459,79.5781,122.7229
2022-23,GSW,2022-11-20,GSW @ HOU,HOU,False,W,127,120,7,46,86,0.535,24,47,0.511,11,15,8,32,40,38,8,5,17,0.6744,123.613,116.7997
2022-23,GSW,2022-11-18,GSW vs. NYK,NYK,True,W,111,101,10,41,91,0.451,18,50,0.36,11,20,12,39,51,32,8,3,18,0.5495,105.3331,95.8436
2022-23,GSW,2022-11-16,GSW @ PHX,PHX,False,L,119,130,-11,42,92,0.457,18,42,0.429,17,17,6,34,40,30,5,3,17,0.5543,110.4511,120.6609
2022-23,GSW,2022-11-14,GSW vs. SAS,SAS,True,W,132,95,37,47,88,0.534,23,45,0.511,15,16,5,35,40,35,9,3,13,0.6648,126.6795,91.1708
2022-23,GSW,2022-11-13,GSW @ SAC,SAC,False,L,115,122,-7,42,90,0.467,16,47,0.34,15,16,8,35,43,27,5,5,18,0.5556,107.7788,114.3393
2022-23,GSW,2022-11-11,GSW vs. CLE,CLE,True,W,106,101,5,40,82,0.488,15,36,0.417,11,14,8,36,44,29,5,3,15,0.5793,107.2874,102.2267
2022-23,GSW,2022-11-07,GSW vs. SAC,SAC,True,W,116,113,3,44,88,0.5,14,38,0.368,14,21,8,40,48,28,5,4,15,0.5795,110.4762,107.619
2022-23,GSW,2022-11-04,GSW @ NOP,NOP,False,L,105,114,-9,35,71,0.493,12,32,0.375,23,25,3,26,29,23,7,1,23,0.5775,103.5707,112.4482
2022-23,GSW,2022-11-03,GSW @ ORL,ORL,False,L,129,130,-1,50,97,0.515,19,43,0.442,10,15,9,26,35,31,5,3,14,0.6134,120.0894,121.0203
2022-23,GSW,2022-11-01,GSW @ MIA,MIA,False,L,109,116,-7,39,84,0.464,18,49,0.367,13,17,10,31,41,31,8,5,20,0.5714,106.7163,113.5696
2022-23,GSW,2022-10-30,GSW @ DET,DET,False,L,114,128,-14,39,92,0.424,12,39,0.308,24,25,13,29,42,23,8,4,15,0.4891,109.2373,122.6524
2022-23,GSW,2022-10-29,GSW @ CHA,CHA,False,L,113,120,-7,44,100,0.44,13,44,0.295,12,16,10,39,49,31,8,6,10,0.505,103.8221,110.2536
2022-23,GSW,2022-10-27,GSW vs. MIA,MIA,True,W,123,110,13,46,92,0.5,18,46,0.391,13,15,16,34,50,30,4,2,21,0.5978,119.8363,107.1707
2022-23,GSW,2022-10-25,GSW @ PHX,PHX,False,L,105,134,-29,41,91,0.451,10,35,0.286,13,17,10,30,40,28,7,7,16,0.5055,99.319,126.7499
2022-23,GSW,2022-10-23,GSW vs. SAC,SAC,True,W,130,125,5,45,87,0.517,14,33,0.424,26,36,6,31,37,24,7,5,13,0.5977,116.1544,111.6869
2022-23,GSW,2022-10-21,GSW vs. DEN,DEN,True,L,123,128,-5,42,88,0.477,15,44,0.341,24,27,7,28,35,34,10,3,19,0.5625,113.4268,118.0376
2022-23,GSW,2022-10-18,GSW vs. LAL,LAL,True,W,123,109,14,45,99,0.455,16,45,0.356,17,23,11,37,48,31,11,4,18,0.5354,105.0743,93.1146
2022-23,HOU,2023-04-09,HOU @ WAS,WAS,False,W,114,109,5,44,90,0.489,6,21,0.286,20,28,13,38,51,24,8,6,15,0.5222,108.7994,104.0275
2022-23,HOU,2023-04-07,HOU @ CHA,CHA,False,W,112,109,3,42,89,0.472,7,21,0.333,21,28,14,34,48,21,11,9,19,0.5112,103.6078,100.8326
2022-23,HOU,2023-04-04,HOU vs. DEN,DEN,True,W,124,103,21,47,102,0.461,12,31,0.387,18,24,20,35,55,23,12,3,13,0.5196,119.5296,99.2867
2022-23,HOU,2023-04-02,HOU vs. LAL,LAL,True,L,109,134,-25,44,102,0.431,13,34,0.382,8,10,16,28,44,23,4,4,10,0.4951,108.609,133.5193
2022-23,HOU,2023-03-31,HOU vs. DET,DET,True,W,121,115,6,38,83,0.458,11,31,0.355,34,45,14,32,46,18,9,5,12,0.5241,120.59,114.6103
2022-23,HOU,2023-03-29,HOU @ BKN,BKN,False,L,114,123,-9,46,98,0.469,9,30,0.3,13,21,20,32,52,21,9,2,10,0.5153,116.8512,126.0763
2022-23,HOU,2023-03-27,HOU @ NYK,NYK,False,L,115,137,-22,42,87,0.483,7,26,0.269,24,29,13,27,40,24,6,4,14,0.523,113.2559,134.9222
2022-23,HOU,2023-03-26,HOU @ CLE,CLE,False,L,91,108,-17,35,80,0.438,6,25,0.24,15,18,12,24,36,20,6,1,19,0.475,97.5976,115.8301
2022-23,HOU,2023-03-24,HOU @ MEM,MEM,False,L,114,151,-37,47,87,0.54,7,23,0.304,13,21,10,28,38,25,7,3,16,0.5805,109.9325,145.6123
2022-23,HOU,2023-03-22,HOU @ MEM,MEM,False,L,125,130,-5,48,93,0.516,12,33,0.364,17,23,20,28,48,27,6,3,16,0.5806,125.2254,130.2344
2022-23,HOU,2023-03-20,HOU vs. GSW,GSW,True,L,108,121,-13,39,93,0.419,10,36,0.278,20,24,13,28,41,14,14,2,18,0.4731,103.3889,115.8338
2022-23,HOU,2023-03-19,HOU vs. NOP,NOP,True,L,107,117,-10,31,76,0.408,9,33,0.273,36,38,8,28,36,15,4,2,13,0.4671,110.7202,121.0679
2022-23,HOU,2023-03-17,HOU vs. NOP,NOP,True,W,114,112,2,43,88,0.489,11,32,0.344,17,24,15,37,52,20,9,3,13,0.5511,119.6474,117.5483
2022-23,HOU,2023-03-15,HOU vs. LAL,LAL,True,W,114,110,4,47,89,0.528,8,29,0.276,12,19,16,35,51,22,5,3,18,0.573,111.4152,107.5059
2022-23,HOU,2023-03-13,HOU vs. BOS,BOS,True,W,111,109,2,40,90,0.444,11,35,0.314,20,27,15,33,48,27,9,2,11,0.5056,112.0533,110.0343
2022-23,HOU,2023-03-11,HOU vs. CHI,CHI,True,L,111,119,-8,41,85,0.482,16,34,0.471,13,17,6,27,33,28,10,3,16,0.5765,111.4682,119.5019
2022-23,HOU,2023-03-09,HOU @ IND,IND,False,L,125,134,-9,49,107,0.458,6,17,0.353,21,29,20,38,58,18,6,6,17,0.486,108.6957,116.5217
2022-23,HOU,2023-03-07,HOU vs. BKN,BKN,True,L,96,118,-22,36,83,0.434,7,26,0.269,17,24,15,33,48,14,6,1,19,0.4759,96.8132,118.9996
2022-23,HOU,2023-03-05,HOU vs. SAS,SAS,True,W,142,110,32,52,85,0.612,13,24,0.542,25,29,6,38,44,29,10,3,12,0.6882,136.5385,105.7692
2022-23,HOU,2023-03-04,HOU @ SAS,SAS,False,W,122,110,12,49,87,0.563,8,23,0.348,16,22,14,31,45,26,9,5,16,0.6092,124.821,112.5435
2022-23,HOU,2023-03-01,HOU vs. MEM,MEM,True,L,99,113,-14,36,90,0.4,11,34,0.324,16,25,17,32,49,17,4,5,13,0.4611,105.1179,119.983
2022-23,HOU,2023-02-28,HOU vs. DEN,DEN,True,L,112,133,-21,48,97,0.495,9,31,0.29,7,10,10,30,40,33,5,6,13,0.5412,110.1062,130.7511
2022-23,HOU,2023-02-26,HOU @ POR,POR,False,L,114,131,-17,45,100,0.45,7,26,0.269,17,25,18,30,48,24,7,2,14,0.485,109.9325,126.3259
2022-23,HOU,2023-02-24,HOU @ GSW,GSW,False,L,101,116,-15,36,92,0.391,11,35,0.314,18,22,13,31,44,23,12,3,7,0.4511,104.3388,119.8347
2022-23,HOU,2023-02-15,HOU @ OKC,OKC,False,L,96,133,-37,30,89,0.337,10,37,0.27,26,38,14,33,47,20,5,7,18,0.3933,87.9121,121.7949
2022-23,HOU,2023-02-13,HOU @ PHI,PHI,False,L,104,123,-19,35,86,0.407,6,24,0.25,28,31,15,27,42,17,10,2,17,0.4419,103.9376,122.9262
2022-23,HOU,2023-02-10,HOU @ MIA,MIA,False,L,95,97,-2,35,84,0.417,7,30,0.233,18,24,10,37,47,23,11,4,18,0.4583,94.8861,96.8837
2022-23,HOU,2023-02-08,HOU vs. SAC,SAC,True,L,128,130,-2,47,86,0.547,10,22,0.455,24,28,15,29,44,25,4,7,19,0.6047,123.9589,125.8958
2022-23,HOU,2023-02-06,HOU vs. SAC,SAC,True,L,120,140,-20,44,88,0.5,13,32,0.406,19,24,11,28,39,27,5,4,14,0.5739,119.1185,138.9716
2022-23,HOU,2023-02-04,HOU @ OKC,OKC,False,L,121,153,-32,45,89,0.506,10,30,0.333,21,27,9,25,34,29,4,8,16,0.5618,112.5581,142.3256
2022-23,HOU,2023-02-03,HOU vs. TOR,TOR,True,L,111,117,-6,40,80,0.5,7,21,0.333,24,33,6,34,40,22,5,4,13,0.5438,111.334,117.3521
2022-23,HOU,2023-02-01,HOU vs. OKC,OKC,True,W,112,106,6,41,94,0.436,7,23,0.304,23,31,24,41,65,20,6,12,18,0.4734,111.8211,105.8307
2022-23,HOU,2023-01-28,HOU @ DET,DET,False,W,117,114,3,44,92,0.478,8,27,0.296,21,27,16,32,48,20,8,4,17,0.5217,111.6838,108.8202
2022-23,HOU,2023-01-26,HOU vs. CLE,CLE,True,L,95,113,-18,39,76,0.513,5,21,0.238,12,20,10,36,46,24,5,6,22,0.5461,98.7116,117.4148
2022-23,HOU,2023-01-25,HOU vs. WAS,WAS,True,L,103,108,-5,42,97,0.433,5,28,0.179,14,20,17,40,57,29,5,10,14,0.4588,101.02,105.9239
2022-23,HOU,2023-01-23,HOU vs. MIN,MIN,True,W,119,114,5,44,88,0.5,11,30,0.367,20,30,12,35,47,24,11,5,23,0.5625,108.2409,103.6929
2022-23,HOU,2023-01-21,HOU @ MIN,MIN,False,L,104,113,-9,38,79,0.481,9,24,0.375,19,33,15,41,56,24,4,6,23,0.538,101.9208,110.7409
2022-23,HOU,2023-01-18,HOU vs. CHA,CHA,True,L,117,122,-5,46,91,0.505,10,32,0.313,15,20,12,35,47,21,4,5,20,0.5604,109.4481,114.1254
2022-23,HOU,2023-01-16,HOU @ LAL,LAL,False,L,132,140,-8,49,100,0.49,11,30,0.367,23,31,17,31,48,28,0,7,8,0.545,129.3864,137.228
2022-23,HOU,2023-01-15,HOU @ LAC,LAC,False,L,100,121,-21,38,84,0.452,7,31,0.226,17,23,10,29,39,22,8,6,20,0.494,96.4506,116.7052
2022-23,HOU,2023-01-13,HOU @ SAC,SAC,False,L,114,139,-25,43,91,0.473,12,37,0.324,16,25,12,22,34,23,10,4,15,0.5385,111.8963,136.435
2022-23,HOU,2023-01-11,HOU @ SAC,SAC,False,L,115,135,-20,44,96,0.458,16,41,0.39,11,17,8,40,48,30,7,3,14,0.5417,105.9322,124.3552
2022-23,HOU,2023-01-08,HOU vs. MIN,MIN,True,L,96,104,-8,38,89,0.427,11,36,0.306,9,15,12,29,41,26,8,7,20,0.4888,94.451,102.3219
2022-23,HOU,2023-01-05,HOU vs. UTA,UTA,True,L,114,131,-17,38,92,0.413,15,42,0.357,23,26,14,35,49,19,4,3,15,0.4946,110.8518,127.3823
2022-23,HOU,2023-01-04,HOU @ NOP,NOP,False,L,108,119,-11,39,88,0.443,12,38,0.316,18,27,12,31,43,25,10,4,13,0.5114,107.2919,118.2197
2022-23,HOU,2023-01-02,HOU vs. DAL,DAL,True,L,106,111,-5,38,82,0.463,9,29,0.31,21,29,8,38,46,21,4,4,10,0.5183,110.0042,115.193
2022-23,HOU,2022-12-31,HOU vs. NYK,NYK,True,L,88,108,-20,29,77,0.377,14,46,0.304,16,23,12,40,52,20,4,6,25,0.4675,88.7992,108.9808
2022-23,HOU,2022-12-29,HOU @ DAL,DAL,False,L,114,129,-15,38,86,0.442,12,34,0.353,26,37,12,36,48,21,5,0,13,0.5116,109.468,123.8717
2022-23,HOU,2022-12-27,HOU @ BOS,BOS,False,L,102,126,-24,38,95,0.4,14,45,0.311,12,14,13,36,49,24,5,2,15,0.4737,98.8947,122.164
2022-23,HOU,2022-12-26,HOU @ CHI,CHI,False,W,133,118,15,50,90,0.556,17,44,0.386,16,22,8,37,45,28,7,5,13,0.65,129.1764,114.6076
2022-23,HOU,2022-12-23,HOU vs. DAL,DAL,True,L,106,112,-6,37,81,0.457,8,26,0.308,24,28,12,33,45,26,9,3,15,0.5062,108.6066,114.7541
2022-23,HOU,2022-12-21,HOU vs. ORL,ORL,True,L,110,116,-6,41,88,0.466,17,43,0.395,11,17,9,40,49,22,6,4,17,0.5625,105.2632,111.0048
2022-23,HOU,2022-12-19,HOU vs. SAS,SAS,True,L,105,124,-19,40,94,0.426,5,24,0.208,20,31,16,25,41,23,13,3,11,0.4521,102.9412,121.5686
2022-23,HOU,2022-12-17,HOU vs. POR,POR,True,L,95,107,-12,36,90,0.4,3,29,0.103,20,29,18,33,51,19,7,6,17,0.4167,95.4198,107.4729
2022-23,HOU,2022-12-15,HOU vs. MIA,MIA,True,L,108,111,-3,44,94,0.468,9,33,0.273,11,17,18,33,51,22,10,4,15,0.516,109.8678,112.9196
2022-23,HOU,2022-12-13,HOU vs. PHX,PHX,True,W,111,97,14,34,81,0.42,12,35,0.343,31,34,17,50,67,16,6,9,23,0.4938,108.1239,94.4867
2022-23,HOU,2022-12-11,HOU vs. MIL,MIL,True,W,97,92,5,40,91,0.44,6,27,0.222,11,12,10,39,49,23,11,8,12,0.4725,97.3896,92.3695
2022-23,HOU,2022-12-08,HOU @ SAS,SAS,False,L,109,118,-9,44,98,0.449,10,29,0.345,11,15,16,26,42,23,3,4,14,0.5,107.814,116.7161
2022-23,HOU,2022-12-05,HOU vs. PHI,PHI,True,W,132,123,9,42,94,0.447,14,39,0.359,34,44,16,35,51,19,9,3,21,0.5213,114.6829,106.8636
2022-23,HOU,2022-12-03,HOU @ GSW,GSW,False,L,101,120,-19,40,91,0.44,3,28,0.107,18,20,14,31,45,17,6,4,15,0.456,101.9173,121.0898
2022-23,HOU,2022-12-02,HOU @ PHX,PHX,False,W,122,121,1,40,81,0.494,8,24,0.333,34,43,13,28,41,19,12,2,17,0.5432,118.2858,117.3163
2022-23,HOU,2022-11-30,HOU @ DEN,DEN,False,L,100,120,-20,37,88,0.42,12,41,0.293,14,18,10,29,39,18,5,6,14,0.4886,102.1868,122.6242
2022-23,HOU,2022-11-28,HOU @ DEN,DEN,False,L,113,129,-16,39,85,0.459,16,44,0.364,19,25,12,25,37,25,4,2,17,0.5529,113.6821,129.7787
2022-23,HOU,2022-11-26,HOU vs. OKC,OKC,True,W,118,105,13,45,86,0.523,18,36,0.5,10,14,11,42,53,25,9,3,25,0.6279,111.1739,98.9259
2022-23,HOU,2022-11-25,HOU vs. ATL,ATL,True,W,128,122,6,41,87,0.471,12,35,0.343,34,41,22,37,59,25,9,4,22,0.5402,121.3961,115.7056
2022-23,HOU,2022-11-20,HOU vs. GSW,GSW,True,L,120,127,-7,41,90,0.456,15,45,0.333,23,27,12,33,45,24,13,1,14,0.5389,116.7997,123.613
2022-23,HOU,2022-11-18,HOU vs. IND,IND,True,L,91,99,-8,29,86,0.337,6,28,0.214,27,32,14,35,49,15,8,4,17,0.3721,91.0182,99.0198
2022-23,HOU,2022-11-16,HOU @ DAL,DAL,False,W,101,92,9,35,75,0.467,10,22,0.455,21,24,9,47,56,21,1,19,23,0.5333,99.5466,90.6761
2022-23,HOU,2022-11-14,HOU vs. LAC,LAC,True,L,106,122,-16,39,86,0.453,9,30,0.3,19,31,10,30,40,20,11,3,14,0.5058,102.3364,117.7834
2022-23,HOU,2022-11-12,HOU @ NOP,NOP,False,L,106,119,-13,40,79,0.506,12,36,0.333,14,18,10,33,43,24,7,4,26,0.5823,104.6603,117.4961
2022-23,HOU,2022-11-09,HOU @ TOR,TOR,False,L,109,116,-7,37,84,0.44,9,35,0.257,26,31,16,33,49,29,9,7,16,0.494,109.3061,116.3257
2022-23,HOU,2022-11-07,HOU @ ORL,ORL,False,W,134,127,7,46,87,0.529,24,48,0.5,18,25,14,26,40,31,9,6,22,0.6667,127.2313,120.5849
2022-23,HOU,2022-11-05,HOU @ MIN,MIN,False,L,117,129,-12,40,84,0.476,16,38,0.421,21,31,12,21,33,27,10,0,23,0.5714,110.1487,121.4461
2022-23,HOU,2022-11-02,HOU vs. LAC,LAC,True,L,101,109,-8,37,88,0.42,11,38,0.289,16,21,16,34,50,17,9,5,19,0.483,101.712,109.7684
2022-23,HOU,2022-10-31,HOU @ LAC,LAC,False,L,93,95,-2,34,88,0.386,8,28,0.286,17,23,7,37,44,17,9,8,15,0.4318,90.029,91.9652
2022-23,HOU,2022-10-30,HOU @ PHX,PHX,False,L,109,124,-15,38,87,0.437,11,34,0.324,22,26,17,32,49,18,7,1,15,0.5,111.4292,126.7634
2022-23,HOU,2022-10-28,HOU @ POR,POR,False,L,111,125,-14,40,94,0.426,14,38,0.368,17,21,13,26,39,23,10,6,17,0.5,105.1933,118.461
2022-23,HOU,2022-10-26,HOU @ UTA,UTA,False,L,101,109,-8,36,94,0.383,11,40,0.275,18,24,14,35,49,19,7,2,19,0.4415,92.7627,100.1102
2022-23,HOU,2022-10-24,HOU vs. UTA,UTA,True,W,114,108,6,38,90,0.422,11,35,0.314,27,32,17,30,47,17,7,7,16,0.4833,111.1544,105.3042
2022-23,HOU,2022-10-22,HOU @ MIL,MIL,False,L,105,125,-20,36,93,0.387,16,37,0.432,17,22,15,32,47,20,9,6,14,0.4731,102.9816,122.5971
2022-23,HOU,2022-10-21,HOU vs. MEM,MEM,True,L,122,129,-7,44,93,0.473,16,35,0.457,18,30,13,32,45,18,4,6,14,0.5591,114.5755,121.1495
2022-23,HOU,2022-10-19,HOU @ ATL,ATL,False,L,107,117,-10,42,98,0.429,9,35,0.257,14,15,15,39,54,25,4,3,16,0.4745,101.345,110.8164
2022-23,IND,2023-04-09,IND @ NYK,NYK,False,W,141,136,5,46,89,0.517,19,34,0.559,30,38,8,36,44,33,8,9,15,0.6236,124.5583,120.1413
2022-23,IND,2023-04-07,IND vs. DET,DET,True,L,115,122,-7,41,83,0.494,11,31,0.355,22,28,9,33,42,29,7,3,19,0.5602,109.6491,116.3234
2022-23,IND,2023-04-05,IND vs. NYK,NYK,True,L,129,138,-9,45,87,0.517,15,30,0.5,24,30,10,27,37,33,6,5,17,0.6034,119.334,127.6596
2022-23,IND,2023-04-02,IND @ CLE,CLE,False,L,105,115,-10,36,83,0.434,9,24,0.375,24,29,11,33,44,21,5,6,17,0.488,103.3465,113.189
2022-23,IND,2023-03-31,IND vs. OKC,OKC,True,W,121,117,4,45,98,0.459,12,41,0.293,19,28,20,36,56,30,5,4,16,0.5204,115.6346,111.8119
2022-23,IND,2023-03-29,IND vs. MIL,MIL,True,L,136,149,-13,53,101,0.525,14,30,0.467,16,22,10,19,29,36,9,4,8,0.5941,123.7038,135.5285
2022-23,IND,2023-03-27,IND vs. DAL,DAL,True,L,104,127,-23,39,93,0.419,8,28,0.286,18,23,14,29,43,20,6,3,14,0.4624,102.6654,125.3702
2022-23,IND,2023-03-25,IND @ ATL,ATL,False,L,130,143,-13,52,96,0.542,14,37,0.378,12,12,10,22,32,33,7,7,17,0.6146,121.9055,134.096
2022-23,IND,2023-03-24,IND @ BOS,BOS,False,L,95,120,-25,39,84,0.464,4,26,0.154,13,22,6,38,44,24,9,4,17,0.4881,89.6057,113.1862
2022-23,IND,2023-03-22,IND @ TOR,TOR,False,W,118,114,4,43,77,0.558,11,21,0.524,21,25,8,31,39,27,4,5,18,0.6299,117.3195,113.3426
2022-23,IND,2023-03-20,IND @ CHA,CHA,False,L,109,115,-6,37,82,0.451,9,26,0.346,26,34,13,35,48,27,5,6,22,0.5061,103.298,108.9841
2022-23,IND,2023-03-18,IND vs. PHI,PHI,True,L,121,141,-20,45,87,0.517,12,31,0.387,19,20,12,29,41,28,5,5,17,0.5862,120.7103,140.6624
2022-23,IND,2023-03-16,IND @ MIL,MIL,False,W,139,123,16,54,97,0.557,22,46,0.478,9,15,8,34,42,36,5,3,10,0.6701,132.9889,117.6808
2022-23,IND,2023-03-13,IND @ DET,DET,False,L,97,117,-20,36,86,0.419,10,34,0.294,15,24,13,29,42,23,7,5,16,0.4767,97.0194,117.0234
2022-23,IND,2023-03-11,IND @ DET,DET,False,W,121,115,6,43,93,0.462,9,35,0.257,26,34,18,40,58,24,7,6,14,0.5108,115.326,109.6073
2022-23,IND,2023-03-09,IND vs. HOU,HOU,True,W,134,125,9,48,100,0.48,18,45,0.4,20,21,8,34,42,34,12,15,12,0.57,116.5217,108.6957
2022-23,IND,2023-03-06,IND vs. PHI,PHI,True,L,143,147,-4,53,90,0.589,15,37,0.405,22,31,5,25,30,28,8,4,9,0.6722,134.0457,137.7953
2022-23,IND,2023-03-05,IND @ CHI,CHI,False,W,125,122,3,48,94,0.511,16,44,0.364,13,16,13,22,35,27,5,6,9,0.5957,129.5068,126.3987
2022-23,IND,2023-03-02,IND @ SAS,SAS,False,L,99,110,-11,41,90,0.456,8,23,0.348,9,11,6,34,40,23,11,8,14,0.5,94.035,104.4833
2022-23,IND,2023-02-28,IND @ DAL,DAL,False,W,124,122,2,41,78,0.526,11,28,0.393,31,40,5,36,41,25,3,8,9,0.5962,123.4322,121.4414
2022-23,IND,2023-02-25,IND @ ORL,ORL,False,W,121,108,13,48,99,0.485,15,40,0.375,10,14,10,35,45,35,9,8,10,0.5606,114.7572,102.4279
2022-23,IND,2023-02-23,IND vs. BOS,BOS,True,L,138,142,-4,49,94,0.521,22,49,0.449,18,22,10,27,37,33,10,5,15,0.6383,128.8997,132.6359
2022-23,IND,2023-02-15,IND vs. CHI,CHI,True,W,117,113,4,39,82,0.476,18,43,0.419,21,22,6,35,41,27,6,5,19,0.5854,113.6364,109.7514
2022-23,IND,2023-02-13,IND vs. UTA,UTA,True,L,117,123,-6,46,91,0.505,11,34,0.324,14,20,8,24,32,30,11,7,11,0.5659,113.1528,118.9555
2022-23,IND,2023-02-11,IND @ WAS,WAS,False,L,113,127,-14,43,95,0.453,14,40,0.35,13,17,17,16,33,27,8,3,8,0.5263,120.1105,134.9915
2022-23,IND,2023-02-10,IND vs. PHX,PHX,True,L,104,117,-13,36,85,0.424,11,39,0.282,21,28,11,27,38,23,9,3,15,0.4882,102.5237,115.3391
2022-23,IND,2023-02-08,IND @ MIA,MIA,False,L,111,116,-5,38,78,0.487,15,33,0.455,20,28,5,26,31,24,3,5,11,0.5833,116.5477,121.7976
2022-23,IND,2023-02-05,IND vs. CLE,CLE,True,L,103,122,-19,40,92,0.435,8,32,0.25,15,22,12,30,42,28,3,6,13,0.4783,101.618,120.3631
2022-23,IND,2023-02-03,IND vs. SAC,SAC,True,W,107,104,3,40,89,0.449,17,41,0.415,10,14,9,38,47,28,13,5,18,0.5449,102.9044,100.0192
2022-23,IND,2023-02-02,IND vs. LAL,LAL,True,L,111,112,-1,45,93,0.484,16,41,0.39,5,6,6,40,46,30,8,6,16,0.5699,105.0738,106.0204
2022-23,IND,2023-01-29,IND @ MEM,MEM,False,L,100,112,-12,36,79,0.456,9,32,0.281,19,21,11,27,38,21,4,6,18,0.5127,106.4283,119.1997
2022-23,IND,2023-01-27,IND vs. MIL,MIL,True,L,131,141,-10,49,89,0.551,13,33,0.394,20,28,5,33,38,22,10,4,13,0.6236,117.5099,126.4801
2022-23,IND,2023-01-25,IND @ ORL,ORL,False,L,120,126,-6,41,85,0.482,15,35,0.429,23,29,10,22,32,25,14,5,17,0.5706,116.0766,121.8804
2022-23,IND,2023-01-24,IND vs. CHI,CHI,True,W,116,110,6,42,99,0.424,10,37,0.27,22,28,14,31,45,24,9,10,8,0.4747,110.8351,105.1022
2022-23,IND,2023-01-21,IND @ PHX,PHX,False,L,107,112,-5,36,96,0.375,13,37,0.351,22,26,11,37,48,22,10,4,15,0.4427,97.7883,102.3579
2022-23,IND,2023-01-20,IND @ DEN,DEN,False,L,111,134,-23,37,84,0.44,8,32,0.25,29,37,16,23,39,23,7,2,21,0.4881,107.9137,130.2742
2022-23,IND,2023-01-18,IND @ OKC,OKC,False,L,106,126,-20,39,94,0.415,12,33,0.364,16,24,20,28,48,23,9,10,24,0.4787,97.786,116.2362
2022-23,IND,2023-01-16,IND @ MIL,MIL,False,L,119,132,-13,43,84,0.512,19,40,0.475,14,15,4,33,37,29,6,5,16,0.625,115.9844,128.655
2022-23,IND,2023-01-14,IND vs. MEM,MEM,True,L,112,130,-18,38,103,0.369,11,47,0.234,25,28,16,33,49,26,5,8,20,0.4223,98.401,114.2154
2022-23,IND,2023-01-13,IND vs. ATL,ATL,True,L,111,113,-2,40,101,0.396,7,30,0.233,24,29,19,32,51,24,8,9,12,0.4307,105.7143,107.619
2022-23,IND,2023-01-11,IND @ NYK,NYK,False,L,113,119,-6,43,90,0.478,12,39,0.308,15,21,8,33,41,27,8,5,13,0.5444,109.8367,115.6687
2022-23,IND,2023-01-08,IND vs. CHA,CHA,True,W,116,111,5,38,87,0.437,13,38,0.342,27,33,8,33,41,27,14,7,16,0.5115,108.209,103.5448
2022-23,IND,2023-01-06,IND vs. POR,POR,True,W,108,99,9,38,84,0.452,7,25,0.28,25,28,4,37,41,22,11,6,14,0.494,101.029,92.6099
2022-23,IND,2023-01-04,IND @ PHI,PHI,False,L,126,129,-3,45,95,0.474,13,36,0.361,23,26,13,32,45,31,7,8,13,0.5421,119.3634,122.2054
2022-23,IND,2023-01-02,IND vs. TOR,TOR,True,W,122,114,8,45,93,0.484,10,27,0.37,22,26,15,35,50,24,4,2,13,0.5376,120.4581,112.5592
2022-23,IND,2022-12-31,IND vs. LAC,LAC,True,W,131,130,1,46,88,0.523,14,38,0.368,25,29,8,28,36,28,10,4,12,0.6023,127.4815,126.5084
2022-23,IND,2022-12-29,IND vs. CLE,CLE,True,W,135,126,9,48,85,0.565,19,31,0.613,20,21,4,28,32,28,6,8,9,0.6765,136.3361,127.247
2022-23,IND,2022-12-27,IND vs. ATL,ATL,True,W,129,114,15,47,92,0.511,13,35,0.371,22,27,7,42,49,28,3,2,13,0.5815,121.9051,107.7301
2022-23,IND,2022-12-26,IND @ NOP,NOP,False,L,93,113,-20,35,83,0.422,9,35,0.257,14,20,6,30,36,23,9,5,13,0.4759,93.2986,113.3628
2022-23,IND,2022-12-23,IND @ MIA,MIA,False,W,111,108,3,40,83,0.482,21,47,0.447,10,14,9,34,43,26,5,6,16,0.6084,114.2445,111.1569
2022-23,IND,2022-12-21,IND @ BOS,BOS,False,W,117,112,5,46,98,0.469,18,39,0.462,7,9,12,35,47,27,10,3,14,0.5612,112.5216,107.713
2022-23,IND,2022-12-18,IND vs. NYK,NYK,True,L,106,109,-3,39,90,0.433,13,38,0.342,15,23,12,32,44,20,5,3,15,0.5056,105.305,108.2853
2022-23,IND,2022-12-16,IND @ CLE,CLE,False,L,112,118,-6,42,80,0.525,11,36,0.306,17,19,5,28,33,34,6,4,10,0.5938,119.5049,125.907
2022-23,IND,2022-12-14,IND vs. GSW,GSW,True,W,125,119,6,44,87,0.506,16,39,0.41,21,25,5,29,34,30,10,8,18,0.5977,112.7345,107.3232
2022-23,IND,2022-12-12,IND vs. MIA,MIA,True,L,82,87,-5,28,79,0.354,11,39,0.282,15,20,8,37,45,16,7,11,18,0.4241,84.6583,89.8204
2022-23,IND,2022-12-10,IND vs. BKN,BKN,True,L,133,136,-3,47,85,0.553,21,44,0.477,18,24,7,23,30,30,10,3,19,0.6765,126.2818,129.1303
2022-23,IND,2022-12-09,IND vs. WAS,WAS,True,W,121,111,10,43,85,0.506,18,41,0.439,17,20,13,27,40,23,7,2,12,0.6118,132.3851,121.4442
2022-23,IND,2022-12-07,IND @ MIN,MIN,False,L,115,121,-6,39,81,0.481,19,42,0.452,18,24,4,27,31,22,10,4,19,0.5988,105.2921,110.7856
2022-23,IND,2022-12-05,IND @ GSW,GSW,False,W,112,104,8,43,90,0.478,15,39,0.385,11,18,7,40,47,26,3,8,17,0.5611,106.5246,98.9157
2022-23,IND,2022-12-04,IND @ POR,POR,False,L,100,116,-16,40,91,0.44,10,33,0.303,10,12,12,32,44,22,10,5,15,0.4945,100.5227,116.6064
2022-23,IND,2022-12-02,IND @ UTA,UTA,False,L,119,139,-20,40,92,0.435,12,34,0.353,27,33,9,26,35,25,12,5,19,0.5,101.7964,118.905
2022-23,IND,2022-11-30,IND @ SAC,SAC,False,L,114,137,-23,40,100,0.4,12,37,0.324,22,30,12,35,47,28,8,5,15,0.46,98.7184,118.6353
2022-23,IND,2022-11-28,IND @ LAL,LAL,False,W,116,115,1,43,105,0.41,17,49,0.347,13,16,12,37,49,29,6,10,10,0.4905,109.0841,108.1437
2022-23,IND,2022-11-27,IND @ LAC,LAC,False,L,100,114,-14,36,94,0.383,9,42,0.214,19,23,9,30,39,23,14,4,13,0.4309,92.5069,105.4579
2022-23,IND,2022-11-25,IND vs. BKN,BKN,True,W,128,117,11,43,86,0.5,12,34,0.353,30,38,5,36,41,28,13,4,10,0.5698,119.5591,109.2845
2022-23,IND,2022-11-23,IND vs. MIN,MIN,True,L,101,115,-14,37,96,0.385,16,44,0.364,11,16,13,17,30,25,16,5,13,0.4688,99.7432,113.569
2022-23,IND,2022-11-21,IND vs. ORL,ORL,True,W,123,102,21,43,86,0.5,13,46,0.283,24,27,12,36,48,32,9,5,21,0.5756,118.3375,98.1335
2022-23,IND,2022-11-19,IND vs. ORL,ORL,True,W,114,113,1,41,90,0.456,18,46,0.391,14,19,12,30,42,27,5,6,15,0.5556,111.8744,110.893
2022-23,IND,2022-11-18,IND @ HOU,HOU,False,W,99,91,8,33,82,0.402,12,41,0.293,21,27,12,33,45,25,8,10,15,0.4756,99.0198,91.0182
2022-23,IND,2022-11-16,IND @ CHA,CHA,False,W,125,113,12,44,82,0.537,11,28,0.393,26,31,7,27,34,27,11,9,14,0.6037,119.8696,108.3621
2022-23,IND,2022-11-12,IND vs. TOR,TOR,True,W,118,104,14,41,82,0.5,19,43,0.442,17,23,11,40,51,33,4,6,21,0.6159,115.1894,101.5228
2022-23,IND,2022-11-09,IND vs. DEN,DEN,True,L,119,122,-3,45,96,0.469,14,42,0.333,15,19,11,33,44,28,9,5,18,0.5417,107.3039,110.009
2022-23,IND,2022-11-07,IND vs. NOP,NOP,True,W,129,122,7,43,86,0.5,22,48,0.458,21,23,10,35,45,33,6,8,17,0.6279,126.0997,119.2571
2022-23,IND,2022-11-04,IND vs. MIA,MIA,True,W,101,99,2,37,80,0.463,12,39,0.308,15,23,5,37,42,28,7,5,19,0.5375,97.3213,95.3941
2022-23,IND,2022-10-31,IND @ BKN,BKN,False,L,109,116,-7,41,87,0.471,11,39,0.282,16,23,10,28,38,23,11,5,24,0.5345,101.9073,108.4518
2022-23,IND,2022-10-29,IND @ BKN,BKN,False,W,125,116,9,40,94,0.426,23,46,0.5,22,26,17,36,53,31,7,1,12,0.5479,126.9809,117.8383
2022-23,IND,2022-10-28,IND @ WAS,WAS,False,W,127,117,10,41,81,0.506,15,29,0.517,30,33,5,36,41,30,4,7,14,0.5988,122.8002,113.1309
2022-23,IND,2022-10-26,IND @ CHI,CHI,False,L,109,124,-15,37,86,0.43,16,40,0.4,19,24,6,32,38,31,5,12,20,0.5233,100.4053,114.2225
2022-23,IND,2022-10-24,IND @ PHI,PHI,False,L,106,120,-14,38,90,0.422,12,44,0.273,18,23,14,33,47,27,3,4,13,0.4889,110.1642,124.7142
2022-23,IND,2022-10-22,IND vs. DET,DET,True,W,124,115,9,45,103,0.437,16,42,0.381,18,24,20,39,59,28,7,15,11,0.5146,118.2304,109.6491
2022-23,IND,2022-10-21,IND vs. SAS,SAS,True,L,134,137,-3,51,104,0.49,11,35,0.314,21,22,14,28,42,32,8,6,16,0.5433,118.5631,121.2175
2022-23,IND,2022-10-19,IND vs. WAS,WAS,True,L,107,114,-7,39,97,0.402,15,42,0.357,14,21,12,30,42,21,7,5,15,0.4794,99.6276,106.1453
2022-23,LAC,2023-04-09,LAC @ PHX,PHX,False,W,119,114,5,49,100,0.49,5,23,0.217,16,24,14,39,53,22,3,5,10,0.515,113.204,108.4475
2022-23,LAC,2023-04-08,LAC vs. POR,POR,True,W,136,125,11,49,93,0.527,12,35,0.343,26,30,13,38,51,30,7,5,12,0.5914,131.1981,120.5865
2022-23,LAC,2023-04-05,LAC vs. LAL,LAL,True,W,125,118,7,43,82,0.524,16,36,0.444,23,27,5,33,38,23,9,4,13,0.622,121.69,114.8754
2022-23,LAC,2023-04-01,LAC @ NOP,NOP,False,L,114,122,-8,42,85,0.494,11,29,0.379,19,23,11,26,37,25,5,4,13,0.5588,119.0476,127.4018
2022-23,LAC,2023-03-31,LAC @ MEM,MEM,False,L,94,108,-14,34,90,0.378,11,35,0.314,15,18,12,38,50,26,5,8,18,0.4389,89.3536,102.6616
2022-23,LAC,2023-03-29,LAC @ MEM,MEM,False,W,141,132,9,48,78,0.615,22,37,0.595,23,31,3,29,32,28,8,4,16,0.7564,133.6746,125.1422
2022-23,LAC,2023-03-27,LAC vs. CHI,CHI,True,W,124,112,12,48,81,0.593,20,40,0.5,8,16,6,31,37,41,10,4,18,0.716,125.0757,112.9716
2022-23,LAC,2023-03-25,LAC vs. NOP,NOP,True,L,110,131,-21,39,75,0.52,15,33,0.455,17,21,2,29,31,29,9,6,20,0.62,106.6925,127.0611
2022-23,LAC,2023-03-23,LAC vs. OKC,OKC,True,W,127,105,22,47,84,0.56,18,37,0.486,15,20,8,34,42,34,9,5,15,0.6667,127.8695,105.7189
2022-23,LAC,2023-03-21,LAC vs. OKC,OKC,True,L,100,101,-1,41,86,0.477,6,31,0.194,12,21,12,34,46,21,9,2,14,0.5116,101.833,102.8513
2022-23,LAC,2023-03-19,LAC @ POR,POR,False,W,117,102,15,43,94,0.457,12,28,0.429,19,23,18,31,49,26,11,3,10,0.5213,121.4449,105.875
2022-23,LAC,2023-03-18,LAC vs. ORL,ORL,True,L,108,113,-5,42,90,0.467,6,22,0.273,18,24,13,30,43,23,9,3,15,0.5,104.5701,109.4113
2022-23,LAC,2023-03-15,LAC vs. GSW,GSW,True,W,134,126,8,46,96,0.479,16,34,0.471,26,32,16,28,44,30,11,1,8,0.5625,130.2995,122.5204
2022-23,LAC,2023-03-11,LAC vs. NYK,NYK,True,W,106,95,11,42,87,0.483,10,30,0.333,12,16,7,32,39,22,3,4,10,0.5402,112.2168,100.5717
2022-23,LAC,2023-03-08,LAC vs. TOR,TOR,True,W,108,100,8,39,71,0.549,6,20,0.3,24,31,9,35,44,23,9,4,17,0.5915,112.6173,104.2753
2022-23,LAC,2023-03-05,LAC vs. MEM,MEM,True,W,135,129,6,45,85,0.529,12,29,0.414,33,35,13,40,53,25,6,2,17,0.6,129.1866,123.445
2022-23,LAC,2023-03-03,LAC @ SAC,SAC,False,L,127,128,-1,47,87,0.54,14,41,0.341,19,27,6,26,32,31,7,3,7,0.6207,126.7971,127.7955
2022-23,LAC,2023-03-02,LAC @ GSW,GSW,False,L,91,115,-24,32,89,0.36,9,43,0.209,18,21,9,38,47,19,5,5,16,0.4101,87.8718,111.0467
2022-23,LAC,2023-02-28,LAC vs. MIN,MIN,True,L,101,108,-7,35,83,0.422,11,28,0.393,20,23,9,35,44,24,11,3,25,0.488,92.7456,99.1736
2022-23,LAC,2023-02-26,LAC @ DEN,DEN,False,L,124,134,-10,44,90,0.489,11,34,0.324,25,30,6,32,38,24,11,5,13,0.55,110.3007,119.1959
2022-23,LAC,2023-02-24,LAC vs. SAC,SAC,True,L,175,176,-1,59,98,0.602,26,45,0.578,31,36,7,35,42,39,8,3,25,0.7347,133.9764,134.742
2022-23,LAC,2023-02-16,LAC @ PHX,PHX,False,W,116,107,9,40,82,0.488,11,34,0.324,25,27,8,35,43,29,8,2,14,0.5549,114.3308,105.4603
2022-23,LAC,2023-02-14,LAC vs. GSW,GSW,True,W,134,124,10,49,92,0.533,17,36,0.472,19,22,12,24,36,33,5,4,8,0.625,137.0423,126.8153
2022-23,LAC,2023-02-10,LAC vs. MIL,MIL,True,L,106,119,-13,42,85,0.494,11,33,0.333,11,14,3,32,35,17,5,7,10,0.5588,107.5051,120.6897
2022-23,LAC,2023-02-08,LAC vs. DAL,DAL,True,L,104,110,-6,38,86,0.442,12,33,0.364,16,21,9,31,40,21,10,4,11,0.5116,107.9286,114.1553
2022-23,LAC,2023-02-06,LAC @ BKN,BKN,False,W,124,116,8,44,92,0.478,12,30,0.4,24,30,11,35,46,20,11,5,9,0.5435,121.0465,113.237
2022-23,LAC,2023-02-04,LAC @ NYK,NYK,False,W,134,128,6,44,92,0.478,16,37,0.432,30,35,9,37,46,24,8,4,13,0.5652,123.5934,118.0594
2022-23,LAC,2023-02-02,LAC @ MIL,MIL,False,L,105,106,-1,39,95,0.411,13,36,0.361,14,20,9,40,49,15,8,4,7,0.4789,102.1004,103.0727
2022-23,LAC,2023-01-31,LAC @ CHI,CHI,False,W,108,103,5,37,93,0.398,12,44,0.273,22,26,11,33,44,24,15,6,8,0.4624,107.1004,102.142
2022-23,LAC,2023-01-29,LAC @ CLE,CLE,False,L,99,122,-23,37,89,0.416,2,19,0.105,23,27,15,30,45,17,6,0,15,0.427,100.8969,124.3375
2022-23,LAC,2023-01-28,LAC @ ATL,ATL,False,W,120,113,7,42,80,0.525,19,39,0.487,17,19,6,31,37,25,5,5,14,0.6438,123.6094,116.3988
2022-23,LAC,2023-01-26,LAC vs. SAS,SAS,True,W,138,100,38,52,89,0.584,18,38,0.474,16,21,6,31,37,26,9,9,5,0.6854,141.8586,102.7961
2022-23,LAC,2023-01-24,LAC @ LAL,LAL,False,W,133,115,18,51,84,0.607,19,38,0.5,12,15,7,40,47,25,4,9,15,0.7202,131.5789,113.7713
2022-23,LAC,2023-01-22,LAC @ DAL,DAL,False,W,112,98,14,35,77,0.455,12,28,0.429,30,31,9,37,46,20,6,3,11,0.5325,123.0228,107.645
2022-23,LAC,2023-01-20,LAC @ SAS,SAS,False,W,131,126,5,51,81,0.63,15,28,0.536,14,20,11,21,32,31,4,2,9,0.7222,147.2241,141.6049
2022-23,LAC,2023-01-18,LAC @ UTA,UTA,False,L,103,126,-23,37,92,0.402,15,34,0.441,14,21,16,34,50,23,1,6,13,0.4837,106.2294,129.9505
2022-23,LAC,2023-01-17,LAC vs. PHI,PHI,True,L,110,120,-10,41,82,0.5,12,34,0.353,16,20,8,25,33,20,4,5,19,0.5732,111.8113,121.976
2022-23,LAC,2023-01-15,LAC vs. HOU,HOU,True,W,121,100,21,46,88,0.523,14,32,0.438,15,21,11,33,44,21,13,6,17,0.6023,116.7052,96.4506
2022-23,LAC,2023-01-13,LAC vs. DEN,DEN,True,L,103,115,-12,41,87,0.471,10,29,0.345,11,14,11,32,43,20,6,3,12,0.5287,109.4813,122.2364
2022-23,LAC,2023-01-10,LAC vs. DAL,DAL,True,W,113,101,12,39,86,0.453,12,31,0.387,23,30,12,34,46,20,7,4,10,0.5233,118.2998,105.737
2022-23,LAC,2023-01-08,LAC vs. ATL,ATL,True,L,108,112,-4,37,95,0.389,10,30,0.333,24,31,21,38,59,25,6,5,11,0.4421,108.849,112.8805
2022-23,LAC,2023-01-06,LAC @ MIN,MIN,False,L,115,128,-13,44,100,0.44,9,25,0.36,18,27,18,22,40,22,13,3,10,0.485,110.7686,123.2903
2022-23,LAC,2023-01-05,LAC @ DEN,DEN,False,L,91,122,-31,34,91,0.374,5,37,0.135,18,25,8,33,41,24,7,3,8,0.4011,89.9921,120.6487
2022-23,LAC,2023-01-02,LAC vs. MIA,MIA,True,L,100,110,-10,29,67,0.433,12,29,0.414,30,34,3,31,34,19,7,1,15,0.5224,106.0895,116.6985
2022-23,LAC,2022-12-31,LAC @ IND,IND,False,L,130,131,-1,43,80,0.538,16,34,0.471,28,29,8,31,39,23,7,6,16,0.6375,126.5084,127.4815
2022-23,LAC,2022-12-29,LAC @ BOS,BOS,False,L,110,116,-6,43,89,0.483,15,39,0.385,9,14,8,33,41,26,4,4,13,0.5674,108.9972,114.9425
2022-23,LAC,2022-12-27,LAC @ TOR,TOR,False,W,124,113,11,45,93,0.484,15,38,0.395,19,23,15,32,47,27,8,3,11,0.5645,126.1701,114.9776
2022-23,LAC,2022-12-26,LAC @ DET,DET,False,W,142,131,11,49,91,0.538,19,44,0.432,25,29,10,38,48,25,13,3,19,0.6429,123.6288,114.0519
2022-23,LAC,2022-12-23,LAC @ PHI,PHI,False,L,114,119,-5,41,81,0.506,14,38,0.368,18,23,6,27,33,25,5,9,11,0.5926,117.9636,123.1374
2022-23,LAC,2022-12-21,LAC vs. CHA,CHA,True,W,126,105,21,41,81,0.506,23,49,0.469,21,23,5,43,48,29,6,7,27,0.6481,113.5749,94.6458
2022-23,LAC,2022-12-17,LAC vs. WAS,WAS,True,W,102,93,9,37,86,0.43,12,29,0.414,16,26,12,37,49,19,6,5,14,0.5,102.9471,93.8635
2022-23,LAC,2022-12-15,LAC vs. PHX,PHX,True,L,95,111,-16,34,90,0.378,12,33,0.364,15,21,21,31,52,21,4,3,18,0.4444,98.3641,114.9306
2022-23,LAC,2022-12-14,LAC vs. MIN,MIN,True,W,99,88,11,34,89,0.382,14,46,0.304,17,21,14,38,52,21,8,2,15,0.4607,100.7941,89.5948
2022-23,LAC,2022-12-12,LAC vs. BOS,BOS,True,W,113,93,20,44,90,0.489,10,25,0.4,15,21,11,35,46,18,10,2,10,0.5444,115.4947,95.0531
2022-23,LAC,2022-12-10,LAC @ WAS,WAS,False,W,114,107,7,40,94,0.426,19,48,0.396,15,16,9,33,42,22,9,7,10,0.5266,112.6482,105.7312
2022-23,LAC,2022-12-08,LAC @ MIA,MIA,False,L,110,115,-5,37,80,0.463,17,36,0.472,19,21,7,36,43,24,3,3,16,0.5688,112.5896,117.7073
2022-23,LAC,2022-12-07,LAC @ ORL,ORL,False,L,111,116,-5,39,95,0.411,15,41,0.366,18,26,17,36,53,26,3,9,17,0.4895,104.6775,109.3927
2022-23,LAC,2022-12-05,LAC @ CHA,CHA,False,W,119,117,2,45,93,0.484,15,36,0.417,14,21,13,34,47,30,4,5,12,0.5645,117.4033,115.4301
2022-23,LAC,2022-12-03,LAC vs. SAC,SAC,True,L,96,123,-27,33,93,0.355,9,33,0.273,21,26,17,33,50,15,4,3,18,0.4032,92.0245,117.9064
2022-23,LAC,2022-11-30,LAC @ UTA,UTA,False,L,112,125,-13,37,93,0.398,10,30,0.333,28,36,17,22,39,16,9,5,11,0.4516,111.3541,124.2792
2022-23,LAC,2022-11-29,LAC @ POR,POR,False,W,118,112,6,41,89,0.461,13,31,0.419,23,28,14,34,48,26,6,7,13,0.5337,118.6407,112.6081
2022-23,LAC,2022-11-27,LAC vs. IND,IND,True,W,114,100,14,42,94,0.447,6,32,0.188,24,32,18,44,62,33,7,4,18,0.4787,105.4579,92.5069
2022-23,LAC,2022-11-25,LAC vs. DEN,DEN,True,L,104,114,-10,37,68,0.544,11,22,0.5,19,34,4,29,33,22,1,5,14,0.625,110.5912,121.225
2022-23,LAC,2022-11-23,LAC @ GSW,GSW,False,L,107,124,-17,39,86,0.453,11,29,0.379,18,27,10,33,43,22,5,2,17,0.5174,102.5887,118.8878
2022-23,LAC,2022-11-21,LAC vs. UTA,UTA,True,W,121,114,7,47,91,0.516,9,24,0.375,18,19,12,29,41,26,6,6,16,0.5659,118.674,111.8086
2022-23,LAC,2022-11-19,LAC vs. SAS,SAS,True,W,119,97,22,44,81,0.543,21,40,0.525,10,19,7,28,35,32,9,1,13,0.6728,124.2171,101.2526
2022-23,LAC,2022-11-17,LAC vs. DET,DET,True,W,96,91,5,33,81,0.407,11,30,0.367,19,24,10,41,51,17,1,1,18,0.4753,95.4654,90.4932
2022-23,LAC,2022-11-15,LAC @ DAL,DAL,False,L,101,103,-2,34,64,0.531,12,28,0.429,21,26,3,37,40,23,8,2,21,0.625,107.4468,109.5745
2022-23,LAC,2022-11-14,LAC @ HOU,HOU,False,W,122,106,16,41,81,0.506,14,38,0.368,26,33,9,35,44,25,6,4,17,0.5926,117.7834,102.3364
2022-23,LAC,2022-11-12,LAC vs. BKN,BKN,True,L,95,110,-15,34,85,0.4,11,31,0.355,16,20,10,36,46,22,4,6,18,0.4647,94.5086,109.431
2022-23,LAC,2022-11-09,LAC vs. LAL,LAL,True,W,114,101,13,41,81,0.506,12,33,0.364,20,26,6,35,41,24,10,7,15,0.5802,111.2629,98.5751
2022-23,LAC,2022-11-07,LAC vs. CLE,CLE,True,W,119,117,2,40,79,0.506,17,38,0.447,22,28,4,27,31,19,8,2,9,0.6139,121.7018,119.6564
2022-23,LAC,2022-11-06,LAC vs. UTA,UTA,True,L,102,110,-8,43,87,0.494,8,33,0.242,8,13,4,28,32,22,11,2,14,0.5402,100.4135,108.289
2022-23,LAC,2022-11-04,LAC @ SAS,SAS,False,W,113,106,7,42,80,0.525,15,33,0.455,14,19,3,41,44,26,6,5,16,0.6188,110.6325,103.7791
2022-23,LAC,2022-11-02,LAC @ HOU,HOU,False,W,109,101,8,41,84,0.488,12,33,0.364,15,19,9,34,43,20,10,6,15,0.5595,109.7684,101.712
2022-23,LAC,2022-10-31,LAC vs. HOU,HOU,True,W,95,93,2,37,87,0.425,9,36,0.25,12,17,8,38,46,23,7,10,14,0.477,91.9652,90.029
2022-23,LAC,2022-10-30,LAC vs. NOP,NOP,True,L,91,112,-21,36,86,0.419,11,39,0.282,8,13,8,31,39,24,3,6,15,0.4826,92.7436,114.1459
2022-23,LAC,2022-10-27,LAC @ OKC,OKC,False,L,110,118,-8,44,82,0.537,9,28,0.321,13,18,10,34,44,21,6,5,20,0.5915,111.4263,119.53
2022-23,LAC,2022-10-25,LAC @ OKC,OKC,False,L,94,108,-14,35,83,0.422,10,31,0.323,14,18,7,40,47,21,5,14,19,0.4819,89.9866,103.3889
2022-23,LAC,2022-10-23,LAC vs. PHX,PHX,True,L,95,112,-17,36,82,0.439,9,32,0.281,14,20,9,34,43,16,10,0,15,0.4939,97.3959,114.8247
2022-23,LAC,2022-10-22,LAC @ SAC,SAC,False,W,111,109,2,41,81,0.506,9,22,0.409,20,22,5,35,40,24,8,3,13,0.5617,112.0533,110.0343
2022-23,LAC,2022-10-20,LAC @ LAL,LAL,False,W,103,97,6,37,80,0.463,9,29,0.31,20,31,10,48,58,18,7,7,23,0.5188,96.2257,90.6203
2022-23,LAL,2023-04-09,LAL vs. UTA,UTA,True,W,128,117,11,47,97,0.485,18,45,0.4,16,21,10,39,49,28,4,7,11,0.5773,119.1363,108.898
2022-23,LAL,2023-04-07,LAL vs. PHX,PHX,True,W,121,107,14,45,92,0.489,18,36,0.5,13,17,10,44,54,25,6,6,16,0.587,114.3451,101.1151
2022-23,LAL,2023-04-05,LAL @ LAC,LAC,False,L,118,125,-7,45,89,0.506,12,29,0.414,16,24,10,34,44,27,4,3,14,0.573,114.8754,121.69
2022-23,LAL,2023-04-04,LAL @ UTA,UTA,False,W,135,133,2,48,96,0.5,12,34,0.353,27,35,11,33,44,27,6,7,12,0.5625,120.5142,118.7288
2022-23,LAL,2023-04-02,LAL @ HOU,HOU,False,W,134,109,25,52,93,0.559,9,30,0.3,21,28,11,40,51,36,4,8,6,0.6075,133.5193,108.609
2022-23,LAL,2023-03-31,LAL @ MIN,MIN,False,W,123,111,12,45,90,0.5,9,22,0.409,24,30,15,38,53,28,10,5,16,0.55,116.2791,104.9348
2022-23,LAL,2023-03-29,LAL @ CHI,CHI,False,W,121,110,11,45,86,0.523,7,20,0.35,24,30,13,32,45,22,10,3,16,0.564,118.674,107.8854
2022-23,LAL,2023-03-26,LAL vs. CHI,CHI,True,L,108,118,-10,38,75,0.507,13,36,0.361,19,28,8,30,38,24,5,4,18,0.5933,113.0653,123.5343
2022-23,LAL,2023-03-24,LAL vs. OKC,OKC,True,W,116,111,5,42,91,0.462,12,34,0.353,20,28,16,37,53,20,9,4,11,0.5275,117.9581,112.8737
2022-23,LAL,2023-03-22,LAL vs. PHX,PHX,True,W,122,111,11,39,70,0.557,8,17,0.471,36,46,5,31,36,27,7,2,15,0.6143,119.5844,108.8022
2022-23,LAL,2023-03-19,LAL vs. ORL,ORL,True,W,111,105,6,36,78,0.462,13,32,0.406,26,32,9,43,52,25,2,9,15,0.5449,109.5972,103.673
2022-23,LAL,2023-03-17,LAL vs. DAL,DAL,True,L,110,111,-1,43,84,0.512,5,20,0.25,19,31,13,29,42,23,8,3,12,0.5417,114.5833,115.625
2022-23,LAL,2023-03-15,LAL @ HOU,HOU,False,L,110,114,-4,34,90,0.378,11,44,0.25,31,37,11,25,36,21,7,3,10,0.4389,107.5059,111.4152
2022-23,LAL,2023-03-14,LAL @ NOP,NOP,False,W,123,108,15,40,82,0.488,18,39,0.462,25,28,15,37,52,24,8,2,18,0.5976,122.315,107.3986
2022-23,LAL,2023-03-12,LAL vs. NYK,NYK,True,L,108,112,-4,43,89,0.483,12,36,0.333,10,17,10,27,37,24,6,2,11,0.5506,111.5011,115.6308
2022-23,LAL,2023-03-10,LAL vs. TOR,TOR,True,W,122,112,10,45,80,0.563,13,30,0.433,19,19,5,30,35,28,8,8,21,0.6438,118.978,109.2257
2022-23,LAL,2023-03-07,LAL vs. MEM,MEM,True,W,112,103,9,41,90,0.456,7,28,0.25,23,29,7,50,57,27,4,2,15,0.4944,102.979,94.7039
2022-23,LAL,2023-03-05,LAL vs. GSW,GSW,True,W,113,105,8,42,95,0.442,11,33,0.333,18,22,10,36,46,29,3,3,9,0.5,108.3413,100.6711
2022-23,LAL,2023-03-03,LAL vs. MIN,MIN,True,L,102,110,-8,36,87,0.414,10,31,0.323,20,24,11,30,41,23,8,2,15,0.4713,101.1905,109.127
2022-23,LAL,2023-03-01,LAL @ OKC,OKC,False,W,123,117,6,38,80,0.475,16,35,0.457,31,39,10,31,41,22,8,8,13,0.575,121.3496,115.4301
2022-23,LAL,2023-02-28,LAL @ MEM,MEM,False,L,109,121,-12,38,86,0.442,13,34,0.382,20,23,14,42,56,22,5,10,26,0.5174,98.8214,109.7008
2022-23,LAL,2023-02-26,LAL @ DAL,DAL,False,W,111,108,3,42,97,0.433,6,34,0.176,21,28,17,39,56,25,9,4,11,0.4639,106.485,103.6071
2022-23,LAL,2023-02-23,LAL vs. GSW,GSW,True,W,124,111,13,42,86,0.488,16,30,0.533,24,34,10,48,58,30,8,3,16,0.5814,115.7796,103.6415
2022-23,LAL,2023-02-15,LAL vs. NOP,NOP,True,W,120,102,18,44,83,0.53,10,37,0.27,22,36,6,37,43,32,5,8,11,0.5904,116.8452,99.3184
2022-23,LAL,2023-02-13,LAL @ POR,POR,False,L,115,127,-12,42,95,0.442,12,37,0.324,19,21,14,42,56,24,6,5,13,0.5053,112.217,123.9266
2022-23,LAL,2023-02-11,LAL @ GSW,GSW,False,W,109,103,6,40,89,0.449,8,25,0.32,21,26,10,42,52,19,4,4,16,0.4944,100.5906,95.0535
2022-23,LAL,2023-02-09,LAL vs. MIL,MIL,True,L,106,115,-9,42,89,0.472,7,18,0.389,15,21,11,32,43,23,2,2,12,0.5112,105.3887,114.3368
2022-23,LAL,2023-02-07,LAL vs. OKC,OKC,True,L,130,133,-3,49,85,0.576,14,31,0.452,18,26,6,35,41,27,8,3,21,0.6588,118.053,120.7773
2022-23,LAL,2023-02-04,LAL @ NOP,NOP,False,L,126,131,-5,45,94,0.479,11,32,0.344,25,33,13,31,44,30,4,3,9,0.5372,119.8174,124.5721
2022-23,LAL,2023-02-02,LAL @ IND,IND,False,W,112,111,1,42,92,0.457,6,22,0.273,22,31,13,38,51,29,8,5,13,0.4891,106.0204,105.0738
2022-23,LAL,2023-01-31,LAL @ NYK,NYK,False,W,129,123,6,48,93,0.516,11,33,0.333,22,31,11,33,44,29,6,1,14,0.5753,118.5008,112.9892
2022-23,LAL,2023-01-30,LAL @ BKN,BKN,False,L,104,121,-17,35,89,0.393,11,29,0.379,23,37,16,37,53,24,1,3,14,0.4551,101.1476,117.6814
2022-23,LAL,2023-01-28,LAL @ BOS,BOS,False,L,121,125,-4,47,105,0.448,12,42,0.286,15,20,11,36,47,30,4,0,12,0.5048,109.5221,113.1427
2022-23,LAL,2023-01-25,LAL vs. SAS,SAS,True,W,113,104,9,40,90,0.444,10,33,0.303,23,30,11,45,56,25,12,9,20,0.5,101.2908,93.2234
2022-23,LAL,2023-01-24,LAL vs. LAC,LAC,True,L,115,133,-18,42,95,0.442,16,40,0.4,15,24,9,23,32,21,8,4,7,0.5263,113.7713,131.5789
2022-23,LAL,2023-01-22,LAL @ POR,POR,False,W,121,112,9,45,86,0.523,10,30,0.333,21,27,10,41,51,23,5,5,13,0.5814,121.6814,112.6307
2022-23,LAL,2023-01-20,LAL vs. MEM,MEM,True,W,122,121,1,38,93,0.409,13,41,0.317,33,41,10,37,47,24,7,7,10,0.4785,110.5874,109.6809
2022-23,LAL,2023-01-18,LAL vs. SAC,SAC,True,L,111,116,-5,43,89,0.483,11,34,0.324,14,18,6,30,36,26,9,3,7,0.5449,114.5511,119.711
2022-23,LAL,2023-01-16,LAL vs. HOU,HOU,True,W,140,132,8,49,91,0.538,12,33,0.364,30,35,9,30,39,23,4,5,2,0.6044,137.228,129.3864
2022-23,LAL,2023-01-15,LAL vs. PHI,PHI,True,L,112,113,-1,48,87,0.552,6,20,0.3,10,13,4,34,38,28,4,6,11,0.5862,113.0856,114.0953
2022-23,LAL,2023-01-12,LAL vs. DAL,DAL,True,L,115,119,-4,44,112,0.393,10,41,0.244,17,27,14,42,56,24,7,4,10,0.4375,96.0896,99.4318
2022-23,LAL,2023-01-09,LAL @ DEN,DEN,False,L,109,122,-13,41,93,0.441,8,28,0.286,19,25,11,33,44,20,12,2,14,0.4839,100.7021,112.7125
2022-23,LAL,2023-01-07,LAL @ SAC,SAC,False,W,136,134,2,50,82,0.61,9,21,0.429,27,33,10,28,38,26,4,3,17,0.6646,131.528,129.5938
2022-23,LAL,2023-01-06,LAL vs. ATL,ATL,True,W,130,114,16,51,93,0.548,16,35,0.457,12,16,7,44,51,33,6,5,18,0.6344,117.265,102.8324
2022-23,LAL,2023-01-04,LAL vs. MIA,MIA,True,W,112,109,3,40,81,0.494,8,27,0.296,24,30,9,33,42,20,10,4,17,0.5432,109.0343,106.1137
2022-23,LAL,2023-01-02,LAL @ CHA,CHA,False,W,121,115,6,45,93,0.484,10,30,0.333,21,30,9,44,53,26,6,5,15,0.5376,108.055,102.6969
2022-23,LAL,2022-12-30,LAL @ ATL,ATL,False,W,130,121,9,52,96,0.542,10,32,0.313,16,18,12,43,55,34,7,6,16,0.5938,120.5266,112.1825
2022-23,LAL,2022-12-28,LAL @ MIA,MIA,False,L,98,112,-14,37,77,0.481,13,36,0.361,11,15,8,36,44,25,2,4,26,0.5649,99.6745,113.9138
2022-23,LAL,2022-12-27,LAL @ ORL,ORL,False,W,129,110,19,49,90,0.544,17,43,0.395,14,17,9,37,46,32,4,2,14,0.6389,128.6911,109.7366
2022-23,LAL,2022-12-25,LAL @ DAL,DAL,False,L,115,124,-9,39,80,0.488,9,28,0.321,28,32,6,29,35,18,5,2,10,0.5438,119.1216,128.4442
2022-23,LAL,2022-12-23,LAL vs. CHA,CHA,True,L,130,134,-4,48,92,0.522,19,44,0.432,15,22,12,30,42,27,5,1,17,0.625,121.7228,125.4682
2022-23,LAL,2022-12-21,LAL @ SAC,SAC,False,L,120,134,-14,42,84,0.5,11,24,0.458,25,30,5,34,39,25,6,5,15,0.5655,110.8443,123.7761
2022-23,LAL,2022-12-19,LAL @ PHX,PHX,False,L,104,130,-26,39,87,0.448,12,28,0.429,14,17,10,28,38,13,5,5,15,0.5172,105.5623,131.9529
2022-23,LAL,2022-12-18,LAL vs. WAS,WAS,True,W,119,117,2,46,92,0.5,11,27,0.407,16,22,6,37,43,29,4,5,9,0.5598,113.204,111.3014
2022-23,LAL,2022-12-16,LAL vs. DEN,DEN,True,W,126,108,18,48,91,0.527,12,33,0.364,18,24,11,34,45,29,11,4,15,0.5934,120.6434,103.4087
2022-23,LAL,2022-12-13,LAL vs. BOS,BOS,True,L,118,122,-4,44,93,0.473,8,29,0.276,22,30,7,42,49,23,7,9,12,0.5161,105.7158,109.2994
2022-23,LAL,2022-12-11,LAL @ DET,DET,False,W,124,117,7,46,84,0.548,11,26,0.423,21,27,6,36,42,31,8,4,11,0.6131,121.9512,115.0669
2022-23,LAL,2022-12-09,LAL @ PHI,PHI,False,L,122,133,-11,44,88,0.5,11,31,0.355,23,30,7,30,37,29,12,4,21,0.5625,105.6826,115.2114
2022-23,LAL,2022-12-07,LAL @ TOR,TOR,False,L,113,126,-13,37,87,0.425,7,33,0.212,32,35,10,36,46,16,6,3,15,0.4655,103.6888,115.6175
2022-23,LAL,2022-12-06,LAL @ CLE,CLE,False,L,102,116,-14,38,89,0.427,6,36,0.167,20,24,14,29,43,16,4,6,16,0.4607,101.4723,115.3999
2022-23,LAL,2022-12-04,LAL @ WAS,WAS,False,W,130,119,11,52,96,0.542,10,26,0.385,16,22,9,42,51,34,5,5,15,0.5938,116.9696,107.0722
2022-23,LAL,2022-12-02,LAL @ MIL,MIL,False,W,133,129,4,52,96,0.542,11,26,0.423,18,24,12,32,44,32,6,4,4,0.599,133.561,129.5441
2022-23,LAL,2022-11-30,LAL vs. POR,POR,True,W,128,109,19,48,97,0.495,14,37,0.378,18,26,13,35,48,28,5,6,8,0.567,126.3075,107.5587
2022-23,LAL,2022-11-28,LAL vs. IND,IND,True,L,115,116,-1,40,93,0.43,11,31,0.355,24,31,18,39,57,23,3,7,14,0.4892,108.1437,109.0841
2022-23,LAL,2022-11-26,LAL @ SAS,SAS,False,W,143,138,5,47,81,0.58,17,33,0.515,32,37,3,36,39,25,4,7,17,0.6852,131.1445,126.5591
2022-23,LAL,2022-11-25,LAL @ SAS,SAS,False,W,105,94,11,40,83,0.482,8,27,0.296,17,20,10,39,49,28,12,5,22,0.5301,101.5278,90.8915
2022-23,LAL,2022-11-22,LAL @ PHX,PHX,False,L,105,115,-10,36,85,0.424,4,22,0.182,29,35,7,38,45,19,8,7,17,0.4471,94.7653,103.7906
2022-23,LAL,2022-11-20,LAL vs. SAS,SAS,True,W,123,92,31,45,85,0.529,12,34,0.353,21,24,5,49,54,29,5,2,15,0.6,116.0596,86.8088
2022-23,LAL,2022-11-18,LAL vs. DET,DET,True,W,128,121,7,43,78,0.551,7,20,0.35,35,40,7,37,44,29,2,7,16,0.5962,120.9373,114.3235
2022-23,LAL,2022-11-13,LAL vs. BKN,BKN,True,W,116,103,13,44,91,0.484,11,27,0.407,17,20,12,33,45,25,3,2,9,0.544,118.7065,105.4032
2022-23,LAL,2022-11-11,LAL vs. SAC,SAC,True,L,114,120,-6,42,88,0.477,10,25,0.4,20,26,14,27,41,22,11,5,14,0.5341,113.6137,119.5934
2022-23,LAL,2022-11-09,LAL @ LAC,LAC,False,L,101,114,-13,40,88,0.455,10,32,0.313,11,17,8,35,43,26,7,2,16,0.5114,98.5751,111.2629
2022-23,LAL,2022-11-07,LAL @ UTA,UTA,False,L,116,139,-23,40,82,0.488,9,24,0.375,27,30,7,26,33,15,7,5,16,0.5427,108.472,129.9794
2022-23,LAL,2022-11-06,LAL vs. CLE,CLE,True,L,100,114,-14,40,87,0.46,8,27,0.296,12,21,10,33,43,24,4,4,17,0.5057,96.1169,109.5732
2022-23,LAL,2022-11-04,LAL vs. UTA,UTA,True,L,116,130,-14,40,83,0.482,11,26,0.423,25,28,9,31,40,22,6,6,11,0.5482,117.3376,131.4991
2022-23,LAL,2022-11-02,LAL vs. NOP,NOP,True,W,120,117,3,45,98,0.459,10,36,0.278,20,23,11,45,56,30,6,8,18,0.5102,104.639,102.023
2022-23,LAL,2022-10-30,LAL vs. DEN,DEN,True,W,121,110,11,46,96,0.479,13,30,0.433,16,20,13,38,51,24,5,5,9,0.5469,120.566,109.6054
2022-23,LAL,2022-10-28,LAL @ MIN,MIN,False,L,102,111,-9,37,89,0.416,9,29,0.31,19,27,12,43,55,20,8,5,22,0.4663,94.2524,102.5688
2022-23,LAL,2022-10-26,LAL @ DEN,DEN,False,L,99,110,-11,40,90,0.444,8,30,0.267,11,16,7,40,47,25,8,4,14,0.4889,95.523,106.1366
2022-23,LAL,2022-10-23,LAL vs. POR,POR,True,L,104,106,-2,41,92,0.446,6,33,0.182,16,20,10,30,40,26,9,9,13,0.4783,101.128,103.0727
2022-23,LAL,2022-10-20,LAL vs. LAC,LAC,True,L,97,103,-6,33,94,0.351,9,45,0.2,22,26,8,30,38,23,13,5,10,0.3989,90.6203,96.2257
2022-23,LAL,2022-10-18,LAL @ GSW,GSW,False,L,109,123,-14,40,94,0.426,10,40,0.25,19,25,9,39,48,23,12,4,22,0.4787,93.1146,105.0743
2022-23,MEM,2023-04-09,MEM @ OKC,OKC,False,L,100,115,-15,40,92,0.435,7,37,0.189,13,18,11,32,43,25,8,4,12,0.4728,97.1062,111.6722
2022-23,MEM,2023-04-07,MEM @ MIL,MIL,False,W,137,114,23,53,93,0.57,20,42,0.476,11,15,11,33,44,39,9,6,12,0.6774,133.3723,110.9813
2022-23,MEM,2023-04-05,MEM @ NOP,NOP,False,L,131,138,-7,50,104,0.481,12,36,0.333,19,25,15,34,49,33,10,6,14,0.5385,115.3372,121.5003
2022-23,MEM,2023-04-04,MEM vs. POR,POR,True,W,119,109,10,42,87,0.483,18,48,0.375,17,22,8,41,49,30,5,5,12,0.5862,117.7285,107.8354
2022-23,MEM,2023-04-02,MEM @ CHI,CHI,False,L,107,128,-21,39,84,0.464,19,43,0.442,10,12,8,39,47,29,1,3,18,0.5774,105.9616,126.7578
2022-23,MEM,2023-03-31,MEM vs. LAC,LAC,True,W,108,94,14,43,96,0.448,9,33,0.273,13,17,12,39,51,25,11,7,15,0.4948,102.6616,89.3536
2022-23,MEM,2023-03-29,MEM vs. LAC,LAC,True,L,132,141,-9,49,95,0.516,11,32,0.344,23,28,14,31,45,26,8,4,13,0.5737,125.1422,133.6746
2022-23,MEM,2023-03-28,MEM vs. ORL,ORL,True,W,113,108,5,42,88,0.477,12,34,0.353,17,23,7,42,49,26,11,6,17,0.5455,101.4727,96.9828
2022-23,MEM,2023-03-26,MEM @ ATL,ATL,False,W,123,119,4,48,89,0.539,13,33,0.394,14,19,6,33,39,28,8,7,11,0.6124,118.3831,114.5332
2022-23,MEM,2023-03-24,MEM vs. HOU,HOU,True,W,151,114,37,57,93,0.613,25,42,0.595,12,14,5,30,35,36,12,7,11,0.7473,145.6123,109.9325
2022-23,MEM,2023-03-22,MEM vs. HOU,HOU,True,W,130,125,5,45,87,0.517,12,36,0.333,28,33,12,24,36,27,8,4,11,0.5862,130.2344,125.2254
2022-23,MEM,2023-03-20,MEM vs. DAL,DAL,True,W,112,108,4,41,89,0.461,10,35,0.286,20,26,17,33,50,21,5,3,11,0.5169,117.1303,112.9471
2022-23,MEM,2023-03-18,MEM vs. GSW,GSW,True,W,133,119,14,52,95,0.547,18,38,0.474,11,17,11,28,39,35,5,5,7,0.6421,131.397,117.5657
2022-23,MEM,2023-03-17,MEM @ SAS,SAS,False,W,126,120,6,49,101,0.485,14,38,0.368,14,21,15,37,52,27,13,9,17,0.5545,111.0132,105.7269
2022-23,MEM,2023-03-15,MEM @ MIA,MIA,False,L,119,138,-19,46,91,0.505,18,46,0.391,9,14,12,27,39,29,6,1,16,0.6044,117.4265,136.1753
2022-23,MEM,2023-03-13,MEM @ DAL,DAL,False,W,104,88,16,38,83,0.458,12,37,0.324,16,19,7,40,47,23,9,3,16,0.5301,104.5857,88.4956
2022-23,MEM,2023-03-11,MEM vs. DAL,DAL,True,W,112,108,4,41,86,0.477,10,38,0.263,20,24,11,34,45,25,7,5,11,0.5349,116.2549,112.103
2022-23,MEM,2023-03-09,MEM vs. GSW,GSW,True,W,131,110,21,50,93,0.538,18,40,0.45,13,18,9,33,42,36,6,3,14,0.6344,126.2772,106.0343
2022-23,MEM,2023-03-07,MEM @ LAL,LAL,False,L,103,112,-9,36,93,0.387,9,37,0.243,22,29,6,39,45,18,6,6,7,0.4355,94.7039,102.979
2022-23,MEM,2023-03-05,MEM @ LAC,LAC,False,L,129,135,-6,50,92,0.543,18,34,0.529,11,15,2,24,26,32,13,3,8,0.6413,123.445,129.1866
2022-23,MEM,2023-03-03,MEM @ DEN,DEN,False,L,97,113,-16,31,84,0.369,11,32,0.344,24,31,10,30,40,24,6,6,11,0.4345,98.8384,115.1416
2022-23,MEM,2023-03-01,MEM @ HOU,HOU,False,W,113,99,14,40,83,0.482,17,41,0.415,16,19,8,36,44,27,6,9,8,0.5843,119.983,105.1179
2022-23,MEM,2023-02-28,MEM vs. LAL,LAL,True,W,121,109,12,51,112,0.455,6,31,0.194,13,17,14,33,47,25,13,6,7,0.4821,109.7008,98.8214
2022-23,MEM,2023-02-25,MEM vs. DEN,DEN,True,W,112,94,18,45,95,0.474,15,44,0.341,7,8,11,39,50,25,10,3,12,0.5526,112.7441,94.6245
2022-23,MEM,2023-02-23,MEM @ PHI,PHI,False,L,105,110,-5,34,87,0.391,7,32,0.219,30,36,13,36,49,22,5,7,11,0.431,102.1004,106.9623
2022-23,MEM,2023-02-15,MEM vs. UTA,UTA,True,W,117,111,6,43,107,0.402,14,40,0.35,17,25,17,29,46,24,13,9,4,0.4673,109.6738,104.0495
2022-23,MEM,2023-02-12,MEM @ BOS,BOS,False,L,109,119,-10,42,84,0.5,12,34,0.353,13,21,3,31,34,24,4,5,8,0.5714,112.5568,122.8831
2022-23,MEM,2023-02-10,MEM vs. MIN,MIN,True,W,128,107,21,49,84,0.583,10,25,0.4,20,27,9,35,44,27,12,6,19,0.6429,121.812,101.8272
2022-23,MEM,2023-02-07,MEM vs. CHI,CHI,True,W,104,89,15,39,81,0.481,11,33,0.333,15,21,5,34,39,22,10,7,14,0.5494,100.4249,85.9405
2022-23,MEM,2023-02-05,MEM vs. TOR,TOR,True,L,103,106,-3,38,78,0.487,10,27,0.37,17,23,8,36,44,25,10,9,20,0.5513,99.8062,102.7132
2022-23,MEM,2023-02-02,MEM @ CLE,CLE,False,L,113,128,-15,41,87,0.471,10,23,0.435,21,22,11,33,44,22,8,5,18,0.5287,106.9266,121.1204
2022-23,MEM,2023-02-01,MEM vs. POR,POR,True,L,112,122,-10,41,87,0.471,9,37,0.243,21,28,12,32,44,28,8,7,13,0.523,110.2362,120.0787
2022-23,MEM,2023-01-29,MEM vs. IND,IND,True,W,112,100,12,43,89,0.483,9,37,0.243,17,22,15,26,41,29,10,8,9,0.5337,119.1997,106.4283
2022-23,MEM,2023-01-27,MEM @ MIN,MIN,False,L,100,111,-11,38,93,0.409,8,33,0.242,16,19,15,32,47,22,14,2,21,0.4516,94.8047,105.2332
2022-23,MEM,2023-01-25,MEM @ GSW,GSW,False,L,120,122,-2,42,88,0.477,10,31,0.323,26,37,11,25,36,26,10,3,14,0.5341,112.8881,114.7695
2022-23,MEM,2023-01-23,MEM @ SAC,SAC,False,L,100,133,-33,40,98,0.408,12,36,0.333,8,10,10,21,31,28,14,3,15,0.4694,92.3532,122.8297
2022-23,MEM,2023-01-22,MEM @ PHX,PHX,False,L,110,112,-2,40,92,0.435,11,32,0.344,19,27,15,37,52,28,8,4,20,0.4946,100.5117,102.3392
2022-23,MEM,2023-01-20,MEM @ LAL,LAL,False,L,121,122,-1,43,102,0.422,9,29,0.31,26,40,24,39,63,24,6,7,14,0.4657,109.6809,110.5874
2022-23,MEM,2023-01-18,MEM vs. CLE,CLE,True,W,115,114,1,44,97,0.454,11,34,0.324,16,22,15,27,42,22,10,7,8,0.5103,115.6244,114.6189
2022-23,MEM,2023-01-16,MEM vs. PHX,PHX,True,W,136,106,30,52,98,0.531,16,37,0.432,16,20,13,38,51,29,8,6,11,0.6122,130.6687,101.8447
2022-23,MEM,2023-01-14,MEM @ IND,IND,False,W,130,112,18,48,87,0.552,12,32,0.375,22,28,7,38,45,32,11,8,16,0.6207,114.2154,98.401
2022-23,MEM,2023-01-11,MEM vs. SAS,SAS,True,W,135,129,6,52,101,0.515,14,22,0.636,17,25,17,40,57,19,6,8,14,0.5842,122.1056,116.6787
2022-23,MEM,2023-01-09,MEM vs. SAS,SAS,True,W,121,113,8,45,91,0.495,11,26,0.423,20,35,11,39,50,26,9,7,14,0.5549,112.3283,104.9016
2022-23,MEM,2023-01-08,MEM vs. UTA,UTA,True,W,123,118,5,46,102,0.451,15,38,0.395,16,22,13,26,39,28,16,7,10,0.5245,112.1444,107.5857
2022-23,MEM,2023-01-05,MEM @ ORL,ORL,False,W,123,115,8,48,92,0.522,12,36,0.333,15,23,9,40,49,24,5,3,13,0.587,118.6571,110.9396
2022-23,MEM,2023-01-04,MEM @ CHA,CHA,False,W,131,107,24,47,94,0.5,9,30,0.3,28,37,11,48,59,28,10,8,14,0.5479,119.1776,97.3435
2022-23,MEM,2023-01-01,MEM vs. SAC,SAC,True,W,118,108,10,46,100,0.46,10,32,0.313,16,24,21,36,57,25,11,8,12,0.51,114.4742,104.773
2022-23,MEM,2022-12-31,MEM vs. NOP,NOP,True,W,116,101,15,47,92,0.511,5,29,0.172,17,22,13,39,52,26,14,11,19,0.538,105.6851,92.019
2022-23,MEM,2022-12-29,MEM @ TOR,TOR,False,W,119,106,13,48,95,0.505,13,29,0.448,10,14,17,36,53,37,4,4,16,0.5737,120.3722,107.2223
2022-23,MEM,2022-12-27,MEM vs. PHX,PHX,True,L,108,125,-17,36,91,0.396,8,30,0.267,28,34,15,25,40,18,9,6,15,0.4396,102.3891,118.5059
2022-23,MEM,2022-12-25,MEM @ GSW,GSW,False,L,109,123,-14,39,94,0.415,9,39,0.231,22,30,9,35,44,19,5,6,13,0.4628,100.6278,113.5524
2022-23,MEM,2022-12-23,MEM @ PHX,PHX,False,W,125,100,25,45,91,0.495,7,23,0.304,28,38,19,34,53,30,11,5,12,0.533,123.0557,98.4446
2022-23,MEM,2022-12-20,MEM @ DEN,DEN,False,L,91,105,-14,36,81,0.444,5,26,0.192,14,21,7,35,42,25,11,7,16,0.4753,89.5493,103.3261
2022-23,MEM,2022-12-17,MEM @ OKC,OKC,False,L,109,115,-6,34,90,0.378,12,45,0.267,29,37,10,43,53,15,5,5,10,0.4444,102.3859,108.0218
2022-23,MEM,2022-12-15,MEM vs. MIL,MIL,True,W,142,101,41,56,102,0.549,12,32,0.375,18,23,14,42,56,30,5,7,8,0.6078,135.2381,96.1905
2022-23,MEM,2022-12-12,MEM vs. ATL,ATL,True,W,128,103,25,50,83,0.602,13,32,0.406,15,18,5,44,49,36,8,12,23,0.6807,117.1089,94.236
2022-23,MEM,2022-12-09,MEM vs. DET,DET,True,W,114,103,11,44,91,0.484,9,32,0.281,17,32,12,36,48,30,11,8,14,0.533,106.0662,95.8318
2022-23,MEM,2022-12-07,MEM vs. OKC,OKC,True,W,123,102,21,48,94,0.511,14,38,0.368,13,16,10,40,50,32,13,9,17,0.5851,114.3335,94.8132
2022-23,MEM,2022-12-05,MEM vs. MIA,MIA,True,W,101,93,8,42,90,0.467,8,32,0.25,9,9,4,37,41,23,10,5,12,0.5111,101.6915,93.6367
2022-23,MEM,2022-12-04,MEM @ DET,DET,False,W,122,112,10,43,92,0.467,15,35,0.429,21,29,12,34,46,28,9,5,14,0.5489,115.6617,106.1813
2022-23,MEM,2022-12-02,MEM vs. PHI,PHI,True,W,117,109,8,42,97,0.433,11,30,0.367,22,28,19,38,57,22,8,11,12,0.4897,114.8184,106.9676
2022-23,MEM,2022-11-30,MEM @ MIN,MIN,False,L,101,109,-8,37,87,0.425,9,26,0.346,18,30,20,39,59,17,7,4,27,0.477,95.032,102.5593
2022-23,MEM,2022-11-27,MEM @ NYK,NYK,False,W,127,123,4,46,95,0.484,12,32,0.375,23,31,16,34,50,32,4,2,11,0.5474,127.1017,123.0985
2022-23,MEM,2022-11-25,MEM vs. NOP,NOP,True,W,132,111,21,47,91,0.516,18,38,0.474,20,27,13,33,46,26,4,4,14,0.6154,128.4547,108.0187
2022-23,MEM,2022-11-22,MEM vs. SAC,SAC,True,L,109,113,-4,41,91,0.451,8,30,0.267,19,30,13,36,49,26,12,10,18,0.4945,98.1628,101.7651
2022-23,MEM,2022-11-20,MEM @ BKN,BKN,False,L,115,127,-12,43,99,0.434,12,37,0.324,17,31,13,31,44,28,13,0,10,0.4949,107.8597,119.1146
2022-23,MEM,2022-11-18,MEM vs. OKC,OKC,True,W,121,110,11,39,93,0.419,14,39,0.359,29,40,17,40,57,26,4,7,11,0.4946,116.1006,105.546
2022-23,MEM,2022-11-15,MEM @ NOP,NOP,False,L,102,113,-11,38,92,0.413,9,35,0.257,17,25,14,37,51,16,6,8,11,0.462,102.3685,113.4083
2022-23,MEM,2022-11-13,MEM @ WAS,WAS,False,L,92,102,-10,38,96,0.396,9,28,0.321,7,10,14,37,51,21,7,6,17,0.4427,89.914,99.6873
2022-23,MEM,2022-11-11,MEM vs. MIN,MIN,True,W,114,103,11,44,88,0.5,7,33,0.212,19,27,15,31,46,25,8,3,14,0.5398,116.5883,105.3385
2022-23,MEM,2022-11-09,MEM @ SAS,SAS,False,W,124,122,2,50,98,0.51,14,32,0.438,10,13,18,35,53,24,4,2,20,0.5816,116.5195,114.6401
2022-23,MEM,2022-11-07,MEM vs. BOS,BOS,True,L,106,109,-3,41,91,0.451,15,44,0.341,9,14,8,37,45,27,4,4,11,0.533,104.7017,107.665
2022-23,MEM,2022-11-06,MEM vs. WAS,WAS,True,W,103,97,6,39,91,0.429,9,29,0.31,16,20,12,38,50,20,8,2,11,0.478,106.0762,99.897
2022-23,MEM,2022-11-04,MEM vs. CHA,CHA,True,W,130,99,31,50,98,0.51,16,36,0.444,14,18,18,42,60,34,6,10,19,0.5918,122.3184,93.1502
2022-23,MEM,2022-11-02,MEM @ POR,POR,False,W,111,106,5,38,83,0.458,13,28,0.464,22,27,10,36,46,28,7,5,15,0.5361,108.6531,103.7588
2022-23,MEM,2022-10-31,MEM @ UTA,UTA,False,L,105,121,-16,38,92,0.413,6,26,0.231,23,42,18,34,52,14,8,4,16,0.4457,98.9819,114.0649
2022-23,MEM,2022-10-29,MEM @ UTA,UTA,False,L,123,124,-1,50,88,0.568,12,27,0.444,11,15,10,30,40,24,11,5,20,0.6364,116.9202,117.8707
2022-23,MEM,2022-10-27,MEM @ SAC,SAC,False,W,125,110,15,49,92,0.533,14,33,0.424,13,18,11,32,43,27,5,3,14,0.6087,125.2505,110.2204
2022-23,MEM,2022-10-24,MEM vs. BKN,BKN,True,W,134,124,10,47,94,0.5,16,34,0.471,24,31,12,26,38,21,7,3,9,0.5851,130.6807,120.9284
2022-23,MEM,2022-10-22,MEM @ DAL,DAL,False,L,96,137,-41,34,79,0.43,9,33,0.273,19,24,6,23,29,20,4,8,18,0.4873,92.5747,132.1119
2022-23,MEM,2022-10-21,MEM @ HOU,HOU,False,W,129,122,7,45,98,0.459,19,42,0.452,20,29,17,33,50,26,8,10,12,0.5561,121.1495,114.5755
2022-23,MEM,2022-10-19,MEM vs. NYK,NYK,True,W,115,112,3,42,108,0.389,17,50,0.34,14,23,20,44,64,27,6,7,14,0.4676,103.1205,100.4304
2022-23,MIA,2023-04-09,MIA vs. ORL,ORL,True,W,123,110,13,45,83,0.542,18,44,0.409,15,20,7,37,44,30,10,3,18,0.6506,120.3758,107.6532
2022-23,MIA,2023-04-07,MIA @ WAS,WAS,False,L,108,114,-6,43,98,0.439,15,47,0.319,7,12,14,33,47,26,7,4,16,0.5153,102.5836,108.2827
2022-23,MIA,2023-04-06,MIA @ PHI,PHI,False,W,129,101,28,49,88,0.557,18,39,0.462,13,15,10,32,42,39,3,0,11,0.6591,134.2352,105.0989
2022-23,MIA,2023-04-04,MIA @ DET,DET,False,W,118,105,13,41,80,0.513,13,36,0.361,23,26,5,28,33,26,12,2,8,0.5938,125.9876,112.1076
2022-23,MIA,2023-04-01,MIA vs. DAL,DAL,True,W,129,122,7,45,86,0.523,13,37,0.351,26,29,10,26,36,27,6,0,11,0.5988,131.0976,123.9837
2022-23,MIA,2023-03-29,MIA @ NYK,NYK,False,L,92,101,-9,35,79,0.443,13,39,0.333,9,14,6,29,35,20,5,0,11,0.5253,100.3928,110.2139
2022-23,MIA,2023-03-28,MIA @ TOR,TOR,False,L,92,106,-14,32,80,0.4,10,33,0.303,18,19,12,31,43,18,6,3,16,0.4625,100.3709,115.6448
2022-23,MIA,2023-03-25,MIA vs. BKN,BKN,True,L,100,129,-29,38,80,0.475,12,30,0.4,12,14,8,24,32,22,5,4,14,0.55,109.1941,140.8604
2022-23,MIA,2023-03-22,MIA vs. NYK,NYK,True,W,127,120,7,45,79,0.57,16,28,0.571,21,26,2,27,29,28,9,1,10,0.6709,127.3566,120.3369
2022-23,MIA,2023-03-19,MIA @ DET,DET,False,W,112,100,12,38,79,0.481,13,39,0.333,23,25,8,34,42,33,4,4,10,0.5633,120.7677,107.8283
2022-23,MIA,2023-03-18,MIA @ CHI,CHI,False,L,99,113,-14,35,82,0.427,10,37,0.27,19,24,14,25,39,23,4,2,14,0.4878,107.4919,122.6927
2022-23,MIA,2023-03-15,MIA vs. MEM,MEM,True,W,138,119,19,49,82,0.598,13,29,0.448,27,33,8,33,41,33,8,5,13,0.6768,136.1753,117.4265
2022-23,MIA,2023-03-13,MIA vs. UTA,UTA,True,W,119,115,4,37,79,0.468,14,34,0.412,31,36,9,28,37,20,12,4,13,0.557,119.7424,115.7174
2022-23,MIA,2023-03-11,MIA @ ORL,ORL,False,L,114,126,-12,42,94,0.447,11,37,0.297,19,20,5,30,35,19,8,2,17,0.5053,100.6178,111.2092
2022-23,MIA,2023-03-10,MIA vs. CLE,CLE,True,W,119,115,4,42,82,0.512,14,29,0.483,21,23,11,35,46,22,7,4,16,0.5976,121.8264,117.7314
2022-23,MIA,2023-03-08,MIA vs. CLE,CLE,True,L,100,104,-4,35,70,0.5,8,29,0.276,22,29,10,27,37,22,7,4,24,0.5571,102.501,106.6011
2022-23,MIA,2023-03-06,MIA vs. ATL,ATL,True,W,130,128,2,41,77,0.532,16,29,0.552,32,37,8,24,32,27,6,4,11,0.6364,131.7123,129.6859
2022-23,MIA,2023-03-04,MIA vs. ATL,ATL,True,W,117,109,8,42,83,0.506,13,35,0.371,20,23,12,31,43,31,5,3,20,0.5843,117.3992,109.3719
2022-23,MIA,2023-03-03,MIA vs. NYK,NYK,True,L,120,122,-2,39,81,0.481,12,25,0.48,30,32,11,28,39,23,7,2,12,0.5556,125.9446,128.0437
2022-23,MIA,2023-03-01,MIA vs. PHI,PHI,True,L,96,119,-23,34,78,0.436,7,29,0.241,21,23,5,28,33,18,3,2,13,0.4808,101.6949,126.0593
2022-23,MIA,2023-02-27,MIA @ PHI,PHI,False,W,101,99,2,35,81,0.432,15,37,0.405,16,22,12,25,37,21,10,3,13,0.5247,107.4468,105.3191
2022-23,MIA,2023-02-25,MIA @ CHA,CHA,False,L,103,108,-5,32,80,0.4,11,36,0.306,28,34,7,35,42,24,7,3,18,0.4688,98.17,102.9356
2022-23,MIA,2023-02-24,MIA @ MIL,MIL,False,L,99,128,-29,36,92,0.391,9,40,0.225,18,25,9,36,45,21,5,5,10,0.4402,93.2379,120.55
2022-23,MIA,2023-02-15,MIA @ BKN,BKN,False,L,105,116,-11,38,83,0.458,8,28,0.286,21,29,12,29,41,19,4,3,8,0.506,114.404,126.3892
2022-23,MIA,2023-02-13,MIA vs. DEN,DEN,True,L,108,112,-4,39,89,0.438,12,35,0.343,18,20,9,25,34,25,9,4,9,0.5056,115.2615,119.5304
2022-23,MIA,2023-02-11,MIA @ ORL,ORL,False,W,107,103,4,37,85,0.435,12,39,0.308,21,23,11,35,46,24,7,6,20,0.5059,103.2619,99.4017
2022-23,MIA,2023-02-10,MIA vs. HOU,HOU,True,W,97,95,2,32,77,0.416,12,38,0.316,21,22,6,34,40,21,11,6,17,0.4935,96.8837,94.8861
2022-23,MIA,2023-02-08,MIA vs. IND,IND,True,W,116,111,5,37,79,0.468,6,19,0.316,36,39,15,33,48,21,7,3,13,0.5063,121.7976,116.5477
2022-23,MIA,2023-02-04,MIA @ MIL,MIL,False,L,115,123,-8,45,101,0.446,8,31,0.258,17,21,13,31,44,23,9,2,7,0.4851,111.3478,119.0937
2022-23,MIA,2023-02-02,MIA @ NYK,NYK,False,L,104,106,-2,39,87,0.448,13,36,0.361,13,16,9,24,33,24,8,3,11,0.523,107.2386,109.3009
2022-23,MIA,2023-01-31,MIA @ CLE,CLE,False,W,100,97,3,34,78,0.436,14,31,0.452,18,25,9,36,45,21,7,3,15,0.5256,104.5588,101.422
2022-23,MIA,2023-01-29,MIA @ CHA,CHA,False,L,117,122,-5,45,93,0.484,10,31,0.323,17,23,10,26,36,26,11,0,11,0.5376,114.2578,119.1406
2022-23,MIA,2023-01-27,MIA vs. ORL,ORL,True,W,110,105,5,39,85,0.459,10,33,0.303,22,26,5,32,37,28,9,3,11,0.5176,108.0975,103.184
2022-23,MIA,2023-01-24,MIA vs. BOS,BOS,True,W,98,95,3,34,94,0.362,12,33,0.364,18,23,14,37,51,21,7,2,8,0.4255,100.0,96.9388
2022-23,MIA,2023-01-22,MIA vs. NOP,NOP,True,W,100,96,4,35,80,0.438,8,34,0.235,22,27,12,30,42,17,16,1,22,0.4875,97.6562,93.75
2022-23,MIA,2023-01-20,MIA @ DAL,DAL,False,L,90,115,-25,33,69,0.478,4,20,0.2,20,27,5,34,39,15,3,1,16,0.5072,97.7199,124.8643
2022-23,MIA,2023-01-18,MIA @ NOP,NOP,False,W,124,98,26,50,94,0.532,12,35,0.343,12,16,10,33,43,37,11,2,11,0.5957,124.6482,98.5123
2022-23,MIA,2023-01-16,MIA @ ATL,ATL,False,L,113,121,-8,43,89,0.483,8,31,0.258,19,20,12,29,41,30,10,4,16,0.5281,112.1699,120.1112
2022-23,MIA,2023-01-14,MIA vs. MIL,MIL,True,W,111,95,16,45,87,0.517,11,22,0.5,10,12,13,38,51,17,9,3,11,0.5805,121.6039,104.0754
2022-23,MIA,2023-01-12,MIA vs. MIL,MIL,True,W,108,102,6,42,95,0.442,9,34,0.265,15,16,18,43,61,22,8,1,13,0.4895,111.5472,105.3501
2022-23,MIA,2023-01-10,MIA vs. OKC,OKC,True,W,112,111,1,31,79,0.392,10,33,0.303,40,40,13,28,41,18,10,4,20,0.4557,107.2591,106.3015
2022-23,MIA,2023-01-08,MIA vs. BKN,BKN,True,L,101,102,-1,38,92,0.413,13,35,0.371,12,17,16,25,41,22,8,4,12,0.4837,105.7149,106.7616
2022-23,MIA,2023-01-06,MIA @ PHX,PHX,False,W,104,96,8,33,78,0.423,12,38,0.316,26,31,5,32,37,19,10,3,13,0.5,104.712,96.6573
2022-23,MIA,2023-01-04,MIA @ LAL,LAL,False,L,109,112,-3,43,95,0.453,8,29,0.276,15,21,14,29,43,24,9,4,13,0.4947,106.1137,109.0343
2022-23,MIA,2023-01-02,MIA @ LAC,LAC,False,W,110,100,10,39,85,0.459,12,36,0.333,20,24,12,36,48,22,7,2,11,0.5294,116.6985,106.0895
2022-23,MIA,2022-12-31,MIA @ UTA,UTA,False,W,126,123,3,45,89,0.506,13,39,0.333,23,30,10,27,37,32,10,1,12,0.5787,123.1912,120.2581
2022-23,MIA,2022-12-30,MIA @ DEN,DEN,False,L,119,124,-5,39,87,0.448,14,35,0.4,27,30,11,25,36,21,13,4,15,0.5287,116.1656,121.0465
2022-23,MIA,2022-12-28,MIA vs. LAL,LAL,True,W,112,98,14,44,92,0.478,11,35,0.314,13,16,10,27,37,20,14,4,6,0.538,113.9138,99.6745
2022-23,MIA,2022-12-26,MIA vs. MIN,MIN,True,W,113,110,3,47,102,0.461,13,49,0.265,6,8,13,27,40,27,9,3,10,0.5245,112.0587,109.0837
2022-23,MIA,2022-12-23,MIA vs. IND,IND,True,L,108,111,-3,41,95,0.432,13,33,0.394,13,14,13,25,38,23,7,3,10,0.5,111.1569,114.2445
2022-23,MIA,2022-12-20,MIA vs. CHI,CHI,True,L,103,113,-10,38,81,0.469,15,44,0.341,12,17,9,26,35,26,9,0,13,0.5617,109.5512,120.1872
2022-23,MIA,2022-12-17,MIA @ SAS,SAS,False,W,111,101,10,42,82,0.512,11,30,0.367,16,23,8,32,40,25,14,3,14,0.5793,111.2002,101.1821
2022-23,MIA,2022-12-15,MIA @ HOU,HOU,False,W,111,108,3,39,88,0.443,16,47,0.34,17,23,14,26,40,21,10,6,14,0.5341,112.9196,109.8678
2022-23,MIA,2022-12-14,MIA @ OKC,OKC,False,W,110,108,2,37,86,0.43,24,56,0.429,12,15,7,32,39,25,9,1,14,0.5698,110.7085,108.6957
2022-23,MIA,2022-12-12,MIA @ IND,IND,False,W,87,82,5,32,83,0.386,9,34,0.265,14,18,9,39,48,23,7,2,14,0.4398,89.8204,84.6583
2022-23,MIA,2022-12-10,MIA vs. SAS,SAS,True,L,111,115,-4,39,81,0.481,13,34,0.382,20,28,5,27,32,26,5,3,10,0.5617,111.5802,115.6011
2022-23,MIA,2022-12-08,MIA vs. LAC,LAC,True,W,115,110,5,46,90,0.511,12,32,0.375,11,14,7,36,43,24,11,1,8,0.5778,117.7073,112.5896
2022-23,MIA,2022-12-06,MIA vs. DET,DET,True,L,96,116,-20,33,77,0.429,10,32,0.313,20,26,7,33,40,21,7,2,15,0.4935,98.9487,119.563
2022-23,MIA,2022-12-05,MIA @ MEM,MEM,False,L,93,101,-8,31,79,0.392,14,40,0.35,17,22,9,36,45,23,7,3,17,0.481,93.6367,101.6915
2022-23,MIA,2022-12-02,MIA @ BOS,BOS,False,W,120,116,4,48,101,0.475,11,35,0.314,13,18,12,38,50,19,11,3,17,0.5297,106.082,102.546
2022-23,MIA,2022-11-30,MIA @ BOS,BOS,False,L,121,134,-13,47,90,0.522,18,40,0.45,9,9,9,23,32,25,8,3,15,0.6222,120.9516,133.9464
2022-23,MIA,2022-11-27,MIA @ ATL,ATL,False,W,106,98,8,40,82,0.488,9,33,0.273,17,19,6,40,46,28,8,5,14,0.5427,106.6828,98.6312
2022-23,MIA,2022-11-25,MIA vs. WAS,WAS,True,W,110,107,3,42,89,0.472,7,26,0.269,19,23,10,37,47,24,5,5,13,0.5112,108.4171,105.4603
2022-23,MIA,2022-11-23,MIA vs. WAS,WAS,True,W,113,105,8,39,93,0.419,16,41,0.39,19,22,14,39,53,20,7,5,13,0.5054,109.6874,101.922
2022-23,MIA,2022-11-21,MIA @ MIN,MIN,False,L,101,105,-4,35,90,0.389,11,38,0.289,20,30,12,34,46,26,9,5,15,0.45,95.283,99.0566
2022-23,MIA,2022-11-20,MIA @ CLE,CLE,False,L,87,113,-26,31,80,0.388,6,31,0.194,19,22,11,19,30,17,6,3,16,0.425,90.7574,117.8802
2022-23,MIA,2022-11-18,MIA @ WAS,WAS,False,L,106,107,-1,35,98,0.357,11,43,0.256,25,32,10,43,53,23,6,4,10,0.4133,95.3924,96.2923
2022-23,MIA,2022-11-16,MIA @ TOR,TOR,False,L,104,112,-8,36,66,0.545,13,35,0.371,19,22,4,19,23,19,5,4,23,0.6439,110.4268,118.9212
2022-23,MIA,2022-11-14,MIA vs. PHX,PHX,True,W,113,112,1,38,83,0.458,15,33,0.455,22,25,17,25,42,23,6,4,15,0.5482,121.0109,119.94
2022-23,MIA,2022-11-12,MIA vs. CHA,CHA,True,W,132,115,17,49,93,0.527,16,41,0.39,18,21,9,37,46,32,7,5,12,0.6129,125.5469,109.378
2022-23,MIA,2022-11-10,MIA vs. CHA,CHA,True,W,117,112,5,39,90,0.433,10,36,0.278,29,36,8,30,38,21,9,1,11,0.4889,107.0252,102.4515
2022-23,MIA,2022-11-07,MIA vs. POR,POR,True,L,107,110,-3,40,84,0.476,14,39,0.359,13,15,5,27,32,28,11,2,12,0.5595,110.4003,113.4957
2022-23,MIA,2022-11-04,MIA @ IND,IND,False,L,99,101,-2,31,81,0.383,11,39,0.282,26,26,8,34,42,17,10,2,19,0.4506,95.3941,97.3213
2022-23,MIA,2022-11-02,MIA vs. SAC,SAC,True,W,110,107,3,44,89,0.494,11,34,0.324,11,13,9,37,46,27,5,5,11,0.5562,111.7432,108.6957
2022-23,MIA,2022-11-01,MIA vs. GSW,GSW,True,W,116,109,7,40,88,0.455,16,42,0.381,20,20,9,30,39,32,7,3,15,0.5455,113.5696,106.7163
2022-23,MIA,2022-10-29,MIA @ SAC,SAC,False,L,113,119,-6,38,89,0.427,11,28,0.393,26,31,9,25,34,18,7,3,9,0.4888,109.4961,115.3101
2022-23,MIA,2022-10-27,MIA @ GSW,GSW,False,L,110,123,-13,39,88,0.443,14,43,0.326,18,22,8,23,31,25,16,5,12,0.5227,107.1707,119.8363
2022-23,MIA,2022-10-26,MIA @ POR,POR,False,W,119,98,21,44,87,0.506,15,38,0.395,16,19,15,31,46,34,13,2,18,0.592,121.5526,100.1021
2022-23,MIA,2022-10-24,MIA vs. TOR,TOR,True,L,90,98,-8,29,83,0.349,8,34,0.235,24,27,8,38,46,19,5,3,12,0.3976,91.9869,100.1635
2022-23,MIA,2022-10-22,MIA vs. TOR,TOR,True,W,112,109,3,38,76,0.5,11,30,0.367,25,27,6,38,44,28,2,2,16,0.5724,114.7541,111.6803
2022-23,MIA,2022-10-21,MIA vs. BOS,BOS,True,L,104,111,-7,42,92,0.457,8,26,0.308,12,15,11,25,36,23,8,3,10,0.5,108.7866,116.1088
2022-23,MIA,2022-10-19,MIA vs. CHI,CHI,True,L,108,116,-8,37,80,0.463,12,28,0.429,22,28,8,38,46,21,6,2,19,0.5375,102.0601,109.6201
2022-23,MIL,2023-04-09,MIL @ TOR,TOR,False,L,105,121,-16,38,82,0.463,12,34,0.353,17,21,7,31,38,28,5,2,14,0.5366,103.8165,119.6361
2022-23,MIL,2023-04-07,MIL vs. MEM,MEM,True,L,114,137,-23,42,92,0.457,21,49,0.429,9,11,11,27,38,30,5,3,19,0.5707,110.9813,133.3723
2022-23,MIL,2023-04-05,MIL vs. CHI,CHI,True,W,105,92,13,39,92,0.424,18,46,0.391,9,11,13,40,53,26,7,3,13,0.5217,107.8693,94.5141
2022-23,MIL,2023-04-04,MIL @ WAS,WAS,False,W,140,128,12,50,92,0.543,23,42,0.548,17,29,12,44,56,33,6,7,18,0.6685,127.8539,116.895
2022-23,MIL,2023-04-02,MIL vs. PHI,PHI,True,W,117,104,13,46,80,0.575,10,28,0.357,15,21,7,35,42,28,8,5,12,0.6375,125.1605,111.2537
2022-23,MIL,2023-03-30,MIL vs. BOS,BOS,True,L,99,140,-41,38,101,0.376,14,43,0.326,9,13,15,30,45,22,4,1,13,0.4455,95.8745,135.5801
2022-23,MIL,2023-03-29,MIL @ IND,IND,False,W,149,136,13,58,93,0.624,10,25,0.4,23,30,14,38,52,28,5,5,19,0.6774,135.5285,123.7038
2022-23,MIL,2023-03-27,MIL @ DET,DET,False,W,126,117,9,45,95,0.474,14,45,0.311,22,26,15,35,50,28,5,4,9,0.5474,123.3601,114.5487
2022-23,MIL,2023-03-25,MIL @ DEN,DEN,False,L,106,129,-23,39,88,0.443,9,36,0.25,19,21,4,36,40,26,7,2,10,0.4943,101.1643,123.1151
2022-23,MIL,2023-03-24,MIL @ UTA,UTA,False,W,144,116,28,55,99,0.556,22,50,0.44,12,16,9,41,50,42,6,11,13,0.6667,130.9091,105.4545
2022-23,MIL,2023-03-22,MIL vs. SAS,SAS,True,W,130,94,36,51,98,0.52,15,43,0.349,13,24,10,44,54,24,10,4,15,0.5969,114.8613,83.0535
2022-23,MIL,2023-03-19,MIL vs. TOR,TOR,True,W,118,111,7,43,82,0.524,16,45,0.356,16,21,7,38,45,35,3,8,12,0.622,118.8797,111.8275
2022-23,MIL,2023-03-16,MIL vs. IND,IND,True,L,123,139,-16,47,89,0.528,11,32,0.344,18,26,9,35,44,26,5,4,12,0.5899,117.6808,132.9889
2022-23,MIL,2023-03-14,MIL @ PHX,PHX,False,W,116,104,12,40,85,0.471,12,39,0.308,24,37,13,33,46,24,8,6,13,0.5412,112.4467,100.8143
2022-23,MIL,2023-03-13,MIL @ SAC,SAC,False,W,133,124,9,50,86,0.581,15,33,0.455,18,22,5,38,43,29,2,4,13,0.6686,127.7127,119.0705
2022-23,MIL,2023-03-11,MIL @ GSW,GSW,False,L,116,125,-9,43,100,0.43,21,51,0.412,9,11,7,41,48,28,9,7,17,0.535,101.4518,109.3231
2022-23,MIL,2023-03-09,MIL vs. BKN,BKN,True,W,118,113,5,44,104,0.423,19,50,0.38,11,14,20,41,61,33,8,12,16,0.5144,108.9365,104.3205
2022-23,MIL,2023-03-07,MIL @ ORL,ORL,False,W,134,123,11,46,78,0.59,10,28,0.357,32,34,3,35,38,28,5,5,17,0.6538,122.7556,112.6786
2022-23,MIL,2023-03-05,MIL @ WAS,WAS,False,W,117,111,6,39,83,0.47,22,49,0.449,17,22,7,38,45,30,5,6,12,0.6024,117.0234,111.0222
2022-23,MIL,2023-03-04,MIL vs. PHI,PHI,True,L,130,133,-3,44,83,0.53,17,34,0.5,25,28,11,32,43,30,3,3,13,0.6325,133.6074,136.6906
2022-23,MIL,2023-03-01,MIL vs. ORL,ORL,True,W,139,117,22,49,94,0.521,26,56,0.464,15,19,8,38,46,29,4,1,8,0.6596,132.3053,111.3649
2022-23,MIL,2023-02-28,MIL @ BKN,BKN,False,W,118,104,14,50,102,0.49,14,37,0.378,4,12,11,44,55,32,10,3,17,0.5588,106.1724,93.5757
2022-23,MIL,2023-02-26,MIL vs. PHX,PHX,True,W,104,101,3,38,87,0.437,13,45,0.289,15,21,11,34,45,15,4,7,12,0.5115,106.7104,103.6323
2022-23,MIL,2023-02-24,MIL vs. MIA,MIA,True,W,128,99,29,47,98,0.48,19,46,0.413,15,19,10,47,57,27,6,1,12,0.5765,120.55,93.2379
2022-23,MIL,2023-02-16,MIL @ CHI,CHI,False,W,112,100,12,40,88,0.455,18,47,0.383,14,18,9,43,52,24,4,7,9,0.5568,115.966,103.5411
2022-23,MIL,2023-02-14,MIL vs. BOS,BOS,True,W,131,125,6,43,90,0.478,18,42,0.429,27,35,10,42,52,29,6,3,19,0.5778,115.3169,110.0352
2022-23,MIL,2023-02-10,MIL @ LAC,LAC,False,W,119,106,13,45,90,0.5,17,39,0.436,12,16,9,40,49,28,8,4,11,0.5944,120.6897,107.5051
2022-23,MIL,2023-02-09,MIL @ LAL,LAL,False,W,115,106,9,45,99,0.455,12,47,0.255,13,18,16,35,51,24,5,7,11,0.5152,114.3368,105.3887
2022-23,MIL,2023-02-06,MIL @ POR,POR,False,W,127,108,19,47,87,0.54,16,42,0.381,17,21,7,48,55,27,4,2,16,0.6322,117.0507,99.5392
2022-23,MIL,2023-02-04,MIL vs. MIA,MIA,True,W,123,115,8,46,88,0.523,14,40,0.35,17,28,10,41,51,23,6,4,12,0.6023,119.0937,111.3478
2022-23,MIL,2023-02-02,MIL vs. LAC,LAC,True,W,106,105,1,39,90,0.433,9,37,0.243,19,27,8,45,53,16,2,0,10,0.4833,103.0727,102.1004
2022-23,MIL,2023-01-31,MIL vs. CHA,CHA,True,W,124,115,9,43,105,0.41,15,44,0.341,23,27,16,50,66,18,7,8,12,0.481,108.6195,100.7358
2022-23,MIL,2023-01-29,MIL vs. NOP,NOP,True,W,135,110,25,53,96,0.552,17,43,0.395,12,20,12,45,57,27,7,4,12,0.6406,127.9378,104.2456
2022-23,MIL,2023-01-27,MIL @ IND,IND,False,W,141,131,10,52,98,0.531,18,43,0.419,19,31,14,36,50,32,11,3,16,0.6224,126.4801,117.5099
2022-23,MIL,2023-01-25,MIL vs. DEN,DEN,True,W,107,99,8,37,78,0.474,13,30,0.433,20,28,7,42,49,16,11,7,23,0.5577,99.8321,92.368
2022-23,MIL,2023-01-23,MIL @ DET,DET,False,W,150,130,20,55,98,0.561,23,52,0.442,17,24,13,37,50,38,11,6,19,0.6786,131.4867,113.9551
2022-23,MIL,2023-01-21,MIL @ CLE,CLE,False,L,102,114,-12,39,86,0.453,14,39,0.359,10,11,7,29,36,24,3,6,16,0.5349,105.5245,117.9392
2022-23,MIL,2023-01-17,MIL vs. TOR,TOR,True,W,130,122,8,46,86,0.535,19,39,0.487,19,21,6,36,42,24,5,5,12,0.6453,128.0032,120.126
2022-23,MIL,2023-01-16,MIL vs. IND,IND,True,W,132,119,13,48,91,0.527,23,46,0.5,13,15,9,32,41,32,9,1,14,0.6538,128.655,115.9844
2022-23,MIL,2023-01-14,MIL @ MIA,MIA,False,L,95,111,-16,34,84,0.405,19,48,0.396,8,12,7,25,32,26,7,2,10,0.5179,104.0754,121.6039
2022-23,MIL,2023-01-12,MIL @ MIA,MIA,False,L,102,108,-6,35,87,0.402,22,57,0.386,10,15,8,31,39,20,10,2,11,0.5287,105.3501,111.5472
2022-23,MIL,2023-01-11,MIL @ ATL,ATL,False,W,114,105,9,45,98,0.459,18,48,0.375,6,11,14,43,57,28,6,4,11,0.551,114.137,105.1262
2022-23,MIL,2023-01-09,MIL @ NYK,NYK,False,W,111,107,4,39,89,0.438,19,49,0.388,14,18,12,36,48,27,3,5,14,0.5449,112.3482,108.2996
2022-23,MIL,2023-01-06,MIL vs. CHA,CHA,True,L,109,138,-29,37,84,0.44,20,48,0.417,15,24,12,33,45,22,5,4,17,0.5595,107.9635,136.6878
2022-23,MIL,2023-01-04,MIL @ TOR,TOR,False,W,104,101,3,35,88,0.398,13,39,0.333,21,30,13,60,73,26,4,4,28,0.4716,88.1356,85.5932
2022-23,MIL,2023-01-03,MIL vs. WAS,WAS,True,W,123,113,10,48,100,0.48,11,40,0.275,16,17,15,34,49,27,8,6,12,0.535,118.4971,108.8632
2022-23,MIL,2023-01-01,MIL vs. WAS,WAS,True,L,95,118,-23,34,96,0.354,13,49,0.265,14,15,14,30,44,22,11,3,16,0.4219,89.7751,111.5101
2022-23,MIL,2022-12-30,MIL vs. MIN,MIN,True,W,123,114,9,43,93,0.462,14,39,0.359,23,33,20,48,68,25,5,8,21,0.5376,113.6364,105.3215
2022-23,MIL,2022-12-28,MIL @ CHI,CHI,False,L,113,119,-6,41,110,0.373,9,44,0.205,22,32,22,39,61,18,7,6,14,0.4136,99.0012,104.2579
2022-23,MIL,2022-12-25,MIL @ BOS,BOS,False,L,118,139,-21,42,84,0.5,13,36,0.361,21,27,8,31,39,22,8,1,15,0.5774,114.6299,135.0301
2022-23,MIL,2022-12-23,MIL @ BKN,BKN,False,L,100,118,-18,37,84,0.44,9,37,0.243,17,22,13,32,45,17,7,1,18,0.494,101.3171,119.5542
2022-23,MIL,2022-12-21,MIL @ CLE,CLE,False,L,106,114,-8,39,83,0.47,13,30,0.433,15,22,13,33,46,20,7,5,21,0.5482,106.5327,114.5729
2022-23,MIL,2022-12-19,MIL @ NOP,NOP,False,W,128,119,9,45,81,0.556,13,40,0.325,25,31,8,36,44,26,8,6,18,0.6358,120.6409,112.1583
2022-23,MIL,2022-12-17,MIL vs. UTA,UTA,True,W,123,97,26,48,90,0.533,18,38,0.474,9,11,15,39,54,30,5,3,15,0.6333,129.1474,101.848
2022-23,MIL,2022-12-15,MIL @ MEM,MEM,False,L,101,142,-41,35,94,0.372,13,50,0.26,18,27,11,28,39,22,5,1,9,0.4415,96.1905,135.2381
2022-23,MIL,2022-12-13,MIL vs. GSW,GSW,True,W,128,111,17,45,82,0.549,12,29,0.414,26,32,12,43,55,22,8,5,23,0.622,118.2776,102.5688
2022-23,MIL,2022-12-11,MIL @ HOU,HOU,False,L,92,97,-5,33,90,0.367,12,43,0.279,14,18,13,39,52,18,5,6,16,0.4333,92.3695,97.3896
2022-23,MIL,2022-12-09,MIL @ DAL,DAL,False,W,106,105,1,38,87,0.437,11,32,0.344,19,23,13,38,51,27,5,4,17,0.5,106.7042,105.6976
2022-23,MIL,2022-12-07,MIL vs. SAC,SAC,True,W,126,113,13,46,96,0.479,14,33,0.424,20,24,17,33,50,34,3,2,7,0.5521,129.4964,116.1357
2022-23,MIL,2022-12-05,MIL @ ORL,ORL,False,W,109,102,7,38,85,0.447,13,40,0.325,20,26,7,38,45,31,9,4,17,0.5235,103.2197,96.5909
2022-23,MIL,2022-12-03,MIL @ CHA,CHA,False,W,105,96,9,39,83,0.47,12,32,0.375,15,19,8,39,47,24,5,8,22,0.5422,100.5747,91.954
2022-23,MIL,2022-12-02,MIL vs. LAL,LAL,True,L,129,133,-4,50,94,0.532,17,43,0.395,12,15,10,32,42,29,2,5,10,0.6223,129.5441,133.561
2022-23,MIL,2022-11-30,MIL @ NYK,NYK,False,W,109,103,6,39,90,0.433,10,35,0.286,21,26,14,38,52,23,3,6,6,0.4889,113.9929,107.7181
2022-23,MIL,2022-11-27,MIL vs. DAL,DAL,True,W,124,115,9,48,86,0.558,17,37,0.459,11,15,8,32,40,28,8,5,14,0.657,126.1445,116.9888
2022-23,MIL,2022-11-25,MIL vs. CLE,CLE,True,W,117,102,15,42,83,0.506,15,32,0.469,18,25,8,35,43,27,4,9,13,0.5964,119.1203,103.8485
2022-23,MIL,2022-11-23,MIL vs. CHI,CHI,True,L,113,118,-5,41,90,0.456,12,38,0.316,19,25,11,37,48,24,5,3,20,0.5222,106.1432,110.8398
2022-23,MIL,2022-11-21,MIL vs. POR,POR,True,W,119,111,8,47,86,0.547,9,28,0.321,16,25,10,32,42,31,12,8,14,0.5988,115.3324,107.579
2022-23,MIL,2022-11-18,MIL @ PHI,PHI,False,L,102,110,-8,41,90,0.456,12,36,0.333,8,21,8,34,42,22,8,7,13,0.5222,99.1832,106.9623
2022-23,MIL,2022-11-16,MIL vs. CLE,CLE,True,W,113,98,15,41,86,0.477,16,39,0.41,15,27,13,39,52,26,5,6,14,0.5698,117.488,101.8923
2022-23,MIL,2022-11-14,MIL vs. ATL,ATL,True,L,106,121,-15,34,82,0.415,6,29,0.207,32,41,11,35,46,21,4,3,17,0.4512,102.2969,116.7728
2022-23,MIL,2022-11-11,MIL @ SAS,SAS,False,L,93,111,-18,32,98,0.327,12,43,0.279,17,23,21,27,48,22,7,5,17,0.3878,90.4142,107.9137
2022-23,MIL,2022-11-09,MIL @ OKC,OKC,False,W,136,132,4,50,106,0.472,17,36,0.472,19,22,11,44,55,27,8,7,17,0.5519,114.2665,110.9057
2022-23,MIL,2022-11-07,MIL @ ATL,ATL,False,L,98,117,-19,36,87,0.414,13,40,0.325,13,16,6,35,41,21,5,9,19,0.4885,91.7947,109.5916
2022-23,MIL,2022-11-05,MIL vs. OKC,OKC,True,W,108,94,14,38,90,0.422,17,47,0.362,15,17,18,37,55,23,7,6,19,0.5167,109.9125,95.6646
2022-23,MIL,2022-11-04,MIL @ MIN,MIN,False,W,115,102,13,41,85,0.482,17,38,0.447,16,28,7,44,51,29,7,2,13,0.5824,110.1533,97.7011
2022-23,MIL,2022-11-02,MIL vs. DET,DET,True,W,116,91,25,43,92,0.467,10,38,0.263,20,24,15,37,52,24,17,5,16,0.5217,111.4527,87.4327
2022-23,MIL,2022-10-31,MIL vs. DET,DET,True,W,110,108,2,38,87,0.437,11,40,0.275,23,29,14,36,50,20,5,5,16,0.5,108.9109,106.9307
2022-23,MIL,2022-10-29,MIL vs. ATL,ATL,True,W,123,115,8,45,92,0.489,14,36,0.389,19,29,14,35,49,24,8,5,12,0.5652,120.3758,112.5465
2022-23,MIL,2022-10-28,MIL vs. NYK,NYK,True,W,119,108,11,42,109,0.385,13,45,0.289,22,27,19,41,60,23,8,8,7,0.445,110.2056,100.0185
2022-23,MIL,2022-10-26,MIL vs. BKN,BKN,True,W,110,99,11,39,88,0.443,10,36,0.278,22,29,14,40,54,21,8,12,19,0.5,103.7932,93.4139
2022-23,MIL,2022-10-22,MIL vs. HOU,HOU,True,W,125,105,20,48,85,0.565,16,31,0.516,13,21,8,39,47,29,6,10,16,0.6588,122.5971,102.9816
2022-23,MIL,2022-10-20,MIL @ PHI,PHI,False,W,90,88,2,34,84,0.405,13,42,0.31,9,14,7,41,48,24,4,6,14,0.4821,94.7967,92.6901
2022-23,MIN,2023-04-09,MIN vs. NOP,NOP,True,W,113,108,5,39,82,0.476,13,36,0.361,22,31,8,34,42,25,7,8,17,0.5549,106.9063,102.176
2022-23,MIN,2023-04-08,MIN @ SAS,SAS,False,W,151,131,20,56,101,0.554,24,43,0.558,15,21,11,34,45,42,8,8,7,0.6733,140.5959,121.9739
2022-23,MIN,2023-04-04,MIN @ BKN,BKN,False,W,107,102,5,41,85,0.482,8,24,0.333,17,22,7,37,44,21,7,6,12,0.5294,107.6242,102.5951
2022-23,MIN,2023-04-02,MIN vs. POR,POR,True,L,105,107,-2,38,79,0.481,11,26,0.423,18,23,7,40,47,29,3,5,18,0.5506,104.5192,106.5101
2022-23,MIN,2023-03-31,MIN vs. LAL,LAL,True,L,111,123,-12,41,95,0.432,13,39,0.333,16,19,12,27,39,25,10,4,16,0.5,104.9348,116.2791
2022-23,MIN,2023-03-29,MIN @ PHX,PHX,False,L,100,107,-7,40,90,0.444,12,35,0.343,8,12,16,38,54,24,4,4,21,0.5111,99.4233,106.383
2022-23,MIN,2023-03-27,MIN @ SAC,SAC,False,W,119,115,4,44,86,0.512,9,24,0.375,22,34,11,29,40,33,6,3,6,0.564,121.7018,117.611
2022-23,MIN,2023-03-26,MIN @ GSW,GSW,False,W,99,96,3,34,80,0.425,17,40,0.425,14,25,9,40,49,25,10,2,17,0.5312,99.7582,96.7352
2022-23,MIN,2023-03-22,MIN vs. ATL,ATL,True,W,125,124,1,45,92,0.489,11,26,0.423,24,29,11,31,42,27,7,3,11,0.5489,119.7547,118.7967
2022-23,MIN,2023-03-20,MIN @ NYK,NYK,False,W,140,134,6,51,83,0.614,14,24,0.583,24,32,7,27,34,34,9,4,15,0.6988,131.8267,126.177
2022-23,MIN,2023-03-18,MIN @ TOR,TOR,False,L,107,122,-15,39,85,0.459,5,23,0.217,24,28,9,33,42,27,5,2,15,0.4882,102.6084,116.9927
2022-23,MIN,2023-03-17,MIN @ CHI,CHI,False,L,131,139,-8,46,100,0.46,18,42,0.429,21,31,14,36,50,33,6,8,16,0.55,114.4905,121.4823
2022-23,MIN,2023-03-15,MIN vs. BOS,BOS,True,L,102,104,-2,37,84,0.44,12,36,0.333,16,22,8,38,46,27,3,2,13,0.5119,102.5744,104.5857
2022-23,MIN,2023-03-13,MIN @ ATL,ATL,False,W,136,115,21,54,92,0.587,12,28,0.429,16,23,5,32,37,39,12,10,13,0.6522,125.092,105.7763
2022-23,MIN,2023-03-10,MIN vs. BKN,BKN,True,L,123,124,-1,48,98,0.49,9,30,0.3,18,29,12,35,47,29,10,6,14,0.5357,111.1714,112.0752
2022-23,MIN,2023-03-07,MIN vs. PHI,PHI,True,L,94,117,-23,34,86,0.395,11,36,0.306,15,21,6,28,34,19,9,7,11,0.4593,94.3018,117.3756
2022-23,MIN,2023-03-04,MIN @ SAC,SAC,False,W,138,134,4,48,80,0.6,20,39,0.513,22,31,6,34,40,31,4,6,12,0.725,140.2154,136.1512
2022-23,MIN,2023-03-03,MIN @ LAL,LAL,False,W,110,102,8,42,89,0.472,14,34,0.412,12,16,10,36,46,29,10,6,14,0.5506,109.127,101.1905
2022-23,MIN,2023-02-28,MIN @ LAC,LAC,False,W,108,101,7,43,90,0.478,9,26,0.346,13,22,10,36,46,22,14,8,19,0.5278,99.1736,92.7456
2022-23,MIN,2023-02-26,MIN @ GSW,GSW,False,L,104,109,-5,38,90,0.422,17,45,0.378,11,21,10,33,43,26,11,8,16,0.5167,100.0385,104.848
2022-23,MIN,2023-02-24,MIN vs. CHA,CHA,True,L,113,121,-8,46,93,0.495,11,33,0.333,10,16,7,38,45,25,6,11,16,0.5538,105.9243,113.4233
2022-23,MIN,2023-02-16,MIN vs. WAS,WAS,True,L,106,114,-8,39,95,0.411,8,29,0.276,20,22,16,37,53,21,8,5,18,0.4526,99.9246,107.4661
2022-23,MIN,2023-02-13,MIN @ DAL,DAL,False,W,124,121,3,48,83,0.578,9,29,0.31,19,26,10,29,39,28,8,2,12,0.6325,127.0492,123.9754
2022-23,MIN,2023-02-10,MIN @ MEM,MEM,False,L,107,128,-21,41,88,0.466,15,37,0.405,10,12,7,28,35,25,7,4,18,0.5511,101.8272,121.812
2022-23,MIN,2023-02-08,MIN @ UTA,UTA,False,W,143,118,25,56,98,0.571,23,43,0.535,8,8,8,39,47,35,6,6,11,0.6888,138.9969,114.6967
2022-23,MIN,2023-02-07,MIN @ DEN,DEN,False,L,112,146,-34,40,85,0.471,10,35,0.286,22,26,8,28,36,24,6,7,17,0.5294,105.1051,137.012
2022-23,MIN,2023-02-05,MIN vs. DEN,DEN,True,W,128,98,30,48,87,0.552,10,27,0.37,22,30,5,29,34,33,7,3,11,0.6092,121.9977,93.4045
2022-23,MIN,2023-02-03,MIN vs. ORL,ORL,True,L,120,127,-7,40,87,0.46,16,44,0.364,24,28,12,29,41,21,7,7,20,0.5517,112.6549,119.2264
2022-23,MIN,2023-02-01,MIN vs. GSW,GSW,True,W,119,114,5,46,106,0.434,14,50,0.28,13,24,10,43,53,26,5,7,11,0.5,102.7989,98.4796
2022-23,MIN,2023-01-30,MIN vs. SAC,SAC,True,L,111,118,-7,43,92,0.467,12,39,0.308,13,25,8,41,49,26,7,3,18,0.5326,99.2489,105.5079
2022-23,MIN,2023-01-28,MIN vs. SAC,SAC,True,W,117,110,7,42,80,0.525,17,37,0.459,16,21,9,35,44,25,5,2,20,0.6312,118.7335,111.6298
2022-23,MIN,2023-01-27,MIN vs. MEM,MEM,True,W,111,100,11,44,86,0.512,13,35,0.371,10,15,9,36,45,31,12,6,20,0.5872,105.2332,94.8047
2022-23,MIN,2023-01-25,MIN @ NOP,NOP,False,W,111,102,9,40,82,0.488,11,29,0.379,20,28,4,32,36,23,8,5,9,0.5549,110.6901,101.7152
2022-23,MIN,2023-01-23,MIN @ HOU,HOU,False,L,114,119,-5,41,91,0.451,16,42,0.381,16,22,12,29,41,19,8,7,19,0.5385,103.6929,108.2409
2022-23,MIN,2023-01-21,MIN vs. HOU,HOU,True,W,113,104,9,38,83,0.458,17,41,0.415,20,24,3,27,30,20,12,9,12,0.5602,110.7409,101.9208
2022-23,MIN,2023-01-19,MIN vs. TOR,TOR,True,W,128,126,2,45,89,0.506,17,40,0.425,21,23,8,29,37,31,12,5,15,0.6011,120.1878,118.3099
2022-23,MIN,2023-01-18,MIN @ DEN,DEN,False,L,118,122,-4,42,81,0.519,12,32,0.375,22,28,12,24,36,26,6,10,19,0.5926,113.7898,117.6471
2022-23,MIN,2023-01-16,MIN vs. UTA,UTA,True,L,125,126,-1,46,101,0.455,18,41,0.439,15,18,16,25,41,28,9,6,6,0.5446,125.4768,126.4806
2022-23,MIN,2023-01-14,MIN vs. CLE,CLE,True,W,110,102,8,45,80,0.563,9,28,0.321,11,15,4,27,31,22,10,5,15,0.6188,113.566,105.3066
2022-23,MIN,2023-01-13,MIN vs. PHX,PHX,True,W,121,116,5,47,90,0.522,10,28,0.357,17,20,4,33,37,24,13,3,15,0.5778,111.8506,107.2287
2022-23,MIN,2023-01-11,MIN @ DET,DET,False,L,118,135,-17,43,88,0.489,16,33,0.485,16,21,13,23,36,22,7,2,19,0.5795,114.8083,131.3485
2022-23,MIN,2023-01-08,MIN @ HOU,HOU,False,W,104,96,8,38,80,0.475,10,28,0.357,18,22,9,35,44,23,8,4,19,0.5375,102.3219,94.451
2022-23,MIN,2023-01-06,MIN vs. LAC,LAC,True,W,128,115,13,46,81,0.568,13,35,0.371,23,29,10,35,45,28,4,7,20,0.6481,123.2903,110.7686
2022-23,MIN,2023-01-04,MIN vs. POR,POR,True,W,113,106,7,39,76,0.513,9,24,0.375,26,36,8,25,33,25,8,6,15,0.5724,113.9572,106.8979
2022-23,MIN,2023-01-02,MIN vs. DEN,DEN,True,W,124,111,13,45,87,0.517,13,36,0.361,21,27,11,30,41,29,7,4,12,0.592,126.0931,112.8737
2022-23,MIN,2022-12-31,MIN vs. DET,DET,True,L,104,116,-12,36,83,0.434,10,34,0.294,22,26,9,30,39,17,6,5,15,0.494,103.6063,115.5609
2022-23,MIN,2022-12-30,MIN @ MIL,MIL,False,L,114,123,-9,40,92,0.435,8,30,0.267,26,34,7,29,36,18,10,5,8,0.4783,105.3215,113.6364
2022-23,MIN,2022-12-28,MIN @ NOP,NOP,False,L,118,119,-1,42,83,0.506,10,29,0.345,24,32,5,30,35,18,6,8,11,0.5663,112.9187,113.8756
2022-23,MIN,2022-12-26,MIN @ MIA,MIA,False,L,110,113,-3,43,79,0.544,15,34,0.441,9,14,8,36,44,31,4,3,22,0.6392,109.0837,112.0587
2022-23,MIN,2022-12-23,MIN @ BOS,BOS,False,L,109,121,-12,44,91,0.484,10,32,0.313,11,15,11,34,45,25,3,8,17,0.5385,105.2937,116.8856
2022-23,MIN,2022-12-21,MIN vs. DAL,DAL,True,L,99,104,-5,42,85,0.494,8,30,0.267,7,10,8,31,39,23,7,4,13,0.5412,105.724,111.0636
2022-23,MIN,2022-12-19,MIN vs. DAL,DAL,True,W,116,106,10,42,89,0.472,12,31,0.387,20,24,9,35,44,19,5,4,11,0.5393,116.4659,106.4257
2022-23,MIN,2022-12-18,MIN vs. CHI,CHI,True,W,150,126,24,57,87,0.655,23,43,0.535,13,16,4,35,39,38,5,5,13,0.7874,145.2081,121.9748
2022-23,MIN,2022-12-16,MIN @ OKC,OKC,False,W,112,110,2,43,87,0.494,12,25,0.48,14,25,11,32,43,23,16,6,16,0.5632,105.046,103.1701
2022-23,MIN,2022-12-14,MIN @ LAC,LAC,False,L,88,99,-11,31,74,0.419,4,22,0.182,22,30,7,36,43,15,9,4,17,0.4459,89.5948,100.7941
2022-23,MIN,2022-12-12,MIN @ POR,POR,False,L,112,133,-21,46,93,0.495,10,27,0.37,10,19,7,30,37,25,12,2,10,0.5484,106.3628,126.3058
2022-23,MIN,2022-12-10,MIN @ POR,POR,False,L,118,124,-6,45,83,0.542,10,23,0.435,18,24,4,24,28,22,11,4,13,0.6024,116.3249,122.2397
2022-23,MIN,2022-12-09,MIN @ UTA,UTA,False,W,118,108,10,42,79,0.532,14,35,0.4,20,26,6,38,44,30,7,3,17,0.6203,117.4129,107.4627
2022-23,MIN,2022-12-07,MIN vs. IND,IND,True,W,121,115,6,44,93,0.473,8,23,0.348,25,27,16,35,51,25,15,2,23,0.5161,110.7856,105.2921
2022-23,MIN,2022-12-03,MIN vs. OKC,OKC,True,L,128,135,-7,47,89,0.528,10,30,0.333,24,30,12,32,44,25,13,10,23,0.5843,111.4983,117.5958
2022-23,MIN,2022-11-30,MIN vs. MEM,MEM,True,W,109,101,8,41,89,0.461,12,39,0.308,15,19,5,24,29,26,13,11,13,0.5281,102.5593,95.032
2022-23,MIN,2022-11-28,MIN @ WAS,WAS,False,L,127,142,-15,42,84,0.5,7,27,0.259,36,42,15,30,45,20,4,3,18,0.5417,121.9044,136.3026
2022-23,MIN,2022-11-27,MIN vs. GSW,GSW,True,L,114,137,-23,39,88,0.443,14,35,0.4,22,29,6,25,31,22,7,2,14,0.5227,107.2638,128.9048
2022-23,MIN,2022-11-25,MIN @ CHA,CHA,False,L,108,110,-2,41,96,0.427,9,41,0.22,17,18,11,34,45,24,7,9,16,0.474,100.4651,102.3256
2022-23,MIN,2022-11-23,MIN @ IND,IND,False,W,115,101,14,47,77,0.61,8,22,0.364,13,17,8,42,50,31,9,10,23,0.6623,113.569,99.7432
2022-23,MIN,2022-11-21,MIN vs. MIA,MIA,True,W,105,101,4,37,85,0.435,14,47,0.298,17,20,6,34,40,30,9,6,18,0.5176,99.0566,95.283
2022-23,MIN,2022-11-19,MIN @ PHI,PHI,False,W,112,109,3,40,85,0.471,12,36,0.333,20,24,8,35,43,28,9,2,20,0.5412,106.3426,103.4941
2022-23,MIN,2022-11-16,MIN @ ORL,ORL,False,W,126,108,18,46,88,0.523,12,36,0.333,22,28,8,32,40,28,15,6,11,0.5909,121.2705,103.9461
2022-23,MIN,2022-11-13,MIN @ CLE,CLE,False,W,129,124,5,46,82,0.561,12,24,0.5,25,34,11,36,47,30,5,4,13,0.6341,129.5701,124.548
2022-23,MIN,2022-11-11,MIN @ MEM,MEM,False,L,103,114,-11,37,79,0.468,10,30,0.333,19,22,7,26,33,29,10,4,15,0.5316,105.3385,116.5883
2022-23,MIN,2022-11-09,MIN vs. PHX,PHX,True,L,117,129,-12,41,78,0.526,9,27,0.333,26,32,8,30,38,26,4,6,19,0.5833,111.4923,122.9274
2022-23,MIN,2022-11-07,MIN vs. NYK,NYK,True,L,107,120,-13,38,81,0.469,11,41,0.268,20,24,4,35,39,28,7,8,18,0.537,99.2763,111.3379
2022-23,MIN,2022-11-05,MIN vs. HOU,HOU,True,W,129,117,12,49,80,0.613,15,33,0.455,16,20,9,27,36,38,11,5,24,0.7062,121.4461,110.1487
2022-23,MIN,2022-11-04,MIN vs. MIL,MIL,True,L,102,115,-13,39,92,0.424,11,41,0.268,13,17,10,37,47,22,2,4,16,0.4837,97.7011,110.1533
2022-23,MIN,2022-11-01,MIN @ PHX,PHX,False,L,107,116,-9,37,87,0.425,13,34,0.382,20,24,10,32,42,24,5,4,18,0.5,102.766,111.4099
2022-23,MIN,2022-10-30,MIN @ SAS,SAS,False,L,98,107,-9,40,99,0.404,4,29,0.138,14,20,16,29,45,21,11,7,11,0.4242,95.2381,103.9845
2022-23,MIN,2022-10-28,MIN vs. LAL,LAL,True,W,111,102,9,41,99,0.414,13,40,0.325,16,24,14,35,49,27,13,8,10,0.4798,102.5688,94.2524
2022-23,MIN,2022-10-26,MIN vs. SAS,SAS,True,W,134,122,12,52,80,0.65,20,34,0.588,10,16,0,30,30,37,9,6,17,0.775,127.183,115.7935
2022-23,MIN,2022-10-24,MIN vs. SAS,SAS,True,L,106,115,-9,38,86,0.442,8,31,0.258,22,24,10,40,50,24,7,5,16,0.4884,99.8681,108.3475
2022-23,MIN,2022-10-23,MIN @ OKC,OKC,False,W,116,106,10,46,88,0.523,10,34,0.294,14,22,12,42,54,24,9,3,15,0.5795,113.7701,103.9623
2022-23,MIN,2022-10-21,MIN vs. UTA,UTA,True,L,126,132,-6,49,107,0.458,11,33,0.333,17,23,21,39,60,20,5,7,20,0.5093,109.394,114.6032
2022-23,MIN,2022-10-19,MIN vs. OKC,OKC,True,W,115,108,7,39,94,0.415,10,38,0.263,27,33,14,41,55,25,6,5,14,0.4681,106.8773,100.3717
2022-23,NOP,2023-04-09,NOP @ MIN,MIN,False,L,108,113,-5,40,90,0.444,3,21,0.143,25,29,11,38,49,18,13,3,15,0.4611,102.176,106.9063
2022-23,NOP,2023-04-07,NOP vs. NYK,NYK,True,W,113,105,8,42,79,0.532,10,28,0.357,19,20,4,39,43,27,4,7,12,0.5949,115.5419,107.362
2022-23,NOP,2023-04-05,NOP vs. MEM,MEM,True,W,138,131,7,44,88,0.5,21,39,0.538,29,39,8,36,44,35,9,8,16,0.6193,121.5003,115.3372
2022-23,NOP,2023-04-04,NOP vs. SAC,SAC,True,L,103,121,-18,37,84,0.44,7,20,0.35,22,27,9,28,37,20,6,4,14,0.4821,103.2685,121.3154
2022-23,NOP,2023-04-01,NOP vs. LAC,LAC,True,W,122,114,8,42,86,0.488,7,17,0.412,31,35,14,26,40,21,6,5,7,0.5291,127.4018,119.0476
2022-23,NOP,2023-03-30,NOP @ DEN,DEN,False,W,107,88,19,38,80,0.475,13,27,0.481,18,22,8,38,46,22,6,1,12,0.5562,114.5856,94.2386
2022-23,NOP,2023-03-28,NOP @ GSW,GSW,False,L,109,120,-11,42,90,0.467,12,27,0.444,13,14,11,30,41,30,6,4,19,0.5333,106.9466,117.7394
2022-23,NOP,2023-03-27,NOP @ POR,POR,False,W,124,90,34,49,86,0.57,12,28,0.429,14,17,8,45,53,31,5,6,17,0.6395,120.9284,87.7706
2022-23,NOP,2023-03-25,NOP @ LAC,LAC,False,W,131,110,21,51,96,0.531,21,34,0.618,8,9,12,33,45,36,11,3,16,0.6406,127.0611,106.6925
2022-23,NOP,2023-03-23,NOP vs. CHA,CHA,True,W,115,96,19,45,98,0.459,11,34,0.324,14,15,11,41,52,26,11,0,11,0.5153,110.7686,92.4677
2022-23,NOP,2023-03-21,NOP vs. SAS,SAS,True,W,119,84,35,45,81,0.556,10,24,0.417,19,23,5,44,49,31,8,2,16,0.6173,116.9648,82.5634
2022-23,NOP,2023-03-19,NOP @ HOU,HOU,False,W,117,107,10,42,85,0.494,13,31,0.419,20,24,10,29,39,28,7,4,10,0.5706,121.0679,110.7202
2022-23,NOP,2023-03-17,NOP @ HOU,HOU,False,L,112,114,-2,39,82,0.476,12,28,0.429,22,25,8,27,35,22,8,5,9,0.5488,117.5483,119.6474
2022-23,NOP,2023-03-14,NOP vs. LAL,LAL,True,L,108,123,-15,42,98,0.429,11,43,0.256,13,20,15,26,41,23,9,3,12,0.4847,107.3986,122.315
2022-23,NOP,2023-03-12,NOP vs. POR,POR,True,W,127,110,17,43,86,0.5,19,40,0.475,22,29,8,35,43,35,11,7,15,0.6105,120.0605,103.9894
2022-23,NOP,2023-03-11,NOP vs. OKC,OKC,True,L,96,110,-14,34,81,0.42,12,34,0.353,16,19,8,35,43,23,3,4,22,0.4938,93.4579,107.0872
2022-23,NOP,2023-03-08,NOP vs. DAL,DAL,True,W,113,106,7,42,83,0.506,13,27,0.481,16,18,9,40,49,32,4,6,15,0.5843,114.558,107.4615
2022-23,NOP,2023-03-06,NOP @ SAC,SAC,False,L,108,123,-15,43,80,0.538,11,29,0.379,11,14,7,33,40,29,6,4,16,0.6062,112.5234,128.1517
2022-23,NOP,2023-03-03,NOP @ GSW,GSW,False,L,99,108,-9,34,77,0.442,10,29,0.345,21,27,7,22,29,20,9,4,13,0.5065,103.8389,113.2788
2022-23,NOP,2023-03-01,NOP @ POR,POR,False,W,121,110,11,46,89,0.517,9,25,0.36,20,23,11,30,41,23,9,4,6,0.5674,127.4489,115.8627
2022-23,NOP,2023-02-27,NOP vs. ORL,ORL,True,L,93,101,-8,34,76,0.447,6,27,0.222,19,23,9,29,38,23,9,2,17,0.4868,97.6071,106.0034
2022-23,NOP,2023-02-25,NOP @ NYK,NYK,False,L,106,128,-22,40,102,0.392,8,38,0.211,18,21,13,26,39,25,11,0,7,0.4314,100.3028,121.1204
2022-23,NOP,2023-02-23,NOP @ TOR,TOR,False,L,110,115,-5,39,84,0.464,13,30,0.433,19,25,6,37,43,23,6,2,13,0.5417,106.7961,111.6505
2022-23,NOP,2023-02-15,NOP @ LAL,LAL,False,L,102,120,-18,39,89,0.438,7,25,0.28,17,24,13,37,50,24,5,3,15,0.4775,99.3184,116.8452
2022-23,NOP,2023-02-13,NOP @ OKC,OKC,False,W,103,100,3,39,74,0.527,9,30,0.3,16,18,4,29,33,19,13,8,19,0.5878,104.1245,101.0918
2022-23,NOP,2023-02-10,NOP vs. CLE,CLE,True,L,107,118,-11,39,82,0.476,9,24,0.375,20,25,11,23,34,25,8,3,14,0.5305,112.8692,124.4726
2022-23,NOP,2023-02-07,NOP vs. ATL,ATL,True,W,116,107,9,45,91,0.495,12,32,0.375,14,21,13,34,47,28,8,2,10,0.5604,118.8281,109.6087
2022-23,NOP,2023-02-05,NOP vs. SAC,SAC,True,W,136,104,32,48,85,0.565,14,26,0.538,26,34,12,36,48,26,11,3,11,0.6471,138.1833,105.6696
2022-23,NOP,2023-02-04,NOP vs. LAL,LAL,True,W,131,126,5,52,100,0.52,9,30,0.3,18,20,14,34,48,28,6,0,11,0.565,124.5721,119.8174
2022-23,NOP,2023-02-02,NOP @ DAL,DAL,False,L,106,111,-5,42,84,0.5,5,20,0.25,17,21,12,38,50,27,6,5,17,0.5298,107.0707,112.1212
2022-23,NOP,2023-01-31,NOP @ DEN,DEN,False,L,113,122,-9,42,85,0.494,8,27,0.296,21,25,8,28,36,28,13,2,15,0.5412,108.3621,116.9927
2022-23,NOP,2023-01-29,NOP @ MIL,MIL,False,L,110,135,-25,41,93,0.441,13,34,0.382,15,21,8,30,38,25,7,3,12,0.5108,104.2456,127.9378
2022-23,NOP,2023-01-28,NOP vs. WAS,WAS,True,L,103,113,-10,39,92,0.424,8,29,0.276,17,19,8,34,42,21,9,8,10,0.4674,98.9814,108.5912
2022-23,NOP,2023-01-25,NOP vs. MIN,MIN,True,L,102,111,-9,37,85,0.435,12,38,0.316,16,21,8,34,42,25,4,7,15,0.5059,101.7152,110.6901
2022-23,NOP,2023-01-24,NOP vs. DEN,DEN,True,L,98,99,-1,38,85,0.447,5,26,0.192,17,20,14,29,43,18,5,3,16,0.4765,105.0826,106.1548
2022-23,NOP,2023-01-22,NOP @ MIA,MIA,False,L,96,100,-4,37,78,0.474,8,30,0.267,14,18,8,33,41,24,17,4,25,0.5256,93.75,97.6562
2022-23,NOP,2023-01-20,NOP @ ORL,ORL,False,L,110,123,-13,41,91,0.451,10,35,0.286,18,24,11,28,39,29,9,5,11,0.5055,109.1703,122.0723
2022-23,NOP,2023-01-18,NOP vs. MIA,MIA,True,L,98,124,-26,37,80,0.463,13,30,0.433,11,18,9,29,38,27,5,3,18,0.5438,98.5123,124.6482
2022-23,NOP,2023-01-16,NOP @ CLE,CLE,False,L,103,113,-10,38,75,0.507,10,27,0.37,17,22,3,25,28,26,9,1,17,0.5733,105.5328,115.7787
2022-23,NOP,2023-01-13,NOP @ DET,DET,False,W,116,110,6,42,86,0.488,11,31,0.355,21,30,8,40,48,29,7,3,17,0.5523,108.0276,102.4399
2022-23,NOP,2023-01-11,NOP @ BOS,BOS,False,L,114,125,-11,45,87,0.517,11,30,0.367,13,17,4,29,33,22,5,4,9,0.5805,114.2972,125.3258
2022-23,NOP,2023-01-09,NOP @ WAS,WAS,False,W,132,112,20,49,93,0.527,10,26,0.385,24,31,12,32,44,24,9,5,10,0.5806,127.1921,107.9206
2022-23,NOP,2023-01-07,NOP @ DAL,DAL,False,L,117,127,-10,45,94,0.479,5,29,0.172,22,35,15,29,44,26,14,4,13,0.5053,111.3649,120.8833
2022-23,NOP,2023-01-06,NOP vs. BKN,BKN,True,L,102,108,-6,35,88,0.398,12,29,0.414,20,25,14,37,51,16,7,4,16,0.4659,103.1345,109.2012
2022-23,NOP,2023-01-04,NOP vs. HOU,HOU,True,W,119,108,11,41,89,0.461,14,38,0.368,23,26,15,36,51,25,6,6,15,0.5393,118.2197,107.2919
2022-23,NOP,2023-01-02,NOP @ PHI,PHI,False,L,111,120,-9,42,84,0.5,11,29,0.379,16,20,10,39,49,26,3,6,17,0.5655,110.3819,119.3317
2022-23,NOP,2022-12-31,NOP @ MEM,MEM,False,L,101,116,-15,32,91,0.352,8,30,0.267,29,36,15,31,46,16,6,4,20,0.3956,92.019,105.6851
2022-23,NOP,2022-12-30,NOP vs. PHI,PHI,True,W,127,116,11,43,80,0.538,15,31,0.484,26,36,7,29,36,19,14,3,14,0.6312,124.8035,113.9937
2022-23,NOP,2022-12-28,NOP vs. MIN,MIN,True,W,119,118,1,39,81,0.481,11,23,0.478,30,43,9,34,43,22,6,4,15,0.5494,113.8756,112.9187
2022-23,NOP,2022-12-26,NOP vs. IND,IND,True,W,113,93,20,41,90,0.456,12,40,0.3,19,24,16,38,54,30,10,6,16,0.5222,113.3628,93.2986
2022-23,NOP,2022-12-23,NOP @ OKC,OKC,False,W,128,125,3,41,94,0.436,13,37,0.351,33,40,13,42,55,30,10,4,21,0.5053,106.4007,103.9069
2022-23,NOP,2022-12-22,NOP vs. SAS,SAS,True,W,126,117,9,44,91,0.484,13,34,0.382,25,27,16,30,46,25,10,6,17,0.5549,120.7128,112.0904
2022-23,NOP,2022-12-19,NOP vs. MIL,MIL,True,L,119,128,-9,42,99,0.424,18,45,0.4,17,24,17,27,44,30,9,0,15,0.5152,112.1583,120.6409
2022-23,NOP,2022-12-17,NOP @ PHX,PHX,False,L,114,118,-4,45,77,0.584,14,30,0.467,10,13,4,32,36,27,2,5,17,0.6753,118.6758,122.8399
2022-23,NOP,2022-12-15,NOP @ UTA,UTA,False,L,129,132,-3,47,99,0.475,12,30,0.4,23,28,19,30,49,24,8,6,18,0.5354,115.3846,118.068
2022-23,NOP,2022-12-13,NOP @ UTA,UTA,False,L,100,121,-21,37,93,0.398,4,27,0.148,22,33,15,28,43,25,12,3,17,0.4194,90.5797,109.6014
2022-23,NOP,2022-12-11,NOP vs. PHX,PHX,True,W,129,124,5,50,86,0.581,8,25,0.32,21,28,7,36,43,31,10,3,17,0.6279,119.0037,114.3911
2022-23,NOP,2022-12-09,NOP vs. PHX,PHX,True,W,128,117,11,46,90,0.511,8,27,0.296,28,35,13,31,44,27,10,1,11,0.5556,125.4164,114.6384
2022-23,NOP,2022-12-07,NOP vs. DET,DET,True,W,104,98,6,39,85,0.459,8,27,0.296,18,23,10,40,50,21,8,9,19,0.5059,100.8925,95.0718
2022-23,NOP,2022-12-04,NOP vs. DEN,DEN,True,W,121,106,15,41,81,0.506,11,26,0.423,28,36,6,30,36,29,10,5,11,0.5741,118.9774,104.2281
2022-23,NOP,2022-12-02,NOP @ SAS,SAS,False,W,117,99,18,40,92,0.435,12,42,0.286,25,26,10,43,53,25,9,5,9,0.5,111.7052,94.5198
2022-23,NOP,2022-11-30,NOP vs. TOR,TOR,True,W,126,108,18,45,86,0.523,14,33,0.424,22,26,12,40,52,28,10,4,20,0.6047,117.3184,100.5587
2022-23,NOP,2022-11-28,NOP vs. OKC,OKC,True,W,105,101,4,39,87,0.448,9,32,0.281,18,20,14,35,49,21,12,8,22,0.5,101.4885,97.6223
2022-23,NOP,2022-11-25,NOP @ MEM,MEM,False,L,111,132,-21,37,86,0.43,10,31,0.323,27,31,11,30,41,26,9,4,13,0.4884,108.0187,128.4547
2022-23,NOP,2022-11-23,NOP @ SAS,SAS,False,W,129,110,19,47,82,0.573,14,33,0.424,21,30,8,34,42,33,8,5,21,0.6585,118.6098,101.1401
2022-23,NOP,2022-11-21,NOP vs. GSW,GSW,True,W,128,83,45,49,91,0.538,15,42,0.357,15,21,11,39,50,30,15,5,14,0.6209,122.7229,79.5781
2022-23,NOP,2022-11-18,NOP vs. BOS,BOS,True,L,109,117,-8,43,87,0.494,13,35,0.371,10,13,7,30,37,24,13,3,13,0.569,110.5477,118.6613
2022-23,NOP,2022-11-16,NOP vs. CHI,CHI,True,W,124,110,14,43,85,0.506,17,33,0.515,21,24,12,34,46,30,4,6,15,0.6059,123.9752,109.978
2022-23,NOP,2022-11-15,NOP vs. MEM,MEM,True,W,113,102,11,43,91,0.473,18,38,0.474,9,12,7,36,43,31,2,8,10,0.5714,113.4083,102.3685
2022-23,NOP,2022-11-12,NOP vs. HOU,HOU,True,W,119,106,13,42,86,0.488,8,29,0.276,27,31,12,24,36,28,13,1,12,0.5349,117.4961,104.6603
2022-23,NOP,2022-11-10,NOP vs. POR,POR,True,L,95,106,-11,33,79,0.418,10,28,0.357,19,24,9,36,45,19,3,5,17,0.481,98.9583,110.4167
2022-23,NOP,2022-11-09,NOP @ CHI,CHI,False,W,115,111,4,42,84,0.5,3,19,0.158,28,36,13,37,50,20,8,5,16,0.5179,111.2401,107.3709
2022-23,NOP,2022-11-07,NOP @ IND,IND,False,L,122,129,-7,48,97,0.495,14,34,0.412,12,17,13,30,43,32,7,4,10,0.567,119.2571,126.0997
2022-23,NOP,2022-11-05,NOP @ ATL,ATL,False,L,121,124,-3,47,108,0.435,7,23,0.304,20,28,19,40,59,23,8,6,16,0.4676,104.1667,106.7493
2022-23,NOP,2022-11-04,NOP vs. GSW,GSW,True,W,114,105,9,41,81,0.506,12,29,0.414,20,29,9,28,37,24,10,2,16,0.5802,112.4482,103.5707
2022-23,NOP,2022-11-02,NOP @ LAL,LAL,False,L,117,120,-3,47,102,0.461,8,25,0.32,15,21,11,40,51,35,10,5,14,0.5,102.023,104.639
2022-23,NOP,2022-10-30,NOP @ LAC,LAC,False,W,112,91,21,46,93,0.495,15,36,0.417,5,8,12,38,50,32,9,1,13,0.5753,114.1459,92.7436
2022-23,NOP,2022-10-28,NOP @ PHX,PHX,False,L,111,124,-13,38,86,0.442,15,37,0.405,20,22,9,24,33,25,10,1,14,0.5291,111.2894,124.3232
2022-23,NOP,2022-10-25,NOP vs. DAL,DAL,True,W,113,111,2,44,76,0.579,12,27,0.444,13,18,4,22,26,25,7,3,14,0.6579,120.5462,118.4126
2022-23,NOP,2022-10-23,NOP vs. UTA,UTA,True,L,121,122,-1,48,102,0.471,8,27,0.296,17,22,14,31,45,30,8,6,17,0.5098,106.6079,107.489
2022-23,NOP,2022-10-21,NOP @ CHA,CHA,False,W,124,112,12,42,89,0.472,8,22,0.364,32,37,15,38,53,23,9,7,16,0.5169,116.7388,105.4415
2022-23,NOP,2022-10-19,NOP @ BKN,BKN,False,W,130,108,22,50,102,0.49,12,26,0.462,18,25,21,40,61,31,9,4,13,0.549,122.8966,102.0987
2022-23,NYK,2023-04-09,NYK vs. IND,IND,True,L,136,141,-5,52,108,0.481,15,40,0.375,17,22,19,34,53,29,8,8,15,0.5509,120.1413,124.5583
2022-23,NYK,2023-04-07,NYK @ NOP,NOP,False,L,105,113,-8,38,88,0.432,14,43,0.326,15,20,7,30,37,19,5,2,10,0.5114,107.362,115.5419
2022-23,NYK,2023-04-05,NYK @ IND,IND,False,W,138,129,9,52,100,0.52,18,46,0.391,16,25,20,32,52,34,13,8,18,0.61,127.6596,119.334
2022-23,NYK,2023-04-02,NYK vs. WAS,WAS,True,W,118,109,9,46,88,0.523,13,32,0.406,13,18,7,32,39,31,12,4,12,0.5966,116.9243,108.0063
2022-23,NYK,2023-03-31,NYK @ CLE,CLE,False,W,130,116,14,49,93,0.527,17,36,0.472,15,24,16,32,48,24,6,5,10,0.6183,132.4638,118.1985
2022-23,NYK,2023-03-29,NYK vs. MIA,MIA,True,W,101,92,9,38,76,0.5,13,31,0.419,12,23,9,38,47,22,8,3,16,0.5855,110.2139,100.3928
2022-23,NYK,2023-03-27,NYK vs. HOU,HOU,True,W,137,115,22,50,86,0.581,17,39,0.436,20,28,7,32,39,35,11,8,11,0.6802,134.9222,113.2559
2022-23,NYK,2023-03-23,NYK @ ORL,ORL,False,L,106,111,-5,37,88,0.42,12,40,0.3,20,26,13,31,44,26,8,8,13,0.4886,104.0848,108.9945
2022-23,NYK,2023-03-22,NYK @ MIA,MIA,False,L,120,127,-7,42,82,0.512,16,40,0.4,20,25,9,33,42,29,7,5,17,0.6098,120.3369,127.3566
2022-23,NYK,2023-03-20,NYK vs. MIN,MIN,True,L,134,140,-6,48,85,0.565,14,28,0.5,24,28,7,27,34,26,7,3,17,0.6471,126.177,131.8267
2022-23,NYK,2023-03-18,NYK vs. DEN,DEN,True,W,116,110,6,41,83,0.494,9,32,0.281,25,28,15,28,43,23,9,4,12,0.5482,122.1567,115.8382
2022-23,NYK,2023-03-14,NYK @ POR,POR,False,W,123,107,16,42,81,0.519,15,35,0.429,24,34,9,43,52,23,8,8,13,0.6111,118.3375,102.944
2022-23,NYK,2023-03-12,NYK @ LAL,LAL,False,W,112,108,4,42,88,0.477,11,37,0.297,17,21,12,34,46,18,8,3,11,0.5398,115.6308,111.5011
2022-23,NYK,2023-03-11,NYK @ LAC,LAC,False,L,95,106,-11,32,90,0.356,7,31,0.226,24,27,20,34,54,21,5,3,10,0.3944,100.5717,112.2168
2022-23,NYK,2023-03-09,NYK @ SAC,SAC,False,L,117,122,-5,42,101,0.416,13,50,0.26,20,31,23,35,58,27,8,1,14,0.4802,111.5773,116.3456
2022-23,NYK,2023-03-07,NYK vs. CHA,CHA,True,L,105,112,-7,38,89,0.427,11,40,0.275,18,24,10,29,39,18,3,4,8,0.4888,108.3591,115.5831
2022-23,NYK,2023-03-05,NYK @ BOS,BOS,False,W,131,129,2,47,95,0.495,15,41,0.366,22,32,11,43,54,18,7,4,20,0.5737,110.5112,108.824
2022-23,NYK,2023-03-03,NYK @ MIA,MIA,False,W,122,120,2,47,81,0.58,17,41,0.415,11,17,6,28,34,23,8,4,12,0.6852,128.0437,125.9446
2022-23,NYK,2023-03-01,NYK vs. BKN,BKN,True,W,142,118,24,54,89,0.607,20,35,0.571,14,21,7,39,46,28,5,3,16,0.7191,132.0685,109.747
2022-23,NYK,2023-02-27,NYK vs. BOS,BOS,True,W,109,94,15,37,78,0.474,12,31,0.387,23,34,7,37,44,20,6,3,15,0.5513,111.1564,95.8597
2022-23,NYK,2023-02-25,NYK vs. NOP,NOP,True,W,128,106,22,45,88,0.511,19,48,0.396,19,23,11,43,54,24,1,7,19,0.6193,121.1204,100.3028
2022-23,NYK,2023-02-24,NYK @ WAS,WAS,False,W,115,109,6,45,92,0.489,12,29,0.414,13,16,12,31,43,21,9,2,12,0.5543,115.3923,109.3719
2022-23,NYK,2023-02-15,NYK @ ATL,ATL,False,W,122,101,21,45,96,0.469,14,43,0.326,18,22,10,45,55,16,2,4,10,0.5417,116.7911,96.6877
2022-23,NYK,2023-02-13,NYK vs. BKN,BKN,True,W,124,106,18,45,82,0.549,15,34,0.441,19,26,6,32,38,18,4,3,8,0.6402,131.943,112.79
2022-23,NYK,2023-02-11,NYK vs. UTA,UTA,True,W,126,120,6,43,95,0.453,12,36,0.333,28,38,20,32,52,18,6,4,6,0.5158,126.6077,120.5788
2022-23,NYK,2023-02-10,NYK @ PHI,PHI,False,L,108,119,-11,43,81,0.531,11,32,0.344,11,16,4,31,35,23,1,5,12,0.5988,112.6643,124.1394
2022-23,NYK,2023-02-07,NYK @ ORL,ORL,False,W,102,98,4,37,81,0.457,15,43,0.349,13,19,11,32,43,21,6,2,11,0.5494,112.757,108.3352
2022-23,NYK,2023-02-05,NYK vs. PHI,PHI,True,W,108,97,11,34,79,0.43,12,36,0.333,28,39,14,35,49,21,5,1,12,0.5063,114.8936,103.1915
2022-23,NYK,2023-02-04,NYK vs. LAC,LAC,True,L,128,134,-6,45,94,0.479,18,40,0.45,20,26,10,36,46,30,6,3,10,0.5745,118.0594,123.5934
2022-23,NYK,2023-02-02,NYK vs. MIA,MIA,True,W,106,104,2,40,83,0.482,12,36,0.333,14,18,11,33,44,25,8,0,18,0.5542,109.3009,107.2386
2022-23,NYK,2023-01-31,NYK vs. LAL,LAL,True,L,123,129,-6,44,98,0.449,7,34,0.206,28,32,13,32,45,27,6,3,9,0.4847,112.9892,118.5008
2022-23,NYK,2023-01-28,NYK @ BKN,BKN,False,L,115,122,-7,45,88,0.511,10,28,0.357,15,19,14,31,45,19,4,4,11,0.5682,123.3112,130.8171
2022-23,NYK,2023-01-26,NYK @ BOS,BOS,False,W,120,117,3,44,96,0.458,13,38,0.342,19,23,10,40,50,17,5,5,10,0.526,112.0239,109.2233
2022-23,NYK,2023-01-24,NYK vs. CLE,CLE,True,W,105,103,2,37,75,0.493,17,33,0.515,14,21,9,33,42,25,4,3,17,0.6067,111.536,109.4115
2022-23,NYK,2023-01-22,NYK @ TOR,TOR,False,L,116,125,-9,40,82,0.488,18,41,0.439,18,26,14,33,47,30,4,4,17,0.5976,120.307,129.6412
2022-23,NYK,2023-01-20,NYK @ ATL,ATL,False,L,124,139,-15,49,83,0.59,13,30,0.433,13,17,9,25,34,27,5,3,12,0.6687,128.1521,143.6544
2022-23,NYK,2023-01-18,NYK vs. WAS,WAS,True,L,105,116,-11,40,96,0.417,7,26,0.269,18,27,20,29,49,14,9,4,9,0.4531,107.0118,118.2226
2022-23,NYK,2023-01-16,NYK vs. TOR,TOR,True,L,121,123,-2,42,99,0.424,9,31,0.29,28,35,20,34,54,17,3,5,12,0.4697,113.9145,115.7974
2022-23,NYK,2023-01-15,NYK @ DET,DET,False,W,117,104,13,40,88,0.455,12,30,0.4,25,31,18,34,52,17,3,6,8,0.5227,127.0083,112.8962
2022-23,NYK,2023-01-13,NYK @ WAS,WAS,False,W,112,108,4,41,92,0.446,8,29,0.276,22,31,14,40,54,15,3,6,7,0.4891,112.5176,108.4991
2022-23,NYK,2023-01-11,NYK vs. IND,IND,True,W,119,113,6,38,84,0.452,15,42,0.357,28,33,12,38,50,21,9,4,15,0.5417,115.6687,109.8367
2022-23,NYK,2023-01-09,NYK vs. MIL,MIL,True,L,107,111,-4,38,100,0.38,11,41,0.268,20,22,18,30,48,16,8,1,7,0.435,108.2996,112.3482
2022-23,NYK,2023-01-06,NYK @ TOR,TOR,False,W,112,108,4,39,83,0.47,16,37,0.432,18,26,13,38,51,19,3,4,13,0.5663,119.2504,114.9915
2022-23,NYK,2023-01-04,NYK vs. SAS,SAS,True,W,117,114,3,45,94,0.479,10,31,0.323,17,26,14,33,47,16,7,6,14,0.5319,113.109,110.2088
2022-23,NYK,2023-01-02,NYK vs. PHX,PHX,True,W,102,83,19,36,74,0.486,13,33,0.394,17,25,5,40,45,26,1,2,8,0.5743,112.6574,91.6722
2022-23,NYK,2022-12-31,NYK @ HOU,HOU,False,W,108,88,20,35,90,0.389,15,51,0.294,23,32,16,30,46,20,10,5,10,0.4722,108.9808,88.7992
2022-23,NYK,2022-12-29,NYK @ SAS,SAS,False,L,115,122,-7,38,90,0.422,15,41,0.366,24,31,13,25,38,20,7,2,13,0.5056,113.0777,119.9607
2022-23,NYK,2022-12-27,NYK @ DAL,DAL,False,L,121,126,-5,45,103,0.437,16,50,0.32,15,24,17,38,55,27,5,0,10,0.5146,113.5724,118.2654
2022-23,NYK,2022-12-25,NYK vs. PHI,PHI,True,L,112,119,-7,43,90,0.478,12,32,0.375,14,17,12,34,46,30,4,6,8,0.5444,120.2749,127.7921
2022-23,NYK,2022-12-23,NYK vs. CHI,CHI,True,L,117,118,-1,43,86,0.5,16,35,0.457,15,26,12,35,47,23,2,4,10,0.593,123.5741,124.6303
2022-23,NYK,2022-12-21,NYK vs. TOR,TOR,True,L,106,113,-7,42,76,0.553,11,26,0.423,11,18,9,29,38,25,2,3,17,0.625,114.8429,122.4269
2022-23,NYK,2022-12-20,NYK vs. GSW,GSW,True,W,132,94,38,45,87,0.517,17,40,0.425,25,32,14,33,47,27,8,1,12,0.6149,135.5236,96.5092
2022-23,NYK,2022-12-18,NYK @ IND,IND,False,W,109,106,3,39,83,0.47,8,26,0.308,23,30,14,35,49,13,7,9,16,0.5181,108.2853,105.305
2022-23,NYK,2022-12-16,NYK @ CHI,CHI,False,W,114,91,23,37,92,0.402,17,44,0.386,23,32,15,35,50,19,13,2,12,0.4946,113.0952,90.2778
2022-23,NYK,2022-12-14,NYK @ CHI,CHI,False,W,128,120,8,45,91,0.495,18,34,0.529,20,25,15,33,48,25,7,5,18,0.5934,123.2666,115.5624
2022-23,NYK,2022-12-11,NYK vs. SAC,SAC,True,W,112,99,13,40,89,0.449,8,35,0.229,24,27,15,40,55,19,8,4,17,0.4944,108.0664,95.523
2022-23,NYK,2022-12-09,NYK @ CHA,CHA,False,W,121,102,19,41,93,0.441,13,34,0.382,26,30,16,32,48,25,6,7,14,0.5108,120.0873,101.2306
2022-23,NYK,2022-12-07,NYK vs. ATL,ATL,True,W,113,89,24,37,83,0.446,17,36,0.472,22,24,13,42,55,26,6,2,14,0.5482,118.8723,93.6251
2022-23,NYK,2022-12-04,NYK vs. CLE,CLE,True,W,92,81,11,35,86,0.407,5,29,0.172,17,21,14,40,54,17,6,3,21,0.436,89.7386,79.009
2022-23,NYK,2022-12-03,NYK vs. DAL,DAL,True,L,100,121,-21,35,77,0.455,10,31,0.323,20,28,7,38,45,18,7,1,20,0.5195,97.3331,117.773
2022-23,NYK,2022-11-30,NYK vs. MIL,MIL,True,L,103,109,-6,42,100,0.42,6,30,0.2,13,20,19,36,55,18,2,3,8,0.45,107.7181,113.9929
2022-23,NYK,2022-11-29,NYK @ DET,DET,False,W,140,110,30,54,96,0.563,16,35,0.457,16,21,17,34,51,31,9,1,14,0.6458,137.9039,108.353
2022-23,NYK,2022-11-27,NYK vs. MEM,MEM,True,L,123,127,-4,44,87,0.506,10,30,0.333,25,30,12,30,42,30,3,7,8,0.5632,123.0985,127.1017
2022-23,NYK,2022-11-25,NYK vs. POR,POR,True,L,129,132,-3,46,105,0.438,13,41,0.317,24,28,12,32,44,27,7,5,10,0.5,115.8197,118.5132
2022-23,NYK,2022-11-21,NYK @ OKC,OKC,False,W,129,119,10,51,97,0.526,11,34,0.324,16,20,14,34,48,21,10,2,15,0.5825,121.767,112.3277
2022-23,NYK,2022-11-20,NYK @ PHX,PHX,False,L,95,116,-21,34,85,0.4,7,25,0.28,20,25,10,29,39,20,4,7,11,0.4412,96.4859,117.8143
2022-23,NYK,2022-11-18,NYK @ GSW,GSW,False,L,101,111,-10,30,87,0.345,9,34,0.265,32,34,13,32,45,16,8,7,16,0.3966,95.8436,105.3331
2022-23,NYK,2022-11-16,NYK @ DEN,DEN,False,W,106,103,3,37,84,0.44,8,34,0.235,24,31,6,34,40,24,12,5,8,0.4881,107.3744,104.3355
2022-23,NYK,2022-11-15,NYK @ UTA,UTA,False,W,118,111,7,44,93,0.473,11,32,0.344,19,25,13,30,43,26,10,3,14,0.5323,113.8996,107.1429
2022-23,NYK,2022-11-13,NYK vs. OKC,OKC,True,L,135,145,-10,48,97,0.495,10,31,0.323,29,33,13,22,35,25,13,2,13,0.5464,120.9027,129.8585
2022-23,NYK,2022-11-11,NYK vs. DET,DET,True,W,121,112,9,42,94,0.447,10,40,0.25,27,29,16,31,47,23,7,3,11,0.5,119.3294,110.4536
2022-23,NYK,2022-11-09,NYK @ BKN,BKN,False,L,85,112,-27,28,87,0.322,12,43,0.279,17,26,11,35,46,21,5,4,15,0.3908,84.0585,110.7595
2022-23,NYK,2022-11-07,NYK @ MIN,MIN,False,W,120,107,13,39,89,0.438,19,48,0.396,23,25,9,34,43,26,13,2,19,0.5449,111.3379,99.2763
2022-23,NYK,2022-11-05,NYK vs. BOS,BOS,True,L,118,133,-15,46,90,0.511,11,27,0.407,15,16,12,32,44,22,6,4,14,0.5722,119.6027,134.8064
2022-23,NYK,2022-11-04,NYK @ PHI,PHI,False,W,106,104,2,37,80,0.463,9,33,0.273,23,27,10,40,50,24,5,8,22,0.5188,99.4745,97.5976
2022-23,NYK,2022-11-02,NYK vs. ATL,ATL,True,L,99,112,-13,37,90,0.411,10,36,0.278,15,20,12,40,52,23,3,9,17,0.4667,94.3576,106.748
2022-23,NYK,2022-10-30,NYK @ CLE,CLE,False,L,108,121,-13,45,92,0.489,10,27,0.37,8,16,12,33,45,26,9,2,14,0.5435,106.7194,119.5652
2022-23,NYK,2022-10-28,NYK @ MIL,MIL,False,L,108,119,-11,37,93,0.398,12,35,0.343,22,32,13,41,54,19,6,5,13,0.4624,100.0185,110.2056
2022-23,NYK,2022-10-26,NYK vs. CHA,CHA,True,W,134,131,3,52,97,0.536,11,30,0.367,19,22,12,34,46,26,5,11,16,0.5928,117.0919,114.4705
2022-23,NYK,2022-10-24,NYK vs. ORL,ORL,True,W,115,102,13,43,93,0.462,11,37,0.297,18,25,18,32,50,24,7,3,14,0.5215,116.2321,103.0928
2022-23,NYK,2022-10-21,NYK vs. DET,DET,True,W,130,106,24,50,95,0.526,16,38,0.421,14,22,11,39,50,29,4,6,12,0.6105,122.7805,100.1133
2022-23,NYK,2022-10-19,NYK @ MEM,MEM,False,L,112,115,-3,44,109,0.404,9,37,0.243,15,18,18,36,54,28,7,5,12,0.445,100.4304,103.1205
2022-23,OKC,2023-04-09,OKC vs. MEM,MEM,True,W,115,100,15,45,90,0.5,12,36,0.333,13,16,8,41,49,30,5,2,16,0.5667,111.6722,97.1062
2022-23,OKC,2023-04-06,OKC @ UTA,UTA,False,W,114,98,16,39,97,0.402,15,45,0.333,21,26,17,33,50,29,12,2,13,0.4794,110.4223,94.9244
2022-23,OKC,2023-04-04,OKC @ GSW,GSW,False,L,125,136,-11,44,93,0.473,11,32,0.344,26,35,13,25,38,23,4,1,10,0.5323,119.8466,130.3931
2022-23,OKC,2023-04-02,OKC vs. PHX,PHX,True,L,118,128,-10,36,88,0.409,11,32,0.344,35,41,13,28,41,21,7,0,8,0.4716,116.6238,126.5072
2022-23,OKC,2023-03-31,OKC @ IND,IND,False,L,117,121,-4,42,88,0.477,4,30,0.133,29,34,11,34,45,21,10,3,11,0.5,111.8119,115.6346
2022-23,OKC,2023-03-29,OKC vs. DET,DET,True,W,107,106,1,39,87,0.448,10,29,0.345,19,25,10,28,38,19,7,3,10,0.5057,111.3655,110.3247
2022-23,OKC,2023-03-28,OKC vs. CHA,CHA,True,L,134,137,-3,50,96,0.521,11,30,0.367,23,29,7,32,39,25,11,3,11,0.5781,120.2009,122.892
2022-23,OKC,2023-03-26,OKC @ POR,POR,False,W,118,112,6,41,94,0.436,12,35,0.343,24,28,13,29,42,23,13,2,11,0.5,113.3525,107.5889
2022-23,OKC,2023-03-24,OKC @ LAL,LAL,False,L,111,116,-5,40,92,0.435,14,36,0.389,17,19,12,33,45,21,6,5,10,0.5109,112.8737,117.9581
2022-23,OKC,2023-03-23,OKC @ LAC,LAC,False,L,105,127,-22,41,93,0.441,13,39,0.333,10,11,13,27,40,24,6,3,14,0.5108,105.7189,127.8695
2022-23,OKC,2023-03-21,OKC @ LAC,LAC,False,W,101,100,1,39,93,0.419,10,37,0.27,13,14,12,35,47,19,2,4,12,0.4731,102.8513,101.833
2022-23,OKC,2023-03-19,OKC vs. PHX,PHX,True,W,124,120,4,42,84,0.5,11,28,0.393,29,36,6,38,44,20,8,3,16,0.5655,114.0754,110.3956
2022-23,OKC,2023-03-16,OKC @ TOR,TOR,False,L,111,128,-17,40,94,0.426,13,31,0.419,18,20,11,28,39,18,5,4,13,0.4947,108.2293,124.805
2022-23,OKC,2023-03-14,OKC vs. BKN,BKN,True,W,121,107,14,45,99,0.455,11,33,0.333,20,23,14,37,51,22,9,0,11,0.5101,115.7452,102.3532
2022-23,OKC,2023-03-12,OKC @ SAS,SAS,False,W,102,90,12,36,95,0.379,10,39,0.256,20,23,12,43,55,26,8,3,9,0.4316,98.3227,86.7553
2022-23,OKC,2023-03-11,OKC @ NOP,NOP,False,W,110,96,14,37,80,0.463,9,28,0.321,27,32,4,34,38,17,11,2,12,0.5188,107.0872,93.4579
2022-23,OKC,2023-03-08,OKC @ PHX,PHX,False,L,101,132,-31,33,88,0.375,15,43,0.349,20,21,7,30,37,23,9,2,16,0.4602,96.9848,126.7524
2022-23,OKC,2023-03-07,OKC vs. GSW,GSW,True,W,137,128,9,50,94,0.532,17,37,0.459,20,24,13,31,44,28,10,2,18,0.6223,125.3431,117.1089
2022-23,OKC,2023-03-05,OKC vs. UTA,UTA,True,W,129,119,10,44,87,0.506,14,37,0.378,27,33,11,31,42,24,9,4,12,0.5862,125.0,115.3101
2022-23,OKC,2023-03-03,OKC vs. UTA,UTA,True,W,130,103,27,52,104,0.5,17,43,0.395,9,14,11,29,40,31,12,5,7,0.5817,123.6447,97.9646
2022-23,OKC,2023-03-01,OKC vs. LAL,LAL,True,L,117,123,-6,44,91,0.484,11,40,0.275,18,24,12,30,42,29,8,4,13,0.544,115.4301,121.3496
2022-23,OKC,2023-02-28,OKC vs. SAC,SAC,True,L,117,123,-6,43,98,0.439,11,35,0.314,20,24,12,30,42,28,9,1,10,0.4949,109.4686,115.0823
2022-23,OKC,2023-02-26,OKC vs. SAC,SAC,True,L,115,124,-9,41,86,0.477,16,40,0.4,17,23,9,28,37,24,10,0,14,0.5698,112.9222,121.7596
2022-23,OKC,2023-02-24,OKC @ PHX,PHX,False,L,115,124,-9,41,95,0.432,15,38,0.395,18,24,14,33,47,27,5,2,9,0.5105,114.6332,123.6045
2022-23,OKC,2023-02-23,OKC @ UTA,UTA,False,L,119,120,-1,45,112,0.402,8,37,0.216,21,27,20,34,54,23,8,3,11,0.4375,102.6924,103.5554
2022-23,OKC,2023-02-15,OKC vs. HOU,HOU,True,W,133,96,37,42,87,0.483,9,34,0.265,40,47,10,39,49,21,8,4,11,0.5345,121.7949,87.9121
2022-23,OKC,2023-02-13,OKC vs. NOP,NOP,True,L,100,103,-3,38,90,0.422,9,33,0.273,15,18,14,29,43,20,8,3,17,0.4722,101.0918,104.1245
2022-23,OKC,2023-02-10,OKC @ POR,POR,False,W,138,129,9,47,83,0.566,12,24,0.5,32,35,10,19,29,29,9,3,11,0.6386,137.9724,128.9742
2022-23,OKC,2023-02-07,OKC @ LAL,LAL,False,W,133,130,3,49,94,0.521,17,34,0.5,18,20,7,30,37,32,12,2,13,0.6117,120.7773,118.053
2022-23,OKC,2023-02-06,OKC @ GSW,GSW,False,L,114,141,-27,44,91,0.484,11,32,0.344,15,21,7,29,36,21,8,3,11,0.544,108.9241,134.722
2022-23,OKC,2023-02-04,OKC vs. HOU,HOU,True,W,153,121,32,56,97,0.577,21,46,0.457,20,23,9,33,42,39,11,6,9,0.6856,142.3256,112.5581
2022-23,OKC,2023-02-01,OKC @ HOU,HOU,False,L,106,112,-6,38,103,0.369,12,43,0.279,18,22,24,28,52,22,11,6,10,0.4272,105.8307,111.8211
2022-23,OKC,2023-01-30,OKC vs. GSW,GSW,True,L,120,128,-8,46,93,0.495,11,24,0.458,17,20,8,35,43,23,10,4,17,0.5538,109.7896,117.1089
2022-23,OKC,2023-01-27,OKC vs. CLE,CLE,True,W,112,100,12,40,76,0.526,10,18,0.556,22,25,10,36,46,19,5,2,15,0.5921,119.8374,106.9976
2022-23,OKC,2023-01-25,OKC vs. ATL,ATL,True,L,132,137,-5,53,102,0.52,15,34,0.441,11,16,12,25,37,31,12,2,12,0.5931,123.6187,128.3012
2022-23,OKC,2023-01-22,OKC @ DEN,DEN,False,W,101,99,2,40,89,0.449,7,26,0.269,14,16,14,36,50,21,4,5,8,0.4888,108.8597,106.704
2022-23,OKC,2023-01-20,OKC @ SAC,SAC,False,L,113,118,-5,45,93,0.484,16,40,0.4,7,11,8,28,36,21,4,1,9,0.5699,112.9097,117.9057
2022-23,OKC,2023-01-18,OKC vs. IND,IND,True,W,126,106,20,47,93,0.505,16,38,0.421,16,21,13,29,42,41,12,7,19,0.5914,116.2362,97.786
2022-23,OKC,2023-01-15,OKC @ BKN,BKN,False,W,112,102,10,40,90,0.444,12,31,0.387,20,26,11,39,50,21,5,7,9,0.5111,111.5538,101.5936
2022-23,OKC,2023-01-13,OKC @ CHI,CHI,False,W,124,110,14,47,92,0.511,11,33,0.333,19,22,12,34,46,22,12,6,11,0.5707,122.6266,108.7816
2022-23,OKC,2023-01-12,OKC @ PHI,PHI,False,W,133,114,19,44,86,0.512,14,33,0.424,31,33,5,34,39,28,7,6,11,0.593,124.0672,106.3433
2022-23,OKC,2023-01-10,OKC @ MIA,MIA,False,L,111,112,-1,44,91,0.484,9,35,0.257,14,21,14,30,44,27,8,3,19,0.533,106.3015,107.2591
2022-23,OKC,2023-01-08,OKC vs. DAL,DAL,True,W,120,109,11,46,95,0.484,12,28,0.429,16,20,13,35,48,27,5,8,8,0.5474,122.9005,111.6346
2022-23,OKC,2023-01-06,OKC vs. WAS,WAS,True,W,127,110,17,50,98,0.51,17,37,0.459,10,14,11,30,41,30,9,6,10,0.5969,122.7053,106.2802
2022-23,OKC,2023-01-04,OKC @ ORL,ORL,False,L,115,126,-11,36,89,0.404,15,37,0.405,28,31,9,24,33,23,9,3,9,0.4888,113.0332,123.8451
2022-23,OKC,2023-01-03,OKC vs. BOS,BOS,True,W,150,117,33,58,98,0.592,20,40,0.5,14,22,9,35,44,31,14,3,13,0.6939,136.7864,106.6934
2022-23,OKC,2022-12-31,OKC vs. PHI,PHI,True,L,96,115,-19,35,92,0.38,12,36,0.333,14,22,15,35,50,16,7,6,16,0.4457,92.2367,110.4919
2022-23,OKC,2022-12-29,OKC @ CHA,CHA,False,L,113,121,-8,42,99,0.424,11,36,0.306,18,21,11,30,41,15,9,1,12,0.4798,106.6038,114.1509
2022-23,OKC,2022-12-27,OKC vs. SAS,SAS,True,W,130,114,16,46,86,0.535,13,24,0.542,25,31,13,32,45,25,10,10,14,0.6105,126.9531,111.3281
2022-23,OKC,2022-12-23,OKC vs. NOP,NOP,True,L,125,128,-3,47,102,0.461,13,35,0.371,18,25,10,37,47,27,9,5,18,0.5245,103.9069,106.4007
2022-23,OKC,2022-12-21,OKC vs. POR,POR,True,W,101,98,3,36,77,0.468,8,24,0.333,21,25,9,28,37,19,9,3,18,0.5195,105.7813,102.6393
2022-23,OKC,2022-12-19,OKC vs. POR,POR,True,W,123,121,2,40,88,0.455,11,31,0.355,32,37,11,28,39,20,7,5,12,0.517,120.2816,118.3258
2022-23,OKC,2022-12-17,OKC vs. MEM,MEM,True,W,115,109,6,38,92,0.413,19,45,0.422,20,31,9,44,53,29,7,0,10,0.5163,108.0218,102.3859
2022-23,OKC,2022-12-16,OKC vs. MIN,MIN,True,L,110,112,-2,41,88,0.466,11,37,0.297,17,21,9,36,45,29,7,4,22,0.5284,103.1701,105.046
2022-23,OKC,2022-12-14,OKC vs. MIA,MIA,True,L,108,110,-2,41,82,0.5,9,24,0.375,17,23,7,37,44,26,7,4,14,0.5549,108.6957,110.7085
2022-23,OKC,2022-12-12,OKC @ DAL,DAL,False,L,114,121,-7,42,88,0.477,10,31,0.323,20,21,10,32,42,21,4,1,13,0.5341,112.7373,119.6598
2022-23,OKC,2022-12-10,OKC @ CLE,CLE,False,L,102,110,-8,38,83,0.458,10,29,0.345,16,20,7,33,40,25,8,6,11,0.5181,105.5682,113.8481
2022-23,OKC,2022-12-07,OKC @ MEM,MEM,False,L,102,123,-21,34,92,0.37,14,38,0.368,20,23,14,34,48,25,9,3,19,0.4457,94.8132,114.3335
2022-23,OKC,2022-12-05,OKC @ ATL,ATL,False,W,121,114,7,43,95,0.453,12,34,0.353,23,24,14,35,49,25,8,4,16,0.5158,110.9888,104.568
2022-23,OKC,2022-12-03,OKC @ MIN,MIN,False,W,135,128,7,48,93,0.516,11,26,0.423,28,35,13,29,42,26,11,5,21,0.5753,117.5958,111.4983
2022-23,OKC,2022-11-30,OKC vs. SAS,SAS,True,W,119,111,8,48,94,0.511,9,27,0.333,14,21,15,37,52,17,4,4,12,0.5585,118.2667,110.316
2022-23,OKC,2022-11-28,OKC @ NOP,NOP,False,L,101,105,-4,34,92,0.37,12,38,0.316,21,23,18,29,47,16,11,4,19,0.4348,97.6223,101.4885
2022-23,OKC,2022-11-26,OKC @ HOU,HOU,False,L,105,118,-13,38,97,0.392,10,44,0.227,19,23,16,25,41,19,12,3,15,0.4433,98.9259,111.1739
2022-23,OKC,2022-11-25,OKC vs. CHI,CHI,True,W,123,119,4,44,95,0.463,7,29,0.241,28,32,10,40,50,24,7,5,13,0.5,109.7235,106.1552
2022-23,OKC,2022-11-23,OKC vs. DEN,DEN,True,L,126,131,-5,42,97,0.433,18,40,0.45,24,28,12,27,39,26,6,7,10,0.5258,117.0134,121.6568
2022-23,OKC,2022-11-21,OKC vs. NYK,NYK,True,L,119,129,-10,43,88,0.489,8,24,0.333,25,32,11,27,38,25,5,5,14,0.5341,112.3277,121.767
2022-23,OKC,2022-11-18,OKC @ MEM,MEM,False,L,110,121,-11,45,96,0.469,11,34,0.324,9,11,8,35,43,34,5,9,11,0.526,105.546,116.1006
2022-23,OKC,2022-11-16,OKC @ WAS,WAS,False,W,121,120,1,44,81,0.543,16,31,0.516,17,26,9,28,37,24,4,7,15,0.642,121.0484,120.048
2022-23,OKC,2022-11-14,OKC @ BOS,BOS,False,L,122,126,-4,47,98,0.48,11,30,0.367,17,21,10,41,51,21,4,6,20,0.5357,106.087,109.5652
2022-23,OKC,2022-11-13,OKC @ NYK,NYK,False,W,145,135,10,55,88,0.625,17,31,0.548,18,20,4,34,38,31,9,5,19,0.7216,129.8585,120.9027
2022-23,OKC,2022-11-11,OKC vs. TOR,TOR,True,W,132,113,19,52,93,0.559,15,36,0.417,13,17,15,29,44,31,10,6,19,0.6398,125.523,107.4553
2022-23,OKC,2022-11-09,OKC vs. MIL,MIL,True,L,132,136,-4,50,111,0.45,18,45,0.4,14,19,16,39,55,24,9,9,13,0.5315,110.9057,114.2665
2022-23,OKC,2022-11-07,OKC @ DET,DET,False,L,103,112,-9,41,102,0.402,10,33,0.303,11,17,16,30,46,23,9,11,10,0.451,97.6303,106.1611
2022-23,OKC,2022-11-05,OKC @ MIL,MIL,False,L,94,108,-14,36,84,0.429,12,35,0.343,10,16,9,29,38,22,6,3,16,0.5,95.6646,109.9125
2022-23,OKC,2022-11-03,OKC vs. DEN,DEN,True,L,110,122,-12,45,93,0.484,6,29,0.207,14,19,10,30,40,19,9,5,10,0.5161,107.6321,119.3738
2022-23,OKC,2022-11-01,OKC vs. ORL,ORL,True,W,116,108,8,45,95,0.474,10,34,0.294,16,20,8,28,36,28,13,9,17,0.5263,104.6931,97.4729
2022-23,OKC,2022-10-29,OKC @ DAL,DAL,False,W,117,111,6,44,89,0.494,5,25,0.2,24,31,9,38,47,25,9,6,15,0.5225,105.1213,99.7305
2022-23,OKC,2022-10-27,OKC vs. LAC,LAC,True,W,118,110,8,47,95,0.495,17,38,0.447,7,8,13,23,36,27,10,4,12,0.5842,119.53,111.4263
2022-23,OKC,2022-10-25,OKC vs. LAC,LAC,True,W,108,94,14,42,110,0.382,4,30,0.133,20,25,21,39,60,19,12,8,6,0.4,103.3889,89.9866
2022-23,OKC,2022-10-23,OKC vs. MIN,MIN,True,L,106,116,-10,41,94,0.436,9,41,0.22,15,21,11,31,42,24,7,4,11,0.484,103.9623,113.7701
2022-23,OKC,2022-10-22,OKC @ DEN,DEN,False,L,117,122,-5,42,94,0.447,15,38,0.395,18,23,10,37,47,29,10,5,13,0.5266,108.9588,113.6152
2022-23,OKC,2022-10-19,OKC @ MIN,MIN,False,L,108,115,-7,38,99,0.384,14,45,0.311,18,22,16,41,57,22,6,6,14,0.4545,100.3717,106.8773
2022-23,ORL,2023-04-09,ORL @ MIA,MIA,False,L,110,123,-13,38,90,0.422,17,47,0.362,17,24,13,30,43,29,13,1,14,0.5167,107.6532,120.3758
2022-23,ORL,2023-04-07,ORL @ BKN,BKN,False,L,84,101,-17,31,87,0.356,7,38,0.184,15,17,15,42,57,17,6,6,21,0.3966,83.7989,100.7582
2022-23,ORL,2023-04-06,ORL vs. CLE,CLE,True,L,94,118,-24,33,83,0.398,13,39,0.333,15,19,9,30,39,21,8,8,22,0.4759,92.0125,115.5051
2022-23,ORL,2023-04-04,ORL vs. CLE,CLE,True,L,113,117,-4,45,89,0.506,10,23,0.435,13,17,13,34,47,25,6,1,13,0.5618,116.9288,121.0679
2022-23,ORL,2023-04-02,ORL vs. DET,DET,True,W,128,102,26,43,75,0.573,17,33,0.515,25,40,7,34,41,30,11,6,16,0.6867,126.4572,100.7706
2022-23,ORL,2023-03-31,ORL @ WAS,WAS,False,W,116,109,7,44,88,0.5,8,24,0.333,20,26,6,42,48,26,2,14,11,0.5455,109.0636,102.4821
2022-23,ORL,2023-03-28,ORL @ MEM,MEM,False,L,108,113,-5,41,100,0.41,14,49,0.286,12,15,8,39,47,24,9,8,16,0.48,96.9828,101.4727
2022-23,ORL,2023-03-26,ORL vs. BKN,BKN,True,W,119,106,13,45,85,0.529,7,22,0.318,22,28,9,38,47,30,7,3,11,0.5706,117.4497,104.619
2022-23,ORL,2023-03-23,ORL vs. NYK,NYK,True,W,111,106,5,40,87,0.46,13,32,0.406,18,21,8,35,43,25,8,7,16,0.5345,108.9945,104.0848
2022-23,ORL,2023-03-21,ORL vs. WAS,WAS,True,W,122,112,10,43,80,0.538,12,27,0.444,24,25,7,35,42,27,7,5,16,0.6125,120.126,110.2796
2022-23,ORL,2023-03-19,ORL @ LAL,LAL,False,L,105,111,-6,41,102,0.402,10,38,0.263,13,17,13,31,44,24,8,3,8,0.451,103.673,109.5972
2022-23,ORL,2023-03-18,ORL @ LAC,LAC,False,W,113,108,5,42,84,0.5,10,31,0.323,19,25,9,36,45,23,14,5,18,0.5595,109.4113,104.5701
2022-23,ORL,2023-03-16,ORL @ PHX,PHX,False,L,113,116,-3,43,86,0.5,8,28,0.286,19,23,11,36,47,25,7,3,19,0.5465,108.3413,111.2176
2022-23,ORL,2023-03-14,ORL @ SAS,SAS,False,L,114,132,-18,44,97,0.454,10,29,0.345,16,21,13,29,42,24,7,2,9,0.5052,112.2268,129.9468
2022-23,ORL,2023-03-11,ORL vs. MIA,MIA,True,W,126,114,12,48,99,0.485,13,37,0.351,17,20,15,39,54,34,10,10,19,0.5505,111.2092,100.6178
2022-23,ORL,2023-03-09,ORL vs. UTA,UTA,True,L,124,131,-7,44,94,0.468,16,34,0.471,20,31,12,24,36,21,9,4,10,0.5532,118.1628,124.8332
2022-23,ORL,2023-03-07,ORL vs. MIL,MIL,True,L,123,134,-11,50,100,0.5,9,30,0.3,14,19,10,28,38,24,7,0,13,0.545,112.6786,122.7556
2022-23,ORL,2023-03-05,ORL vs. POR,POR,True,L,119,122,-3,42,84,0.5,11,31,0.355,24,31,6,32,38,29,11,2,11,0.5655,114.5773,117.4658
2022-23,ORL,2023-03-03,ORL @ CHA,CHA,False,W,117,106,11,46,86,0.535,10,26,0.385,15,19,13,29,42,21,9,4,20,0.593,115.0669,104.2486
2022-23,ORL,2023-03-01,ORL @ MIL,MIL,False,L,117,139,-22,43,94,0.457,9,33,0.273,22,29,12,38,50,22,3,5,13,0.5053,111.3649,132.3053
2022-23,ORL,2023-02-27,ORL @ NOP,NOP,False,W,101,93,8,36,79,0.456,9,34,0.265,20,26,11,32,43,21,9,1,17,0.5127,106.0034,97.6071
2022-23,ORL,2023-02-25,ORL vs. IND,IND,True,L,108,121,-13,35,90,0.389,6,29,0.207,32,38,15,40,55,16,4,8,14,0.4222,102.4279,114.7572
2022-23,ORL,2023-02-23,ORL vs. DET,DET,True,W,108,106,2,39,95,0.411,12,31,0.387,18,23,12,34,46,27,7,6,14,0.4737,102.1373,100.2459
2022-23,ORL,2023-02-14,ORL @ TOR,TOR,False,L,113,123,-10,43,84,0.512,13,31,0.419,14,18,9,20,29,26,6,2,19,0.5893,112.5947,122.5588
2022-23,ORL,2023-02-13,ORL @ CHI,CHI,False,W,100,91,9,38,81,0.469,8,27,0.296,16,19,7,35,42,24,8,6,18,0.5185,99.6413,90.6736
2022-23,ORL,2023-02-11,ORL vs. MIA,MIA,True,L,103,107,-4,37,87,0.425,11,29,0.379,18,23,12,32,44,22,12,5,18,0.4885,99.4017,103.2619
2022-23,ORL,2023-02-09,ORL vs. DEN,DEN,True,W,115,104,11,47,97,0.485,9,27,0.333,12,19,15,32,47,24,12,6,10,0.5309,112.7893,102.0008
2022-23,ORL,2023-02-07,ORL vs. NYK,NYK,True,L,98,102,-4,37,79,0.468,6,25,0.24,18,24,9,32,41,23,4,4,11,0.5063,108.3352,112.757
2022-23,ORL,2023-02-05,ORL @ CHA,CHA,False,W,119,113,6,42,91,0.462,8,23,0.348,27,30,18,34,52,25,6,2,12,0.5055,120.0081,113.9572
2022-23,ORL,2023-02-03,ORL @ MIN,MIN,False,W,127,120,7,45,85,0.529,12,23,0.522,25,38,13,29,42,23,11,3,17,0.6,119.2264,112.6549
2022-23,ORL,2023-02-01,ORL @ PHI,PHI,False,L,94,105,-11,33,87,0.379,6,38,0.158,22,29,12,34,46,12,10,4,15,0.4138,92.0666,102.8404
2022-23,ORL,2023-01-30,ORL @ PHI,PHI,False,W,119,109,10,42,99,0.424,11,29,0.379,24,30,15,35,50,23,11,6,10,0.4798,111.5695,102.1939
2022-23,ORL,2023-01-28,ORL vs. CHI,CHI,True,L,109,128,-19,41,83,0.494,10,28,0.357,17,24,6,30,36,29,5,0,13,0.5542,110.1455,129.3452
2022-23,ORL,2023-01-27,ORL @ MIA,MIA,False,L,105,110,-5,33,69,0.478,12,34,0.353,27,32,2,38,40,21,5,3,20,0.5652,103.184,108.0975
2022-23,ORL,2023-01-25,ORL vs. IND,IND,True,W,126,120,6,46,82,0.561,15,28,0.536,19,25,9,25,34,34,8,7,18,0.6524,121.8804,116.0766
2022-23,ORL,2023-01-23,ORL vs. BOS,BOS,True,W,113,98,15,43,84,0.512,11,27,0.407,16,24,8,32,40,22,10,3,11,0.5774,115.6602,100.3071
2022-23,ORL,2023-01-21,ORL @ WAS,WAS,False,L,118,138,-20,42,90,0.467,14,34,0.412,20,24,9,32,41,24,3,10,11,0.5444,113.7021,132.9736
2022-23,ORL,2023-01-20,ORL vs. NOP,NOP,True,W,123,110,13,39,75,0.52,15,30,0.5,30,34,5,37,42,28,2,5,15,0.62,122.0723,109.1703
2022-23,ORL,2023-01-15,ORL @ DEN,DEN,False,L,116,119,-3,41,84,0.488,7,29,0.241,27,34,10,29,39,24,7,2,13,0.5298,114.1058,117.0569
2022-23,ORL,2023-01-13,ORL @ UTA,UTA,False,L,108,112,-4,42,96,0.438,14,36,0.389,10,16,11,29,40,23,13,3,15,0.5104,100.6336,104.3608
2022-23,ORL,2023-01-10,ORL @ POR,POR,False,W,109,106,3,40,78,0.513,9,24,0.375,20,25,6,29,35,19,10,2,16,0.5705,109.9012,106.8764
2022-23,ORL,2023-01-09,ORL @ SAC,SAC,False,L,111,136,-25,41,90,0.456,14,44,0.318,15,20,9,32,41,24,7,7,13,0.5333,108.2504,132.6312
2022-23,ORL,2023-01-07,ORL @ GSW,GSW,False,W,115,101,14,44,87,0.506,13,32,0.406,14,24,7,37,44,26,12,2,11,0.5805,112.8557,99.1168
2022-23,ORL,2023-01-05,ORL vs. MEM,MEM,True,L,115,123,-8,39,84,0.464,11,36,0.306,26,30,7,32,39,23,6,3,11,0.5298,110.9396,118.6571
2022-23,ORL,2023-01-04,ORL vs. OKC,OKC,True,W,126,115,11,42,81,0.519,13,33,0.394,29,36,13,36,49,26,6,5,17,0.5988,123.8451,113.0332
2022-23,ORL,2022-12-30,ORL vs. WAS,WAS,True,L,100,119,-19,42,100,0.42,5,27,0.185,11,16,8,27,35,24,8,2,11,0.445,91.7263,109.1543
2022-23,ORL,2022-12-28,ORL @ DET,DET,False,L,101,121,-20,35,85,0.412,5,22,0.227,26,34,15,32,47,24,5,5,13,0.4412,102.2474,122.4944
2022-23,ORL,2022-12-27,ORL vs. LAL,LAL,True,L,110,129,-19,42,84,0.5,10,28,0.357,16,25,8,29,37,25,8,5,11,0.5595,109.7366,128.6911
2022-23,ORL,2022-12-23,ORL vs. SAS,SAS,True,W,133,113,20,50,87,0.575,17,32,0.531,16,20,7,37,44,30,8,2,19,0.6724,125.047,106.2429
2022-23,ORL,2022-12-21,ORL @ HOU,HOU,False,W,116,110,6,41,91,0.451,11,37,0.297,23,33,11,34,45,19,11,6,11,0.511,111.0048,105.2632
2022-23,ORL,2022-12-19,ORL @ ATL,ATL,False,L,125,126,-1,45,95,0.474,12,34,0.353,23,25,10,35,45,29,8,8,8,0.5368,118.5958,119.5446
2022-23,ORL,2022-12-18,ORL @ BOS,BOS,False,W,95,92,3,33,86,0.384,12,29,0.414,17,19,6,40,46,20,9,3,13,0.4535,92.4125,89.4942
2022-23,ORL,2022-12-16,ORL @ BOS,BOS,False,W,117,109,8,42,91,0.462,9,33,0.273,24,28,15,38,53,19,7,1,18,0.511,111.8119,104.1667
2022-23,ORL,2022-12-14,ORL vs. ATL,ATL,True,W,135,124,11,47,93,0.505,16,36,0.444,25,30,14,32,46,28,10,6,14,0.5914,129.7578,119.1849
2022-23,ORL,2022-12-11,ORL vs. TOR,TOR,True,W,111,99,12,36,77,0.468,14,31,0.452,25,31,11,31,42,25,3,7,18,0.5584,116.0117,103.4699
2022-23,ORL,2022-12-09,ORL vs. TOR,TOR,True,W,113,109,4,42,71,0.592,10,26,0.385,19,21,3,40,43,24,3,4,20,0.662,114.8607,110.7949
2022-23,ORL,2022-12-07,ORL vs. LAC,LAC,True,W,116,111,5,40,95,0.421,8,28,0.286,28,31,16,37,53,20,8,5,13,0.4632,109.3927,104.6775
2022-23,ORL,2022-12-05,ORL vs. MIL,MIL,True,L,102,109,-7,34,93,0.366,8,32,0.25,26,29,15,37,52,21,8,2,14,0.4086,96.5909,103.2197
2022-23,ORL,2022-12-03,ORL @ TOR,TOR,False,L,108,121,-13,38,78,0.487,11,28,0.393,21,26,5,24,29,23,9,2,16,0.5577,107.7629,120.7344
2022-23,ORL,2022-12-02,ORL @ CLE,CLE,False,L,96,107,-11,40,81,0.494,8,23,0.348,8,12,11,29,40,19,6,4,18,0.5432,101.4585,113.0839
2022-23,ORL,2022-11-30,ORL vs. ATL,ATL,True,L,108,125,-17,39,79,0.494,8,27,0.296,22,25,6,27,33,26,5,3,18,0.5443,106.7405,123.5422
2022-23,ORL,2022-11-28,ORL @ BKN,BKN,False,L,102,109,-7,38,80,0.475,13,31,0.419,13,22,9,26,35,18,9,5,18,0.5562,104.1667,111.3154
2022-23,ORL,2022-11-27,ORL vs. PHI,PHI,True,L,103,133,-30,36,79,0.456,12,40,0.3,19,25,7,19,26,21,9,4,16,0.5316,104.1035,134.4249
2022-23,ORL,2022-11-25,ORL vs. PHI,PHI,True,L,99,107,-8,34,80,0.425,9,35,0.257,22,27,9,26,35,20,7,6,14,0.4812,104.3203,112.7503
2022-23,ORL,2022-11-21,ORL @ IND,IND,False,L,102,123,-21,36,85,0.424,11,35,0.314,19,25,12,26,38,20,10,2,17,0.4882,98.1335,118.3375
2022-23,ORL,2022-11-19,ORL @ IND,IND,False,L,113,114,-1,39,91,0.429,16,42,0.381,19,26,11,30,41,16,8,6,11,0.5165,110.893,111.8744
2022-23,ORL,2022-11-18,ORL @ CHI,CHI,False,W,108,107,1,38,77,0.494,12,28,0.429,20,22,6,35,41,25,4,7,16,0.5714,110.9513,109.924
2022-23,ORL,2022-11-16,ORL vs. MIN,MIN,True,L,108,126,-18,42,93,0.452,9,35,0.257,15,17,12,35,47,21,6,5,16,0.5,103.9461,121.2705
2022-23,ORL,2022-11-14,ORL vs. CHA,CHA,True,L,105,112,-7,36,88,0.409,14,36,0.389,19,23,22,26,48,23,3,7,22,0.4886,107.3181,114.4726
2022-23,ORL,2022-11-11,ORL vs. PHX,PHX,True,W,114,97,17,43,82,0.524,15,33,0.455,13,15,9,41,50,23,2,4,15,0.6159,117.7929,100.2273
2022-23,ORL,2022-11-09,ORL vs. DAL,DAL,True,W,94,87,7,36,73,0.493,8,21,0.381,14,21,4,45,49,20,1,6,19,0.5479,97.6116,90.3427
2022-23,ORL,2022-11-07,ORL vs. HOU,HOU,True,L,127,134,-7,45,82,0.549,12,25,0.48,25,31,11,26,37,27,7,4,20,0.622,120.5849,127.2313
2022-23,ORL,2022-11-05,ORL vs. SAC,SAC,True,L,123,126,-3,50,92,0.543,4,23,0.174,19,20,7,41,48,27,8,4,18,0.5652,109.7039,112.3796
2022-23,ORL,2022-11-03,ORL vs. GSW,GSW,True,W,130,129,1,42,78,0.538,13,30,0.433,33,46,11,35,46,20,9,6,19,0.6218,121.0203,120.0894
2022-23,ORL,2022-11-01,ORL @ OKC,OKC,False,L,108,116,-8,39,87,0.448,10,29,0.345,20,20,12,37,49,20,7,10,25,0.5057,97.4729,104.6931
2022-23,ORL,2022-10-30,ORL @ DAL,DAL,False,L,105,114,-9,37,81,0.457,11,29,0.379,20,27,11,36,47,20,2,5,12,0.5247,111.5834,121.1477
2022-23,ORL,2022-10-28,ORL vs. CHA,CHA,True,W,113,93,20,42,85,0.494,10,37,0.27,19,26,5,43,48,28,8,5,12,0.5529,110.2439,90.7317
2022-23,ORL,2022-10-26,ORL @ CLE,CLE,False,L,92,103,-11,35,81,0.432,6,24,0.25,16,21,10,33,43,19,6,6,17,0.4691,92.7232,103.8097
2022-23,ORL,2022-10-24,ORL @ NYK,NYK,False,L,102,115,-13,36,86,0.419,7,35,0.2,23,27,13,28,41,14,6,4,13,0.4593,103.0928,116.2321
2022-23,ORL,2022-10-22,ORL vs. BOS,BOS,True,L,120,126,-6,45,95,0.474,15,34,0.441,15,23,12,36,48,21,5,7,9,0.5526,118.5536,124.4813
2022-23,ORL,2022-10-21,ORL @ ATL,ATL,False,L,98,108,-10,33,80,0.413,8,34,0.235,24,30,10,34,44,16,9,7,19,0.4625,95.0349,104.7324
2022-23,ORL,2022-10-19,ORL @ DET,DET,False,L,109,113,-4,42,86,0.488,11,30,0.367,14,19,10,38,48,21,5,5,18,0.5523,104.848,108.6957
2022-23,PHI,2023-04-09,PHI @ BKN,BKN,False,W,134,105,29,53,101,0.525,14,32,0.438,14,19,13,37,50,31,10,5,13,0.5941,125.4212,98.2778
2022-23,PHI,2023-04-07,PHI @ ATL,ATL,False,W,136,131,5,51,102,0.5,11,22,0.5,23,29,13,39,52,33,10,2,20,0.5539,111.8973,107.7834
2022-23,PHI,2023-04-06,PHI vs. MIA,MIA,True,L,101,129,-28,39,76,0.513,10,36,0.278,13,15,3,29,32,23,7,4,17,0.5789,105.0989,134.2352
2022-23,PHI,2023-04-04,PHI vs. BOS,BOS,True,W,103,101,2,39,78,0.5,11,29,0.379,14,16,6,31,37,21,3,7,12,0.5705,111.9079,109.7349
2022-23,PHI,2023-04-02,PHI @ MIL,MIL,False,L,104,117,-13,40,87,0.46,12,36,0.333,12,13,11,25,36,19,3,2,11,0.5287,111.2537,125.1605
2022-23,PHI,2023-03-31,PHI vs. TOR,TOR,True,W,117,110,7,41,73,0.562,12,31,0.387,23,25,9,28,37,28,7,6,18,0.6438,125.7253,118.2033
2022-23,PHI,2023-03-29,PHI vs. DAL,DAL,True,W,116,108,8,37,80,0.463,17,36,0.472,25,30,11,32,43,26,9,4,11,0.5688,122.0282,113.6125
2022-23,PHI,2023-03-27,PHI @ DEN,DEN,False,L,111,116,-5,43,89,0.483,8,30,0.267,17,22,11,29,40,18,10,3,11,0.5281,113.6364,118.7551
2022-23,PHI,2023-03-25,PHI @ PHX,PHX,False,L,105,125,-20,34,78,0.436,13,31,0.419,24,27,8,28,36,21,3,7,13,0.5192,109.8097,130.7258
2022-23,PHI,2023-03-24,PHI @ GSW,GSW,False,L,112,120,-8,38,78,0.487,8,29,0.276,28,34,4,34,38,23,8,1,10,0.5385,112.835,120.8946
2022-23,PHI,2023-03-22,PHI @ CHI,CHI,False,W,116,91,25,39,82,0.476,16,37,0.432,22,26,11,33,44,30,9,4,18,0.5732,117.6948,92.3295
2022-23,PHI,2023-03-20,PHI vs. CHI,CHI,True,L,105,109,-4,38,90,0.422,10,36,0.278,19,22,9,45,54,28,8,8,21,0.4778,93.1512,96.6998
2022-23,PHI,2023-03-18,PHI @ IND,IND,False,W,141,121,20,54,88,0.614,15,35,0.429,18,22,6,24,30,31,11,6,8,0.6989,140.6624,120.7103
2022-23,PHI,2023-03-17,PHI @ CHA,CHA,False,W,121,82,39,46,92,0.5,10,32,0.313,19,25,14,48,62,24,9,9,15,0.5543,116.1006,78.6797
2022-23,PHI,2023-03-15,PHI @ CLE,CLE,False,W,118,109,9,39,75,0.52,17,36,0.472,23,27,13,33,46,24,8,6,20,0.6333,125.1591,115.6131
2022-23,PHI,2023-03-12,PHI vs. WAS,WAS,True,W,112,93,19,41,80,0.513,11,29,0.379,19,23,9,33,42,29,6,10,9,0.5812,118.997,98.81
2022-23,PHI,2023-03-10,PHI vs. POR,POR,True,W,120,119,1,43,83,0.518,11,30,0.367,23,29,12,30,42,25,7,4,10,0.5843,125.6808,124.6334
2022-23,PHI,2023-03-07,PHI @ MIN,MIN,False,W,117,94,23,40,81,0.494,15,25,0.6,22,23,8,46,54,21,8,6,16,0.5864,117.3756,94.3018
2022-23,PHI,2023-03-06,PHI @ IND,IND,False,W,147,143,4,48,82,0.585,16,34,0.471,35,38,5,31,36,37,6,5,12,0.6829,137.7953,134.0457
2022-23,PHI,2023-03-04,PHI @ MIL,MIL,False,W,133,130,3,42,84,0.5,18,37,0.486,31,37,9,23,32,24,5,1,6,0.6071,136.6906,133.6074
2022-23,PHI,2023-03-02,PHI @ DAL,DAL,False,L,126,133,-7,45,78,0.577,12,27,0.444,24,29,5,32,37,28,9,1,14,0.6538,124.9752,131.9183
2022-23,PHI,2023-03-01,PHI @ MIA,MIA,False,W,119,96,23,41,83,0.494,15,39,0.385,22,22,9,32,41,25,6,5,9,0.5843,126.0593,101.6949
2022-23,PHI,2023-02-27,PHI vs. MIA,MIA,True,L,99,101,-2,32,73,0.438,10,27,0.37,25,28,9,30,39,20,7,3,20,0.5068,105.3191,107.4468
2022-23,PHI,2023-02-25,PHI vs. BOS,BOS,True,L,107,110,-3,35,78,0.449,9,27,0.333,28,35,8,34,42,19,8,3,10,0.5064,112.2299,115.3765
2022-23,PHI,2023-02-23,PHI vs. MEM,MEM,True,W,110,105,5,34,84,0.405,13,36,0.361,29,36,7,36,43,25,3,10,12,0.4821,106.9623,102.1004
2022-23,PHI,2023-02-15,PHI vs. CLE,CLE,True,W,118,112,6,39,78,0.5,13,27,0.481,27,29,8,30,38,24,7,4,12,0.5833,127.0457,120.5857
2022-23,PHI,2023-02-13,PHI vs. HOU,HOU,True,W,123,104,19,46,82,0.561,15,34,0.441,16,17,7,31,38,26,11,7,16,0.6524,122.9262,103.9376
2022-23,PHI,2023-02-11,PHI @ BKN,BKN,False,W,101,98,3,33,75,0.44,6,23,0.261,29,30,8,33,41,17,4,3,12,0.48,108.0676,104.8577
2022-23,PHI,2023-02-10,PHI vs. NYK,NYK,True,W,119,108,11,44,84,0.524,14,38,0.368,17,22,6,34,40,27,8,2,8,0.6071,124.1394,112.6643
2022-23,PHI,2023-02-08,PHI @ BOS,BOS,False,L,99,106,-7,37,83,0.446,10,31,0.323,15,20,8,29,37,20,9,3,7,0.506,109.2715,116.9978
2022-23,PHI,2023-02-05,PHI @ NYK,NYK,False,L,97,108,-11,30,74,0.405,7,25,0.28,30,36,8,36,44,23,4,4,12,0.4527,103.1915,114.8936
2022-23,PHI,2023-02-03,PHI @ SAS,SAS,False,W,137,125,12,46,87,0.529,13,27,0.481,32,41,14,25,39,28,11,3,11,0.6034,132.5978,120.9834
2022-23,PHI,2023-02-01,PHI vs. ORL,ORL,True,W,105,94,11,34,78,0.436,14,35,0.4,23,26,7,36,43,27,7,4,19,0.5256,102.8404,92.0666
2022-23,PHI,2023-01-30,PHI vs. ORL,ORL,True,L,109,119,-10,40,85,0.471,11,30,0.367,18,23,8,37,45,28,8,3,19,0.5353,102.1939,111.5695
2022-23,PHI,2023-01-28,PHI vs. DEN,DEN,True,W,126,119,7,46,89,0.517,18,35,0.514,16,24,12,27,39,31,10,2,11,0.618,128.3357,121.2059
2022-23,PHI,2023-01-25,PHI vs. BKN,BKN,True,W,137,133,4,42,82,0.512,18,38,0.474,35,36,11,25,36,26,10,4,11,0.622,139.9959,135.9084
2022-23,PHI,2023-01-21,PHI @ SAC,SAC,False,W,129,127,2,49,93,0.527,12,28,0.429,19,23,16,30,46,27,4,3,15,0.5914,126.545,124.5831
2022-23,PHI,2023-01-19,PHI @ POR,POR,False,W,105,95,10,41,81,0.506,8,26,0.308,15,19,5,38,43,24,8,8,15,0.5556,104.937,94.943
2022-23,PHI,2023-01-17,PHI @ LAC,LAC,False,W,120,110,10,39,73,0.534,13,31,0.419,29,34,8,25,33,25,12,4,15,0.6233,121.976,111.8113
2022-23,PHI,2023-01-15,PHI @ LAL,LAL,False,W,113,112,1,43,85,0.506,12,34,0.353,15,19,5,33,38,29,3,7,10,0.5765,114.0953,113.0856
2022-23,PHI,2023-01-14,PHI @ UTA,UTA,False,W,118,117,1,40,89,0.449,17,39,0.436,21,26,9,28,37,23,5,5,8,0.5449,117.0867,116.0945
2022-23,PHI,2023-01-12,PHI vs. OKC,OKC,True,L,114,133,-19,39,88,0.443,11,36,0.306,25,27,9,30,39,30,4,3,17,0.5057,106.3433,124.0672
2022-23,PHI,2023-01-10,PHI vs. DET,DET,True,W,147,116,31,54,89,0.607,11,31,0.355,28,30,10,45,55,36,7,8,19,0.6685,131.2266,103.5529
2022-23,PHI,2023-01-08,PHI @ DET,DET,False,W,123,111,12,46,94,0.489,11,37,0.297,20,23,14,30,44,24,12,5,14,0.5479,116.0158,104.6972
2022-23,PHI,2023-01-06,PHI vs. CHI,CHI,True,L,112,126,-14,40,92,0.435,18,41,0.439,14,18,12,26,38,28,6,3,7,0.5326,117.6471,132.3529
2022-23,PHI,2023-01-04,PHI vs. IND,IND,True,W,129,126,3,48,98,0.49,14,36,0.389,19,22,14,32,46,24,4,7,11,0.5612,122.2054,119.3634
2022-23,PHI,2023-01-02,PHI vs. NOP,NOP,True,W,120,111,9,41,86,0.477,15,35,0.429,23,28,7,28,35,26,9,6,10,0.564,119.3317,110.3819
2022-23,PHI,2022-12-31,PHI @ OKC,OKC,False,W,115,96,19,46,99,0.465,11,34,0.324,12,17,14,42,56,29,7,9,13,0.5202,110.4919,92.2367
2022-23,PHI,2022-12-30,PHI @ NOP,NOP,False,L,116,127,-11,42,75,0.56,14,34,0.412,18,22,3,26,29,28,5,7,19,0.6533,113.9937,124.8035
2022-23,PHI,2022-12-27,PHI @ WAS,WAS,False,L,111,116,-5,39,84,0.464,6,31,0.194,27,31,10,29,39,21,8,10,16,0.5,107.6207,112.4685
2022-23,PHI,2022-12-25,PHI @ NYK,NYK,False,W,119,112,7,39,77,0.506,18,39,0.462,23,29,5,27,32,22,5,2,8,0.6234,127.7921,120.2749
2022-23,PHI,2022-12-23,PHI vs. LAC,LAC,True,W,119,114,5,47,88,0.534,12,29,0.414,13,14,6,33,39,31,7,3,9,0.6023,123.1374,117.9636
2022-23,PHI,2022-12-21,PHI vs. DET,DET,True,W,113,93,20,41,93,0.441,11,37,0.297,20,22,13,36,49,27,8,7,12,0.5,109.369,90.0116
2022-23,PHI,2022-12-19,PHI vs. TOR,TOR,True,W,104,101,3,32,80,0.4,15,42,0.357,25,27,4,37,41,22,8,1,16,0.4938,100.1541,97.265
2022-23,PHI,2022-12-16,PHI vs. GSW,GSW,True,W,118,106,12,39,85,0.459,15,38,0.395,25,31,11,38,49,23,11,5,15,0.5471,114.3632,102.7331
2022-23,PHI,2022-12-13,PHI vs. SAC,SAC,True,W,123,103,20,43,84,0.512,16,35,0.457,21,27,4,38,42,34,10,4,12,0.6071,117.8838,98.7157
2022-23,PHI,2022-12-11,PHI vs. CHA,CHA,True,W,131,113,18,46,83,0.554,13,27,0.481,26,32,9,32,41,31,6,6,16,0.6325,124.0061,106.9671
2022-23,PHI,2022-12-09,PHI vs. LAL,LAL,True,W,133,122,11,48,90,0.533,18,40,0.45,19,22,7,35,42,30,14,2,23,0.6333,115.2114,105.6826
2022-23,PHI,2022-12-05,PHI @ HOU,HOU,False,L,123,132,-9,39,87,0.448,17,36,0.472,28,36,11,28,39,23,10,6,20,0.546,106.8636,114.6829
2022-23,PHI,2022-12-02,PHI @ MEM,MEM,False,L,109,117,-8,40,91,0.44,14,33,0.424,15,17,10,32,42,23,7,5,13,0.5165,106.9676,114.8184
2022-23,PHI,2022-11-30,PHI @ CLE,CLE,False,L,85,113,-28,32,77,0.416,6,26,0.231,15,18,7,23,30,19,7,1,16,0.4545,91.7332,121.9512
2022-23,PHI,2022-11-28,PHI vs. ATL,ATL,True,W,104,101,3,39,86,0.453,10,28,0.357,16,18,10,27,37,23,10,3,12,0.5116,108.5595,105.428
2022-23,PHI,2022-11-27,PHI @ ORL,ORL,False,W,133,103,30,50,77,0.649,11,27,0.407,22,27,6,37,43,32,10,8,16,0.7208,134.4249,104.1035
2022-23,PHI,2022-11-25,PHI @ ORL,ORL,False,W,107,99,8,39,82,0.476,14,36,0.389,15,18,13,34,47,25,7,1,16,0.561,112.7503,104.3203
2022-23,PHI,2022-11-23,PHI @ CHA,CHA,False,L,101,107,-6,38,86,0.442,9,38,0.237,16,18,8,37,45,20,9,3,19,0.4942,95.6621,101.345
2022-23,PHI,2022-11-22,PHI vs. BKN,BKN,True,W,115,106,9,43,99,0.434,16,32,0.5,13,16,20,29,49,19,9,4,10,0.5152,119.3194,109.9813
2022-23,PHI,2022-11-19,PHI vs. MIN,MIN,True,L,109,112,-3,34,71,0.479,14,32,0.438,27,32,4,35,39,21,10,1,22,0.5775,103.4941,106.3426
2022-23,PHI,2022-11-18,PHI vs. MIL,MIL,True,W,110,102,8,40,78,0.513,13,28,0.464,17,26,6,35,41,28,5,5,18,0.5962,106.9623,99.1832
2022-23,PHI,2022-11-13,PHI vs. UTA,UTA,True,W,105,98,7,40,83,0.482,4,23,0.174,21,26,8,31,39,21,12,14,12,0.506,103.673,96.7615
2022-23,PHI,2022-11-12,PHI vs. ATL,ATL,True,W,121,109,12,44,80,0.55,8,24,0.333,25,31,2,29,31,24,10,5,12,0.6,114.41,103.0635
2022-23,PHI,2022-11-10,PHI @ ATL,ATL,False,L,95,104,-9,32,83,0.386,6,30,0.2,25,30,9,36,45,15,10,5,17,0.4217,90.7701,99.3694
2022-23,PHI,2022-11-07,PHI vs. PHX,PHX,True,W,100,88,12,31,80,0.388,12,32,0.375,26,31,15,33,48,22,5,6,16,0.4625,107.3422,94.4611
2022-23,PHI,2022-11-04,PHI vs. NYK,NYK,True,L,104,106,-2,37,98,0.378,13,47,0.277,17,21,13,31,44,27,12,8,15,0.4439,97.5976,99.4745
2022-23,PHI,2022-11-02,PHI vs. WAS,WAS,True,L,111,121,-10,39,84,0.464,19,36,0.528,14,20,6,26,32,25,3,1,8,0.5774,118.1605,128.8056
2022-23,PHI,2022-10-31,PHI @ WAS,WAS,False,W,118,111,7,46,83,0.554,12,30,0.4,14,20,4,33,37,26,14,3,14,0.6265,117.2729,110.316
2022-23,PHI,2022-10-29,PHI @ CHI,CHI,False,W,114,109,5,39,79,0.494,14,29,0.483,22,27,8,33,41,28,8,6,19,0.5823,111.9623,107.0517
2022-23,PHI,2022-10-28,PHI @ TOR,TOR,False,W,112,90,22,43,82,0.524,16,38,0.421,10,11,7,34,41,25,11,6,15,0.622,115.8221,93.0714
2022-23,PHI,2022-10-26,PHI @ TOR,TOR,False,L,109,119,-10,40,79,0.506,16,36,0.444,13,19,4,30,34,29,6,2,13,0.6076,115.0274,125.5804
2022-23,PHI,2022-10-24,PHI vs. IND,IND,True,W,120,106,14,38,80,0.475,19,43,0.442,25,28,7,32,39,25,8,7,8,0.5938,124.7142,110.1642
2022-23,PHI,2022-10-22,PHI vs. SAS,SAS,True,L,105,114,-9,37,84,0.44,10,31,0.323,21,28,12,28,40,26,6,5,12,0.5,108.2921,117.5743
2022-23,PHI,2022-10-20,PHI vs. MIL,MIL,True,L,88,90,-2,36,83,0.434,5,24,0.208,11,13,6,38,44,17,6,5,10,0.4639,92.6901,94.7967
2022-23,PHI,2022-10-18,PHI @ BOS,BOS,False,L,117,126,-9,40,80,0.5,13,34,0.382,24,28,4,27,31,16,8,3,14,0.5812,116.0484,124.9752
2022-23,PHX,2023-04-09,PHX vs. LAC,LAC,True,L,114,119,-5,42,99,0.424,14,37,0.378,16,22,12,35,47,29,4,3,7,0.4949,108.4475,113.204
2022-23,PHX,2023-04-07,PHX @ LAL,LAL,False,L,107,121,-14,43,104,0.413,9,36,0.25,12,14,13,34,47,23,7,10,9,0.4567,101.1151,114.3451
2022-23,PHX,2023-04-06,PHX vs. DEN,DEN,True,W,119,115,4,41,79,0.519,17,36,0.472,20,25,7,26,33,26,4,6,10,0.6266,125.1841,120.9762
2022-23,PHX,2023-04-04,PHX vs. SAS,SAS,True,W,115,94,21,43,89,0.483,10,33,0.303,19,26,15,42,57,25,7,7,14,0.5393,115.8107,94.6626
2022-23,PHX,2023-04-02,PHX @ OKC,OKC,False,W,128,118,10,46,81,0.568,13,34,0.382,23,28,5,33,38,31,4,6,13,0.6481,126.5072,116.6238
2022-23,PHX,2023-03-31,PHX vs. DEN,DEN,True,W,100,93,7,37,88,0.42,10,27,0.37,16,21,13,38,51,28,8,7,16,0.4773,99.98,92.9814
2022-23,PHX,2023-03-29,PHX vs. MIN,MIN,True,W,107,100,7,40,96,0.417,6,20,0.3,21,27,15,33,48,23,11,8,8,0.4479,106.383,99.4233
2022-23,PHX,2023-03-27,PHX @ UTA,UTA,False,W,117,103,14,43,101,0.426,11,36,0.306,20,22,18,31,49,31,7,7,7,0.4802,116.6733,102.7124
2022-23,PHX,2023-03-25,PHX vs. PHI,PHI,True,W,125,105,20,47,93,0.505,15,32,0.469,16,19,13,32,45,35,4,9,8,0.586,130.7258,109.8097
2022-23,PHX,2023-03-24,PHX @ SAC,SAC,False,L,127,135,-8,48,89,0.539,9,29,0.31,22,29,12,31,43,33,2,7,12,0.5899,124.6075,132.4568
2022-23,PHX,2023-03-22,PHX @ LAL,LAL,False,L,111,122,-11,42,90,0.467,12,31,0.387,15,20,12,27,39,23,7,6,17,0.5333,108.8022,119.5844
2022-23,PHX,2023-03-19,PHX @ OKC,OKC,False,L,120,124,-4,44,92,0.478,15,36,0.417,17,24,9,31,40,31,7,9,14,0.5598,110.3956,114.0754
2022-23,PHX,2023-03-16,PHX vs. ORL,ORL,True,W,116,113,3,43,90,0.478,13,35,0.371,17,17,7,28,35,26,7,5,14,0.55,111.2176,108.3413
2022-23,PHX,2023-03-14,PHX vs. MIL,MIL,True,L,104,116,-12,41,95,0.432,8,23,0.348,14,16,8,33,41,23,7,3,11,0.4737,100.8143,112.4467
2022-23,PHX,2023-03-13,PHX @ GSW,GSW,False,L,112,123,-11,46,95,0.484,4,21,0.19,16,22,17,30,47,25,8,4,14,0.5053,110.7595,121.6377
2022-23,PHX,2023-03-11,PHX vs. SAC,SAC,True,L,119,128,-9,44,89,0.494,13,44,0.295,18,22,7,33,40,30,11,3,14,0.5674,111.2357,119.6485
2022-23,PHX,2023-03-08,PHX vs. OKC,OKC,True,W,132,101,31,49,94,0.521,20,43,0.465,14,16,14,40,54,31,10,7,15,0.6277,126.7524,96.9848
2022-23,PHX,2023-03-05,PHX @ DAL,DAL,False,W,130,126,4,49,89,0.551,12,34,0.353,20,25,9,32,41,27,5,2,9,0.618,130.8374,126.8116
2022-23,PHX,2023-03-03,PHX @ CHI,CHI,False,W,125,104,21,42,84,0.5,20,47,0.426,21,25,13,28,41,29,6,7,11,0.619,133.6898,111.2299
2022-23,PHX,2023-03-01,PHX @ CHA,CHA,False,W,105,91,14,42,89,0.472,9,25,0.36,12,15,5,43,48,30,8,9,13,0.5225,101.9814,88.3838
2022-23,PHX,2023-02-26,PHX @ MIL,MIL,False,L,101,104,-3,40,95,0.421,8,24,0.333,13,22,19,36,55,21,4,5,12,0.4632,103.6323,106.7104
2022-23,PHX,2023-02-24,PHX vs. OKC,OKC,True,W,124,115,9,42,90,0.467,14,38,0.368,26,32,15,39,54,23,5,5,11,0.5444,123.6045,114.6332
2022-23,PHX,2023-02-16,PHX vs. LAC,LAC,True,L,107,116,-9,42,89,0.472,11,31,0.355,12,16,7,31,38,30,10,2,14,0.5337,105.4603,114.3308
2022-23,PHX,2023-02-14,PHX vs. SAC,SAC,True,W,120,109,11,50,88,0.568,7,22,0.318,13,16,8,29,37,33,12,4,15,0.608,120.2405,109.2184
2022-23,PHX,2023-02-10,PHX @ IND,IND,False,W,117,104,13,43,93,0.462,10,33,0.303,21,24,19,34,53,25,13,2,17,0.5161,115.3391,102.5237
2022-23,PHX,2023-02-09,PHX @ ATL,ATL,False,L,107,116,-9,39,86,0.453,7,30,0.233,22,29,9,26,35,24,14,10,11,0.4942,103.5617,112.2726
2022-23,PHX,2023-02-07,PHX @ BKN,BKN,False,W,116,112,4,43,92,0.467,9,31,0.29,21,28,16,32,48,31,10,4,15,0.5163,111.5599,107.713
2022-23,PHX,2023-02-04,PHX @ DET,DET,False,W,116,100,16,42,75,0.56,11,23,0.478,21,31,10,36,46,34,10,2,17,0.6333,120.0083,103.4554
2022-23,PHX,2023-02-03,PHX @ BOS,BOS,False,W,106,94,12,41,95,0.432,12,32,0.375,12,14,10,43,53,28,6,6,9,0.4947,105.5777,93.6255
2022-23,PHX,2023-02-01,PHX vs. ATL,ATL,True,L,100,132,-32,35,86,0.407,4,28,0.143,26,31,12,32,44,22,8,4,16,0.4302,97.3331,128.4797
2022-23,PHX,2023-01-30,PHX vs. TOR,TOR,True,W,114,106,8,43,87,0.494,11,28,0.393,17,21,13,29,42,28,10,4,12,0.5575,119.6222,111.2277
2022-23,PHX,2023-01-28,PHX @ SAS,SAS,False,W,128,118,10,50,103,0.485,8,24,0.333,20,26,17,35,52,31,7,6,9,0.5243,116.9377,107.8019
2022-23,PHX,2023-01-26,PHX vs. DAL,DAL,True,L,95,99,-4,35,86,0.407,13,32,0.406,12,16,13,37,50,24,4,6,9,0.4826,105.3449,109.7804
2022-23,PHX,2023-01-24,PHX vs. CHA,CHA,True,W,128,97,31,47,94,0.5,22,39,0.564,12,13,15,40,55,38,3,10,18,0.617,121.5344,92.1003
2022-23,PHX,2023-01-22,PHX vs. MEM,MEM,True,W,112,110,2,39,88,0.443,13,35,0.371,21,25,6,34,40,25,10,5,17,0.517,102.3392,100.5117
2022-23,PHX,2023-01-21,PHX vs. IND,IND,True,W,112,107,5,38,91,0.418,12,31,0.387,24,35,14,41,55,27,9,8,15,0.4835,102.3579,97.7883
2022-23,PHX,2023-01-19,PHX vs. BKN,BKN,True,W,117,112,5,39,85,0.459,11,28,0.393,28,41,12,37,49,30,4,3,16,0.5235,110.8795,106.141
2022-23,PHX,2023-01-16,PHX @ MEM,MEM,False,L,106,136,-30,39,89,0.438,10,33,0.303,18,19,9,28,37,33,4,4,15,0.4944,101.8447,130.6687
2022-23,PHX,2023-01-13,PHX @ MIN,MIN,False,L,116,121,-5,41,86,0.477,14,23,0.609,20,24,9,34,43,28,10,3,19,0.5581,107.2287,111.8506
2022-23,PHX,2023-01-11,PHX @ DEN,DEN,False,L,97,126,-29,39,90,0.433,9,32,0.281,10,14,15,29,44,28,4,2,20,0.4833,97.2919,126.3791
2022-23,PHX,2023-01-10,PHX @ GSW,GSW,False,W,125,113,12,41,90,0.456,14,31,0.452,29,31,19,38,57,26,5,7,22,0.5333,115.9985,104.8627
2022-23,PHX,2023-01-08,PHX vs. CLE,CLE,True,L,98,112,-14,37,84,0.44,14,26,0.538,10,11,6,30,36,22,7,2,16,0.5238,100.3481,114.6836
2022-23,PHX,2023-01-06,PHX vs. MIA,MIA,True,L,96,104,-8,34,82,0.415,6,23,0.261,22,25,8,36,44,22,5,2,14,0.4512,96.6573,104.712
2022-23,PHX,2023-01-04,PHX @ CLE,CLE,False,L,88,90,-2,32,81,0.395,10,28,0.357,14,18,8,41,49,24,8,3,15,0.4568,92.1273,94.2211
2022-23,PHX,2023-01-02,PHX @ NYK,NYK,False,L,83,102,-19,34,87,0.391,10,37,0.27,5,7,5,31,36,22,4,0,8,0.4483,91.6722,112.6574
2022-23,PHX,2022-12-30,PHX @ TOR,TOR,False,L,104,113,-9,35,71,0.493,14,30,0.467,20,23,9,33,42,26,7,1,27,0.5915,106.3612,115.5656
2022-23,PHX,2022-12-28,PHX @ WAS,WAS,False,L,102,127,-25,39,87,0.448,13,31,0.419,11,16,11,19,30,25,7,4,11,0.523,107.7313,134.136
2022-23,PHX,2022-12-27,PHX @ MEM,MEM,False,W,125,108,17,43,87,0.494,17,31,0.548,22,25,15,32,47,26,7,9,22,0.592,118.5059,102.3891
2022-23,PHX,2022-12-25,PHX @ DEN,DEN,False,L,125,128,-3,45,94,0.479,17,35,0.486,18,26,12,34,46,32,7,9,14,0.5691,114.9954,117.7553
2022-23,PHX,2022-12-23,PHX vs. MEM,MEM,True,L,100,125,-25,38,87,0.437,9,35,0.257,15,26,11,24,35,23,6,5,15,0.4885,98.4446,123.0557
2022-23,PHX,2022-12-20,PHX vs. WAS,WAS,True,L,110,113,-3,41,89,0.461,13,32,0.406,15,19,15,29,44,26,2,1,14,0.5337,113.6129,116.7114
2022-23,PHX,2022-12-19,PHX vs. LAL,LAL,True,W,130,104,26,46,93,0.495,20,39,0.513,18,24,15,36,51,21,10,5,9,0.6022,131.9529,105.5623
2022-23,PHX,2022-12-17,PHX vs. NOP,NOP,True,W,118,114,4,39,83,0.47,15,41,0.366,25,35,10,25,35,23,6,3,8,0.5602,122.8399,118.6758
2022-23,PHX,2022-12-15,PHX @ LAC,LAC,False,W,111,95,16,44,95,0.463,9,32,0.281,14,18,15,38,53,27,8,8,9,0.5105,114.9306,98.3641
2022-23,PHX,2022-12-13,PHX @ HOU,HOU,False,L,97,111,-14,33,103,0.32,13,51,0.255,18,19,18,26,44,22,13,7,10,0.3835,94.4867,108.1239
2022-23,PHX,2022-12-11,PHX @ NOP,NOP,False,L,124,129,-5,49,105,0.467,13,38,0.342,13,17,19,23,42,34,7,5,15,0.5286,114.3911,119.0037
2022-23,PHX,2022-12-09,PHX @ NOP,NOP,False,L,117,128,-11,43,86,0.5,22,44,0.5,9,13,8,29,37,30,6,3,17,0.6279,114.6384,125.4164
2022-23,PHX,2022-12-07,PHX vs. BOS,BOS,True,L,98,125,-27,37,93,0.398,8,32,0.25,16,19,13,36,49,19,5,4,18,0.4409,91.1289,116.2358
2022-23,PHX,2022-12-05,PHX @ DAL,DAL,False,L,111,130,-19,40,91,0.44,13,37,0.351,18,26,13,28,41,28,5,5,13,0.511,110.5137,129.4305
2022-23,PHX,2022-12-04,PHX @ SAS,SAS,False,W,133,95,38,49,94,0.521,19,37,0.514,16,20,14,31,45,38,5,0,11,0.6223,131.866,94.19
2022-23,PHX,2022-12-02,PHX vs. HOU,HOU,True,L,121,122,-1,45,85,0.529,17,37,0.459,14,19,9,28,37,30,9,5,18,0.6294,117.3163,118.2858
2022-23,PHX,2022-11-30,PHX vs. CHI,CHI,True,W,132,113,19,49,93,0.527,15,33,0.455,19,21,10,36,46,22,3,5,14,0.6075,125.8581,107.7422
2022-23,PHX,2022-11-28,PHX @ SAC,SAC,False,W,122,117,5,50,94,0.532,10,32,0.313,12,14,11,34,45,26,9,7,17,0.5851,116.1462,111.3861
2022-23,PHX,2022-11-26,PHX vs. UTA,UTA,True,W,113,112,1,42,92,0.457,6,22,0.273,23,30,18,30,48,23,8,6,6,0.4891,120.7265,119.6581
2022-23,PHX,2022-11-25,PHX vs. DET,DET,True,W,108,102,6,42,87,0.483,7,29,0.241,17,26,11,32,43,25,7,7,13,0.523,108.2815,102.2659
2022-23,PHX,2022-11-22,PHX vs. LAL,LAL,True,W,115,105,10,48,102,0.471,16,34,0.471,3,5,8,41,49,23,8,7,15,0.549,103.7906,94.7653
2022-23,PHX,2022-11-20,PHX vs. NYK,NYK,True,W,116,95,21,43,101,0.426,17,39,0.436,13,18,22,38,60,35,3,8,13,0.5099,117.8143,96.4859
2022-23,PHX,2022-11-18,PHX @ UTA,UTA,False,L,133,134,-1,49,94,0.521,9,30,0.3,26,28,12,30,42,29,7,6,14,0.5691,123.2166,124.143
2022-23,PHX,2022-11-16,PHX vs. GSW,GSW,True,W,130,119,11,44,86,0.512,21,40,0.525,21,25,8,39,47,33,5,8,16,0.6337,120.6609,110.4511
2022-23,PHX,2022-11-14,PHX @ MIA,MIA,False,L,112,113,-1,48,99,0.485,14,36,0.389,2,4,20,25,45,22,9,4,14,0.5556,119.94,121.0109
2022-23,PHX,2022-11-11,PHX @ ORL,ORL,False,L,97,114,-17,38,95,0.4,13,42,0.31,8,9,11,27,38,22,7,4,11,0.4684,100.2273,117.7929
2022-23,PHX,2022-11-09,PHX @ MIN,MIN,False,W,129,117,12,47,97,0.485,16,35,0.457,19,20,10,26,36,31,10,3,11,0.567,122.9274,111.4923
2022-23,PHX,2022-11-07,PHX @ PHI,PHI,False,L,88,100,-12,32,73,0.438,6,19,0.316,18,22,6,31,37,19,8,5,15,0.4795,94.4611,107.3422
2022-23,PHX,2022-11-05,PHX vs. POR,POR,True,W,102,82,20,35,82,0.427,11,30,0.367,21,28,11,33,44,22,7,14,14,0.4939,103.6164,83.2995
2022-23,PHX,2022-11-04,PHX vs. POR,POR,True,L,106,108,-2,36,83,0.434,14,34,0.412,20,21,13,26,39,26,8,4,17,0.5181,108.8072,110.8602
2022-23,PHX,2022-11-01,PHX vs. MIN,MIN,True,W,116,107,9,41,89,0.461,17,43,0.395,17,22,7,27,34,31,9,8,11,0.5562,111.4099,102.766
2022-23,PHX,2022-10-30,PHX vs. HOU,HOU,True,W,124,109,15,45,84,0.536,12,40,0.3,22,30,10,26,36,29,9,8,12,0.6071,126.7634,111.4292
2022-23,PHX,2022-10-28,PHX vs. NOP,NOP,True,W,124,111,13,48,92,0.522,10,33,0.303,18,20,14,33,47,33,7,7,12,0.5761,124.3232,111.2894
2022-23,PHX,2022-10-25,PHX vs. GSW,GSW,True,W,134,105,29,47,92,0.511,12,29,0.414,28,34,14,34,48,31,8,4,14,0.5761,126.7499,99.319
2022-23,PHX,2022-10-23,PHX @ LAC,LAC,False,W,112,95,17,43,93,0.462,15,42,0.357,11,12,13,36,49,29,5,3,13,0.543,114.8247,97.3959
2022-23,PHX,2022-10-21,PHX @ POR,POR,False,L,111,113,-2,43,94,0.457,10,27,0.37,15,21,9,32,41,31,14,1,17,0.5106,102.2664,104.1091
2022-23,PHX,2022-10-19,PHX vs. DAL,DAL,True,W,107,105,2,40,85,0.471,8,22,0.364,19,22,8,32,40,25,4,5,12,0.5176,109.3846,107.34
2022-23,POR,2023-04-09,POR vs. GSW,GSW,True,L,101,157,-56,38,95,0.4,9,35,0.257,16,24,6,24,30,25,5,3,14,0.4474,90.3399,140.4293
2022-23,POR,2023-04-08,POR @ LAC,LAC,False,L,125,136,-11,47,89,0.528,14,32,0.438,17,23,7,27,34,32,8,4,10,0.6067,120.5865,131.1981
2022-23,POR,2023-04-06,POR @ SAS,SAS,False,L,127,129,-2,51,96,0.531,10,28,0.357,15,18,8,28,36,34,7,14,16,0.5833,111.7761,113.5363
2022-23,POR,2023-04-04,POR @ MEM,MEM,False,L,109,119,-10,42,97,0.433,14,42,0.333,11,17,13,36,49,23,7,7,10,0.5052,107.8354,117.7285
2022-23,POR,2023-04-02,POR @ MIN,MIN,False,W,107,105,2,43,93,0.462,9,30,0.3,12,20,11,31,42,29,12,3,10,0.5108,106.5101,104.5192
2022-23,POR,2023-03-31,POR vs. SAC,SAC,True,L,114,138,-24,40,85,0.471,19,38,0.5,15,23,9,24,33,29,9,6,20,0.5824,110.8303,134.1629
2022-23,POR,2023-03-29,POR vs. SAC,SAC,True,L,80,120,-40,30,93,0.323,9,39,0.231,11,12,8,37,45,18,5,6,14,0.371,77.3545,116.0317
2022-23,POR,2023-03-27,POR vs. NOP,NOP,True,L,90,124,-34,35,90,0.389,7,33,0.212,13,15,6,23,29,15,6,2,12,0.4278,87.7706,120.9284
2022-23,POR,2023-03-26,POR vs. OKC,OKC,True,L,112,118,-6,39,82,0.476,14,32,0.438,20,27,8,29,37,18,5,7,18,0.561,107.5889,113.3525
2022-23,POR,2023-03-24,POR vs. CHI,CHI,True,L,96,124,-28,37,86,0.43,6,31,0.194,16,18,8,23,31,23,10,5,14,0.4651,97.9192,126.479
2022-23,POR,2023-03-22,POR @ UTA,UTA,False,W,127,115,12,45,93,0.484,13,41,0.317,24,30,7,36,43,28,9,5,9,0.5538,117.5708,106.4618
2022-23,POR,2023-03-19,POR vs. LAC,LAC,True,L,102,117,-15,37,82,0.451,6,29,0.207,22,24,11,29,40,24,7,9,15,0.4878,105.875,121.4449
2022-23,POR,2023-03-17,POR vs. BOS,BOS,True,L,112,126,-14,38,79,0.481,14,38,0.368,22,31,8,29,37,20,12,4,19,0.5696,108.7168,122.3063
2022-23,POR,2023-03-14,POR vs. NYK,NYK,True,L,107,123,-16,38,99,0.384,17,45,0.378,14,18,11,27,38,22,8,3,12,0.4697,102.944,118.3375
2022-23,POR,2023-03-12,POR @ NOP,NOP,False,L,110,127,-17,43,88,0.489,10,33,0.303,14,20,10,36,46,26,10,2,19,0.5455,103.9894,120.0605
2022-23,POR,2023-03-10,POR @ PHI,PHI,False,L,119,120,-1,42,80,0.525,15,36,0.417,20,30,5,31,36,24,6,3,9,0.6188,124.6334,125.6808
2022-23,POR,2023-03-08,POR @ BOS,BOS,False,L,93,115,-22,30,82,0.366,11,39,0.282,22,27,6,41,47,18,5,2,16,0.4329,89.9942,111.2831
2022-23,POR,2023-03-06,POR @ DET,DET,False,W,110,104,6,38,78,0.487,15,33,0.455,19,25,5,33,38,28,7,6,11,0.5833,115.9115,109.589
2022-23,POR,2023-03-05,POR @ ORL,ORL,False,W,122,119,3,39,83,0.47,16,47,0.34,28,32,9,37,46,27,9,5,17,0.5663,117.4658,114.5773
2022-23,POR,2023-03-03,POR @ ATL,ATL,False,L,111,129,-18,41,87,0.471,13,39,0.333,16,20,9,25,34,22,11,7,18,0.546,105.7949,122.9508
2022-23,POR,2023-03-01,POR vs. NOP,NOP,True,L,110,121,-11,36,81,0.444,11,38,0.289,27,29,12,29,41,18,5,8,14,0.5123,115.8627,127.4489
2022-23,POR,2023-02-28,POR @ GSW,GSW,False,L,105,123,-18,37,86,0.43,12,39,0.308,19,22,9,24,33,26,8,4,13,0.5,103.0827,120.754
2022-23,POR,2023-02-26,POR vs. HOU,HOU,True,W,131,114,17,42,77,0.545,20,39,0.513,27,35,6,31,37,20,7,7,14,0.6753,126.3259,109.9325
2022-23,POR,2023-02-23,POR @ SAC,SAC,False,L,116,133,-17,43,93,0.462,16,38,0.421,14,17,9,24,33,26,12,3,13,0.5484,110.9411,127.1997
2022-23,POR,2023-02-14,POR vs. WAS,WAS,True,L,101,126,-25,36,86,0.419,12,42,0.286,17,24,12,25,37,20,9,5,12,0.4884,102.9352,128.4142
2022-23,POR,2023-02-13,POR vs. LAL,LAL,True,W,127,115,12,46,97,0.474,23,47,0.489,12,13,8,34,42,27,7,9,7,0.5928,123.9266,112.217
2022-23,POR,2023-02-10,POR vs. OKC,OKC,True,L,129,138,-9,42,76,0.553,16,40,0.4,29,31,9,23,32,29,3,5,20,0.6579,128.9742,137.9724
2022-23,POR,2023-02-08,POR vs. GSW,GSW,True,W,125,122,3,43,78,0.551,8,27,0.296,31,32,12,35,47,25,6,3,21,0.6026,122.8622,119.9135
2022-23,POR,2023-02-06,POR vs. MIL,MIL,True,L,108,127,-19,37,91,0.407,9,36,0.25,25,29,1,27,28,23,5,2,9,0.456,99.5392,117.0507
2022-23,POR,2023-02-04,POR @ CHI,CHI,False,L,121,129,-8,44,87,0.506,14,43,0.326,19,21,7,26,33,22,3,3,9,0.5862,123.95,132.1451
2022-23,POR,2023-02-03,POR @ WAS,WAS,False,W,124,116,8,43,88,0.489,17,41,0.415,21,23,11,27,38,25,5,2,7,0.5852,130.6639,122.2339
2022-23,POR,2023-02-01,POR @ MEM,MEM,False,W,122,112,10,41,87,0.471,14,36,0.389,26,27,9,32,41,24,3,5,13,0.5517,120.0787,110.2362
2022-23,POR,2023-01-30,POR vs. ATL,ATL,True,W,129,125,4,43,79,0.544,19,40,0.475,24,27,3,29,32,24,2,7,8,0.6646,133.6234,129.48
2022-23,POR,2023-01-28,POR vs. TOR,TOR,True,L,105,123,-18,40,76,0.526,7,24,0.292,18,23,3,24,27,18,3,6,12,0.5724,111.6784,130.8232
2022-23,POR,2023-01-25,POR vs. UTA,UTA,True,W,134,124,10,51,89,0.573,17,36,0.472,15,18,6,35,41,26,9,4,10,0.6685,132.3326,122.457
2022-23,POR,2023-01-23,POR vs. SAS,SAS,True,W,147,127,20,55,92,0.598,20,33,0.606,17,22,8,28,36,34,11,4,10,0.7065,142.6354,123.2292
2022-23,POR,2023-01-22,POR vs. LAL,LAL,True,L,112,121,-9,37,86,0.43,17,46,0.37,21,25,11,27,38,24,5,7,12,0.5291,112.6307,121.6814
2022-23,POR,2023-01-19,POR vs. PHI,PHI,True,L,95,105,-10,32,85,0.376,9,37,0.243,22,29,13,31,44,19,4,3,16,0.4294,94.943,104.937
2022-23,POR,2023-01-17,POR @ DEN,DEN,False,L,113,122,-9,38,83,0.458,13,40,0.325,24,25,5,30,35,21,3,4,13,0.5361,111.1548,120.0079
2022-23,POR,2023-01-15,POR vs. DAL,DAL,True,W,140,123,17,43,85,0.506,17,44,0.386,37,42,8,33,41,28,3,6,8,0.6059,137.931,121.1823
2022-23,POR,2023-01-14,POR vs. DAL,DAL,True,W,136,119,17,49,88,0.557,17,41,0.415,21,22,10,37,47,34,7,4,12,0.6534,136.6559,119.574
2022-23,POR,2023-01-12,POR vs. CLE,CLE,True,L,113,119,-6,40,78,0.513,11,33,0.333,22,29,5,31,36,17,6,4,17,0.5833,110.5675,116.4384
2022-23,POR,2023-01-10,POR vs. ORL,ORL,True,L,106,109,-3,42,87,0.483,6,35,0.171,16,19,13,30,43,22,10,7,17,0.5172,106.8764,109.9012
2022-23,POR,2023-01-08,POR @ TOR,TOR,False,L,105,117,-12,34,76,0.447,9,30,0.3,28,37,10,32,42,19,5,4,24,0.5066,101.4297,113.0216
2022-23,POR,2023-01-06,POR @ IND,IND,False,L,99,108,-9,38,94,0.404,9,33,0.273,14,17,12,40,52,30,5,1,18,0.4521,92.6099,101.029
2022-23,POR,2023-01-04,POR @ MIN,MIN,False,L,106,113,-7,33,75,0.44,9,29,0.31,31,42,12,27,39,18,8,7,18,0.5,106.8979,113.9572
2022-23,POR,2023-01-02,POR vs. DET,DET,True,W,135,106,29,48,84,0.571,14,31,0.452,25,35,6,38,44,29,16,6,18,0.6548,120.8378,94.8801
2022-23,POR,2022-12-30,POR @ GSW,GSW,False,L,112,118,-6,42,91,0.462,12,39,0.308,16,23,17,32,49,22,2,4,16,0.5275,114.0762,120.1874
2022-23,POR,2022-12-26,POR vs. CHA,CHA,True,W,124,113,11,43,86,0.5,14,38,0.368,24,28,10,40,50,28,8,9,15,0.5814,116.8048,106.4431
2022-23,POR,2022-12-23,POR @ DEN,DEN,False,L,107,120,-13,39,87,0.448,9,35,0.257,20,26,13,30,43,24,5,3,14,0.5,107.6026,120.6758
2022-23,POR,2022-12-21,POR @ OKC,OKC,False,L,98,101,-3,39,79,0.494,14,36,0.389,6,9,9,27,36,29,9,5,20,0.5823,102.6393,105.7813
2022-23,POR,2022-12-19,POR @ OKC,OKC,False,L,121,123,-2,44,88,0.5,16,37,0.432,17,21,14,31,45,26,5,2,16,0.5909,118.3258,120.2816
2022-23,POR,2022-12-17,POR @ HOU,HOU,False,W,107,95,12,40,85,0.471,13,36,0.361,14,19,10,26,36,20,8,4,14,0.5471,107.4729,95.4198
2022-23,POR,2022-12-16,POR @ DAL,DAL,False,L,110,130,-20,39,89,0.438,13,37,0.351,19,25,10,32,42,21,4,2,12,0.5112,107.611,127.1767
2022-23,POR,2022-12-14,POR @ SAS,SAS,False,W,128,112,16,49,81,0.605,18,40,0.45,12,17,5,35,40,26,5,3,17,0.716,126.2078,110.4319
2022-23,POR,2022-12-12,POR vs. MIN,MIN,True,W,133,112,21,48,89,0.539,21,46,0.457,16,21,11,43,54,32,4,4,19,0.6573,126.3058,106.3628
2022-23,POR,2022-12-10,POR vs. MIN,MIN,True,W,124,118,6,43,83,0.518,13,34,0.382,25,28,11,34,45,20,5,4,16,0.5964,122.2397,116.3249
2022-23,POR,2022-12-08,POR vs. DEN,DEN,True,L,120,121,-1,44,91,0.484,16,40,0.4,16,16,13,25,38,30,10,3,13,0.5714,120.7729,121.7794
2022-23,POR,2022-12-04,POR vs. IND,IND,True,W,116,100,16,42,86,0.488,17,40,0.425,15,22,11,34,45,32,10,3,15,0.5872,116.6064,100.5227
2022-23,POR,2022-12-03,POR @ UTA,UTA,False,W,116,111,5,41,85,0.482,10,25,0.4,24,31,12,37,49,19,5,6,13,0.5412,116.6064,111.5802
2022-23,POR,2022-11-30,POR @ LAL,LAL,False,L,109,128,-19,42,90,0.467,8,24,0.333,17,21,12,33,45,21,4,5,12,0.5111,107.5587,126.3075
2022-23,POR,2022-11-29,POR vs. LAC,LAC,True,L,112,118,-6,42,90,0.467,17,35,0.486,11,15,9,34,43,24,6,7,11,0.5611,112.6081,118.6407
2022-23,POR,2022-11-27,POR @ BKN,BKN,False,L,97,111,-14,35,79,0.443,12,33,0.364,15,22,11,31,42,27,4,2,13,0.519,107.4197,122.9236
2022-23,POR,2022-11-25,POR @ NYK,NYK,False,W,132,129,3,42,85,0.494,10,32,0.313,38,51,13,35,48,24,3,3,13,0.5529,118.5132,115.8197
2022-23,POR,2022-11-23,POR @ CLE,CLE,False,L,96,114,-18,35,78,0.449,13,31,0.419,13,13,11,21,32,28,9,4,17,0.5321,106.7616,126.7794
2022-23,POR,2022-11-21,POR @ MIL,MIL,False,L,111,119,-8,44,93,0.473,8,29,0.276,15,19,12,28,40,19,5,3,16,0.5161,107.579,115.3324
2022-23,POR,2022-11-19,POR vs. UTA,UTA,True,L,113,118,-5,39,83,0.47,13,42,0.31,22,27,10,33,43,27,11,8,18,0.5482,109.7087,114.5631
2022-23,POR,2022-11-17,POR vs. BKN,BKN,True,L,107,109,-2,36,93,0.387,13,36,0.361,22,27,8,31,39,22,9,5,10,0.457,102.8846,104.8077
2022-23,POR,2022-11-15,POR vs. SAS,SAS,True,W,117,110,7,41,79,0.519,15,32,0.469,20,26,9,30,39,22,6,3,17,0.6139,117.6352,110.5972
2022-23,POR,2022-11-12,POR @ DAL,DAL,False,L,112,117,-5,36,80,0.45,13,31,0.419,27,35,12,32,44,20,6,2,12,0.5312,116.764,121.9766
2022-23,POR,2022-11-10,POR @ NOP,NOP,False,W,106,95,11,37,85,0.435,12,34,0.353,20,26,11,35,46,25,8,2,9,0.5059,110.4167,98.9583
2022-23,POR,2022-11-09,POR @ CHA,CHA,False,W,105,95,10,40,75,0.533,11,34,0.324,14,25,8,37,45,28,5,4,18,0.6067,111.3704,100.7637
2022-23,POR,2022-11-07,POR @ MIA,MIA,False,W,110,107,3,38,72,0.528,16,37,0.432,18,21,4,33,37,27,7,2,19,0.6389,113.4957,110.4003
2022-23,POR,2022-11-05,POR @ PHX,PHX,False,L,82,102,-20,30,79,0.38,7,15,0.467,15,24,8,32,40,22,5,7,18,0.4241,83.2995,103.6164
2022-23,POR,2022-11-04,POR @ PHX,PHX,False,W,108,106,2,43,85,0.506,10,23,0.435,12,15,11,31,42,30,6,3,18,0.5647,110.8602,108.8072
2022-23,POR,2022-11-02,POR vs. MEM,MEM,True,L,106,111,-5,36,89,0.404,13,33,0.394,21,26,16,30,46,27,5,3,20,0.4775,103.7588,108.6531
2022-23,POR,2022-10-28,POR vs. HOU,HOU,True,W,125,111,14,48,90,0.533,13,35,0.371,16,20,11,34,45,30,9,6,16,0.6056,118.461,105.1933
2022-23,POR,2022-10-26,POR vs. MIA,MIA,True,L,98,119,-21,34,78,0.436,12,37,0.324,18,26,11,27,38,20,9,4,19,0.5128,100.1021,121.5526
2022-23,POR,2022-10-24,POR vs. DEN,DEN,True,W,135,110,25,48,83,0.578,16,35,0.457,23,31,9,36,45,23,3,6,10,0.6747,140.0415,114.1079
2022-23,POR,2022-10-23,POR @ LAL,LAL,False,W,106,104,2,37,84,0.44,10,27,0.37,22,27,13,39,52,19,6,5,19,0.5,103.0727,101.128
2022-23,POR,2022-10-21,POR vs. PHX,PHX,True,W,113,111,2,36,82,0.439,10,29,0.345,31,36,13,35,48,14,8,5,21,0.5,104.1091,102.2664
2022-23,POR,2022-10-19,POR @ SAC,SAC,False,W,115,108,7,39,88,0.443,11,28,0.393,26,33,11,33,44,20,11,2,11,0.5057,110.6408,103.9061
2022-23,SAC,2023-04-09,SAC @ DEN,DEN,False,L,95,109,-14,37,85,0.435,11,43,0.256,10,15,10,24,34,24,7,6,15,0.5,96.6429,110.885
2022-23,SAC,2023-04-07,SAC vs. GSW,GSW,True,L,97,119,-22,38,98,0.388,11,39,0.282,10,18,18,22,40,24,10,3,12,0.4439,95.8119,117.5425
2022-23,SAC,2023-04-05,SAC @ DAL,DAL,False,L,119,123,-4,46,106,0.434,12,37,0.324,15,19,22,35,57,31,7,1,9,0.4906,118.2432,122.2178
2022-23,SAC,2023-04-04,SAC @ NOP,NOP,False,W,121,103,18,46,91,0.505,17,42,0.405,12,15,11,32,43,35,8,4,12,0.5989,121.3154,103.2685
2022-23,SAC,2023-04-02,SAC vs. SAS,SAS,True,L,134,142,-8,49,103,0.476,11,44,0.25,25,32,13,30,43,24,9,5,15,0.5291,114.6083,121.4506
2022-23,SAC,2023-03-31,SAC @ POR,POR,False,W,138,114,24,54,88,0.614,19,39,0.487,11,15,8,33,41,38,11,7,13,0.7216,134.1629,110.8303
2022-23,SAC,2023-03-29,SAC @ POR,POR,False,W,120,80,40,42,92,0.457,18,48,0.375,18,24,10,49,59,30,9,4,10,0.5543,116.0317,77.3545
2022-23,SAC,2023-03-27,SAC vs. MIN,MIN,True,L,115,119,-4,39,84,0.464,5,27,0.185,32,40,12,30,42,16,4,4,10,0.494,117.611,121.7018
2022-23,SAC,2023-03-25,SAC vs. UTA,UTA,True,W,121,113,8,44,95,0.463,16,43,0.372,17,21,14,28,42,30,11,1,9,0.5474,119.0476,111.1767
2022-23,SAC,2023-03-24,SAC vs. PHX,PHX,True,W,135,127,8,47,89,0.528,13,39,0.333,28,32,5,28,33,29,6,3,4,0.6011,132.4568,124.6075
2022-23,SAC,2023-03-21,SAC vs. BOS,BOS,True,L,109,132,-23,39,81,0.481,17,44,0.386,14,21,10,32,42,25,3,4,14,0.5864,113.9214,137.9599
2022-23,SAC,2023-03-20,SAC @ UTA,UTA,False,L,120,128,-8,41,97,0.423,19,52,0.365,19,25,8,35,43,28,5,3,6,0.5206,114.2204,121.8351
2022-23,SAC,2023-03-18,SAC @ WAS,WAS,False,W,132,118,14,48,86,0.558,22,37,0.595,14,23,7,37,44,34,7,7,8,0.686,133.3333,119.1919
2022-23,SAC,2023-03-16,SAC @ BKN,BKN,False,W,101,96,5,32,82,0.39,13,41,0.317,24,32,13,44,57,22,2,5,12,0.4695,106.7653,101.4799
2022-23,SAC,2023-03-15,SAC @ CHI,CHI,False,W,117,114,3,38,78,0.487,18,42,0.429,23,29,5,40,45,26,6,3,20,0.6026,108.4538,105.673
2022-23,SAC,2023-03-13,SAC vs. MIL,MIL,True,L,124,133,-9,46,104,0.442,21,50,0.42,11,15,15,30,45,31,4,2,9,0.5433,119.0705,127.7127
2022-23,SAC,2023-03-11,SAC @ PHX,PHX,False,W,128,119,9,41,85,0.482,15,35,0.429,31,37,8,31,39,19,10,2,15,0.5706,119.6485,111.2357
2022-23,SAC,2023-03-09,SAC vs. NYK,NYK,True,W,122,117,5,44,84,0.524,10,32,0.313,24,32,6,36,42,28,10,3,12,0.5833,116.3456,111.5773
2022-23,SAC,2023-03-06,SAC vs. NOP,NOP,True,W,123,108,15,47,83,0.566,16,38,0.421,13,20,6,27,33,39,7,3,11,0.6627,128.1517,112.5234
2022-23,SAC,2023-03-04,SAC vs. MIN,MIN,True,L,134,138,-4,49,89,0.551,14,27,0.519,22,30,11,28,39,25,5,1,6,0.6292,136.1512,140.2154
2022-23,SAC,2023-03-03,SAC vs. LAC,LAC,True,W,128,127,1,46,87,0.529,10,33,0.303,26,26,9,36,45,26,3,2,11,0.5862,127.7955,126.7971
2022-23,SAC,2023-02-28,SAC @ OKC,OKC,False,W,123,117,6,43,82,0.524,15,42,0.357,22,30,8,43,51,34,3,4,20,0.6159,115.0823,109.4686
2022-23,SAC,2023-02-26,SAC @ OKC,OKC,False,W,124,115,9,45,85,0.529,18,43,0.419,16,24,13,35,48,32,7,1,20,0.6353,121.7596,112.9222
2022-23,SAC,2023-02-24,SAC @ LAC,LAC,False,W,176,175,1,65,111,0.586,18,41,0.439,28,35,12,31,43,33,18,3,15,0.6667,134.742,133.9764
2022-23,SAC,2023-02-23,SAC vs. POR,POR,True,W,133,116,17,47,85,0.553,14,34,0.412,25,31,12,37,49,27,9,4,18,0.6353,127.1997,110.9411
2022-23,SAC,2023-02-14,SAC @ PHX,PHX,False,L,109,120,-11,37,83,0.446,14,38,0.368,21,24,13,27,40,23,8,4,17,0.5301,109.2184,120.2405
2022-23,SAC,2023-02-11,SAC vs. DAL,DAL,True,W,133,128,5,51,100,0.51,8,32,0.25,23,25,11,39,50,22,9,0,7,0.55,123.5141,118.8707
2022-23,SAC,2023-02-10,SAC vs. DAL,DAL,True,L,114,122,-8,39,72,0.542,9,27,0.333,27,32,5,33,38,21,2,4,14,0.6042,118.4785,126.7928
2022-23,SAC,2023-02-08,SAC @ HOU,HOU,False,W,130,128,2,46,92,0.5,10,30,0.333,28,30,10,21,31,29,10,4,9,0.5543,125.8958,123.9589
2022-23,SAC,2023-02-06,SAC @ HOU,HOU,False,W,140,120,20,52,89,0.584,21,41,0.512,15,18,7,28,35,38,9,5,10,0.7022,138.9716,119.1185
2022-23,SAC,2023-02-05,SAC @ NOP,NOP,False,L,104,136,-32,35,82,0.427,11,42,0.262,23,27,11,27,38,23,5,5,15,0.4939,105.6696,138.1833
2022-23,SAC,2023-02-03,SAC @ IND,IND,False,L,104,107,-3,37,86,0.43,13,38,0.342,17,20,11,38,49,24,6,5,20,0.5058,100.0192,102.9044
2022-23,SAC,2023-02-01,SAC @ SAS,SAS,False,W,119,109,10,48,90,0.533,8,27,0.296,15,19,6,28,34,25,10,3,10,0.5778,116.9878,107.1569
2022-23,SAC,2023-01-30,SAC @ MIN,MIN,False,W,118,111,7,47,99,0.475,9,30,0.3,15,22,10,40,50,20,15,3,12,0.5202,105.5079,99.2489
2022-23,SAC,2023-01-28,SAC @ MIN,MIN,False,L,110,117,-7,37,82,0.451,9,33,0.273,27,36,10,26,36,23,5,0,9,0.5061,111.6298,118.7335
2022-23,SAC,2023-01-25,SAC vs. TOR,TOR,True,L,95,113,-18,35,73,0.479,13,32,0.406,12,13,4,30,34,29,6,2,19,0.5685,98.5477,117.2199
2022-23,SAC,2023-01-23,SAC vs. MEM,MEM,True,W,133,100,33,49,88,0.557,22,40,0.55,13,14,10,43,53,37,10,5,25,0.6818,122.8297,92.3532
2022-23,SAC,2023-01-21,SAC vs. PHI,PHI,True,L,127,129,-2,46,84,0.548,13,33,0.394,22,29,4,25,29,28,6,5,9,0.625,124.5831,126.545
2022-23,SAC,2023-01-20,SAC vs. OKC,OKC,True,W,118,113,5,41,87,0.471,12,38,0.316,24,28,13,40,53,25,1,2,15,0.5402,117.9057,112.9097
2022-23,SAC,2023-01-18,SAC @ LAL,LAL,False,W,116,111,5,43,87,0.494,9,30,0.3,21,27,14,33,47,23,3,5,11,0.546,119.711,114.5511
2022-23,SAC,2023-01-15,SAC @ SAS,SAS,False,W,132,119,13,49,89,0.551,14,30,0.467,20,25,7,31,38,24,5,2,6,0.6292,132.1321,119.1191
2022-23,SAC,2023-01-13,SAC vs. HOU,HOU,True,W,139,114,25,47,86,0.547,20,40,0.5,25,29,14,32,46,34,10,8,14,0.6628,136.435,111.8963
2022-23,SAC,2023-01-11,SAC vs. HOU,HOU,True,W,135,115,20,45,94,0.479,19,48,0.396,26,31,9,36,45,28,4,4,9,0.5798,124.3552,105.9322
2022-23,SAC,2023-01-09,SAC vs. ORL,ORL,True,W,136,111,25,52,97,0.536,23,46,0.5,9,12,11,37,48,39,4,1,11,0.6546,132.6312,108.2504
2022-23,SAC,2023-01-07,SAC vs. LAL,LAL,True,L,134,136,-2,45,86,0.523,14,32,0.438,30,37,13,21,34,25,5,4,14,0.6047,129.5938,131.528
2022-23,SAC,2023-01-04,SAC vs. ATL,ATL,True,L,117,120,-3,41,88,0.466,10,25,0.4,25,27,10,32,42,26,9,3,11,0.5227,114.9538,117.9014
2022-23,SAC,2023-01-03,SAC @ UTA,UTA,False,W,117,115,2,46,86,0.535,9,32,0.281,16,18,7,33,40,23,7,4,18,0.5872,111.5986,109.691
2022-23,SAC,2023-01-01,SAC @ MEM,MEM,False,L,108,118,-10,39,96,0.406,15,43,0.349,15,15,14,33,47,24,7,4,16,0.4844,104.773,114.4742
2022-23,SAC,2022-12-30,SAC vs. UTA,UTA,True,W,126,125,1,50,90,0.556,12,30,0.4,14,19,10,28,38,32,5,3,15,0.6222,121.9985,121.0302
2022-23,SAC,2022-12-28,SAC vs. DEN,DEN,True,W,127,126,1,47,89,0.528,14,31,0.452,19,25,11,23,34,32,10,6,12,0.6067,125.1725,124.1869
2022-23,SAC,2022-12-27,SAC vs. DEN,DEN,True,L,106,113,-7,40,82,0.488,10,35,0.286,16,19,8,31,39,20,8,2,16,0.5488,107.8332,114.9542
2022-23,SAC,2022-12-23,SAC vs. WAS,WAS,True,L,111,125,-14,37,84,0.44,10,32,0.313,27,35,13,34,47,19,5,2,13,0.5,109.3812,123.177
2022-23,SAC,2022-12-21,SAC vs. LAL,LAL,True,W,134,120,14,48,95,0.505,17,47,0.362,21,28,10,36,46,29,6,2,12,0.5947,123.7761,110.8443
2022-23,SAC,2022-12-19,SAC vs. CHA,CHA,True,L,119,125,-6,45,95,0.474,12,33,0.364,17,31,10,32,42,23,8,2,8,0.5368,110.8214,116.409
2022-23,SAC,2022-12-16,SAC @ DET,DET,False,W,122,113,9,43,82,0.524,12,31,0.387,24,29,4,29,33,30,8,1,14,0.5976,118.2171,109.4961
2022-23,SAC,2022-12-14,SAC @ TOR,TOR,False,W,124,123,1,45,93,0.484,17,46,0.37,17,20,13,37,50,29,3,3,15,0.5753,120.5757,119.6033
2022-23,SAC,2022-12-13,SAC @ PHI,PHI,False,L,103,123,-20,38,92,0.413,10,42,0.238,17,20,13,35,48,21,5,4,17,0.4674,98.7157,117.8838
2022-23,SAC,2022-12-11,SAC @ NYK,NYK,False,L,99,112,-13,33,83,0.398,10,39,0.256,23,35,11,30,41,20,7,0,17,0.4578,95.523,108.0664
2022-23,SAC,2022-12-09,SAC @ CLE,CLE,False,W,106,95,11,35,66,0.53,16,33,0.485,20,32,5,33,38,21,11,5,19,0.6515,108.8519,97.556
2022-23,SAC,2022-12-07,SAC @ MIL,MIL,False,L,113,126,-13,43,91,0.473,12,38,0.316,15,16,8,32,40,19,2,4,8,0.5385,116.1357,129.4964
2022-23,SAC,2022-12-04,SAC vs. CHI,CHI,True,W,110,101,9,40,86,0.465,13,43,0.302,17,19,5,41,46,30,10,2,19,0.5407,103.9108,95.409
2022-23,SAC,2022-12-03,SAC @ LAC,LAC,False,W,123,96,27,46,89,0.517,11,32,0.344,20,30,8,38,46,31,7,6,9,0.5787,117.9064,92.0245
2022-23,SAC,2022-11-30,SAC vs. IND,IND,True,W,137,114,23,48,95,0.505,16,43,0.372,25,29,11,47,58,28,8,5,18,0.5895,118.6353,98.7184
2022-23,SAC,2022-11-28,SAC vs. PHX,PHX,True,L,117,122,-5,46,88,0.523,9,25,0.36,16,18,8,29,37,32,9,7,16,0.5739,111.3861,116.1462
2022-23,SAC,2022-11-25,SAC @ BOS,BOS,False,L,104,122,-18,36,87,0.414,9,36,0.25,23,26,11,34,45,20,3,4,18,0.4655,100.8143,118.2629
2022-23,SAC,2022-11-23,SAC @ ATL,ATL,False,L,106,115,-9,41,89,0.461,9,31,0.29,15,21,10,38,48,27,6,2,19,0.5112,99.8305,108.3066
2022-23,SAC,2022-11-22,SAC @ MEM,MEM,False,W,113,109,4,39,90,0.433,15,45,0.333,20,27,9,36,45,27,11,2,20,0.5167,101.7651,98.1628
2022-23,SAC,2022-11-20,SAC vs. DET,DET,True,W,137,129,8,47,85,0.553,12,35,0.343,31,35,8,33,41,29,4,0,11,0.6235,133.9722,126.149
2022-23,SAC,2022-11-17,SAC vs. SAS,SAS,True,W,130,112,18,48,83,0.578,12,30,0.4,22,24,6,31,37,28,7,1,12,0.6506,129.4563,111.5316
2022-23,SAC,2022-11-15,SAC vs. BKN,BKN,True,W,153,121,32,56,94,0.596,20,41,0.488,21,25,9,34,43,39,9,4,17,0.7021,137.5157,108.7543
2022-23,SAC,2022-11-13,SAC vs. GSW,GSW,True,W,122,115,7,47,91,0.516,16,37,0.432,12,19,9,36,45,31,8,2,16,0.6044,114.3393,107.7788
2022-23,SAC,2022-11-11,SAC @ LAL,LAL,False,W,120,114,6,45,87,0.517,12,36,0.333,18,21,10,30,40,27,10,4,15,0.5862,119.5934,113.6137
2022-23,SAC,2022-11-09,SAC vs. CLE,CLE,True,W,127,120,7,40,76,0.526,17,39,0.436,30,35,2,22,24,30,12,4,9,0.6382,127.51,120.4819
2022-23,SAC,2022-11-07,SAC @ GSW,GSW,False,L,113,116,-3,37,91,0.407,14,40,0.35,25,29,9,34,43,24,9,0,11,0.4835,107.619,110.4762
2022-23,SAC,2022-11-05,SAC @ ORL,ORL,False,W,126,123,3,47,93,0.505,15,40,0.375,17,26,6,30,36,24,5,4,14,0.586,112.3796,109.7039
2022-23,SAC,2022-11-02,SAC @ MIA,MIA,False,L,107,110,-3,41,86,0.477,13,36,0.361,12,14,4,35,39,29,4,3,12,0.5523,108.6957,111.7432
2022-23,SAC,2022-10-31,SAC @ CHA,CHA,False,W,115,108,7,37,85,0.435,17,44,0.386,24,28,10,32,42,26,8,4,19,0.5353,108.7573,102.1373
2022-23,SAC,2022-10-29,SAC vs. MIA,MIA,True,W,119,113,6,42,76,0.553,14,31,0.452,21,29,6,37,43,27,1,6,21,0.6447,115.3101,109.4961
2022-23,SAC,2022-10-27,SAC vs. MEM,MEM,True,L,110,125,-15,40,83,0.482,12,38,0.316,18,22,9,31,40,28,5,2,13,0.5542,110.2204,125.2505
2022-23,SAC,2022-10-23,SAC @ GSW,GSW,False,L,125,130,-5,47,100,0.47,11,43,0.256,20,25,13,38,51,31,10,2,16,0.525,111.6869,116.1544
2022-23,SAC,2022-10-22,SAC vs. LAC,LAC,True,L,109,111,-2,40,85,0.471,14,35,0.4,15,26,9,30,39,24,5,5,12,0.5529,110.0343,112.0533
2022-23,SAC,2022-10-19,SAC vs. POR,POR,True,L,108,115,-7,39,85,0.459,17,44,0.386,13,19,4,37,41,27,8,5,16,0.5588,103.9061,110.6408
2022-23,SAS,2023-04-09,SAS @ DAL,DAL,False,W,138,117,21,51,104,0.49,15,38,0.395,21,30,13,56,69,31,2,3,12,0.5625,121.4575,102.9748
2022-23,SAS,2023-04-08,SAS vs. MIN,MIN,True,L,131,151,-20,50,95,0.526,13,29,0.448,18,24,10,35,45,34,5,4,13,0.5947,121.9739,140.5959
2022-23,SAS,2023-04-06,SAS vs. POR,POR,True,W,129,127,2,47,106,0.443,10,35,0.286,25,28,18,29,47,29,9,4,15,0.4906,113.5363,111.7761
2022-23,SAS,2023-04-04,SAS @ PHX,PHX,False,L,94,115,-21,35,90,0.389,13,40,0.325,11,14,9,29,38,25,7,5,12,0.4611,94.6626,115.8107
2022-23,SAS,2023-04-02,SAS @ SAC,SAC,False,W,142,134,8,52,98,0.531,13,34,0.382,25,29,14,38,52,31,8,3,18,0.5969,121.4506,114.6083
2022-23,SAS,2023-03-31,SAS @ GSW,GSW,False,L,115,130,-15,42,91,0.462,15,38,0.395,16,23,14,32,46,27,8,4,15,0.544,111.9984,126.6069
2022-23,SAS,2023-03-29,SAS vs. UTA,UTA,True,L,117,128,-11,45,95,0.474,10,35,0.286,17,21,9,30,39,31,10,4,15,0.5263,107.8142,117.9506
2022-23,SAS,2023-03-26,SAS @ BOS,BOS,False,L,93,137,-44,36,97,0.371,8,36,0.222,13,18,3,35,38,22,7,0,10,0.4124,85.2585,125.5959
2022-23,SAS,2023-03-24,SAS @ WAS,WAS,False,L,124,136,-12,51,101,0.505,13,38,0.342,9,15,11,30,41,35,4,4,5,0.5693,122.748,134.6268
2022-23,SAS,2023-03-22,SAS @ MIL,MIL,False,L,94,130,-36,36,93,0.387,9,39,0.231,13,20,8,38,46,26,7,6,19,0.4355,83.0535,114.8613
2022-23,SAS,2023-03-21,SAS @ NOP,NOP,False,L,84,119,-35,30,87,0.345,13,41,0.317,11,19,10,27,37,22,8,3,16,0.4195,82.5634,116.9648
2022-23,SAS,2023-03-19,SAS vs. ATL,ATL,True,W,126,118,8,51,94,0.543,14,28,0.5,10,16,10,31,41,26,9,5,12,0.617,123.0228,115.2119
2022-23,SAS,2023-03-17,SAS vs. MEM,MEM,True,L,120,126,-6,39,98,0.398,20,52,0.385,22,29,16,38,54,31,11,4,20,0.5,105.7269,111.0132
2022-23,SAS,2023-03-15,SAS vs. DAL,DAL,True,L,128,137,-9,49,107,0.458,15,34,0.441,15,26,16,31,47,26,7,4,10,0.528,114.4288,122.4745
2022-23,SAS,2023-03-14,SAS vs. ORL,ORL,True,W,132,114,18,48,85,0.565,22,41,0.537,14,18,7,40,47,39,6,7,15,0.6941,129.9468,112.2268
2022-23,SAS,2023-03-12,SAS vs. OKC,OKC,True,L,90,102,-12,33,88,0.375,10,36,0.278,14,19,10,40,50,24,3,7,19,0.4318,86.7553,98.3227
2022-23,SAS,2023-03-10,SAS vs. DEN,DEN,True,W,128,120,8,51,94,0.543,13,33,0.394,13,17,13,37,50,31,10,0,19,0.6117,120.5954,113.0582
2022-23,SAS,2023-03-05,SAS @ HOU,HOU,False,L,110,142,-32,43,93,0.462,11,34,0.324,13,21,13,22,35,23,5,4,15,0.5215,105.7692,136.5385
2022-23,SAS,2023-03-04,SAS vs. HOU,HOU,True,L,110,122,-12,38,86,0.442,15,37,0.405,19,20,13,29,42,24,9,3,15,0.5291,112.5435,124.821
2022-23,SAS,2023-03-02,SAS vs. IND,IND,True,W,110,99,11,45,98,0.459,10,32,0.313,10,13,13,37,50,31,5,6,17,0.5102,104.4833,94.035
2022-23,SAS,2023-02-28,SAS @ UTA,UTA,False,W,102,94,8,39,91,0.429,8,26,0.308,16,25,9,36,45,23,9,5,14,0.4725,95.3984,87.9162
2022-23,SAS,2023-02-25,SAS @ UTA,UTA,False,L,102,118,-16,38,97,0.392,9,34,0.265,17,21,9,32,41,21,5,6,10,0.4381,95.9729,111.0275
2022-23,SAS,2023-02-23,SAS @ DAL,DAL,False,L,116,142,-26,45,86,0.523,10,25,0.4,16,23,10,35,45,30,4,1,17,0.5814,113.1928,138.5636
2022-23,SAS,2023-02-15,SAS @ CHA,CHA,False,L,110,120,-10,41,107,0.383,13,38,0.342,15,20,20,38,58,24,7,6,15,0.4439,99.7461,108.8139
2022-23,SAS,2023-02-13,SAS @ CLE,CLE,False,L,109,117,-8,43,85,0.506,8,21,0.381,15,20,11,24,35,27,10,1,18,0.5529,113.0705,121.3693
2022-23,SAS,2023-02-11,SAS @ ATL,ATL,False,L,106,125,-19,40,94,0.426,11,37,0.297,15,17,14,35,49,25,9,5,20,0.484,98.6781,116.3657
2022-23,SAS,2023-02-10,SAS @ DET,DET,False,L,131,138,-7,45,107,0.421,14,42,0.333,27,34,13,38,51,21,7,3,19,0.486,104.1667,109.7328
2022-23,SAS,2023-02-08,SAS @ TOR,TOR,False,L,98,112,-14,35,87,0.402,9,32,0.281,19,27,7,32,39,24,11,4,16,0.454,91.967,105.1051
2022-23,SAS,2023-02-06,SAS @ CHI,CHI,False,L,104,128,-24,40,90,0.444,8,26,0.308,16,17,6,32,38,25,7,3,18,0.4889,96.0828,118.2557
2022-23,SAS,2023-02-03,SAS vs. PHI,PHI,True,L,125,137,-12,52,89,0.584,7,21,0.333,14,15,9,26,35,32,8,0,18,0.6236,120.9834,132.5978
2022-23,SAS,2023-02-01,SAS vs. SAC,SAC,True,L,109,119,-10,48,88,0.545,8,24,0.333,5,7,8,32,40,30,5,1,18,0.5909,107.1569,116.9878
2022-23,SAS,2023-01-30,SAS vs. WAS,WAS,True,L,106,127,-21,42,97,0.433,7,29,0.241,15,23,14,29,43,26,6,6,10,0.4691,103.1128,123.5409
2022-23,SAS,2023-01-28,SAS vs. PHX,PHX,True,L,118,128,-10,48,109,0.44,10,29,0.345,12,17,17,36,53,32,6,4,13,0.4862,107.8019,116.9377
2022-23,SAS,2023-01-26,SAS @ LAC,LAC,False,L,100,138,-38,37,82,0.451,8,24,0.333,18,28,11,31,42,24,2,1,14,0.5,102.7961,141.8586
2022-23,SAS,2023-01-25,SAS @ LAL,LAL,False,L,104,113,-9,40,106,0.377,8,34,0.235,16,18,17,31,48,22,11,2,14,0.4151,93.2234,101.2908
2022-23,SAS,2023-01-23,SAS @ POR,POR,False,L,127,147,-20,47,90,0.522,13,27,0.481,20,26,14,26,40,30,7,4,15,0.5944,123.2292,142.6354
2022-23,SAS,2023-01-20,SAS vs. LAC,LAC,True,L,126,131,-5,51,89,0.573,14,26,0.538,10,14,12,22,34,34,3,1,7,0.6517,141.6049,147.2241
2022-23,SAS,2023-01-17,SAS vs. BKN,BKN,True,W,106,98,8,37,97,0.381,7,34,0.206,25,28,13,41,54,23,12,4,16,0.4175,95.5471,88.336
2022-23,SAS,2023-01-15,SAS vs. SAC,SAC,True,L,119,132,-13,48,93,0.516,10,26,0.385,13,20,11,29,40,27,1,3,10,0.5699,119.1191,132.1321
2022-23,SAS,2023-01-13,SAS vs. GSW,GSW,True,L,113,144,-31,40,88,0.455,8,22,0.364,25,34,7,31,38,26,6,3,15,0.5,101.912,129.8701
2022-23,SAS,2023-01-11,SAS @ MEM,MEM,False,L,129,135,-6,50,107,0.467,11,34,0.324,18,23,17,31,48,33,7,11,12,0.5187,116.6787,122.1056
2022-23,SAS,2023-01-09,SAS @ MEM,MEM,False,L,113,121,-8,44,97,0.454,11,32,0.344,14,16,12,30,42,28,8,1,14,0.5103,104.9016,112.3283
2022-23,SAS,2023-01-07,SAS vs. BOS,BOS,True,L,116,121,-5,49,100,0.49,7,25,0.28,11,14,12,39,51,25,6,3,13,0.525,107.3676,111.9956
2022-23,SAS,2023-01-06,SAS vs. DET,DET,True,W,121,109,12,45,81,0.556,9,24,0.375,22,26,7,37,44,27,8,4,18,0.6111,118.0949,106.383
2022-23,SAS,2023-01-04,SAS @ NYK,NYK,False,L,114,117,-3,41,82,0.5,11,28,0.393,21,26,9,29,38,25,5,3,17,0.5671,110.2088,113.109
2022-23,SAS,2023-01-02,SAS @ BKN,BKN,False,L,103,139,-36,42,97,0.433,8,31,0.258,11,18,15,28,43,26,5,4,18,0.4742,96.4781,130.1986
2022-23,SAS,2022-12-31,SAS vs. DAL,DAL,True,L,125,126,-1,47,85,0.553,8,19,0.421,23,32,15,33,48,28,1,0,13,0.6,130.6711,131.7165
2022-23,SAS,2022-12-29,SAS vs. NYK,NYK,True,W,122,115,7,45,88,0.511,11,28,0.393,21,29,14,34,48,25,5,7,13,0.5739,119.9607,113.0777
2022-23,SAS,2022-12-27,SAS @ OKC,OKC,False,L,114,130,-16,46,99,0.465,10,29,0.345,12,14,16,25,41,20,9,4,15,0.5152,111.3281,126.9531
2022-23,SAS,2022-12-26,SAS vs. UTA,UTA,True,W,126,122,4,48,87,0.552,6,18,0.333,24,34,6,35,41,27,11,8,14,0.5862,114.9425,111.2936
2022-23,SAS,2022-12-23,SAS @ ORL,ORL,False,L,113,133,-20,44,97,0.454,12,38,0.316,13,18,13,25,38,28,10,6,13,0.5155,106.2429,125.047
2022-23,SAS,2022-12-22,SAS @ NOP,NOP,False,L,117,126,-9,43,90,0.478,9,28,0.321,22,27,14,30,44,23,8,2,17,0.5278,112.0904,120.7128
2022-23,SAS,2022-12-19,SAS @ HOU,HOU,False,W,124,105,19,46,83,0.554,17,34,0.5,15,19,9,37,46,30,6,6,19,0.6566,121.5686,102.9412
2022-23,SAS,2022-12-17,SAS vs. MIA,MIA,True,L,101,111,-10,33,77,0.429,10,27,0.37,25,33,7,31,38,29,8,3,17,0.4935,101.1821,111.2002
2022-23,SAS,2022-12-14,SAS vs. POR,POR,True,L,112,128,-16,45,97,0.464,11,29,0.379,11,19,14,26,40,23,9,3,11,0.5206,110.4319,126.2078
2022-23,SAS,2022-12-12,SAS vs. CLE,CLE,True,W,112,111,1,46,97,0.474,9,27,0.333,11,16,19,27,46,25,6,2,13,0.5206,113.4062,112.3937
2022-23,SAS,2022-12-10,SAS @ MIA,MIA,False,W,115,111,4,42,78,0.538,7,21,0.333,24,31,9,37,46,24,8,4,18,0.5833,115.6011,111.5802
2022-23,SAS,2022-12-08,SAS vs. HOU,HOU,True,W,118,109,9,46,83,0.554,13,36,0.361,13,15,7,31,38,25,5,7,17,0.6325,116.7161,107.814
2022-23,SAS,2022-12-04,SAS vs. PHX,PHX,True,L,95,133,-38,38,87,0.437,6,31,0.194,13,18,12,28,40,19,5,3,19,0.4713,94.19,131.866
2022-23,SAS,2022-12-02,SAS vs. NOP,NOP,True,L,99,117,-18,38,98,0.388,11,39,0.282,12,16,10,39,49,26,4,4,12,0.4439,94.5198,111.7052
2022-23,SAS,2022-11-30,SAS @ OKC,OKC,False,L,111,119,-8,41,92,0.446,10,37,0.27,19,25,13,31,44,27,5,2,11,0.5,110.316,118.2667
2022-23,SAS,2022-11-26,SAS vs. LAL,LAL,True,L,138,143,-5,53,105,0.505,18,37,0.486,14,20,17,30,47,33,8,5,10,0.5905,126.5591,131.1445
2022-23,SAS,2022-11-25,SAS vs. LAL,LAL,True,L,94,105,-11,38,100,0.38,6,33,0.182,12,16,20,30,50,21,11,3,16,0.41,90.8915,101.5278
2022-23,SAS,2022-11-23,SAS vs. NOP,NOP,True,L,110,129,-19,41,85,0.482,10,34,0.294,18,28,8,29,37,31,11,1,20,0.5412,101.1401,118.6098
2022-23,SAS,2022-11-20,SAS @ LAL,LAL,False,L,92,123,-31,41,105,0.39,7,34,0.206,3,10,13,31,44,26,7,2,10,0.4238,86.8088,116.0596
2022-23,SAS,2022-11-19,SAS @ LAC,LAC,False,L,97,119,-22,36,87,0.414,7,26,0.269,18,21,15,28,43,22,4,2,15,0.454,101.2526,124.2171
2022-23,SAS,2022-11-17,SAS @ SAC,SAC,False,L,112,130,-18,46,84,0.548,11,26,0.423,9,12,7,25,32,29,8,6,19,0.6131,111.5316,129.4563
2022-23,SAS,2022-11-15,SAS @ POR,POR,False,L,110,117,-7,44,85,0.518,9,29,0.31,13,17,11,27,38,34,7,5,19,0.5706,110.5972,117.6352
2022-23,SAS,2022-11-14,SAS @ GSW,GSW,False,L,95,132,-37,36,100,0.36,10,40,0.25,13,19,22,31,53,18,6,6,19,0.41,91.1708,126.6795
2022-23,SAS,2022-11-11,SAS vs. MIL,MIL,True,W,111,93,18,43,85,0.506,12,31,0.387,13,15,9,41,50,22,3,13,19,0.5765,107.9137,90.4142
2022-23,SAS,2022-11-09,SAS vs. MEM,MEM,True,L,122,124,-2,47,98,0.48,12,37,0.324,16,23,13,26,39,30,8,2,12,0.5408,114.6401,116.5195
2022-23,SAS,2022-11-07,SAS vs. DEN,DEN,True,L,109,115,-6,43,82,0.524,12,33,0.364,11,18,10,28,38,31,14,5,24,0.5976,101.5276,107.1162
2022-23,SAS,2022-11-05,SAS @ DEN,DEN,False,L,101,126,-25,39,80,0.488,12,30,0.4,11,19,6,22,28,28,8,3,15,0.5625,102.6631,128.0748
2022-23,SAS,2022-11-04,SAS vs. LAC,LAC,True,L,106,113,-7,42,88,0.477,12,31,0.387,10,18,6,29,35,23,7,2,13,0.5455,103.7791,110.6325
2022-23,SAS,2022-11-02,SAS vs. TOR,TOR,True,L,100,143,-43,37,94,0.394,14,43,0.326,12,14,13,33,46,29,3,6,23,0.4681,88.8099,126.9982
2022-23,SAS,2022-10-30,SAS vs. MIN,MIN,True,W,107,98,9,36,86,0.419,16,40,0.4,19,25,14,38,52,27,6,7,20,0.5116,103.9845,95.2381
2022-23,SAS,2022-10-28,SAS vs. CHI,CHI,True,W,129,124,5,46,86,0.535,16,38,0.421,21,26,8,34,42,37,7,3,21,0.6279,117.8728,113.3041
2022-23,SAS,2022-10-26,SAS @ MIN,MIN,False,L,122,134,-12,43,95,0.453,16,36,0.444,20,22,14,27,41,34,6,2,16,0.5368,115.7935,127.183
2022-23,SAS,2022-10-24,SAS @ MIN,MIN,False,W,115,106,9,48,105,0.457,12,37,0.324,7,13,14,36,50,37,11,0,13,0.5143,108.3475,99.8681
2022-23,SAS,2022-10-22,SAS @ PHI,PHI,False,W,114,105,9,43,89,0.483,16,38,0.421,12,15,12,31,43,27,5,7,14,0.573,117.5743,108.2921
2022-23,SAS,2022-10-21,SAS @ IND,IND,False,W,137,134,3,44,81,0.543,17,31,0.548,32,44,7,30,37,34,9,4,17,0.6481,121.2175,118.5631
2022-23,SAS,2022-10-19,SAS vs. CHA,CHA,True,L,102,129,-27,40,99,0.404,7,34,0.206,15,21,14,30,44,22,8,8,15,0.4394,95.167,120.3583
2022-23,TOR,2023-04-09,TOR vs. MIL,MIL,True,W,121,105,16,48,95,0.505,11,33,0.333,14,16,7,38,45,29,8,2,9,0.5632,119.6361,103.8165
2022-23,TOR,2023-04-07,TOR @ BOS,BOS,False,L,102,121,-19,40,93,0.43,9,31,0.29,13,17,12,23,35,21,12,2,8,0.4785,104.7658,124.281
2022-23,TOR,2023-04-05,TOR @ BOS,BOS,False,L,93,97,-4,37,90,0.411,6,33,0.182,13,17,13,37,50,20,10,7,12,0.4444,94.2249,98.2776
2022-23,TOR,2023-04-04,TOR @ CHA,CHA,False,W,120,100,20,42,88,0.477,15,33,0.455,21,28,10,31,41,27,13,7,7,0.5625,123.2792,102.7327
2022-23,TOR,2023-04-02,TOR @ CHA,CHA,False,W,128,108,20,56,104,0.538,8,28,0.286,8,8,15,30,45,38,8,6,8,0.5769,128.4883,108.412
2022-23,TOR,2023-03-31,TOR @ PHI,PHI,False,L,110,117,-7,42,84,0.5,8,26,0.308,18,23,14,20,34,26,6,3,13,0.5476,118.2033,125.7253
2022-23,TOR,2023-03-28,TOR vs. MIA,MIA,True,W,106,92,14,45,93,0.484,8,36,0.222,8,9,15,32,47,32,8,7,9,0.5269,115.6448,100.3709
2022-23,TOR,2023-03-26,TOR vs. WAS,WAS,True,W,114,104,10,45,98,0.459,11,31,0.355,13,16,18,35,53,22,13,6,13,0.5153,113.5232,103.565
2022-23,TOR,2023-03-24,TOR vs. DET,DET,True,W,118,97,21,41,92,0.446,13,37,0.351,23,29,15,31,46,25,12,9,11,0.5163,117.4363,96.5366
2022-23,TOR,2023-03-22,TOR vs. IND,IND,True,L,114,118,-4,39,89,0.438,7,34,0.206,29,39,13,27,40,21,11,7,10,0.4775,113.3426,117.3195
2022-23,TOR,2023-03-19,TOR @ MIL,MIL,False,L,111,118,-7,44,99,0.444,14,34,0.412,9,12,9,32,41,25,6,4,7,0.5152,111.8275,118.8797
2022-23,TOR,2023-03-18,TOR vs. MIN,MIN,True,W,122,107,15,48,90,0.533,9,27,0.333,17,21,9,36,45,23,11,3,15,0.5833,116.9927,102.6084
2022-23,TOR,2023-03-16,TOR vs. OKC,OKC,True,W,128,111,17,47,97,0.485,14,32,0.438,20,28,19,40,59,29,10,6,10,0.5567,124.805,108.2293
2022-23,TOR,2023-03-14,TOR vs. DEN,DEN,True,W,125,110,15,49,93,0.527,12,30,0.4,15,17,14,30,44,25,10,2,11,0.5914,128.5479,113.1222
2022-23,TOR,2023-03-10,TOR @ LAL,LAL,False,L,112,122,-10,46,92,0.5,10,28,0.357,10,13,10,27,37,29,14,3,13,0.5543,109.2257,118.978
2022-23,TOR,2023-03-08,TOR @ LAC,LAC,False,L,100,108,-8,37,96,0.385,13,32,0.406,13,14,15,26,41,21,12,2,12,0.4531,104.2753,112.6173
2022-23,TOR,2023-03-06,TOR @ DEN,DEN,False,L,113,118,-5,43,86,0.5,10,27,0.37,17,20,11,30,41,29,6,4,15,0.5581,114.7674,119.8456
2022-23,TOR,2023-03-04,TOR @ WAS,WAS,False,W,116,109,7,47,90,0.522,12,30,0.4,10,14,10,24,34,30,14,4,14,0.5889,116.0929,109.0873
2022-23,TOR,2023-03-02,TOR @ WAS,WAS,False,L,108,119,-11,41,92,0.446,9,33,0.273,17,17,13,30,43,28,8,7,14,0.4946,107.4413,118.3844
2022-23,TOR,2023-02-28,TOR vs. CHI,CHI,True,W,104,98,6,38,94,0.404,15,42,0.357,13,19,19,28,47,26,11,6,12,0.484,110.7325,104.3441
2022-23,TOR,2023-02-26,TOR @ CLE,CLE,False,L,93,118,-25,36,93,0.387,9,25,0.36,12,15,13,30,43,19,4,4,14,0.4355,94.5314,119.9431
2022-23,TOR,2023-02-25,TOR @ DET,DET,False,W,95,91,4,33,88,0.375,7,26,0.269,22,34,10,36,46,22,9,5,8,0.4148,94.943,90.9454
2022-23,TOR,2023-02-23,TOR vs. NOP,NOP,True,W,115,110,5,43,92,0.467,9,31,0.29,20,25,11,37,48,17,10,5,12,0.5163,111.6505,106.7961
2022-23,TOR,2023-02-14,TOR vs. ORL,ORL,True,W,123,113,10,50,83,0.602,8,24,0.333,15,20,13,27,40,31,9,11,20,0.6506,122.5588,112.5947
2022-23,TOR,2023-02-12,TOR vs. DET,DET,True,W,119,118,1,42,87,0.483,11,30,0.367,24,36,13,27,40,21,5,8,8,0.546,117.2876,116.302
2022-23,TOR,2023-02-10,TOR vs. UTA,UTA,True,L,116,122,-6,41,91,0.451,12,34,0.353,22,30,9,31,40,28,11,3,13,0.5165,107.4273,112.9839
2022-23,TOR,2023-02-08,TOR vs. SAS,SAS,True,W,112,98,14,43,88,0.489,10,28,0.357,16,21,9,42,51,21,11,7,17,0.5455,105.1051,91.967
2022-23,TOR,2023-02-05,TOR @ MEM,MEM,False,W,106,103,3,44,101,0.436,11,36,0.306,7,12,11,31,42,24,11,3,11,0.4901,102.7132,99.8062
2022-23,TOR,2023-02-03,TOR @ HOU,HOU,False,W,117,111,6,41,90,0.456,15,39,0.385,20,27,13,30,43,21,9,7,9,0.5389,117.3521,111.334
2022-23,TOR,2023-02-01,TOR @ UTA,UTA,False,L,128,131,-3,50,110,0.455,10,23,0.435,18,26,25,27,52,27,11,2,8,0.5,125.712,128.6584
2022-23,TOR,2023-01-30,TOR @ PHX,PHX,False,L,106,114,-8,40,89,0.449,9,33,0.273,17,19,16,28,44,19,9,4,14,0.5,111.2277,119.6222
2022-23,TOR,2023-01-28,TOR @ POR,POR,False,W,123,105,18,48,92,0.522,10,30,0.333,17,18,15,30,45,24,6,3,8,0.5761,130.8232,111.6784
2022-23,TOR,2023-01-27,TOR @ GSW,GSW,False,L,117,129,-12,46,101,0.455,12,33,0.364,13,21,14,32,46,24,5,4,10,0.5149,110.4607,121.79
2022-23,TOR,2023-01-25,TOR @ SAC,SAC,False,W,113,95,18,48,97,0.495,12,40,0.3,5,7,11,30,41,28,12,8,10,0.5567,117.2199,98.5477
2022-23,TOR,2023-01-22,TOR vs. NYK,NYK,True,W,125,116,9,41,90,0.456,15,34,0.441,28,35,17,28,45,21,12,4,8,0.5389,129.6412,120.307
2022-23,TOR,2023-01-21,TOR vs. BOS,BOS,True,L,104,106,-2,46,86,0.535,7,19,0.368,5,7,6,35,41,24,7,9,14,0.5756,107.951,110.027
2022-23,TOR,2023-01-19,TOR @ MIN,MIN,False,L,126,128,-2,46,87,0.529,14,28,0.5,20,27,8,30,38,26,8,6,16,0.6092,118.3099,120.1878
2022-23,TOR,2023-01-17,TOR @ MIL,MIL,False,L,122,130,-8,46,101,0.455,13,35,0.371,17,27,20,30,50,20,7,5,9,0.5198,120.126,128.0032
2022-23,TOR,2023-01-16,TOR @ NYK,NYK,False,W,123,121,2,38,96,0.396,13,44,0.295,34,41,14,28,42,27,8,12,6,0.4635,115.7974,113.9145
2022-23,TOR,2023-01-14,TOR vs. ATL,ATL,True,L,103,114,-11,36,87,0.414,7,29,0.241,24,30,11,32,43,19,9,3,14,0.454,101.9197,112.8043
2022-23,TOR,2023-01-12,TOR vs. CHA,CHA,True,W,124,114,10,43,83,0.518,10,28,0.357,28,36,8,24,32,30,15,4,9,0.5783,122.9427,113.028
2022-23,TOR,2023-01-10,TOR vs. CHA,CHA,True,W,132,120,12,45,91,0.495,20,44,0.455,22,27,18,31,49,32,4,4,11,0.6044,137.1571,124.6883
2022-23,TOR,2023-01-08,TOR vs. POR,POR,True,W,117,105,12,40,91,0.44,12,31,0.387,25,29,13,28,41,26,12,8,10,0.5055,113.0216,101.4297
2022-23,TOR,2023-01-06,TOR vs. NYK,NYK,True,L,108,112,-4,35,83,0.422,10,29,0.345,28,35,12,34,46,22,7,3,7,0.4819,114.9915,119.2504
2022-23,TOR,2023-01-04,TOR vs. MIL,MIL,True,L,101,104,-3,38,116,0.328,9,46,0.196,16,20,14,33,47,22,10,4,9,0.3664,85.5932,88.1356
2022-23,TOR,2023-01-02,TOR @ IND,IND,False,L,114,122,-8,41,91,0.451,14,42,0.333,18,23,12,24,36,26,5,11,11,0.5275,112.5592,120.4581
2022-23,TOR,2022-12-30,TOR vs. PHX,PHX,True,W,113,104,9,40,81,0.494,11,33,0.333,22,26,8,23,31,20,15,3,12,0.5617,115.5656,106.3612
2022-23,TOR,2022-12-29,TOR vs. MEM,MEM,True,L,106,119,-13,39,96,0.406,10,28,0.357,18,24,17,30,47,21,11,7,8,0.4583,107.2223,120.3722
2022-23,TOR,2022-12-27,TOR vs. LAC,LAC,True,L,113,124,-11,43,84,0.512,6,23,0.261,21,26,10,29,39,24,6,4,12,0.5476,114.9776,126.1701
2022-23,TOR,2022-12-23,TOR @ CLE,CLE,False,W,118,107,11,42,84,0.5,19,37,0.514,15,18,11,34,45,25,10,2,19,0.6131,119.1197,108.0153
2022-23,TOR,2022-12-21,TOR @ NYK,NYK,False,W,113,106,7,42,94,0.447,9,34,0.265,20,22,16,22,38,17,7,4,5,0.4947,122.4269,114.8429
2022-23,TOR,2022-12-19,TOR @ PHI,PHI,False,L,101,104,-3,37,88,0.42,11,40,0.275,16,20,9,41,50,24,6,3,16,0.483,97.265,100.1541
2022-23,TOR,2022-12-18,TOR vs. GSW,GSW,True,L,110,126,-16,40,95,0.421,13,33,0.394,17,22,18,25,43,21,6,2,14,0.4895,111.0438,127.1956
2022-23,TOR,2022-12-16,TOR vs. BKN,BKN,True,L,116,119,-3,41,84,0.488,9,24,0.375,25,29,7,25,32,17,5,1,9,0.5417,118.4399,121.503
2022-23,TOR,2022-12-14,TOR vs. SAC,SAC,True,L,123,124,-1,47,94,0.5,6,21,0.286,23,27,11,28,39,25,8,7,7,0.5319,119.6033,120.5757
2022-23,TOR,2022-12-11,TOR @ ORL,ORL,False,L,99,111,-12,30,75,0.4,6,25,0.24,33,38,7,21,28,18,9,7,9,0.44,103.4699,116.0117
2022-23,TOR,2022-12-09,TOR @ ORL,ORL,False,L,109,113,-4,36,85,0.424,10,35,0.286,27,33,7,26,33,23,10,5,7,0.4824,110.7949,114.8607
2022-23,TOR,2022-12-07,TOR vs. LAL,LAL,True,W,126,113,13,47,106,0.443,12,43,0.279,20,24,17,37,54,25,10,5,11,0.5,115.6175,103.6888
2022-23,TOR,2022-12-05,TOR vs. BOS,BOS,True,L,110,116,-6,39,85,0.459,10,28,0.357,22,30,12,34,46,19,6,5,13,0.5176,111.9935,118.1022
2022-23,TOR,2022-12-03,TOR vs. ORL,ORL,True,W,121,108,13,47,84,0.56,9,29,0.31,18,25,12,31,43,31,12,4,17,0.6131,120.7344,107.7629
2022-23,TOR,2022-12-02,TOR @ BKN,BKN,False,L,105,114,-9,38,87,0.437,7,24,0.292,22,30,11,32,43,16,7,2,14,0.477,102.0012,110.7441
2022-23,TOR,2022-11-30,TOR @ NOP,NOP,False,L,108,126,-18,42,88,0.477,11,38,0.289,13,19,3,27,30,29,12,7,16,0.5398,100.5587,117.3184
2022-23,TOR,2022-11-28,TOR vs. CLE,CLE,True,W,100,88,12,37,84,0.44,12,28,0.429,14,17,7,38,45,23,4,5,12,0.5119,104.9759,92.3788
2022-23,TOR,2022-11-26,TOR vs. DAL,DAL,True,W,105,100,5,38,88,0.432,8,26,0.308,21,26,17,31,48,20,10,2,13,0.4773,109.9476,104.712
2022-23,TOR,2022-11-23,TOR vs. BKN,BKN,True,L,98,112,-14,36,101,0.356,7,29,0.241,19,25,23,29,52,16,12,2,14,0.3911,96.9913,110.8472
2022-23,TOR,2022-11-19,TOR @ ATL,ATL,False,L,122,124,-2,48,108,0.444,8,37,0.216,18,22,17,34,51,27,11,6,14,0.4815,108.5602,110.3399
2022-23,TOR,2022-11-16,TOR vs. MIA,MIA,True,W,112,104,8,44,86,0.512,7,26,0.269,17,22,16,26,42,23,5,3,14,0.5523,118.9212,110.4268
2022-23,TOR,2022-11-14,TOR @ DET,DET,False,W,115,111,4,40,82,0.488,8,27,0.296,27,28,12,30,42,27,7,8,17,0.5366,113.1667,109.2305
2022-23,TOR,2022-11-12,TOR @ IND,IND,False,L,104,118,-14,37,94,0.394,7,35,0.2,23,29,16,27,43,14,12,8,12,0.4309,101.5228,115.1894
2022-23,TOR,2022-11-11,TOR @ OKC,OKC,False,L,113,132,-19,38,88,0.432,11,30,0.367,26,36,14,25,39,20,13,4,16,0.4943,107.4553,125.523
2022-23,TOR,2022-11-09,TOR vs. HOU,HOU,True,W,116,109,7,42,102,0.412,15,44,0.341,17,20,22,28,50,19,12,9,13,0.4853,116.3257,109.3061
2022-23,TOR,2022-11-07,TOR @ CHI,CHI,False,L,97,111,-14,36,85,0.424,9,28,0.321,16,22,5,26,31,24,10,7,15,0.4765,93.5571,107.0602
2022-23,TOR,2022-11-06,TOR vs. CHI,CHI,True,W,113,104,9,44,103,0.427,10,37,0.27,15,20,23,29,52,28,11,10,9,0.4757,116.7838,107.4824
2022-23,TOR,2022-11-04,TOR @ DAL,DAL,False,L,110,111,-1,39,88,0.443,11,34,0.324,21,25,18,26,44,20,10,4,19,0.5057,109.4527,110.4478
2022-23,TOR,2022-11-02,TOR @ SAS,SAS,False,W,143,100,43,57,106,0.538,14,33,0.424,15,16,9,41,50,31,16,6,11,0.6038,126.9982,88.8099
2022-23,TOR,2022-10-31,TOR vs. ATL,ATL,True,W,139,109,30,46,92,0.5,14,34,0.412,33,40,12,32,44,25,13,9,7,0.5761,132.0038,103.5138
2022-23,TOR,2022-10-28,TOR vs. PHI,PHI,True,L,90,112,-22,33,86,0.384,9,39,0.231,15,24,15,30,45,20,9,5,17,0.436,93.0714,115.8221
2022-23,TOR,2022-10-26,TOR vs. PHI,PHI,True,W,119,109,10,46,84,0.548,16,37,0.432,11,14,6,33,39,32,9,5,9,0.6429,125.5804,115.0274
2022-23,TOR,2022-10-24,TOR @ MIA,MIA,False,W,98,90,8,34,86,0.395,14,32,0.438,16,20,10,42,52,22,6,6,12,0.4767,100.1635,91.9869
2022-23,TOR,2022-10-22,TOR @ MIA,MIA,False,L,109,112,-3,37,87,0.425,14,39,0.359,21,28,8,29,37,24,9,5,6,0.5057,111.6803,114.7541
2022-23,TOR,2022-10-21,TOR @ BKN,BKN,False,L,105,109,-4,41,84,0.488,11,28,0.393,12,18,8,33,41,25,9,4,15,0.5536,109.5576,113.7312
2022-23,TOR,2022-10-19,TOR vs. CLE,CLE,True,W,108,105,3,36,86,0.419,13,30,0.433,23,32,12,29,41,19,15,4,13,0.4942,108.4337,105.4217
2022-23,UTA,2023-04-09,UTA @ LAL,LAL,False,L,117,128,-11,51,101,0.505,10,35,0.286,5,6,7,38,45,31,4,4,11,0.5545,108.898,119.1363
2022-23,UTA,2023-04-08,UTA vs. DEN,DEN,True,W,118,114,4,44,100,0.44,11,35,0.314,19,23,17,42,59,30,9,2,16,0.495,107.9202,104.2619
2022-23,UTA,2023-04-06,UTA vs. OKC,OKC,True,L,98,114,-16,41,83,0.494,5,31,0.161,11,16,7,38,45,24,5,2,19,0.5241,94.9244,110.4223
2022-23,UTA,2023-04-04,UTA vs. LAL,LAL,True,L,133,135,-2,47,90,0.522,15,33,0.455,24,31,6,35,41,29,4,3,14,0.6056,118.7288,120.5142
2022-23,UTA,2023-04-02,UTA @ BKN,BKN,False,L,110,111,-1,40,91,0.44,8,32,0.25,22,30,11,41,52,24,5,1,11,0.4835,106.1981,107.1635
2022-23,UTA,2023-03-31,UTA @ BOS,BOS,False,L,114,122,-8,46,96,0.479,9,29,0.31,13,14,13,39,52,23,3,7,18,0.526,106.1255,113.5729
2022-23,UTA,2023-03-29,UTA @ SAS,SAS,False,W,128,117,11,49,90,0.544,12,31,0.387,18,20,8,37,45,28,5,6,16,0.6111,117.9506,107.8142
2022-23,UTA,2023-03-27,UTA vs. PHX,PHX,True,L,103,117,-14,38,86,0.442,9,36,0.25,18,27,10,37,47,25,2,7,13,0.4942,102.7124,116.6733
2022-23,UTA,2023-03-25,UTA @ SAC,SAC,False,L,113,121,-8,47,91,0.516,9,28,0.321,10,16,11,34,45,30,3,7,17,0.5659,111.1767,119.0476
2022-23,UTA,2023-03-24,UTA vs. MIL,MIL,True,L,116,144,-28,40,104,0.385,11,40,0.275,25,34,20,31,51,28,6,5,11,0.4375,105.4545,130.9091
2022-23,UTA,2023-03-22,UTA vs. POR,POR,True,L,115,127,-12,39,82,0.476,11,35,0.314,26,36,7,40,47,24,4,5,17,0.5427,106.4618,117.5708
2022-23,UTA,2023-03-20,UTA vs. SAC,SAC,True,W,128,120,8,46,88,0.523,16,36,0.444,20,23,6,42,48,33,3,8,12,0.6136,121.8351,114.2204
2022-23,UTA,2023-03-18,UTA vs. BOS,BOS,True,W,118,117,1,42,97,0.433,17,41,0.415,17,22,17,39,56,29,3,5,7,0.5206,121.1997,120.1726
2022-23,UTA,2023-03-13,UTA @ MIA,MIA,False,L,115,119,-4,43,90,0.478,16,38,0.421,13,18,16,32,48,31,7,4,18,0.5667,115.7174,119.7424
2022-23,UTA,2023-03-11,UTA @ CHA,CHA,False,W,119,111,8,46,103,0.447,9,32,0.281,18,20,20,40,60,22,4,4,11,0.4903,117.0108,109.1445
2022-23,UTA,2023-03-09,UTA @ ORL,ORL,False,W,131,124,7,49,88,0.557,13,34,0.382,20,21,11,31,42,27,7,8,18,0.6307,124.8332,118.1628
2022-23,UTA,2023-03-07,UTA @ DAL,DAL,False,L,116,120,-4,41,92,0.446,15,44,0.341,19,25,6,41,47,23,10,4,16,0.5272,102.8004,106.3453
2022-23,UTA,2023-03-05,UTA @ OKC,OKC,False,L,119,129,-10,43,88,0.489,11,37,0.297,22,27,12,27,39,30,5,8,16,0.5511,115.3101,125.0
2022-23,UTA,2023-03-03,UTA @ OKC,OKC,False,L,103,130,-27,38,78,0.487,9,29,0.31,18,23,10,38,48,24,5,14,26,0.5449,97.9646,123.6447
2022-23,UTA,2023-02-28,UTA vs. SAS,SAS,True,L,94,102,-8,30,85,0.353,10,34,0.294,24,36,14,38,52,15,8,9,20,0.4118,87.9162,95.3984
2022-23,UTA,2023-02-25,UTA vs. SAS,SAS,True,W,118,102,16,43,92,0.467,10,28,0.357,22,28,15,41,56,29,5,11,16,0.5217,111.0275,95.9729
2022-23,UTA,2023-02-23,UTA vs. OKC,OKC,True,W,120,119,1,42,100,0.42,13,48,0.271,23,27,17,41,58,26,8,10,22,0.485,103.5554,102.6924
2022-23,UTA,2023-02-15,UTA @ MEM,MEM,False,L,111,117,-6,42,91,0.462,12,36,0.333,15,19,15,46,61,24,2,8,24,0.5275,104.0495,109.6738
2022-23,UTA,2023-02-13,UTA @ IND,IND,False,W,123,117,6,43,85,0.506,15,33,0.455,22,25,11,35,46,24,5,3,19,0.5941,118.9555,113.1528
2022-23,UTA,2023-02-11,UTA @ NYK,NYK,False,L,120,126,-6,45,88,0.511,9,32,0.281,21,28,11,27,38,23,3,7,12,0.5625,120.5788,126.6077
2022-23,UTA,2023-02-10,UTA @ TOR,TOR,False,W,122,116,6,47,87,0.54,6,24,0.25,22,29,9,37,46,31,6,6,17,0.5747,112.9839,107.4273
2022-23,UTA,2023-02-08,UTA vs. MIN,MIN,True,L,118,143,-25,44,105,0.419,12,34,0.353,18,21,21,29,50,27,2,5,8,0.4762,114.6967,138.9969
2022-23,UTA,2023-02-06,UTA vs. DAL,DAL,True,L,111,124,-13,41,87,0.471,6,31,0.194,23,26,10,27,37,21,4,4,13,0.5057,110.9556,123.9504
2022-23,UTA,2023-02-03,UTA vs. ATL,ATL,True,L,108,115,-7,41,91,0.451,13,44,0.295,13,18,13,37,50,20,4,2,15,0.522,107.4413,114.4051
2022-23,UTA,2023-02-01,UTA vs. TOR,TOR,True,W,131,128,3,44,83,0.53,17,47,0.362,26,30,13,36,49,29,3,11,16,0.6325,128.6584,125.712
2022-23,UTA,2023-01-28,UTA vs. DAL,DAL,True,W,108,100,8,39,82,0.476,13,36,0.361,17,24,13,36,49,26,9,6,17,0.5549,113.0653,104.6901
2022-23,UTA,2023-01-25,UTA @ POR,POR,False,L,124,134,-10,47,90,0.522,20,41,0.488,10,15,8,27,35,32,5,5,13,0.6333,122.457,132.3326
2022-23,UTA,2023-01-23,UTA vs. CHA,CHA,True,W,120,102,18,41,86,0.477,16,40,0.4,22,26,9,37,46,25,8,4,16,0.5698,115.1631,97.8887
2022-23,UTA,2023-01-20,UTA vs. BKN,BKN,True,L,106,117,-11,37,88,0.42,16,39,0.41,16,23,13,33,46,24,6,1,11,0.5114,111.6259,123.2098
2022-23,UTA,2023-01-18,UTA vs. LAC,LAC,True,W,126,103,23,45,87,0.517,19,32,0.594,17,22,9,35,44,26,4,7,8,0.6264,129.9505,106.2294
2022-23,UTA,2023-01-16,UTA @ MIN,MIN,False,W,126,125,1,45,84,0.536,13,34,0.382,23,28,14,36,50,25,0,5,18,0.6131,126.4806,125.4768
2022-23,UTA,2023-01-14,UTA vs. PHI,PHI,True,L,117,118,-1,43,90,0.478,12,40,0.3,19,23,10,38,48,20,5,6,12,0.5444,116.0945,117.0867
2022-23,UTA,2023-01-13,UTA vs. ORL,ORL,True,W,112,108,4,36,83,0.434,11,35,0.314,29,40,17,42,59,15,9,11,24,0.5,104.3608,100.6336
2022-23,UTA,2023-01-10,UTA vs. CLE,CLE,True,W,116,114,2,38,87,0.437,10,36,0.278,30,37,15,39,54,21,3,3,16,0.4943,114.3759,112.4039
2022-23,UTA,2023-01-08,UTA @ MEM,MEM,False,L,118,123,-5,45,88,0.511,10,32,0.313,18,22,8,38,46,29,7,9,21,0.5682,107.5857,112.1444
2022-23,UTA,2023-01-07,UTA @ CHI,CHI,False,L,118,126,-8,46,93,0.495,12,41,0.293,14,18,7,32,39,36,6,2,10,0.5591,115.6863,123.5294
2022-23,UTA,2023-01-05,UTA @ HOU,HOU,False,W,131,114,17,46,93,0.495,19,48,0.396,20,21,9,33,42,33,10,5,8,0.5968,127.3823,110.8518
2022-23,UTA,2023-01-03,UTA vs. SAC,SAC,True,L,115,117,-2,38,88,0.432,13,44,0.295,26,29,12,32,44,21,9,3,16,0.5057,109.691,111.5986
2022-23,UTA,2022-12-31,UTA vs. MIA,MIA,True,L,123,126,-3,35,81,0.432,17,40,0.425,36,44,16,33,49,23,6,3,16,0.537,120.2581,123.1912
2022-23,UTA,2022-12-30,UTA @ SAC,SAC,False,L,125,126,-1,46,84,0.548,8,32,0.25,25,30,7,30,37,30,7,2,13,0.5952,121.0302,121.9985
2022-23,UTA,2022-12-28,UTA @ GSW,GSW,False,L,107,112,-5,37,91,0.407,15,46,0.326,18,26,10,40,50,26,3,6,12,0.489,103.7224,108.5692
2022-23,UTA,2022-12-26,UTA @ SAS,SAS,False,L,122,126,-4,39,97,0.402,13,43,0.302,31,37,16,29,45,20,10,3,12,0.4691,111.2936,114.9425
2022-23,UTA,2022-12-22,UTA vs. WAS,WAS,True,W,120,112,8,42,86,0.488,16,35,0.457,20,21,8,32,40,16,5,3,11,0.5814,122.6242,114.4492
2022-23,UTA,2022-12-20,UTA @ DET,DET,False,W,126,111,15,47,93,0.505,20,46,0.435,12,19,12,31,43,27,7,5,12,0.6129,126.4806,111.4234
2022-23,UTA,2022-12-19,UTA @ CLE,CLE,False,L,99,122,-23,36,93,0.387,10,34,0.294,17,23,15,20,35,19,9,2,14,0.4409,97.7488,120.4581
2022-23,UTA,2022-12-17,UTA @ MIL,MIL,False,L,97,123,-26,39,86,0.453,16,47,0.34,3,6,7,22,29,24,5,2,14,0.5465,101.848,129.1474
2022-23,UTA,2022-12-15,UTA vs. NOP,NOP,True,W,132,129,3,42,92,0.457,18,47,0.383,30,37,11,33,44,24,8,6,16,0.5543,118.068,115.3846
2022-23,UTA,2022-12-13,UTA vs. NOP,NOP,True,W,121,100,21,49,103,0.476,15,47,0.319,8,12,19,40,59,31,4,10,22,0.5485,109.6014,90.5797
2022-23,UTA,2022-12-10,UTA @ DEN,DEN,False,L,110,115,-5,39,85,0.459,15,41,0.366,17,21,10,32,42,20,5,6,14,0.5471,113.2386,118.3858
2022-23,UTA,2022-12-09,UTA vs. MIN,MIN,True,L,108,118,-10,39,90,0.433,13,44,0.295,17,24,12,28,40,22,9,0,11,0.5056,107.4627,117.4129
2022-23,UTA,2022-12-07,UTA vs. GSW,GSW,True,W,124,123,1,46,86,0.535,15,35,0.429,17,21,9,31,40,26,6,7,17,0.6221,116.8489,115.9065
2022-23,UTA,2022-12-03,UTA vs. POR,POR,True,L,111,116,-5,38,84,0.452,13,36,0.361,22,28,10,34,44,20,8,4,13,0.5298,111.5802,116.6064
2022-23,UTA,2022-12-02,UTA vs. IND,IND,True,W,139,119,20,46,83,0.554,15,34,0.441,32,37,8,39,47,29,7,2,26,0.6446,118.905,101.7964
2022-23,UTA,2022-11-30,UTA vs. LAC,LAC,True,W,125,112,13,45,81,0.556,14,32,0.438,21,28,13,33,46,24,4,7,18,0.642,124.2792,111.3541
2022-23,UTA,2022-11-28,UTA vs. CHI,CHI,True,L,107,114,-7,41,85,0.482,19,49,0.388,6,15,9,36,45,30,5,4,14,0.5941,109.407,116.5644
2022-23,UTA,2022-11-26,UTA @ PHX,PHX,False,L,112,113,-1,40,79,0.506,13,32,0.406,19,25,8,32,40,20,5,2,12,0.5886,119.6581,120.7265
2022-23,UTA,2022-11-25,UTA @ GSW,GSW,False,L,118,129,-11,46,97,0.474,11,45,0.244,15,17,15,27,42,28,12,6,13,0.5309,111.7848,122.2054
2022-23,UTA,2022-11-23,UTA vs. DET,DET,True,L,116,125,-9,41,83,0.494,18,41,0.439,16,19,7,31,38,31,4,7,16,0.6024,115.861,124.8502
2022-23,UTA,2022-11-21,UTA @ LAC,LAC,False,L,114,121,-7,40,89,0.449,12,38,0.316,22,24,16,29,45,22,8,5,17,0.5169,111.8086,118.674
2022-23,UTA,2022-11-19,UTA @ POR,POR,False,W,118,113,5,42,91,0.462,14,39,0.359,20,23,11,31,42,23,6,4,13,0.5385,114.5631,109.7087
2022-23,UTA,2022-11-18,UTA vs. PHX,PHX,True,W,134,133,1,51,91,0.56,16,31,0.516,16,24,11,25,36,32,6,3,17,0.6484,124.143,123.2166
2022-23,UTA,2022-11-15,UTA vs. NYK,NYK,True,L,111,118,-7,36,83,0.434,14,43,0.326,25,30,15,34,49,29,7,5,21,0.5181,107.1429,113.8996
2022-23,UTA,2022-11-13,UTA @ PHI,PHI,False,L,98,105,-7,37,94,0.394,11,37,0.297,13,23,18,32,50,23,3,4,18,0.4521,96.7615,103.673
2022-23,UTA,2022-11-12,UTA @ WAS,WAS,False,L,112,121,-9,44,94,0.468,14,40,0.35,10,11,7,35,42,33,4,3,12,0.5426,109.998,118.8372
2022-23,UTA,2022-11-09,UTA @ ATL,ATL,False,W,125,119,6,44,94,0.468,17,39,0.436,20,24,13,34,47,27,5,6,13,0.5585,117.7024,112.0527
2022-23,UTA,2022-11-07,UTA vs. LAL,LAL,True,W,139,116,23,53,95,0.558,16,38,0.421,17,22,10,31,41,30,10,7,15,0.6421,129.9794,108.472
2022-23,UTA,2022-11-06,UTA @ LAC,LAC,False,W,110,102,8,35,75,0.467,15,40,0.375,25,26,7,35,42,18,5,4,21,0.5667,108.289,100.4135
2022-23,UTA,2022-11-04,UTA @ LAL,LAL,False,W,130,116,14,52,103,0.505,17,40,0.425,9,10,15,33,48,31,8,3,8,0.5874,131.4991,117.3376
2022-23,UTA,2022-11-02,UTA @ DAL,DAL,False,L,100,103,-3,39,84,0.464,10,30,0.333,12,14,12,28,40,28,6,1,17,0.5238,104.8438,107.9891
2022-23,UTA,2022-10-31,UTA vs. MEM,MEM,True,W,121,105,16,42,89,0.472,19,47,0.404,18,22,11,37,48,26,10,6,16,0.5787,114.0649,98.9819
2022-23,UTA,2022-10-29,UTA vs. MEM,MEM,True,W,124,123,1,45,87,0.517,19,44,0.432,15,20,10,24,34,30,8,6,20,0.6264,117.8707,116.9202
2022-23,UTA,2022-10-28,UTA @ DEN,DEN,False,L,101,117,-16,38,91,0.418,10,39,0.256,15,19,8,30,38,24,7,8,10,0.4725,102.8932,119.1932
2022-23,UTA,2022-10-26,UTA vs. HOU,HOU,True,W,109,101,8,38,90,0.422,13,45,0.289,20,30,11,42,53,28,11,5,16,0.4944,100.1102,92.7627
2022-23,UTA,2022-10-24,UTA @ HOU,HOU,False,L,108,114,-6,44,93,0.473,11,32,0.344,9,16,18,31,49,23,8,10,20,0.5323,105.3042,111.1544
2022-23,UTA,2022-10-23,UTA @ NOP,NOP,False,W,122,121,1,43,98,0.439,13,38,0.342,23,28,15,29,44,29,13,6,17,0.5051,107.489,106.6079
2022-23,UTA,2022-10-21,UTA @ MIN,MIN,False,W,132,126,6,49,111,0.441,20,50,0.4,14,21,19,35,54,39,11,8,13,0.5315,114.6032,109.394
2022-23,UTA,2022-10-19,UTA vs. DEN,DEN,True,W,123,102,21,42,83,0.506,16,38,0.421,23,31,11,32,43,27,10,1,20,0.6024,118.5199,98.2848
2022-23,WAS,2023-04-09,WAS vs. HOU,HOU,True,L,109,114,-5,41,97,0.423,14,45,0.311,13,21,14,37,51,28,11,5,13,0.4948,104.0275,108.7994
2022-23,WAS,2023-04-07,WAS vs. MIA,MIA,True,W,114,108,6,39,84,0.464,7,33,0.212,29,37,12,38,50,23,4,3,17,0.506,108.2827,102.5836
2022-23,WAS,2023-04-05,WAS @ ATL,ATL,False,L,116,134,-18,45,94,0.479,6,28,0.214,20,26,12,27,39,23,10,9,14,0.5106,108.391,125.2102
2022-23,WAS,2023-04-04,WAS vs. MIL,MIL,True,L,128,140,-12,50,99,0.505,13,27,0.481,15,21,9,33,42,30,7,4,9,0.5707,116.895,127.8539
2022-23,WAS,2023-04-02,WAS @ NYK,NYK,False,L,109,118,-9,39,79,0.494,16,37,0.432,15,18,5,33,38,26,9,5,19,0.5949,108.0063,116.9243
2022-23,WAS,2023-03-31,WAS vs. ORL,ORL,True,L,109,116,-7,41,105,0.39,17,50,0.34,10,12,15,36,51,24,5,5,13,0.4714,102.4821,109.0636
2022-23,WAS,2023-03-28,WAS vs. BOS,BOS,True,W,130,111,19,54,99,0.545,13,37,0.351,9,13,6,37,43,33,7,3,11,0.6111,122.3184,104.4411
2022-23,WAS,2023-03-26,WAS @ TOR,TOR,False,L,104,114,-10,38,86,0.442,16,36,0.444,12,20,12,33,45,25,6,2,18,0.5349,103.565,113.5232
2022-23,WAS,2023-03-24,WAS vs. SAS,SAS,True,W,136,124,12,51,85,0.6,15,30,0.5,19,26,6,37,43,29,3,8,10,0.6882,134.6268,122.748
2022-23,WAS,2023-03-22,WAS vs. DEN,DEN,True,L,104,118,-14,44,87,0.506,4,26,0.154,12,16,10,27,37,20,4,4,7,0.5287,114.1102,129.4711
2022-23,WAS,2023-03-21,WAS @ ORL,ORL,False,L,112,122,-10,42,83,0.506,10,32,0.313,18,23,4,29,33,30,7,4,14,0.5663,110.2796,120.126
2022-23,WAS,2023-03-18,WAS vs. SAC,SAC,True,L,118,132,-14,41,91,0.451,13,36,0.361,23,27,12,34,46,27,6,5,10,0.522,119.1919,133.3333
2022-23,WAS,2023-03-17,WAS @ CLE,CLE,False,L,94,117,-23,35,76,0.461,8,23,0.348,16,20,6,32,38,22,5,6,17,0.5132,96.668,120.3209
2022-23,WAS,2023-03-14,WAS vs. DET,DET,True,W,117,97,20,44,85,0.518,7,32,0.219,22,22,10,38,48,24,9,9,15,0.5588,119.4121,98.9998
2022-23,WAS,2023-03-12,WAS @ PHI,PHI,False,L,93,112,-19,34,84,0.405,6,26,0.231,19,23,6,29,35,19,4,5,10,0.4405,98.81,118.997
2022-23,WAS,2023-03-10,WAS vs. ATL,ATL,True,L,107,114,-7,43,88,0.489,7,27,0.259,14,18,7,36,43,27,8,6,15,0.5284,102.7463,109.468
2022-23,WAS,2023-03-08,WAS vs. ATL,ATL,True,L,120,122,-2,47,83,0.566,12,29,0.414,14,17,6,33,39,34,9,1,19,0.6386,118.2732,120.2444
2022-23,WAS,2023-03-07,WAS @ DET,DET,False,W,119,117,2,47,81,0.58,12,25,0.48,13,17,9,28,37,27,9,5,15,0.6543,125.1578,123.0543
2022-23,WAS,2023-03-05,WAS vs. MIL,MIL,True,L,111,117,-6,46,108,0.426,8,31,0.258,11,12,20,36,56,21,8,2,9,0.463,111.0222,117.0234
2022-23,WAS,2023-03-04,WAS vs. TOR,TOR,True,L,109,116,-7,38,75,0.507,14,24,0.583,19,22,9,34,43,26,9,5,24,0.6,109.0873,116.0929
2022-23,WAS,2023-03-02,WAS vs. TOR,TOR,True,W,119,108,11,43,84,0.512,14,30,0.467,19,24,9,34,43,30,5,4,15,0.5952,118.3844,107.4413
2022-23,WAS,2023-02-28,WAS @ ATL,ATL,False,W,119,116,3,48,97,0.495,6,21,0.286,17,20,16,32,48,19,6,5,9,0.5258,121.3295,118.2708
2022-23,WAS,2023-02-26,WAS @ CHI,CHI,False,L,82,102,-20,32,76,0.421,6,28,0.214,12,23,12,30,42,22,5,1,16,0.4605,91.314,113.5857
2022-23,WAS,2023-02-24,WAS vs. NYK,NYK,True,L,109,115,-6,39,79,0.494,19,44,0.432,12,12,3,31,34,25,6,6,19,0.6139,109.3719,115.3923
2022-23,WAS,2023-02-16,WAS @ MIN,MIN,False,W,114,106,8,43,95,0.453,14,35,0.4,14,17,13,36,49,25,13,6,16,0.5263,107.4661,99.9246
2022-23,WAS,2023-02-14,WAS @ POR,POR,False,W,126,101,25,45,79,0.57,17,33,0.515,19,22,5,39,44,28,5,2,16,0.6772,128.4142,102.9352
2022-23,WAS,2023-02-13,WAS @ GSW,GSW,False,L,126,135,-9,48,80,0.6,12,28,0.429,18,21,9,24,33,26,10,3,17,0.675,127.3757,136.4739
2022-23,WAS,2023-02-11,WAS vs. IND,IND,True,W,127,113,14,48,75,0.64,12,26,0.462,19,22,8,32,40,32,5,7,18,0.72,134.9915,120.1105
2022-23,WAS,2023-02-08,WAS vs. CHA,CHA,True,W,118,104,14,44,87,0.506,15,37,0.405,15,17,11,41,52,29,4,12,17,0.592,119.3607,105.1993
2022-23,WAS,2023-02-06,WAS vs. CLE,CLE,True,L,91,114,-23,35,82,0.427,6,28,0.214,15,19,7,30,37,20,8,5,14,0.4634,93.7371,117.4289
2022-23,WAS,2023-02-04,WAS @ BKN,BKN,False,L,123,125,-2,39,81,0.481,13,28,0.464,32,41,6,33,39,22,10,3,16,0.5617,115.841,117.7246
2022-23,WAS,2023-02-03,WAS vs. POR,POR,True,L,116,124,-8,42,84,0.5,12,33,0.364,20,22,9,32,41,27,4,3,11,0.5714,122.2339,130.6639
2022-23,WAS,2023-01-30,WAS @ SAS,SAS,False,W,127,106,21,48,86,0.558,16,30,0.533,15,17,5,40,45,32,7,8,14,0.6512,123.5409,103.1128
2022-23,WAS,2023-01-28,WAS @ NOP,NOP,False,W,113,103,10,40,88,0.455,11,36,0.306,22,29,13,40,53,18,5,8,18,0.517,108.5912,98.9814
2022-23,WAS,2023-01-25,WAS @ HOU,HOU,False,W,108,103,5,39,98,0.398,12,38,0.316,18,23,15,33,48,27,13,7,8,0.4592,105.9239,101.02
2022-23,WAS,2023-01-24,WAS @ DAL,DAL,False,W,127,126,1,42,83,0.506,11,30,0.367,32,41,6,35,41,28,7,3,11,0.5723,122.4214,121.4575
2022-23,WAS,2023-01-21,WAS vs. ORL,ORL,True,W,138,118,20,51,95,0.537,18,34,0.529,18,25,9,37,46,34,6,5,8,0.6316,132.9736,113.7021
2022-23,WAS,2023-01-18,WAS @ NYK,NYK,False,W,116,105,11,42,95,0.442,16,42,0.381,16,19,18,34,52,28,5,9,14,0.5263,118.2226,107.0118
2022-23,WAS,2023-01-16,WAS vs. GSW,GSW,True,L,118,127,-9,42,86,0.488,14,35,0.4,20,23,6,30,36,31,7,2,14,0.5698,113.8117,122.4923
2022-23,WAS,2023-01-13,WAS vs. NYK,NYK,True,L,108,112,-4,36,93,0.387,13,42,0.31,23,26,12,38,50,18,3,4,8,0.457,108.4991,112.5176
2022-23,WAS,2023-01-11,WAS vs. CHI,CHI,True,W,100,97,3,38,82,0.463,7,23,0.304,17,21,12,40,52,21,5,3,18,0.5061,103.5197,100.4141
2022-23,WAS,2023-01-09,WAS vs. NOP,NOP,True,L,112,132,-20,42,82,0.512,14,34,0.412,14,18,7,30,37,26,5,1,20,0.5976,107.9206,127.1921
2022-23,WAS,2023-01-06,WAS @ OKC,OKC,False,L,110,127,-17,38,79,0.481,7,24,0.292,27,36,11,35,46,21,6,2,20,0.5253,106.2802,122.7053
2022-23,WAS,2023-01-03,WAS @ MIL,MIL,False,L,113,123,-10,42,97,0.433,8,27,0.296,21,23,14,32,46,27,9,4,10,0.4742,108.8632,118.4971
2022-23,WAS,2023-01-01,WAS @ MIL,MIL,False,W,118,95,23,50,94,0.532,7,27,0.259,11,16,12,42,54,29,9,6,18,0.5691,111.5101,89.7751
2022-23,WAS,2022-12-30,WAS @ ORL,ORL,False,W,119,100,19,42,75,0.56,15,35,0.429,20,25,4,49,53,33,4,10,26,0.66,109.1543,91.7263
2022-23,WAS,2022-12-28,WAS vs. PHX,PHX,True,W,127,102,25,47,82,0.573,8,26,0.308,25,28,12,34,46,27,7,6,13,0.622,134.136,107.7313
2022-23,WAS,2022-12-27,WAS vs. PHI,PHI,True,W,116,111,5,39,85,0.459,11,33,0.333,27,31,14,25,39,18,7,8,18,0.5235,112.4685,107.6207
2022-23,WAS,2022-12-23,WAS @ SAC,SAC,False,W,125,111,14,49,88,0.557,10,32,0.313,17,24,5,35,40,30,9,4,10,0.6136,123.177,109.3812
2022-23,WAS,2022-12-22,WAS @ UTA,UTA,False,L,112,120,-8,46,82,0.561,7,21,0.333,13,17,3,34,37,20,5,2,11,0.6037,114.4492,122.6242
2022-23,WAS,2022-12-20,WAS @ PHX,PHX,False,W,113,110,3,38,80,0.475,11,27,0.407,26,37,9,32,41,22,9,4,10,0.5438,116.7114,113.6129
2022-23,WAS,2022-12-18,WAS @ LAL,LAL,False,L,117,119,-2,44,95,0.463,10,39,0.256,19,24,10,38,48,24,5,6,10,0.5158,111.3014,113.204
2022-23,WAS,2022-12-17,WAS @ LAC,LAC,False,L,93,102,-9,36,84,0.429,9,25,0.36,12,13,7,35,42,20,10,2,16,0.4821,93.8635,102.9471
2022-23,WAS,2022-12-14,WAS @ DEN,DEN,False,L,128,141,-13,48,91,0.527,19,39,0.487,13,23,4,20,24,40,10,5,14,0.6319,115.5652,127.3023
2022-23,WAS,2022-12-12,WAS vs. BKN,BKN,True,L,100,112,-12,37,79,0.468,11,31,0.355,15,22,6,38,44,21,6,2,20,0.538,97.2763,108.9494
2022-23,WAS,2022-12-10,WAS vs. LAC,LAC,True,L,107,114,-7,37,85,0.435,16,34,0.471,17,19,8,42,50,24,8,3,15,0.5294,105.7312,112.6482
2022-23,WAS,2022-12-09,WAS @ IND,IND,False,L,111,121,-10,41,77,0.532,10,29,0.345,19,25,12,26,38,25,6,3,14,0.5974,121.4442,132.3851
2022-23,WAS,2022-12-07,WAS @ CHI,CHI,False,L,111,115,-4,41,84,0.488,9,31,0.29,20,29,6,32,38,22,12,6,18,0.5417,101.2589,104.9079
2022-23,WAS,2022-12-04,WAS vs. LAL,LAL,True,L,119,130,-11,49,105,0.467,10,39,0.256,11,15,11,33,44,24,10,8,10,0.5143,107.0722,116.9696
2022-23,WAS,2022-12-02,WAS @ CHA,CHA,False,L,116,117,-1,39,86,0.453,12,33,0.364,26,35,18,38,56,23,3,9,14,0.5233,121.4405,122.4874
2022-23,WAS,2022-11-30,WAS @ BKN,BKN,False,L,107,113,-6,39,89,0.438,6,24,0.25,23,34,14,37,51,19,6,5,14,0.4719,104.6967,110.5675
2022-23,WAS,2022-11-28,WAS vs. MIN,MIN,True,W,142,127,15,52,91,0.571,15,31,0.484,23,27,7,27,34,31,12,5,7,0.6538,136.3026,121.9044
2022-23,WAS,2022-11-27,WAS @ BOS,BOS,False,L,121,130,-9,44,82,0.537,7,28,0.25,26,33,6,23,29,23,8,1,4,0.5793,127.3952,136.8709
2022-23,WAS,2022-11-25,WAS @ MIA,MIA,False,L,107,110,-3,40,93,0.43,11,39,0.282,16,20,13,32,45,27,7,9,12,0.4892,105.4603,108.4171
2022-23,WAS,2022-11-23,WAS @ MIA,MIA,False,L,105,113,-8,42,89,0.472,10,38,0.263,11,19,7,36,43,27,7,5,14,0.5281,101.922,109.6874
2022-23,WAS,2022-11-20,WAS vs. CHA,CHA,True,W,106,102,4,40,93,0.43,13,34,0.382,13,18,14,35,49,19,6,13,17,0.5,99.9811,96.2083
2022-23,WAS,2022-11-18,WAS vs. MIA,MIA,True,W,107,106,1,41,96,0.427,15,46,0.326,10,14,8,46,54,33,6,4,16,0.5052,96.2923,95.3924
2022-23,WAS,2022-11-16,WAS vs. OKC,OKC,True,L,120,121,-1,44,86,0.512,17,34,0.5,15,17,11,30,41,32,8,5,19,0.6105,120.048,121.0484
2022-23,WAS,2022-11-13,WAS vs. MEM,MEM,True,W,102,92,10,36,86,0.419,19,40,0.475,11,21,9,38,47,26,9,6,15,0.5291,99.6873,89.914
2022-23,WAS,2022-11-12,WAS vs. UTA,UTA,True,W,121,112,9,44,88,0.5,16,36,0.444,17,20,6,40,46,27,6,8,9,0.5909,118.8372,109.998
2022-23,WAS,2022-11-10,WAS vs. DAL,DAL,True,W,113,105,8,41,84,0.488,12,30,0.4,19,20,8,44,52,25,5,5,17,0.5595,111.3081,103.4279
2022-23,WAS,2022-11-07,WAS @ CHA,CHA,False,W,108,100,8,42,80,0.525,5,19,0.263,19,30,10,37,47,21,2,6,15,0.5562,107.8706,99.8801
2022-23,WAS,2022-11-06,WAS @ MEM,MEM,False,L,97,103,-6,41,96,0.427,8,41,0.195,7,10,15,34,49,25,5,5,10,0.4688,99.897,106.0762
2022-23,WAS,2022-11-04,WAS vs. BKN,BKN,True,L,86,128,-42,30,83,0.361,8,34,0.235,18,22,7,32,39,18,4,3,13,0.4096,87.3806,130.0549
2022-23,WAS,2022-11-02,WAS @ PHI,PHI,False,W,121,111,10,45,78,0.577,5,21,0.238,26,32,7,36,43,27,4,9,8,0.609,128.8056,118.1605
2022-23,WAS,2022-10-31,WAS vs. PHI,PHI,True,L,111,118,-7,38,81,0.469,10,25,0.4,25,26,9,32,41,22,8,4,16,0.5309,110.316,117.2729
2022-23,WAS,2022-10-30,WAS @ BOS,BOS,False,L,94,112,-18,38,98,0.388,7,32,0.219,11,16,15,36,51,22,5,6,10,0.4235,95.0263,113.2228
2022-23,WAS,2022-10-28,WAS vs. IND,IND,True,L,117,127,-10,41,86,0.477,12,30,0.4,23,28,9,29,38,25,5,3,13,0.5465,113.1309,122.8002
2022-23,WAS,2022-10-25,WAS vs. DET,DET,True,W,120,99,21,44,85,0.518,10,33,0.303,22,26,9,38,47,26,7,7,12,0.5765,119.7366,98.7827
2022-23,WAS,2022-10-23,WAS @ CLE,CLE,False,L,107,117,-10,43,87,0.494,12,28,0.429,9,15,4,31,35,25,9,4,20,0.5632,100.1873,109.5506
2022-23,WAS,2022-10-21,WAS vs. CHI,CHI,True,W,102,100,2,41,80,0.513,10,26,0.385,10,11,5,34,39,26,8,8,17,0.575,105.5027,103.434
2022-23,WAS,2022-10-19,WAS @ IND,IND,False,W,114,107,7,42,92,0.457,11,31,0.355,19,24,14,39,53,21,5,10,17,0.5163,106.1453,99.6276
