season,team,game_date,matchup,opponent,home,result,points,opponent_points,point_diff,field_goals_made,field_goal_attempts,field_goal_pct,three_point_makes,three_point_attempts,three_point_pct,free_throws_made,free_throw_attempts,offensive_rebounds,defensive_rebounds,rebounds,assists,steals,blocks,turnovers,effective_fg_pct,off_rating_est,def_rating_est
2023-24,ATL,2024-04-14,ATL @ IND,IND,False,L,115,157,-42,39,89,0.438,12,36,0.333,25,27,9,23,32,25,6,5,17,0.5056,105.8542,144.514
2023-24,ATL,2024-04-12,ATL @ MIN,MIN,False,L,106,109,-3,40,90,0.444,9,30,0.3,17,25,9,31,40,23,4,1,15,0.4944,103.0327,105.9487
2023-24,ATL,2024-04-10,ATL vs. CHA,CHA,True,L,114,115,-1,43,82,0.524,18,40,0.45,10,16,7,31,38,35,7,2,18,0.6341,115.3146,116.3261
2023-24,ATL,2024-04-09,ATL vs. MIA,MIA,True,L,111,117,-6,45,113,0.398,10,46,0.217,11,14,17,42,59,28,13,2,16,0.4425,97.1979,102.4518
2023-24,ATL,2024-04-06,ATL @ DEN,DEN,False,L,110,142,-32,37,87,0.425,12,37,0.324,24,29,11,27,38,30,8,2,16,0.4943,104.3643,134.7249
2023-24,ATL,2024-04-04,ATL @ DAL,DAL,False,L,95,109,-14,34,85,0.4,13,38,0.342,14,21,11,45,56,21,7,2,21,0.4765,91.031,104.4461
2023-24,ATL,2024-04-03,ATL vs. DET,DET,True,W,121,113,8,49,90,0.544,13,38,0.342,10,15,6,42,48,36,9,8,16,0.6167,114.2372,106.6843
2023-24,ATL,2024-04-01,ATL @ CHI,CHI,False,W,113,101,12,41,82,0.5,19,40,0.475,12,18,8,37,45,29,4,5,15,0.6159,116.8079,104.4036
2023-24,ATL,2024-03-30,ATL vs. MIL,MIL,True,L,113,122,-9,42,92,0.457,14,35,0.4,15,18,9,30,39,24,5,3,11,0.5326,112.2591,121.2001
2023-24,ATL,2024-03-28,ATL vs. BOS,BOS,True,W,123,122,1,51,104,0.49,15,44,0.341,6,10,17,36,53,24,5,5,11,0.5625,117.9064,116.9479
2023-24,ATL,2024-03-27,ATL vs. POR,POR,True,W,120,106,14,44,85,0.518,16,41,0.39,16,20,8,33,41,23,12,9,17,0.6118,116.9591,103.3138
2023-24,ATL,2024-03-25,ATL vs. BOS,BOS,True,W,120,118,2,46,87,0.529,18,36,0.5,10,17,15,29,44,30,5,3,13,0.6322,124.4555,122.3812
2023-24,ATL,2024-03-23,ATL vs. CHA,CHA,True,W,132,91,41,50,90,0.556,20,42,0.476,12,14,11,32,43,40,9,5,9,0.6667,140.1869,96.644
2023-24,ATL,2024-03-21,ATL @ PHX,PHX,False,L,115,128,-13,40,91,0.44,12,35,0.343,23,29,12,24,36,27,11,3,11,0.5055,115.7874,128.8764
2023-24,ATL,2024-03-18,ATL @ LAL,LAL,False,L,105,136,-31,42,98,0.429,9,41,0.22,12,15,12,30,42,32,8,5,9,0.4745,102.2395,132.4245
2023-24,ATL,2024-03-17,ATL @ LAC,LAC,False,W,110,93,17,41,84,0.488,17,34,0.5,11,12,10,35,45,32,10,7,16,0.5893,116.9964,98.9151
2023-24,ATL,2024-03-15,ATL @ UTA,UTA,False,L,122,124,-2,41,92,0.446,20,39,0.513,20,27,11,30,41,32,7,5,9,0.5543,119.7958,121.7596
2023-24,ATL,2024-03-13,ATL @ POR,POR,False,L,102,106,-4,38,88,0.432,14,39,0.359,12,18,13,25,38,19,11,6,15,0.5114,103.8274,107.899
2023-24,ATL,2024-03-10,ATL vs. NOP,NOP,True,L,103,116,-13,38,91,0.418,17,46,0.37,10,13,12,29,41,28,6,4,11,0.511,109.3418,123.1423
2023-24,ATL,2024-03-08,ATL @ MEM,MEM,False,W,99,92,7,37,87,0.425,15,35,0.429,10,15,15,32,47,21,9,5,16,0.5115,107.1429,99.5671
2023-24,ATL,2024-03-06,ATL vs. CLE,CLE,True,W,112,101,11,43,84,0.512,11,30,0.367,15,20,8,34,42,27,7,3,11,0.5774,113.5442,102.3925
2023-24,ATL,2024-03-05,ATL @ NYK,NYK,False,W,116,100,16,44,87,0.506,10,31,0.323,18,23,13,38,51,26,6,5,16,0.5632,116.6064,100.5227
2023-24,ATL,2024-03-02,ATL @ BKN,BKN,False,L,102,114,-12,37,87,0.425,11,34,0.324,17,23,12,30,42,23,4,4,12,0.4885,105.2632,117.6471
2023-24,ATL,2024-02-29,ATL @ BKN,BKN,False,L,97,124,-27,37,86,0.43,8,28,0.286,15,21,8,31,39,18,3,8,14,0.4767,97.507,124.6482
2023-24,ATL,2024-02-27,ATL vs. UTA,UTA,True,W,124,97,27,46,93,0.495,12,32,0.375,20,23,15,40,55,27,8,8,18,0.5591,115.6285,90.4513
2023-24,ATL,2024-02-25,ATL vs. ORL,ORL,True,W,109,92,17,41,90,0.456,12,29,0.414,15,17,9,35,44,31,10,3,10,0.5222,110.998,93.6864
2023-24,ATL,2024-02-23,ATL vs. TOR,TOR,True,L,121,123,-2,46,106,0.434,12,39,0.308,17,24,20,34,54,27,5,4,9,0.4906,114.1079,115.994
2023-24,ATL,2024-02-14,ATL @ CHA,CHA,False,L,99,122,-23,36,89,0.404,9,38,0.237,18,20,15,30,45,23,5,6,16,0.4551,100.2024,123.4818
2023-24,ATL,2024-02-12,ATL vs. CHI,CHI,True,L,126,136,-10,44,94,0.468,14,43,0.326,24,29,15,34,49,33,4,3,12,0.5426,121.4341,131.0717
2023-24,ATL,2024-02-10,ATL vs. HOU,HOU,True,W,122,113,9,40,88,0.455,14,41,0.341,28,37,9,32,41,25,7,8,11,0.5341,113.1515,104.8043
2023-24,ATL,2024-02-09,ATL @ PHI,PHI,False,W,127,121,6,42,81,0.519,16,36,0.444,27,33,9,31,40,31,4,9,13,0.6173,125.5685,119.6361
2023-24,ATL,2024-02-07,ATL @ BOS,BOS,False,L,117,125,-8,43,102,0.422,13,41,0.317,18,20,13,36,49,24,8,2,9,0.4853,110.0451,117.5696
2023-24,ATL,2024-02-05,ATL vs. LAC,LAC,True,L,144,149,-5,51,95,0.537,20,39,0.513,22,27,13,26,39,35,5,4,11,0.6421,138.7818,143.6006
2023-24,ATL,2024-02-03,ATL vs. GSW,GSW,True,W,141,134,7,55,114,0.482,14,43,0.326,17,22,16,41,57,27,5,4,8,0.5439,119.249,113.3288
2023-24,ATL,2024-02-02,ATL vs. PHX,PHX,True,W,129,120,9,49,95,0.516,17,44,0.386,14,18,12,31,43,29,7,4,10,0.6053,126.421,117.6009
2023-24,ATL,2024-01-30,ATL vs. LAL,LAL,True,W,138,122,16,53,101,0.525,16,38,0.421,16,18,12,34,46,32,10,2,12,0.604,127.2358,112.4839
2023-24,ATL,2024-01-28,ATL vs. TOR,TOR,True,W,126,125,1,44,95,0.463,6,27,0.222,32,40,20,31,51,27,7,4,14,0.4947,120.7591,119.8007
2023-24,ATL,2024-01-26,ATL vs. DAL,DAL,True,L,143,148,-5,51,97,0.526,15,34,0.441,26,30,12,24,36,32,7,2,7,0.6031,135.3654,140.0984
2023-24,ATL,2024-01-24,ATL @ GSW,GSW,False,L,112,134,-22,39,94,0.415,14,43,0.326,20,26,13,32,45,30,7,2,11,0.4894,110.2796,131.9417
2023-24,ATL,2024-01-22,ATL @ SAC,SAC,False,L,107,122,-15,36,93,0.387,14,40,0.35,21,27,13,37,50,19,2,7,12,0.4624,103.0035,117.4432
2023-24,ATL,2024-01-20,ATL vs. CLE,CLE,True,L,95,116,-21,37,93,0.398,11,38,0.289,10,15,11,34,45,25,5,4,11,0.457,94.2273,115.0565
2023-24,ATL,2024-01-19,ATL @ MIA,MIA,False,W,109,108,1,40,87,0.46,15,35,0.429,14,17,9,29,38,23,6,2,15,0.546,110.5701,109.5557
2023-24,ATL,2024-01-17,ATL vs. ORL,ORL,True,W,106,104,2,39,76,0.513,8,25,0.32,20,22,10,31,41,21,8,2,23,0.5658,109.64,107.5714
2023-24,ATL,2024-01-15,ATL vs. SAS,SAS,True,W,109,99,10,40,93,0.43,13,38,0.342,16,21,13,44,57,24,8,6,20,0.5,98.7677,89.7064
2023-24,ATL,2024-01-13,ATL vs. WAS,WAS,True,L,99,127,-28,32,93,0.344,11,40,0.275,24,33,16,34,50,21,9,7,16,0.4032,91.6836,117.6144
2023-24,ATL,2024-01-12,ATL vs. IND,IND,True,L,108,126,-18,40,89,0.449,11,30,0.367,17,23,12,16,28,25,14,2,15,0.5112,106.1947,123.8938
2023-24,ATL,2024-01-10,ATL vs. PHI,PHI,True,W,139,132,7,48,102,0.471,12,34,0.353,31,42,16,39,55,32,6,8,13,0.5294,119.8276,113.7931
2023-24,ATL,2024-01-07,ATL @ ORL,ORL,False,L,110,117,-7,42,91,0.462,9,30,0.3,17,29,8,42,50,21,9,10,13,0.511,101.6448,108.1131
2023-24,ATL,2024-01-05,ATL @ IND,IND,False,L,116,150,-34,40,93,0.43,10,42,0.238,26,30,14,25,39,21,6,3,14,0.4839,108.4518,140.2393
2023-24,ATL,2024-01-03,ATL vs. OKC,OKC,True,W,141,138,3,48,95,0.505,14,39,0.359,31,33,15,34,49,30,8,5,13,0.5789,131.8003,128.9961
2023-24,ATL,2023-12-31,ATL @ WAS,WAS,False,W,130,126,4,47,95,0.495,12,32,0.375,24,37,12,46,58,27,5,3,12,0.5579,117.3709,113.7595
2023-24,ATL,2023-12-29,ATL vs. SAC,SAC,True,L,110,117,-7,37,94,0.394,15,43,0.349,21,25,18,33,51,29,9,4,15,0.4734,107.5269,114.3695
2023-24,ATL,2023-12-26,ATL @ CHI,CHI,False,L,113,118,-5,41,89,0.461,13,45,0.289,18,21,12,28,40,24,6,3,16,0.5337,113.0678,118.0708
2023-24,ATL,2023-12-23,ATL vs. MEM,MEM,True,L,119,125,-6,45,96,0.469,13,43,0.302,16,20,13,28,41,28,8,5,11,0.5365,115.2654,121.0771
2023-24,ATL,2023-12-22,ATL @ MIA,MIA,False,L,113,122,-9,42,96,0.438,19,54,0.352,10,14,12,31,43,29,9,2,14,0.5365,108.4661,117.105
2023-24,ATL,2023-12-20,ATL @ HOU,HOU,False,W,134,127,7,47,91,0.516,17,40,0.425,23,28,12,32,44,31,4,3,12,0.6099,131.7342,124.8525
2023-24,ATL,2023-12-18,ATL vs. DET,DET,True,W,130,124,6,46,85,0.541,16,36,0.444,22,27,11,29,40,25,6,10,18,0.6353,123.3631,117.6694
2023-24,ATL,2023-12-16,ATL @ CLE,CLE,False,L,119,127,-8,41,85,0.482,15,36,0.417,22,25,6,28,34,21,5,4,11,0.5706,118.0556,125.9921
2023-24,ATL,2023-12-15,ATL @ TOR,TOR,False,W,125,104,21,52,101,0.515,16,41,0.39,5,6,16,39,55,34,4,4,14,0.5941,124.6013,103.6683
2023-24,ATL,2023-12-13,ATL @ TOR,TOR,False,L,128,135,-7,48,100,0.48,18,41,0.439,14,19,13,29,42,32,9,8,7,0.57,124.3201,131.1189
2023-24,ATL,2023-12-11,ATL vs. DEN,DEN,True,L,122,129,-7,44,96,0.458,17,44,0.386,17,18,13,22,35,25,9,2,10,0.5469,119.7958,126.6693
2023-24,ATL,2023-12-08,ATL @ PHI,PHI,False,L,114,125,-11,41,104,0.394,13,39,0.333,19,21,23,32,55,20,3,4,14,0.4567,111.4805,122.2374
2023-24,ATL,2023-12-06,ATL vs. BKN,BKN,True,L,113,114,-1,42,94,0.447,12,35,0.343,17,18,11,38,49,25,5,4,13,0.5106,108.4037,109.363
2023-24,ATL,2023-12-02,ATL @ MIL,MIL,False,L,121,132,-11,45,101,0.446,15,38,0.395,16,21,15,25,40,23,11,4,11,0.5198,115.326,125.8101
2023-24,ATL,2023-11-30,ATL @ SAS,SAS,False,W,137,135,2,49,96,0.51,14,33,0.424,25,29,8,29,37,24,14,2,10,0.5833,124.6134,122.7943
2023-24,ATL,2023-11-28,ATL @ CLE,CLE,False,L,105,128,-23,35,101,0.347,13,44,0.295,22,24,14,30,44,21,9,3,11,0.4109,98.1125,119.6038
2023-24,ATL,2023-11-26,ATL @ BOS,BOS,False,L,103,113,-10,36,88,0.409,19,53,0.358,12,19,11,32,43,15,5,4,16,0.517,102.9177,112.9097
2023-24,ATL,2023-11-25,ATL @ WAS,WAS,False,W,136,108,28,52,102,0.51,18,37,0.486,14,20,17,32,49,29,13,2,10,0.598,130.0937,103.3097
2023-24,ATL,2023-11-22,ATL vs. BKN,BKN,True,W,147,145,2,51,116,0.44,18,49,0.367,27,29,22,36,58,24,10,8,14,0.5172,123.3635,121.6851
2023-24,ATL,2023-11-21,ATL vs. IND,IND,True,L,152,157,-5,57,95,0.6,15,31,0.484,23,28,12,27,39,28,8,4,15,0.6789,135.9327,140.4042
2023-24,ATL,2023-11-17,ATL vs. PHI,PHI,True,L,116,126,-10,40,89,0.449,12,33,0.364,24,30,14,25,39,24,8,4,13,0.5169,112.8844,122.6158
2023-24,ATL,2023-11-15,ATL vs. NYK,NYK,True,L,114,116,-2,41,75,0.547,12,31,0.387,20,26,6,24,30,28,11,6,15,0.6267,115.5718,117.5994
2023-24,ATL,2023-11-14,ATL @ DET,DET,False,W,126,120,6,45,87,0.517,12,33,0.364,24,26,10,31,41,28,9,7,14,0.5862,122.5919,116.7542
2023-24,ATL,2023-11-11,ATL vs. MIA,MIA,True,L,109,117,-8,38,87,0.437,18,46,0.391,15,18,15,33,48,23,6,6,22,0.5402,106.383,114.1909
2023-24,ATL,2023-11-09,ATL @ ORL,ORL,False,W,120,119,1,41,85,0.482,15,39,0.385,23,30,8,28,36,22,13,7,18,0.5706,111.836,110.904
2023-24,ATL,2023-11-06,ATL @ OKC,OKC,False,L,117,126,-9,38,102,0.373,14,42,0.333,27,32,25,34,59,27,8,3,15,0.4412,110.2733,118.7559
2023-24,ATL,2023-11-04,ATL @ NOP,NOP,False,W,123,105,18,45,93,0.484,14,41,0.341,19,24,19,33,52,28,4,6,13,0.5591,127.5934,108.9212
2023-24,ATL,2023-11-01,ATL vs. WAS,WAS,True,W,130,121,9,46,92,0.5,9,32,0.281,29,32,14,43,57,26,8,3,21,0.5489,115.4324,107.441
2023-24,ATL,2023-10-30,ATL vs. MIN,MIN,True,W,127,113,14,48,86,0.558,14,30,0.467,17,18,4,32,36,28,6,7,11,0.6395,126.0421,112.1477
2023-24,ATL,2023-10-29,ATL @ MIL,MIL,False,W,127,110,17,47,93,0.505,15,37,0.405,18,22,13,33,46,32,15,2,17,0.586,119.5407,103.5392
2023-24,ATL,2023-10-27,ATL vs. NYK,NYK,True,L,120,126,-6,42,87,0.483,12,32,0.375,24,30,9,35,44,28,7,6,14,0.5517,113.4644,119.1377
2023-24,ATL,2023-10-25,ATL @ CHA,CHA,False,L,110,116,-6,39,93,0.419,5,29,0.172,27,33,12,30,42,24,12,1,12,0.4462,103.7932,109.4546
2023-24,BKN,2024-04-14,BKN @ PHI,PHI,False,L,86,107,-21,32,83,0.386,9,34,0.265,13,17,4,38,42,19,8,6,13,0.4398,84.6957,105.3772
2023-24,BKN,2024-04-12,BKN @ NYK,NYK,False,L,107,111,-4,41,82,0.5,11,32,0.344,14,19,16,29,45,22,3,4,14,0.5671,119.3131,123.7734
2023-24,BKN,2024-04-10,BKN vs. TOR,TOR,True,W,106,102,4,38,86,0.442,11,36,0.306,19,24,14,42,56,25,4,15,15,0.5058,109.0086,104.8951
2023-24,BKN,2024-04-07,BKN vs. SAC,SAC,True,L,77,107,-30,30,86,0.349,7,30,0.233,10,13,7,39,46,17,5,5,17,0.3895,76.7085,106.5949
2023-24,BKN,2024-04-06,BKN vs. DET,DET,True,W,113,103,10,38,73,0.521,11,27,0.407,26,33,11,37,48,20,3,7,18,0.5959,116.9288,106.5811
2023-24,BKN,2024-04-03,BKN vs. IND,IND,True,W,115,111,4,42,87,0.483,12,32,0.375,19,27,15,35,50,22,4,8,13,0.5517,118.1183,114.0099
2023-24,BKN,2024-04-01,BKN @ IND,IND,False,L,111,133,-22,41,87,0.471,10,26,0.385,19,28,12,31,43,20,3,4,15,0.5287,106.3218,127.3946
2023-24,BKN,2024-03-31,BKN vs. LAL,LAL,True,L,104,116,-12,39,92,0.424,12,36,0.333,14,19,9,29,38,19,12,3,13,0.4891,101.4436,113.1487
2023-24,BKN,2024-03-29,BKN vs. CHI,CHI,True,W,125,108,17,43,91,0.473,25,44,0.568,14,22,12,31,43,26,9,3,7,0.6099,130.5892,112.8291
2023-24,BKN,2024-03-27,BKN @ WAS,WAS,False,W,122,119,3,47,98,0.48,10,33,0.303,18,23,10,35,45,24,8,9,8,0.5306,114.2322,111.4232
2023-24,BKN,2024-03-25,BKN @ TOR,TOR,False,W,96,88,8,37,81,0.457,9,39,0.231,13,18,16,34,50,20,3,4,20,0.5123,103.6717,95.0324
2023-24,BKN,2024-03-23,BKN @ NYK,NYK,False,L,93,105,-12,34,76,0.447,12,34,0.353,13,15,8,33,41,26,5,6,15,0.5263,100.0646,112.9761
2023-24,BKN,2024-03-21,BKN @ MIL,MIL,False,L,108,115,-7,41,92,0.446,13,44,0.295,13,16,15,34,49,29,7,1,14,0.5163,110.9741,118.1669
2023-24,BKN,2024-03-19,BKN vs. NOP,NOP,True,L,91,104,-13,31,84,0.369,12,40,0.3,17,22,14,28,42,19,6,4,14,0.4405,98.1661,112.1899
2023-24,BKN,2024-03-17,BKN @ SAS,SAS,False,L,115,122,-7,47,102,0.461,8,31,0.258,13,19,11,37,48,29,13,5,12,0.5,102.0046,108.2136
2023-24,BKN,2024-03-16,BKN @ IND,IND,False,L,100,121,-21,33,77,0.429,10,25,0.4,24,31,12,33,45,18,8,3,21,0.4935,96.302,116.5254
2023-24,BKN,2024-03-13,BKN @ ORL,ORL,False,L,106,114,-8,38,81,0.469,7,26,0.269,23,27,8,24,32,21,7,4,13,0.5123,109.6627,117.9392
2023-24,BKN,2024-03-10,BKN @ CLE,CLE,False,W,120,101,19,42,79,0.532,18,35,0.514,18,20,8,32,40,33,7,3,15,0.6456,128.6174,108.2529
2023-24,BKN,2024-03-09,BKN @ CHA,CHA,False,L,99,110,-11,36,90,0.4,14,42,0.333,13,17,16,25,41,22,4,2,16,0.4778,102.5482,113.9424
2023-24,BKN,2024-03-07,BKN @ DET,DET,False,L,112,118,-6,41,84,0.488,17,41,0.415,13,18,4,24,28,24,12,4,14,0.5893,110.2579,116.1646
2023-24,BKN,2024-03-05,BKN vs. PHI,PHI,True,W,112,107,5,41,84,0.488,12,30,0.4,18,24,10,34,44,25,4,7,14,0.5595,116.1103,110.9268
2023-24,BKN,2024-03-04,BKN vs. MEM,MEM,True,L,102,106,-4,35,79,0.443,15,42,0.357,17,30,12,21,33,27,10,6,13,0.538,108.0051,112.2406
2023-24,BKN,2024-03-02,BKN vs. ATL,ATL,True,W,114,102,12,41,88,0.466,15,32,0.469,17,22,12,33,45,28,6,8,11,0.5511,117.6471,105.2632
2023-24,BKN,2024-02-29,BKN vs. ATL,ATL,True,W,124,97,27,46,90,0.511,22,46,0.478,10,13,8,35,43,30,6,4,10,0.6333,124.6482,97.507
2023-24,BKN,2024-02-27,BKN @ ORL,ORL,False,L,81,108,-27,31,79,0.392,8,31,0.258,11,14,9,26,35,18,10,1,22,0.443,82.1668,109.5557
2023-24,BKN,2024-02-26,BKN @ MEM,MEM,False,W,111,86,25,44,90,0.489,15,42,0.357,8,14,12,34,46,32,5,5,10,0.5722,118.3369,91.6844
2023-24,BKN,2024-02-24,BKN @ MIN,MIN,False,L,86,101,-15,35,104,0.337,6,35,0.171,10,11,16,40,56,20,7,2,11,0.3654,83.9188,98.5558
2023-24,BKN,2024-02-22,BKN @ TOR,TOR,False,L,93,121,-28,33,80,0.413,11,37,0.297,16,22,6,33,39,19,7,2,20,0.4812,90.7848,118.1179
2023-24,BKN,2024-02-14,BKN @ BOS,BOS,False,L,86,136,-50,31,81,0.383,10,31,0.323,14,15,6,25,31,27,5,1,12,0.4444,90.5835,143.2484
2023-24,BKN,2024-02-13,BKN vs. BOS,BOS,True,L,110,118,-8,39,79,0.494,15,33,0.455,17,26,7,30,37,28,6,3,12,0.5886,112.4974,120.6791
2023-24,BKN,2024-02-10,BKN vs. SAS,SAS,True,W,123,103,20,49,87,0.563,17,34,0.5,8,11,9,32,41,31,8,7,12,0.6609,126.7519,106.1418
2023-24,BKN,2024-02-08,BKN vs. CLE,CLE,True,L,95,118,-23,37,93,0.398,10,25,0.4,11,14,12,22,34,22,9,3,12,0.4516,96.6233,120.0163
2023-24,BKN,2024-02-06,BKN vs. DAL,DAL,True,L,107,119,-12,41,91,0.451,12,33,0.364,13,15,8,35,43,33,6,5,10,0.5165,106.2984,118.2197
2023-24,BKN,2024-02-05,BKN vs. GSW,GSW,True,L,98,109,-11,34,89,0.382,13,42,0.31,17,22,11,27,38,23,7,12,10,0.4551,98.5915,109.6579
2023-24,BKN,2024-02-03,BKN @ PHI,PHI,False,W,136,121,15,49,95,0.516,20,51,0.392,18,23,13,40,53,35,3,5,12,0.6211,132.0388,117.4757
2023-24,BKN,2024-01-31,BKN vs. PHX,PHX,True,L,120,136,-16,47,94,0.5,16,39,0.41,10,13,8,19,27,28,11,1,11,0.5851,118.3432,134.1223
2023-24,BKN,2024-01-29,BKN vs. UTA,UTA,True,W,147,114,33,54,105,0.514,21,45,0.467,18,19,16,34,50,41,12,9,9,0.6143,138.4702,107.3851
2023-24,BKN,2024-01-27,BKN vs. HOU,HOU,True,W,106,104,2,36,74,0.486,12,34,0.353,22,37,2,38,40,24,11,6,19,0.5676,99.344,97.4695
2023-24,BKN,2024-01-25,BKN vs. MIN,MIN,True,L,94,96,-2,35,77,0.455,10,33,0.303,14,16,5,27,32,22,7,3,15,0.5195,99.9575,102.0842
2023-24,BKN,2024-01-23,BKN vs. NYK,NYK,True,L,103,108,-5,42,95,0.442,15,42,0.357,4,5,13,27,40,29,7,5,13,0.5211,105.8799,111.0197
2023-24,BKN,2024-01-21,BKN @ LAC,LAC,False,L,114,125,-11,44,90,0.489,14,39,0.359,12,16,6,30,36,29,6,5,13,0.5667,111.4587,122.2135
2023-24,BKN,2024-01-19,BKN @ LAL,LAL,False,W,130,112,18,50,95,0.526,19,47,0.404,11,14,8,33,41,31,10,4,11,0.6263,124.5688,107.3208
2023-24,BKN,2024-01-17,BKN @ POR,POR,False,L,103,105,-2,35,73,0.479,15,38,0.395,18,27,6,27,33,28,9,3,11,0.5822,111.3273,113.489
2023-24,BKN,2024-01-15,BKN vs. MIA,MIA,True,L,95,96,-1,34,99,0.343,12,55,0.218,15,16,9,41,50,26,9,9,8,0.404,90.459,91.4112
2023-24,BKN,2024-01-11,BKN @ CLE,CLE,False,L,102,111,-9,37,82,0.451,8,27,0.296,20,28,9,32,41,18,5,4,17,0.5,100.8703,109.7706
2023-24,BKN,2024-01-07,BKN vs. POR,POR,True,L,127,134,-7,46,91,0.505,14,37,0.378,21,25,9,35,44,29,7,7,16,0.5824,116.407,122.8231
2023-24,BKN,2024-01-05,BKN vs. OKC,OKC,True,W,124,115,9,41,91,0.451,14,39,0.359,28,33,20,31,51,25,9,3,15,0.5275,123.334,114.3823
2023-24,BKN,2024-01-03,BKN @ HOU,HOU,False,L,101,112,-11,36,93,0.387,13,44,0.295,16,26,15,35,50,25,11,6,10,0.457,101.8556,112.9488
2023-24,BKN,2024-01-02,BKN @ NOP,NOP,False,L,85,112,-27,35,98,0.357,11,43,0.256,4,8,18,25,43,26,7,4,15,0.4133,87.4306,115.2026
2023-24,BKN,2023-12-31,BKN @ OKC,OKC,False,L,108,124,-16,38,100,0.38,12,46,0.261,20,31,17,30,47,26,9,2,7,0.44,105.1402,120.7165
2023-24,BKN,2023-12-29,BKN @ WAS,WAS,False,L,104,110,-6,39,91,0.429,9,28,0.321,17,27,18,36,54,24,5,4,10,0.478,110.6618,117.0462
2023-24,BKN,2023-12-27,BKN vs. MIL,MIL,True,L,122,144,-22,45,101,0.446,7,32,0.219,25,29,17,30,47,29,7,2,9,0.4802,117.9428,139.2111
2023-24,BKN,2023-12-26,BKN @ DET,DET,False,W,118,112,6,41,82,0.5,9,22,0.409,27,43,7,35,42,22,6,7,9,0.5549,115.122,109.2683
2023-24,BKN,2023-12-23,BKN vs. DET,DET,True,W,126,115,11,45,86,0.523,10,24,0.417,26,32,7,31,38,32,10,3,12,0.5814,123.0228,112.2828
2023-24,BKN,2023-12-22,BKN vs. DEN,DEN,True,L,117,122,-5,43,89,0.483,13,33,0.394,18,26,14,31,45,32,4,7,11,0.5562,120.9677,126.1373
2023-24,BKN,2023-12-20,BKN vs. NYK,NYK,True,L,102,121,-19,37,101,0.366,15,47,0.319,13,17,17,32,49,25,6,9,11,0.4406,98.3227,116.6377
2023-24,BKN,2023-12-18,BKN @ UTA,UTA,False,L,108,125,-17,39,90,0.433,16,39,0.41,14,20,11,25,36,25,4,9,14,0.5222,105.1811,121.7374
2023-24,BKN,2023-12-16,BKN @ GSW,GSW,False,L,120,124,-4,45,93,0.484,17,43,0.395,13,15,14,28,42,31,6,8,16,0.5753,118.5771,122.5296
2023-24,BKN,2023-12-14,BKN @ DEN,DEN,False,L,101,124,-23,39,95,0.411,8,30,0.267,15,20,18,35,53,28,5,4,16,0.4526,97.5657,119.7836
2023-24,BKN,2023-12-13,BKN @ PHX,PHX,False,W,116,112,4,41,89,0.461,15,41,0.366,19,24,10,26,36,24,9,4,7,0.5449,121.8231,117.6223
2023-24,BKN,2023-12-11,BKN @ SAC,SAC,False,L,118,131,-13,42,88,0.477,14,29,0.483,20,21,10,31,41,24,4,6,13,0.5568,116.0275,128.8102
2023-24,BKN,2023-12-08,BKN vs. WAS,WAS,True,W,124,97,27,50,104,0.481,10,33,0.303,14,18,18,37,55,27,8,8,11,0.5288,118.5695,92.752
2023-24,BKN,2023-12-06,BKN @ ATL,ATL,False,W,114,113,1,43,94,0.457,11,27,0.407,17,24,12,33,45,24,7,6,12,0.516,109.363,108.4037
2023-24,BKN,2023-12-02,BKN vs. ORL,ORL,True,W,129,101,28,46,91,0.505,14,34,0.412,23,31,14,43,57,31,4,8,11,0.5824,126.149,98.7678
2023-24,BKN,2023-11-30,BKN vs. CHA,CHA,True,L,128,129,-1,52,105,0.495,14,36,0.389,10,15,22,30,52,21,6,4,9,0.5619,132.8904,133.9286
2023-24,BKN,2023-11-28,BKN vs. TOR,TOR,True,W,115,103,12,40,89,0.449,13,38,0.342,22,26,13,46,59,26,7,8,15,0.5225,112.8557,101.0795
2023-24,BKN,2023-11-26,BKN vs. CHI,CHI,True,W,118,109,9,41,83,0.494,25,53,0.472,11,15,8,31,39,29,7,2,11,0.6446,126.691,117.0281
2023-24,BKN,2023-11-25,BKN vs. MIA,MIA,True,W,112,97,15,39,78,0.5,14,36,0.389,20,23,8,34,42,27,11,9,13,0.5897,117.3758,101.6558
2023-24,BKN,2023-11-22,BKN @ ATL,ATL,False,L,145,147,-2,55,113,0.487,15,35,0.429,20,24,22,37,59,28,8,6,16,0.5531,121.6851,123.3635
2023-24,BKN,2023-11-19,BKN vs. PHI,PHI,True,L,99,121,-22,38,81,0.469,11,28,0.393,12,16,9,36,45,24,2,8,15,0.537,103.6866,126.7281
2023-24,BKN,2023-11-16,BKN @ MIA,MIA,False,L,115,122,-7,40,85,0.471,14,36,0.389,21,27,10,30,40,29,5,3,15,0.5529,117.6832,124.8465
2023-24,BKN,2023-11-14,BKN vs. ORL,ORL,True,W,124,104,20,46,85,0.541,19,39,0.487,13,20,13,31,44,22,13,3,16,0.6529,127.1534,106.6448
2023-24,BKN,2023-11-12,BKN vs. WAS,WAS,True,W,102,94,8,37,98,0.378,12,49,0.245,16,20,20,46,66,22,6,6,19,0.4388,97.2355,89.6092
2023-24,BKN,2023-11-10,BKN @ BOS,BOS,False,L,107,121,-14,38,85,0.447,15,37,0.405,16,18,9,37,46,26,0,3,12,0.5353,110.7431,125.2329
2023-24,BKN,2023-11-08,BKN vs. LAC,LAC,True,W,100,93,7,37,92,0.402,15,41,0.366,11,13,14,35,49,22,10,10,14,0.4837,100.2808,93.2611
2023-24,BKN,2023-11-06,BKN vs. MIL,MIL,True,L,125,129,-4,49,101,0.485,16,45,0.356,11,13,11,35,46,22,2,4,8,0.5644,120.0307,123.8717
2023-24,BKN,2023-11-04,BKN vs. BOS,BOS,True,L,114,124,-10,43,100,0.43,17,52,0.327,11,17,10,32,42,22,4,5,6,0.515,110.4865,120.1783
2023-24,BKN,2023-11-03,BKN @ CHI,CHI,False,W,109,107,2,44,96,0.458,18,45,0.4,3,5,8,31,39,32,4,4,11,0.5521,110.458,108.4313
2023-24,BKN,2023-11-01,BKN @ MIA,MIA,False,W,109,105,4,37,82,0.451,16,36,0.444,19,26,7,40,47,27,11,4,18,0.5488,103.6319,99.8289
2023-24,BKN,2023-10-30,BKN @ CHA,CHA,False,W,133,121,12,49,87,0.563,12,33,0.364,23,32,10,36,46,25,4,8,14,0.6322,125.5428,114.2156
2023-24,BKN,2023-10-27,BKN @ DAL,DAL,False,L,120,125,-5,45,92,0.489,21,43,0.488,9,10,10,37,47,30,5,4,16,0.6033,116.0991,120.9365
2023-24,BKN,2023-10-25,BKN vs. CLE,CLE,True,L,113,114,-1,42,84,0.5,9,27,0.333,20,26,13,37,50,30,6,6,18,0.5536,113.0905,114.0913
2023-24,BOS,2024-04-14,BOS vs. WAS,WAS,True,W,132,122,10,51,89,0.573,16,32,0.5,14,21,10,38,48,29,10,15,17,0.6629,121.8612,112.6292
2023-24,BOS,2024-04-12,BOS vs. CHA,CHA,True,W,131,98,33,54,104,0.519,14,41,0.341,9,13,16,37,53,34,12,1,6,0.5865,130.0894,97.3188
2023-24,BOS,2024-04-11,BOS vs. NYK,NYK,True,L,109,118,-9,40,86,0.465,16,42,0.381,13,16,10,26,36,25,7,12,12,0.5581,110.9754,120.1385
2023-24,BOS,2024-04-09,BOS @ MIL,MIL,False,L,91,104,-13,37,93,0.398,17,52,0.327,0,0,12,26,38,27,11,4,12,0.4892,99.5188,113.7358
2023-24,BOS,2024-04-07,BOS vs. POR,POR,True,W,124,107,17,49,87,0.563,16,38,0.421,10,13,5,35,40,34,11,8,13,0.6552,123.1136,106.2351
2023-24,BOS,2024-04-05,BOS vs. SAC,SAC,True,W,101,100,1,38,89,0.427,12,44,0.273,13,18,12,39,51,25,6,4,8,0.4944,106.5176,105.463
2023-24,BOS,2024-04-03,BOS vs. OKC,OKC,True,W,135,100,35,50,92,0.543,17,40,0.425,18,19,11,35,46,33,7,10,11,0.6359,133.2149,98.6777
2023-24,BOS,2024-04-01,BOS @ CHA,CHA,False,W,118,104,14,43,89,0.483,19,53,0.358,13,16,11,40,51,28,3,3,11,0.5899,123.6379,108.969
2023-24,BOS,2024-03-30,BOS @ NOP,NOP,False,W,104,92,12,39,82,0.476,15,37,0.405,11,12,8,43,51,27,7,7,13,0.5671,112.311,99.3521
2023-24,BOS,2024-03-28,BOS @ ATL,ATL,False,L,122,123,-1,45,94,0.479,14,36,0.389,18,21,9,34,43,28,7,6,12,0.5532,116.9479,117.9064
2023-24,BOS,2024-03-25,BOS @ ATL,ATL,False,L,118,120,-2,47,95,0.495,11,38,0.289,13,19,12,26,38,21,7,8,9,0.5526,122.3812,124.4555
2023-24,BOS,2024-03-23,BOS @ CHI,CHI,False,W,124,113,11,44,86,0.512,21,48,0.438,15,17,12,29,41,28,5,3,12,0.6337,134.5486,122.6128
2023-24,BOS,2024-03-22,BOS @ DET,DET,False,W,129,102,27,47,89,0.528,16,45,0.356,19,27,8,27,35,31,9,5,7,0.618,129.2585,102.2044
2023-24,BOS,2024-03-20,BOS vs. MIL,MIL,True,W,122,119,3,40,85,0.471,18,40,0.45,24,29,11,26,37,25,6,5,9,0.5765,127.1363,124.01
2023-24,BOS,2024-03-18,BOS vs. DET,DET,True,W,119,94,25,43,95,0.453,22,49,0.449,11,13,15,38,53,30,8,8,11,0.5684,123.7521,97.7537
2023-24,BOS,2024-03-17,BOS @ WAS,WAS,False,W,130,104,26,43,87,0.494,24,50,0.48,20,24,12,31,43,30,9,6,15,0.6322,128.8915,103.1132
2023-24,BOS,2024-03-14,BOS vs. PHX,PHX,True,W,127,112,15,47,89,0.528,25,50,0.5,8,11,6,27,33,31,12,5,10,0.6685,129.4333,114.1459
2023-24,BOS,2024-03-12,BOS @ UTA,UTA,False,W,123,107,16,43,92,0.467,20,49,0.408,17,19,14,32,46,25,5,8,9,0.5761,131.4103,114.3162
2023-24,BOS,2024-03-11,BOS @ POR,POR,False,W,121,99,22,49,100,0.49,15,40,0.375,8,12,14,31,45,34,7,10,3,0.565,128.6413,105.252
2023-24,BOS,2024-03-09,BOS @ PHX,PHX,False,W,117,107,10,46,94,0.489,15,39,0.385,10,13,13,30,43,29,7,4,12,0.5691,118.3252,108.212
2023-24,BOS,2024-03-07,BOS @ DEN,DEN,False,L,109,115,-6,41,91,0.451,11,38,0.289,16,25,13,34,47,24,6,3,12,0.511,108.6307,114.6103
2023-24,BOS,2024-03-05,BOS @ CLE,CLE,False,L,104,105,-1,39,93,0.419,15,38,0.395,11,12,14,39,53,24,6,9,13,0.5,107.7051,108.7407
2023-24,BOS,2024-03-03,BOS vs. GSW,GSW,True,W,140,88,52,53,96,0.552,25,49,0.51,9,11,7,44,51,35,10,5,8,0.6823,136.8792,86.0383
2023-24,BOS,2024-03-01,BOS vs. DAL,DAL,True,W,138,110,28,52,94,0.553,21,43,0.488,13,13,9,38,47,33,4,8,9,0.6649,138.2488,110.1984
2023-24,BOS,2024-02-27,BOS vs. PHI,PHI,True,W,117,99,18,39,74,0.527,5,22,0.227,34,37,9,47,56,21,7,9,14,0.5608,119.0476,100.7326
2023-24,BOS,2024-02-24,BOS @ NYK,NYK,False,W,116,102,14,46,81,0.568,15,35,0.429,9,12,11,25,36,27,8,4,7,0.6605,136.2142,119.7745
2023-24,BOS,2024-02-22,BOS @ CHI,CHI,False,W,129,112,17,45,83,0.542,23,47,0.489,16,21,5,31,36,27,10,11,14,0.6807,127.546,110.7376
2023-24,BOS,2024-02-14,BOS vs. BKN,BKN,True,W,136,86,50,52,91,0.571,22,45,0.489,10,12,10,41,51,32,6,5,10,0.6923,143.2484,90.5835
2023-24,BOS,2024-02-13,BOS @ BKN,BKN,False,W,118,110,8,43,83,0.518,15,37,0.405,17,23,7,32,39,31,6,1,14,0.6084,120.6791,112.4974
2023-24,BOS,2024-02-11,BOS @ MIA,MIA,False,W,110,106,4,41,81,0.506,16,39,0.41,12,17,6,36,42,27,1,9,11,0.6049,115.7407,111.532
2023-24,BOS,2024-02-09,BOS vs. WAS,WAS,True,W,133,129,4,48,92,0.522,11,34,0.324,26,28,9,40,49,25,9,5,13,0.5815,121.1514,117.5077
2023-24,BOS,2024-02-07,BOS vs. ATL,ATL,True,W,125,117,8,49,93,0.527,17,49,0.347,10,11,6,39,45,33,6,9,14,0.6183,117.5696,110.0451
2023-24,BOS,2024-02-04,BOS vs. MEM,MEM,True,W,131,91,40,48,99,0.485,19,51,0.373,16,18,17,40,57,30,12,4,11,0.5808,129.5747,90.0099
2023-24,BOS,2024-02-01,BOS vs. LAL,LAL,True,L,105,114,-9,41,97,0.423,16,48,0.333,7,7,14,40,54,30,4,12,15,0.5052,105.7828,114.8499
2023-24,BOS,2024-01-30,BOS vs. IND,IND,True,W,129,124,5,47,87,0.54,17,36,0.472,18,22,7,33,40,25,6,9,12,0.6379,125.682,120.8106
2023-24,BOS,2024-01-29,BOS vs. NOP,NOP,True,W,118,112,6,43,85,0.506,17,46,0.37,15,20,6,34,40,27,7,5,11,0.6059,118.8797,112.835
2023-24,BOS,2024-01-27,BOS vs. LAC,LAC,True,L,96,115,-19,36,100,0.36,10,40,0.25,14,16,18,34,52,21,2,9,11,0.41,94.5999,113.3228
2023-24,BOS,2024-01-25,BOS @ MIA,MIA,False,W,143,110,33,51,80,0.638,22,40,0.55,19,20,6,41,47,36,4,5,11,0.775,152.5171,117.3208
2023-24,BOS,2024-01-22,BOS @ DAL,DAL,False,W,119,110,9,41,88,0.466,15,46,0.326,22,30,5,39,44,26,7,8,6,0.5511,115.894,107.1289
2023-24,BOS,2024-01-21,BOS @ HOU,HOU,False,W,116,107,9,43,98,0.439,17,47,0.362,13,18,16,39,55,31,10,12,16,0.5255,108.6142,100.1873
2023-24,BOS,2024-01-19,BOS vs. DEN,DEN,True,L,100,102,-2,38,89,0.427,14,44,0.318,10,14,12,26,38,21,5,2,3,0.5056,115.0219,117.3223
2023-24,BOS,2024-01-17,BOS vs. SAS,SAS,True,W,117,98,19,42,90,0.467,18,38,0.474,15,19,12,42,54,22,5,6,14,0.5667,117.3521,98.2949
2023-24,BOS,2024-01-15,BOS @ TOR,TOR,False,W,105,96,9,33,82,0.402,16,39,0.41,23,25,5,48,53,20,3,7,13,0.5,103.3261,94.4696
2023-24,BOS,2024-01-13,BOS vs. HOU,HOU,True,W,145,113,32,51,95,0.537,24,47,0.511,19,25,10,40,50,26,7,8,12,0.6632,132.9056,103.5747
2023-24,BOS,2024-01-11,BOS @ MIL,MIL,False,L,102,135,-33,34,91,0.374,9,35,0.257,25,30,6,25,31,22,5,5,6,0.4231,100.8703,133.5047
2023-24,BOS,2024-01-10,BOS vs. MIN,MIN,True,W,127,120,7,39,90,0.433,19,47,0.404,30,31,7,39,46,21,5,4,8,0.5389,121.2758,114.5913
2023-24,BOS,2024-01-08,BOS @ IND,IND,False,L,131,133,-2,47,90,0.522,17,35,0.486,20,29,13,29,42,26,3,8,15,0.6167,125.0955,127.0053
2023-24,BOS,2024-01-06,BOS @ IND,IND,False,W,118,101,17,46,90,0.511,16,41,0.39,10,19,13,43,56,26,6,6,18,0.6,115.6636,99.0002
2023-24,BOS,2024-01-05,BOS vs. UTA,UTA,True,W,126,97,29,39,90,0.433,17,49,0.347,31,36,9,47,56,24,9,8,14,0.5278,113.6159,87.4662
2023-24,BOS,2024-01-02,BOS @ OKC,OKC,False,L,123,127,-4,42,92,0.457,15,40,0.375,24,29,17,30,47,33,7,10,14,0.538,121.6377,125.5934
2023-24,BOS,2023-12-31,BOS @ SAS,SAS,False,W,134,101,33,51,95,0.537,15,42,0.357,17,22,13,44,57,29,6,7,11,0.6158,128.2542,96.6692
2023-24,BOS,2023-12-29,BOS vs. TOR,TOR,True,W,120,118,2,43,88,0.489,17,39,0.436,17,20,13,39,52,29,3,6,16,0.5852,120.2405,118.2365
2023-24,BOS,2023-12-28,BOS vs. DET,DET,True,W,128,122,6,48,99,0.485,11,39,0.282,21,25,11,32,43,25,10,4,12,0.5404,116.1735,110.7279
2023-24,BOS,2023-12-25,BOS @ LAL,LAL,False,W,126,115,11,46,91,0.505,13,42,0.31,21,28,11,33,44,31,8,7,8,0.5769,126.9138,115.834
2023-24,BOS,2023-12-23,BOS @ LAC,LAC,False,W,145,108,37,49,94,0.521,25,53,0.472,22,28,15,36,51,33,4,5,10,0.6543,145.7873,108.5864
2023-24,BOS,2023-12-20,BOS @ SAC,SAC,False,W,144,119,25,51,92,0.554,22,42,0.524,20,24,14,36,50,35,6,10,9,0.6739,148.6989,122.8831
2023-24,BOS,2023-12-19,BOS @ GSW,GSW,False,L,126,132,-6,47,114,0.412,17,58,0.293,15,17,18,37,55,28,6,5,8,0.4868,115.258,120.7464
2023-24,BOS,2023-12-17,BOS vs. ORL,ORL,True,W,114,97,17,45,95,0.474,17,36,0.472,7,8,10,45,55,18,4,10,14,0.5632,113.3877,96.479
2023-24,BOS,2023-12-15,BOS vs. ORL,ORL,True,W,128,111,17,48,92,0.522,18,42,0.429,14,20,9,25,34,31,14,7,11,0.6196,124.441,107.9137
2023-24,BOS,2023-12-14,BOS vs. CLE,CLE,True,W,116,107,9,43,85,0.506,13,36,0.361,17,20,13,31,44,22,7,8,13,0.5824,121.2882,111.8779
2023-24,BOS,2023-12-12,BOS vs. CLE,CLE,True,W,120,113,7,38,84,0.452,18,44,0.409,26,26,12,33,45,23,9,9,15,0.5595,119.1658,112.2145
2023-24,BOS,2023-12-08,BOS vs. NYK,NYK,True,W,133,123,10,48,91,0.527,19,47,0.404,18,21,8,26,34,24,8,5,8,0.6319,131.605,121.7099
2023-24,BOS,2023-12-04,BOS @ IND,IND,False,L,112,122,-10,46,97,0.474,12,41,0.293,8,12,13,43,56,27,5,9,18,0.5361,106.911,116.4567
2023-24,BOS,2023-12-01,BOS vs. PHI,PHI,True,W,125,119,6,39,77,0.506,16,33,0.485,31,36,10,36,46,25,10,8,20,0.6104,120.2154,114.4451
2023-24,BOS,2023-11-28,BOS vs. CHI,CHI,True,W,124,97,27,47,90,0.522,21,49,0.429,9,12,11,41,52,36,6,9,16,0.6389,125.7606,98.3773
2023-24,BOS,2023-11-26,BOS vs. ATL,ATL,True,W,113,103,10,42,95,0.442,13,47,0.277,16,20,18,40,58,24,9,3,13,0.5105,112.9097,102.9177
2023-24,BOS,2023-11-24,BOS @ ORL,ORL,False,L,96,113,-17,31,76,0.408,7,29,0.241,27,37,4,27,31,17,10,4,15,0.4539,94.5999,111.352
2023-24,BOS,2023-11-22,BOS vs. MIL,MIL,True,W,119,116,3,44,84,0.524,17,42,0.405,14,17,4,39,43,27,3,5,15,0.625,114.9981,112.099
2023-24,BOS,2023-11-20,BOS @ CHA,CHA,False,L,118,121,-3,42,97,0.433,16,50,0.32,18,28,11,37,48,19,6,8,15,0.5155,106.8841,109.6014
2023-24,BOS,2023-11-19,BOS @ MEM,MEM,False,W,102,100,2,35,77,0.455,12,31,0.387,20,25,9,36,45,20,6,10,17,0.5325,106.0291,103.9501
2023-24,BOS,2023-11-17,BOS @ TOR,TOR,False,W,108,105,3,42,92,0.457,16,46,0.348,8,9,8,36,44,29,5,4,11,0.5435,107.9352,104.937
2023-24,BOS,2023-11-15,BOS @ PHI,PHI,False,W,117,107,10,42,88,0.477,18,50,0.36,15,19,12,33,45,23,7,8,10,0.5795,124.4416,113.8056
2023-24,BOS,2023-11-13,BOS vs. NYK,NYK,True,W,114,98,16,40,79,0.506,19,43,0.442,15,16,8,29,37,27,3,3,11,0.6266,127.6596,109.7424
2023-24,BOS,2023-11-11,BOS vs. TOR,TOR,True,W,117,94,23,47,86,0.547,15,44,0.341,8,13,5,41,46,30,1,4,13,0.6337,117.1406,94.1129
2023-24,BOS,2023-11-10,BOS vs. BKN,BKN,True,W,121,107,14,41,94,0.436,19,52,0.365,20,28,17,35,52,29,5,3,8,0.5372,125.2329,110.7431
2023-24,BOS,2023-11-08,BOS @ PHI,PHI,False,L,103,106,-3,36,91,0.396,15,47,0.319,16,19,9,34,43,28,8,6,13,0.478,99.5361,102.4353
2023-24,BOS,2023-11-06,BOS @ MIN,MIN,False,L,109,114,-5,36,92,0.391,11,39,0.282,26,34,11,34,45,20,13,2,18,0.4511,95.6308,100.0175
2023-24,BOS,2023-11-04,BOS @ BKN,BKN,False,W,124,114,10,43,90,0.478,15,45,0.333,23,27,10,40,50,22,4,6,11,0.5611,120.1783,110.4865
2023-24,BOS,2023-11-01,BOS vs. IND,IND,True,W,155,104,51,54,95,0.568,20,35,0.571,27,28,11,46,57,27,5,2,13,0.6737,143.121,96.0295
2023-24,BOS,2023-10-30,BOS @ WAS,WAS,False,W,126,107,19,51,102,0.5,19,53,0.358,5,7,15,36,51,31,11,6,18,0.5931,119.7036,101.653
2023-24,BOS,2023-10-27,BOS vs. MIA,MIA,True,W,119,111,8,45,95,0.474,16,39,0.41,13,19,16,39,55,20,7,6,15,0.5579,117.5425,109.6405
2023-24,BOS,2023-10-25,BOS @ NYK,NYK,False,W,108,104,4,37,77,0.481,12,39,0.308,22,26,7,39,46,18,6,11,13,0.5584,109.7115,105.6481
2023-24,CHA,2024-04-14,CHA @ CLE,CLE,False,W,120,110,10,46,91,0.505,19,40,0.475,9,11,10,37,47,36,10,9,10,0.6099,123.2033,112.9363
2023-24,CHA,2024-04-12,CHA @ BOS,BOS,False,L,98,131,-33,32,76,0.421,15,35,0.429,19,22,4,29,33,20,3,7,20,0.5197,97.3188,130.0894
2023-24,CHA,2024-04-10,CHA @ ATL,ATL,False,W,115,114,1,40,79,0.506,14,36,0.389,21,22,5,28,33,25,11,2,14,0.5949,116.3261,115.3146
2023-24,CHA,2024-04-09,CHA vs. DAL,DAL,True,L,104,130,-26,39,89,0.438,10,32,0.313,16,21,8,31,39,24,8,3,12,0.4944,102.4429,128.0536
2023-24,CHA,2024-04-07,CHA vs. OKC,OKC,True,L,118,121,-3,45,83,0.542,17,40,0.425,11,14,7,29,36,29,12,9,18,0.6446,117.0403,120.0159
2023-24,CHA,2024-04-05,CHA vs. ORL,ORL,True,W,124,115,9,43,72,0.597,15,30,0.5,23,23,4,32,36,29,6,4,20,0.7014,124.8993,115.834
2023-24,CHA,2024-04-03,CHA vs. POR,POR,True,L,86,89,-3,32,78,0.41,5,31,0.161,17,22,2,34,36,22,10,8,11,0.4423,87.3274,90.3737
2023-24,CHA,2024-04-01,CHA vs. BOS,BOS,True,L,104,118,-14,41,91,0.451,13,37,0.351,9,11,8,32,40,28,3,2,7,0.522,108.969,123.6379
2023-24,CHA,2024-03-31,CHA vs. LAC,LAC,True,L,118,130,-12,44,88,0.5,23,52,0.442,7,11,5,26,31,32,3,2,9,0.6307,124.3414,136.9863
2023-24,CHA,2024-03-29,CHA vs. GSW,GSW,True,L,97,115,-18,34,84,0.405,12,46,0.261,17,24,12,29,41,23,4,2,11,0.4762,102.9069,122.003
2023-24,CHA,2024-03-27,CHA vs. CLE,CLE,True,W,118,111,7,44,76,0.579,13,33,0.394,17,22,8,30,38,30,8,2,16,0.6645,123.6638,116.3278
2023-24,CHA,2024-03-25,CHA @ CLE,CLE,False,L,92,115,-23,34,80,0.425,9,28,0.321,15,18,6,27,33,22,5,4,12,0.4812,97.1899,121.4874
2023-24,CHA,2024-03-23,CHA @ ATL,ATL,False,L,91,132,-41,35,84,0.417,11,39,0.282,10,14,11,28,39,25,3,4,15,0.4821,96.644,140.1869
2023-24,CHA,2024-03-19,CHA @ ORL,ORL,False,L,92,112,-20,38,79,0.481,9,29,0.31,7,9,4,26,30,19,8,1,17,0.538,96.4967,117.4743
2023-24,CHA,2024-03-16,CHA @ PHI,PHI,False,L,98,109,-11,37,82,0.451,10,31,0.323,14,18,12,28,40,21,11,4,16,0.5122,102.1259,113.589
2023-24,CHA,2024-03-15,CHA vs. PHX,PHX,True,L,96,107,-11,35,94,0.372,6,37,0.162,20,27,12,36,48,20,6,3,5,0.4043,98.6234,109.924
2023-24,CHA,2024-03-13,CHA @ MEM,MEM,False,W,110,98,12,44,82,0.537,13,36,0.361,9,13,6,29,35,26,12,7,20,0.6159,110.2425,98.2161
2023-24,CHA,2024-03-11,CHA @ DET,DET,False,L,97,114,-17,34,88,0.386,13,40,0.325,16,23,9,31,40,27,7,2,13,0.4602,96.192,113.0504
2023-24,CHA,2024-03-09,CHA vs. BKN,BKN,True,W,110,99,11,44,81,0.543,11,30,0.367,11,15,9,36,45,26,9,3,17,0.6111,113.9424,102.5482
2023-24,CHA,2024-03-08,CHA @ WAS,WAS,False,L,100,112,-12,40,100,0.4,9,42,0.214,11,15,13,35,48,18,6,5,7,0.445,100.6441,112.7214
2023-24,CHA,2024-03-05,CHA vs. ORL,ORL,True,L,89,101,-12,33,72,0.458,12,33,0.364,11,11,3,28,31,19,7,1,19,0.5417,97.0345,110.1177
2023-24,CHA,2024-03-03,CHA @ TOR,TOR,False,L,106,111,-5,43,92,0.467,8,27,0.296,12,16,11,34,45,24,8,6,17,0.5109,101.4548,106.2404
2023-24,CHA,2024-03-01,CHA @ PHI,PHI,False,L,114,121,-7,43,84,0.512,14,33,0.424,14,17,7,25,32,24,5,6,5,0.5952,125.0548,132.7337
2023-24,CHA,2024-02-29,CHA vs. MIL,MIL,True,L,99,111,-12,36,82,0.439,12,39,0.308,15,20,9,33,42,24,3,3,13,0.5122,104.4304,117.0886
2023-24,CHA,2024-02-27,CHA @ MIL,MIL,False,L,85,123,-38,30,81,0.37,11,40,0.275,14,17,5,32,37,24,6,2,13,0.4383,88.3576,127.8586
2023-24,CHA,2024-02-25,CHA @ POR,POR,False,W,93,80,13,37,75,0.493,7,24,0.292,12,17,4,37,41,24,12,6,19,0.54,96.1141,82.6788
2023-24,CHA,2024-02-23,CHA @ GSW,GSW,False,L,84,97,-13,32,88,0.364,11,39,0.282,9,11,13,30,43,21,13,6,19,0.4261,83.4824,96.4023
2023-24,CHA,2024-02-22,CHA @ UTA,UTA,False,W,115,107,8,40,92,0.435,20,42,0.476,15,22,12,30,42,28,11,3,10,0.5435,114.1099,106.1719
2023-24,CHA,2024-02-14,CHA vs. ATL,ATL,True,W,122,99,23,44,89,0.494,15,37,0.405,19,20,12,34,46,27,7,4,13,0.5787,123.4818,100.2024
2023-24,CHA,2024-02-12,CHA vs. IND,IND,True,W,111,102,9,44,82,0.537,10,34,0.294,13,16,5,41,46,27,5,3,19,0.5976,109.8575,100.9501
2023-24,CHA,2024-02-10,CHA vs. MEM,MEM,True,W,115,106,9,47,82,0.573,16,31,0.516,5,7,5,38,43,30,8,4,19,0.6707,116.3968,107.2874
2023-24,CHA,2024-02-09,CHA @ MIL,MIL,False,L,84,120,-36,27,79,0.342,7,29,0.241,23,29,8,40,48,17,2,2,15,0.3861,83.8658,119.8083
2023-24,CHA,2024-02-07,CHA vs. TOR,TOR,True,L,117,123,-6,44,90,0.489,16,39,0.41,13,20,9,29,38,27,6,2,10,0.5778,119.7789,125.9214
2023-24,CHA,2024-02-05,CHA vs. LAL,LAL,True,L,118,124,-6,47,96,0.49,13,32,0.406,11,14,5,29,34,26,9,1,9,0.5573,110.5283,116.1484
2023-24,CHA,2024-02-04,CHA vs. IND,IND,True,L,99,115,-16,35,88,0.398,8,29,0.276,21,25,11,32,43,18,6,5,11,0.4432,99.5375,115.6244
2023-24,CHA,2024-02-02,CHA @ OKC,OKC,False,L,106,126,-20,41,92,0.446,14,31,0.452,10,14,7,28,35,22,12,4,14,0.5217,101.9035,121.1306
2023-24,CHA,2024-01-31,CHA vs. CHI,CHI,True,L,110,117,-7,40,90,0.444,16,46,0.348,14,17,9,31,40,25,4,6,10,0.5333,113.3086,120.5192
2023-24,CHA,2024-01-29,CHA vs. NYK,NYK,True,L,92,113,-21,37,81,0.457,11,32,0.344,7,14,9,32,41,23,4,6,14,0.5247,99.3521,122.0302
2023-24,CHA,2024-01-27,CHA vs. UTA,UTA,True,L,122,134,-12,47,92,0.511,13,32,0.406,15,21,9,26,35,35,7,6,10,0.5815,120.9597,132.8574
2023-24,CHA,2024-01-26,CHA vs. HOU,HOU,True,L,104,138,-34,35,85,0.412,9,29,0.31,25,32,5,27,32,20,6,7,13,0.4647,97.7811,129.748
2023-24,CHA,2024-01-24,CHA @ DET,DET,False,L,106,113,-7,38,87,0.437,15,38,0.395,15,19,9,39,48,27,5,5,11,0.523,106.9843,114.0493
2023-24,CHA,2024-01-22,CHA @ MIN,MIN,False,W,128,125,3,50,88,0.568,14,37,0.378,14,18,7,28,35,30,8,4,10,0.6477,127.4139,124.4276
2023-24,CHA,2024-01-20,CHA vs. PHI,PHI,True,L,89,97,-8,35,85,0.412,9,37,0.243,10,14,7,40,47,23,2,7,17,0.4647,88.6807,96.6521
2023-24,CHA,2024-01-19,CHA vs. SAS,SAS,True,W,124,120,4,47,84,0.56,16,29,0.552,14,16,10,30,40,25,9,4,18,0.6548,126.1958,122.125
2023-24,CHA,2024-01-17,CHA @ NOP,NOP,False,L,112,132,-20,39,90,0.433,19,45,0.422,15,18,15,26,41,29,7,8,14,0.5389,116.6424,137.4714
2023-24,CHA,2024-01-14,CHA @ MIA,MIA,False,L,87,104,-17,33,95,0.347,10,41,0.244,11,15,17,33,50,17,5,3,15,0.4,88.0389,105.2419
2023-24,CHA,2024-01-12,CHA @ SAS,SAS,False,L,99,135,-36,32,89,0.36,10,34,0.294,25,28,16,28,44,22,11,3,20,0.4157,91.9732,125.4181
2023-24,CHA,2024-01-10,CHA vs. SAC,SAC,True,L,98,123,-25,35,87,0.402,16,38,0.421,12,16,8,28,36,17,2,3,10,0.4943,102.5319,128.688
2023-24,CHA,2024-01-08,CHA vs. CHI,CHI,True,L,112,119,-7,40,94,0.426,17,42,0.405,15,17,14,30,44,26,3,7,15,0.516,108.1917,114.9536
2023-24,CHA,2024-01-05,CHA @ CHI,CHI,False,L,91,104,-13,36,89,0.404,10,34,0.294,9,12,12,30,42,20,7,1,13,0.4607,96.9323,110.7797
2023-24,CHA,2024-01-02,CHA @ SAC,SAC,False,W,111,104,7,42,82,0.512,12,34,0.353,15,19,4,31,35,23,8,10,15,0.5854,107.3293,100.5608
2023-24,CHA,2024-01-01,CHA @ DEN,DEN,False,L,93,111,-18,36,86,0.419,10,26,0.385,11,16,8,37,45,24,4,5,14,0.4767,94.4354,112.7132
2023-24,CHA,2023-12-29,CHA @ PHX,PHX,False,L,119,133,-14,44,92,0.478,23,46,0.5,8,8,8,18,26,32,5,3,6,0.6033,127.2183,142.1852
2023-24,CHA,2023-12-28,CHA @ LAL,LAL,False,L,112,133,-21,40,85,0.471,15,33,0.455,17,28,8,35,43,29,5,5,19,0.5588,102.998,122.3101
2023-24,CHA,2023-12-26,CHA @ LAC,LAC,False,L,104,113,-9,43,93,0.462,6,29,0.207,12,16,8,34,42,31,8,6,11,0.4946,103.462,112.4154
2023-24,CHA,2023-12-23,CHA vs. DEN,DEN,True,L,95,102,-7,34,88,0.386,8,28,0.286,19,23,13,34,47,23,8,11,18,0.4318,93.0096,99.8629
2023-24,CHA,2023-12-20,CHA @ IND,IND,False,L,113,144,-31,45,95,0.474,8,31,0.258,15,19,16,21,37,23,6,0,12,0.5158,114.3956,145.7785
2023-24,CHA,2023-12-18,CHA @ TOR,TOR,False,L,99,114,-15,39,89,0.438,8,32,0.25,13,13,10,26,36,18,8,6,13,0.4831,100.304,115.5015
2023-24,CHA,2023-12-16,CHA vs. PHI,PHI,True,L,82,135,-53,33,91,0.363,7,35,0.2,9,11,8,28,36,15,3,4,13,0.4011,81.4623,134.1148
2023-24,CHA,2023-12-15,CHA vs. NOP,NOP,True,L,107,112,-5,41,92,0.446,9,31,0.29,16,21,8,31,39,18,7,4,8,0.4946,106.8291,111.8211
2023-24,CHA,2023-12-13,CHA @ MIA,MIA,False,L,104,115,-11,41,77,0.532,12,31,0.387,10,11,4,27,31,27,11,5,21,0.6104,104.4177,115.4618
2023-24,CHA,2023-12-11,CHA vs. MIA,MIA,True,L,114,116,-2,40,84,0.476,17,41,0.415,17,22,6,25,31,31,3,2,11,0.5774,117.7443,119.81
2023-24,CHA,2023-12-08,CHA vs. TOR,TOR,True,W,119,116,3,44,79,0.557,13,25,0.52,18,20,7,24,31,30,7,4,16,0.6392,119.574,116.5595
2023-24,CHA,2023-12-06,CHA @ CHI,CHI,False,L,100,111,-11,39,90,0.433,10,37,0.27,12,12,12,30,42,25,9,9,17,0.4889,100.9897,112.0986
2023-24,CHA,2023-12-02,CHA vs. MIN,MIN,True,L,117,123,-6,44,91,0.484,12,25,0.48,17,19,10,26,36,29,6,4,8,0.5495,119.6564,125.7926
2023-24,CHA,2023-11-30,CHA @ BKN,BKN,False,W,129,128,1,46,91,0.505,21,36,0.583,16,16,13,28,41,30,6,7,9,0.6209,133.9286,132.8904
2023-24,CHA,2023-11-28,CHA @ NYK,NYK,False,L,91,115,-24,37,89,0.416,13,31,0.419,4,7,13,28,41,21,8,2,17,0.4888,93.8725,118.6301
2023-24,CHA,2023-11-26,CHA @ ORL,ORL,False,L,117,130,-13,44,83,0.53,13,30,0.433,16,25,5,31,36,27,6,7,18,0.6084,108.0732,120.0813
2023-24,CHA,2023-11-22,CHA vs. WAS,WAS,True,W,117,114,3,43,91,0.473,16,37,0.432,15,21,11,38,49,27,6,4,13,0.5604,113.5041,110.5937
2023-24,CHA,2023-11-20,CHA vs. BOS,BOS,True,W,121,118,3,46,104,0.442,13,39,0.333,16,17,17,40,57,29,9,7,13,0.5048,109.6014,106.8841
2023-24,CHA,2023-11-18,CHA vs. NYK,NYK,True,L,108,122,-14,40,82,0.488,17,35,0.486,11,13,4,32,36,29,5,5,13,0.5915,110.7238,125.0769
2023-24,CHA,2023-11-17,CHA vs. MIL,MIL,True,L,99,130,-31,37,91,0.407,6,26,0.231,19,22,9,34,43,18,5,2,12,0.4396,95.4677,125.3616
2023-24,CHA,2023-11-14,CHA vs. MIA,MIA,True,L,105,111,-6,36,81,0.444,15,32,0.469,18,22,13,32,45,21,6,0,18,0.537,111.1111,117.4603
2023-24,CHA,2023-11-12,CHA @ NYK,NYK,False,L,107,129,-22,44,94,0.468,12,35,0.343,7,11,15,21,36,21,5,4,12,0.5319,109.7211,132.2806
2023-24,CHA,2023-11-10,CHA @ WAS,WAS,False,W,124,117,7,50,110,0.455,6,28,0.214,18,28,28,39,67,31,10,4,10,0.4818,118.5922,111.8975
2023-24,CHA,2023-11-08,CHA vs. WAS,WAS,True,L,116,132,-16,41,79,0.519,8,25,0.32,26,35,11,36,47,17,8,5,22,0.5696,109.7446,124.8817
2023-24,CHA,2023-11-05,CHA @ DAL,DAL,False,L,118,124,-6,49,99,0.495,8,30,0.267,12,21,10,33,43,30,5,2,9,0.5354,110.1157,115.7148
2023-24,CHA,2023-11-04,CHA @ IND,IND,False,W,125,124,1,47,88,0.534,8,20,0.4,23,23,12,29,41,23,5,10,13,0.5795,123.0557,122.0713
2023-24,CHA,2023-11-01,CHA @ HOU,HOU,False,L,119,128,-9,45,90,0.5,11,27,0.407,18,25,15,29,44,21,9,8,16,0.5611,115.4667,124.1995
2023-24,CHA,2023-10-30,CHA vs. BKN,BKN,True,L,121,133,-12,47,96,0.49,8,31,0.258,19,20,8,31,39,33,8,5,10,0.5312,114.2156,125.5428
2023-24,CHA,2023-10-27,CHA vs. DET,DET,True,L,99,111,-12,33,88,0.375,7,28,0.25,26,34,11,30,41,20,13,7,18,0.4148,89.609,100.4707
2023-24,CHA,2023-10-25,CHA vs. ATL,ATL,True,W,116,110,6,43,86,0.5,11,37,0.297,19,26,12,39,51,34,5,3,19,0.564,109.4546,103.7932
2023-24,CHI,2024-04-14,CHI @ NYK,NYK,False,L,119,120,-1,49,101,0.485,8,31,0.258,13,16,15,29,44,25,15,3,12,0.5248,113.1824,114.1335
2023-24,CHI,2024-04-12,CHI @ WAS,WAS,False,W,129,127,2,48,98,0.49,14,35,0.4,19,28,17,39,56,28,9,6,13,0.5612,121.0813,119.2041
2023-24,CHI,2024-04-11,CHI @ DET,DET,False,W,127,105,22,51,96,0.531,14,36,0.389,11,15,11,31,42,28,14,5,9,0.6042,126.5444,104.6234
2023-24,CHI,2024-04-09,CHI vs. NYK,NYK,True,L,117,128,-11,47,88,0.534,10,28,0.357,13,19,12,27,39,20,4,5,9,0.5909,123.0543,134.6235
2023-24,CHI,2024-04-07,CHI @ ORL,ORL,False,L,98,113,-15,38,75,0.507,6,20,0.3,16,22,8,29,37,20,7,5,21,0.5467,99.9796,115.2826
2023-24,CHI,2024-04-05,CHI vs. NYK,NYK,True,W,108,100,8,44,93,0.473,7,23,0.304,13,16,19,38,57,27,11,5,17,0.5108,107.677,99.7009
2023-24,CHI,2024-04-01,CHI vs. ATL,ATL,True,L,101,113,-12,37,94,0.394,7,28,0.25,20,24,16,35,51,17,8,2,8,0.4309,104.4036,116.8079
2023-24,CHI,2024-03-31,CHI @ MIN,MIN,False,W,109,101,8,42,80,0.525,17,29,0.586,8,12,8,35,43,30,11,3,16,0.6312,115.0274,106.5851
2023-24,CHI,2024-03-29,CHI @ BKN,BKN,False,L,108,125,-17,38,75,0.507,9,30,0.3,23,29,5,39,44,24,3,6,13,0.5667,112.8291,130.5892
2023-24,CHI,2024-03-27,CHI vs. IND,IND,True,W,125,99,26,49,98,0.5,12,27,0.444,15,18,13,41,54,28,7,5,8,0.5612,126.8778,100.4872
2023-24,CHI,2024-03-25,CHI vs. WAS,WAS,True,L,105,107,-2,36,87,0.414,10,35,0.286,23,28,9,37,46,27,9,8,12,0.4713,101.3318,103.2619
2023-24,CHI,2024-03-23,CHI vs. BOS,BOS,True,L,113,124,-11,47,82,0.573,9,24,0.375,10,11,3,26,29,36,7,3,7,0.628,122.6128,134.5486
2023-24,CHI,2024-03-21,CHI @ HOU,HOU,False,L,117,127,-10,42,93,0.452,12,31,0.387,21,25,12,31,43,23,8,3,11,0.5161,112.6083,122.2329
2023-24,CHI,2024-03-18,CHI vs. POR,POR,True,W,110,107,3,41,93,0.441,11,33,0.333,17,21,13,27,40,26,9,5,9,0.5,111.5392,108.4973
2023-24,CHI,2024-03-16,CHI vs. WAS,WAS,True,W,127,98,29,49,85,0.576,8,24,0.333,21,29,12,39,51,33,9,4,15,0.6235,126.0921,97.2994
2023-24,CHI,2024-03-14,CHI vs. LAC,LAC,True,L,111,126,-15,41,86,0.477,16,35,0.457,13,16,11,25,36,28,4,2,13,0.5698,119.8704,136.0691
2023-24,CHI,2024-03-13,CHI @ IND,IND,False,W,132,129,3,48,92,0.522,10,28,0.357,26,32,7,41,48,22,6,5,12,0.5761,118.705,116.0072
2023-24,CHI,2024-03-11,CHI vs. DAL,DAL,True,L,92,127,-35,35,89,0.393,7,34,0.206,15,22,14,29,43,19,6,2,13,0.4326,95.1987,131.4156
2023-24,CHI,2024-03-09,CHI @ LAC,LAC,False,L,102,112,-10,37,86,0.43,13,35,0.371,15,19,12,26,38,27,7,3,12,0.5058,105.5464,115.894
2023-24,CHI,2024-03-07,CHI @ GSW,GSW,False,W,125,122,3,46,87,0.529,16,36,0.444,17,23,7,33,40,29,6,5,14,0.6207,118.2369,115.3992
2023-24,CHI,2024-03-06,CHI @ UTA,UTA,False,W,119,117,2,45,90,0.5,17,39,0.436,12,15,7,32,39,29,7,4,9,0.5944,120.421,118.3971
2023-24,CHI,2024-03-04,CHI @ SAC,SAC,False,W,113,109,4,42,84,0.5,11,32,0.344,18,22,7,25,32,28,9,2,10,0.5655,116.1357,112.0247
2023-24,CHI,2024-03-01,CHI vs. MIL,MIL,True,L,97,113,-16,36,86,0.419,11,27,0.407,14,16,7,37,44,25,4,2,12,0.4826,99.9382,116.4228
2023-24,CHI,2024-02-28,CHI vs. CLE,CLE,True,W,132,123,9,44,110,0.4,13,37,0.351,31,38,25,49,74,29,6,8,19,0.4591,109.9633,102.4658
2023-24,CHI,2024-02-27,CHI vs. DET,DET,True,L,95,105,-10,39,98,0.398,2,29,0.069,15,18,15,24,39,22,11,3,6,0.4082,97.918,108.2251
2023-24,CHI,2024-02-25,CHI @ NOP,NOP,False,W,114,106,8,41,95,0.432,13,40,0.325,19,21,12,37,49,29,12,0,11,0.5,111.546,103.7182
2023-24,CHI,2024-02-22,CHI vs. BOS,BOS,True,L,112,129,-17,44,94,0.468,10,28,0.357,14,16,13,32,45,30,6,2,13,0.5213,110.7376,127.546
2023-24,CHI,2024-02-14,CHI @ CLE,CLE,False,L,105,108,-3,38,83,0.458,14,33,0.424,15,17,9,35,44,18,5,3,15,0.5422,110.1091,113.255
2023-24,CHI,2024-02-12,CHI @ ATL,ATL,False,W,136,126,10,51,92,0.554,13,28,0.464,21,29,7,36,43,29,6,2,6,0.625,131.0717,121.4341
2023-24,CHI,2024-02-10,CHI @ ORL,ORL,False,L,108,114,-6,43,99,0.434,12,37,0.324,10,14,18,25,43,21,10,6,8,0.4949,108.7613,114.8036
2023-24,CHI,2024-02-08,CHI @ MEM,MEM,False,W,118,110,8,43,79,0.544,12,26,0.462,20,22,8,38,46,24,3,4,15,0.6203,122.0269,113.7539
2023-24,CHI,2024-02-06,CHI vs. MIN,MIN,True,W,129,123,6,45,93,0.484,12,30,0.4,27,32,13,35,48,24,9,16,14,0.5484,119.7105,114.1425
2023-24,CHI,2024-02-03,CHI vs. SAC,SAC,True,L,115,123,-8,42,91,0.462,11,34,0.324,20,22,11,36,47,24,13,3,16,0.522,106.7583,114.1849
2023-24,CHI,2024-01-31,CHI @ CHA,CHA,False,W,117,110,7,45,87,0.517,11,29,0.379,16,22,11,33,44,28,4,7,10,0.5805,120.5192,113.3086
2023-24,CHI,2024-01-30,CHI vs. TOR,TOR,True,L,107,118,-11,38,75,0.507,11,32,0.344,20,27,6,27,33,21,9,9,20,0.58,105.0668,115.868
2023-24,CHI,2024-01-28,CHI @ POR,POR,False,W,104,96,8,42,90,0.467,8,32,0.25,12,17,5,35,40,27,7,10,5,0.5111,105.9927,97.8394
2023-24,CHI,2024-01-25,CHI @ LAL,LAL,False,L,132,141,-9,47,88,0.534,12,37,0.324,26,29,12,27,39,27,7,6,17,0.6023,125.3799,133.9286
2023-24,CHI,2024-01-22,CHI @ PHX,PHX,False,L,113,115,-2,45,93,0.484,14,37,0.378,9,14,14,33,47,25,6,4,10,0.5591,119.1732,121.2824
2023-24,CHI,2024-01-20,CHI vs. MEM,MEM,True,W,125,96,29,47,91,0.516,14,33,0.424,17,21,13,39,52,32,11,5,12,0.5934,126.6721,97.2842
2023-24,CHI,2024-01-18,CHI @ TOR,TOR,False,W,116,110,6,48,91,0.527,6,24,0.25,14,17,9,33,42,30,7,5,12,0.5604,115.8378,109.8462
2023-24,CHI,2024-01-15,CHI @ CLE,CLE,False,L,91,109,-18,35,83,0.422,9,32,0.281,12,16,6,37,43,21,8,6,19,0.4759,89.2682,106.9256
2023-24,CHI,2024-01-13,CHI @ SAS,SAS,False,W,122,116,6,46,90,0.511,15,34,0.441,15,20,7,40,47,31,5,8,9,0.5944,120.2444,114.3308
2023-24,CHI,2024-01-12,CHI vs. GSW,GSW,True,L,131,140,-9,50,86,0.581,18,40,0.45,13,16,6,30,36,31,1,3,12,0.686,132.163,141.2429
2023-24,CHI,2024-01-10,CHI vs. HOU,HOU,True,W,124,119,5,42,95,0.442,19,47,0.404,21,25,8,38,46,31,9,4,14,0.5421,109.3474,104.9383
2023-24,CHI,2024-01-08,CHI @ CHA,CHA,False,W,119,112,7,45,92,0.489,9,26,0.346,20,24,12,39,51,27,7,7,14,0.538,114.9536,108.1917
2023-24,CHI,2024-01-05,CHI vs. CHA,CHA,True,W,104,91,13,40,74,0.541,10,28,0.357,14,17,4,37,41,29,7,6,15,0.6081,110.7797,96.9323
2023-24,CHI,2024-01-03,CHI @ NYK,NYK,False,L,100,116,-16,37,89,0.416,13,32,0.406,13,16,11,28,39,24,9,7,11,0.4888,103.6914,120.282
2023-24,CHI,2024-01-02,CHI @ PHI,PHI,False,L,97,110,-13,37,96,0.385,7,37,0.189,16,23,19,32,51,17,9,7,18,0.4219,91.8039,104.1075
2023-24,CHI,2023-12-30,CHI vs. PHI,PHI,True,W,105,92,13,40,79,0.506,7,25,0.28,18,30,12,41,53,21,5,5,17,0.5506,109.4891,95.9333
2023-24,CHI,2023-12-28,CHI vs. IND,IND,True,L,104,120,-16,40,97,0.412,7,27,0.259,17,22,13,34,47,19,7,4,8,0.4485,101.7812,117.4398
2023-24,CHI,2023-12-26,CHI vs. ATL,ATL,True,W,118,113,5,42,92,0.457,7,25,0.28,27,31,18,30,48,23,10,2,10,0.4946,118.0708,113.0678
2023-24,CHI,2023-12-23,CHI vs. CLE,CLE,True,L,95,109,-14,35,80,0.438,8,35,0.229,17,19,5,32,37,23,6,5,12,0.4875,98.5477,113.0705
2023-24,CHI,2023-12-21,CHI vs. SAS,SAS,True,W,114,95,19,49,90,0.544,7,28,0.25,9,11,5,31,36,24,11,5,12,0.5833,114.0684,95.057
2023-24,CHI,2023-12-20,CHI vs. LAL,LAL,True,W,124,108,16,48,88,0.545,18,34,0.529,10,11,7,41,48,25,7,6,16,0.6477,118.9791,103.6269
2023-24,CHI,2023-12-18,CHI @ PHI,PHI,False,W,108,104,4,42,89,0.472,12,29,0.414,12,15,11,34,45,24,7,9,10,0.5393,111.3632,107.2386
2023-24,CHI,2023-12-16,CHI @ MIA,MIA,False,L,116,118,-2,37,77,0.481,16,38,0.421,26,29,11,29,40,25,8,4,15,0.5844,122.2597,124.3676
2023-24,CHI,2023-12-14,CHI @ MIA,MIA,False,W,124,116,8,45,93,0.484,14,36,0.389,20,30,11,32,43,32,8,2,5,0.5591,124.8741,116.8177
2023-24,CHI,2023-12-12,CHI vs. DEN,DEN,True,L,106,114,-8,36,86,0.419,13,40,0.325,21,23,11,30,41,26,6,9,14,0.4942,110.3018,118.6264
2023-24,CHI,2023-12-11,CHI @ MIL,MIL,False,L,129,133,-4,47,114,0.412,15,34,0.441,20,25,18,33,51,25,3,4,6,0.4781,117.1237,120.7554
2023-24,CHI,2023-12-08,CHI @ SAS,SAS,False,W,121,112,9,47,102,0.461,13,28,0.464,14,24,24,32,56,27,9,2,8,0.5245,126.4632,117.0569
2023-24,CHI,2023-12-06,CHI vs. CHA,CHA,True,W,111,100,11,38,90,0.422,12,25,0.48,23,29,21,36,57,23,6,6,16,0.4889,112.0986,100.9897
2023-24,CHI,2023-12-02,CHI vs. NOP,NOP,True,W,124,118,6,48,88,0.545,17,40,0.425,11,15,12,29,41,32,6,8,13,0.642,129.1667,122.9167
2023-24,CHI,2023-11-30,CHI vs. MIL,MIL,True,W,120,113,7,45,98,0.459,13,37,0.351,17,22,14,37,51,32,14,4,21,0.5255,104.1667,98.0903
2023-24,CHI,2023-11-28,CHI @ BOS,BOS,False,L,97,124,-27,39,90,0.433,9,28,0.321,10,18,9,28,37,25,11,7,8,0.4833,98.3773,125.7606
2023-24,CHI,2023-11-26,CHI @ BKN,BKN,False,L,109,118,-9,40,83,0.482,12,32,0.375,17,22,10,30,40,21,3,2,11,0.5542,117.0281,126.691
2023-24,CHI,2023-11-24,CHI @ TOR,TOR,False,L,108,121,-13,42,82,0.512,12,27,0.444,12,19,9,28,37,20,5,2,13,0.5854,113.5408,127.2077
2023-24,CHI,2023-11-22,CHI @ OKC,OKC,False,L,102,116,-14,34,88,0.386,17,44,0.386,17,17,11,27,38,22,7,2,12,0.483,106.6946,121.3389
2023-24,CHI,2023-11-20,CHI vs. MIA,MIA,True,L,100,118,-18,37,81,0.457,11,37,0.297,15,16,7,29,36,21,2,7,11,0.5247,107.6195,126.991
2023-24,CHI,2023-11-18,CHI vs. MIA,MIA,True,W,102,97,5,36,81,0.444,16,45,0.356,14,19,10,34,44,24,9,6,13,0.5432,107.6631,102.3855
2023-24,CHI,2023-11-17,CHI vs. ORL,ORL,True,L,97,103,-6,35,79,0.443,10,29,0.345,17,22,5,29,34,19,10,3,16,0.5063,98.0789,104.1456
2023-24,CHI,2023-11-15,CHI vs. ORL,ORL,True,L,94,96,-2,33,83,0.398,9,33,0.273,19,22,14,39,53,16,7,4,19,0.4518,95.9771,98.0192
2023-24,CHI,2023-11-13,CHI @ MIL,MIL,False,L,109,118,-9,38,100,0.38,14,42,0.333,19,21,18,29,47,24,9,7,8,0.45,106.7999,115.6183
2023-24,CHI,2023-11-12,CHI vs. DET,DET,True,W,119,108,11,44,91,0.484,11,30,0.367,20,25,11,29,40,22,12,6,7,0.544,120.5429,109.4003
2023-24,CHI,2023-11-08,CHI vs. PHX,PHX,True,L,115,116,-1,42,96,0.438,14,33,0.424,17,23,9,30,39,30,12,7,14,0.5104,104.0159,104.9204
2023-24,CHI,2023-11-06,CHI vs. UTA,UTA,True,W,130,113,17,48,93,0.516,18,34,0.529,16,19,10,26,36,26,12,3,8,0.6129,130.7584,113.6592
2023-24,CHI,2023-11-04,CHI @ DEN,DEN,False,L,101,123,-22,39,86,0.453,7,26,0.269,16,23,9,28,37,28,7,3,11,0.4942,103.9522,126.5953
2023-24,CHI,2023-11-03,CHI vs. BKN,BKN,True,L,107,109,-2,43,89,0.483,11,28,0.393,10,14,9,33,42,21,4,4,10,0.5449,108.4313,110.458
2023-24,CHI,2023-11-01,CHI @ DAL,DAL,False,L,105,114,-9,42,89,0.472,11,33,0.333,10,11,12,31,43,19,10,3,13,0.5337,110.4333,119.899
2023-24,CHI,2023-10-30,CHI @ IND,IND,False,W,112,105,7,40,87,0.46,6,17,0.353,26,31,10,34,44,19,8,6,13,0.4943,107.362,100.6518
2023-24,CHI,2023-10-28,CHI @ DET,DET,False,L,102,118,-16,39,93,0.419,11,28,0.393,13,16,13,20,33,16,10,5,8,0.4785,106.3386,123.0192
2023-24,CHI,2023-10-27,CHI vs. TOR,TOR,True,W,104,103,1,37,99,0.374,8,39,0.205,22,28,15,37,52,18,10,5,17,0.4141,93.1399,92.2443
2023-24,CHI,2023-10-25,CHI vs. OKC,OKC,True,L,104,124,-20,39,94,0.415,12,42,0.286,14,18,13,29,42,26,10,3,13,0.4787,102.5439,122.2639
2023-24,CLE,2024-04-14,CLE vs. CHA,CHA,True,L,110,120,-10,44,93,0.473,16,33,0.485,6,9,12,31,43,30,4,1,14,0.5591,112.9363,123.2033
2023-24,CLE,2024-04-12,CLE vs. IND,IND,True,W,129,120,9,50,95,0.526,13,32,0.406,16,23,11,30,41,28,9,2,11,0.5947,122.3909,113.852
2023-24,CLE,2024-04-10,CLE vs. MEM,MEM,True,W,110,98,12,37,82,0.451,15,37,0.405,21,29,12,35,47,27,11,10,16,0.5427,111.6071,99.4318
2023-24,CLE,2024-04-07,CLE @ LAC,LAC,False,L,118,120,-2,42,88,0.477,11,30,0.367,23,27,7,29,36,27,10,2,11,0.5398,116.0047,117.9709
2023-24,CLE,2024-04-06,CLE @ LAL,LAL,False,L,97,116,-19,39,90,0.433,11,35,0.314,8,12,11,29,40,24,11,3,19,0.4944,94.9491,113.5474
2023-24,CLE,2024-04-03,CLE @ PHX,PHX,False,L,101,122,-21,39,83,0.47,7,26,0.269,16,19,7,30,37,28,9,4,15,0.512,100.0793,120.8878
2023-24,CLE,2024-04-02,CLE @ UTA,UTA,False,W,129,113,16,46,85,0.541,16,39,0.41,21,24,9,32,41,38,10,6,15,0.6353,124.3493,108.9262
2023-24,CLE,2024-03-31,CLE @ DEN,DEN,False,L,101,130,-29,38,82,0.463,8,25,0.32,17,21,6,22,28,26,10,4,15,0.5122,101.5279,130.6795
2023-24,CLE,2024-03-29,CLE vs. PHI,PHI,True,W,117,114,3,45,82,0.549,16,37,0.432,11,13,5,32,37,34,4,3,14,0.6463,122.3849,119.2469
2023-24,CLE,2024-03-27,CLE @ CHA,CHA,False,L,111,118,-7,42,85,0.494,19,44,0.432,8,14,9,23,32,33,7,1,15,0.6059,116.3278,123.6638
2023-24,CLE,2024-03-25,CLE vs. CHA,CHA,True,W,115,92,23,46,86,0.535,17,41,0.415,6,10,9,38,47,41,4,3,14,0.6337,121.4874,97.1899
2023-24,CLE,2024-03-24,CLE @ MIA,MIA,False,L,84,121,-37,30,72,0.417,9,29,0.31,15,20,4,26,30,24,3,3,17,0.4792,88.4583,127.4221
2023-24,CLE,2024-03-22,CLE @ MIN,MIN,False,L,91,104,-13,34,81,0.42,7,29,0.241,16,19,10,31,41,22,6,5,12,0.463,99.7807,114.0351
2023-24,CLE,2024-03-20,CLE vs. MIA,MIA,True,L,104,107,-3,35,75,0.467,15,42,0.357,19,22,6,31,37,30,3,2,12,0.5667,113.6364,116.9143
2023-24,CLE,2024-03-18,CLE @ IND,IND,False,W,108,103,5,38,80,0.475,12,32,0.375,20,28,9,30,39,27,8,4,14,0.55,112.2895,107.0909
2023-24,CLE,2024-03-16,CLE @ HOU,HOU,False,L,103,117,-14,37,82,0.451,12,38,0.316,17,20,7,38,45,22,6,7,16,0.5244,101.9398,115.7957
2023-24,CLE,2024-03-13,CLE @ NOP,NOP,False,W,116,95,21,47,92,0.511,20,45,0.444,2,3,8,38,46,38,4,4,12,0.6196,119.7358,98.0595
2023-24,CLE,2024-03-11,CLE vs. PHX,PHX,True,L,111,117,-6,40,84,0.476,15,46,0.326,16,19,10,27,37,30,9,0,13,0.5655,117.0145,123.3397
2023-24,CLE,2024-03-10,CLE vs. BKN,BKN,True,L,101,120,-19,37,76,0.487,14,32,0.438,13,20,5,26,31,25,8,4,12,0.5789,108.2529,128.6174
2023-24,CLE,2024-03-08,CLE vs. MIN,MIN,True,W,113,104,9,38,88,0.432,11,34,0.324,26,36,10,36,46,27,7,8,13,0.4943,103.8985,95.6234
2023-24,CLE,2024-03-06,CLE @ ATL,ATL,False,L,101,112,-11,39,89,0.438,10,44,0.227,13,17,10,32,42,27,5,4,15,0.4944,102.3925,113.5442
2023-24,CLE,2024-03-05,CLE vs. BOS,BOS,True,W,105,104,1,39,90,0.433,20,42,0.476,7,11,8,34,42,28,11,3,9,0.5444,108.7407,107.7051
2023-24,CLE,2024-03-03,CLE vs. NYK,NYK,True,L,98,107,-9,39,87,0.448,17,44,0.386,3,8,10,29,39,31,7,5,11,0.546,106.5681,116.3549
2023-24,CLE,2024-03-01,CLE @ DET,DET,False,W,110,100,10,33,83,0.398,18,41,0.439,26,30,12,41,53,25,7,6,16,0.506,109.1703,99.2457
2023-24,CLE,2024-02-28,CLE @ CHI,CHI,False,L,123,132,-9,45,104,0.433,22,54,0.407,11,19,5,34,39,37,7,11,12,0.5385,102.4658,109.9633
2023-24,CLE,2024-02-27,CLE vs. DAL,DAL,True,W,121,119,2,44,83,0.53,20,40,0.5,13,18,9,38,47,35,2,4,16,0.6506,123.7725,121.7267
2023-24,CLE,2024-02-25,CLE @ WAS,WAS,False,W,114,105,9,42,83,0.506,10,32,0.313,20,27,6,41,47,35,6,6,11,0.5663,112.426,103.5503
2023-24,CLE,2024-02-23,CLE @ PHI,PHI,False,L,97,104,-7,34,80,0.425,8,27,0.296,21,31,5,38,43,24,5,8,11,0.475,98.3573,105.4553
2023-24,CLE,2024-02-22,CLE vs. ORL,ORL,True,L,109,116,-7,39,70,0.557,10,22,0.455,21,26,7,26,33,31,8,5,19,0.6286,115.7358,123.1684
2023-24,CLE,2024-02-14,CLE vs. CHI,CHI,True,W,108,105,3,40,83,0.482,12,37,0.324,16,21,6,30,36,31,6,2,8,0.5542,113.255,110.1091
2023-24,CLE,2024-02-12,CLE vs. PHI,PHI,True,L,121,123,-2,44,92,0.478,13,37,0.351,20,25,15,28,43,33,6,8,11,0.5489,123.8739,125.9214
2023-24,CLE,2024-02-10,CLE @ TOR,TOR,False,W,119,95,24,48,92,0.522,14,41,0.341,9,13,14,33,47,36,5,4,11,0.5978,124.7118,99.5598
2023-24,CLE,2024-02-08,CLE @ BKN,BKN,False,W,118,95,23,43,80,0.538,15,37,0.405,17,17,7,41,48,26,8,13,17,0.6312,120.0163,96.6233
2023-24,CLE,2024-02-07,CLE @ WAS,WAS,False,W,114,106,8,43,88,0.489,12,35,0.343,16,22,7,39,46,25,4,5,14,0.5568,110.8734,103.0928
2023-24,CLE,2024-02-05,CLE vs. SAC,SAC,True,W,136,110,26,51,88,0.58,23,41,0.561,11,17,5,40,45,36,10,5,9,0.7102,136.1634,110.1322
2023-24,CLE,2024-02-03,CLE @ SAS,SAS,False,W,117,101,16,46,97,0.474,13,44,0.295,12,13,10,41,51,31,6,4,10,0.5412,112.5216,97.1341
2023-24,CLE,2024-02-01,CLE @ MEM,MEM,False,W,108,101,7,41,86,0.477,14,35,0.4,12,18,10,38,48,26,6,8,14,0.5581,107.2493,100.2979
2023-24,CLE,2024-01-31,CLE vs. DET,DET,True,W,128,121,7,47,89,0.528,12,35,0.343,22,23,10,23,33,26,13,5,9,0.5955,128.3337,121.3154
2023-24,CLE,2024-01-29,CLE vs. LAC,LAC,True,W,118,108,10,42,86,0.488,13,40,0.325,21,26,11,35,46,28,6,3,13,0.564,118.7362,108.6738
2023-24,CLE,2024-01-26,CLE @ MIL,MIL,False,W,112,100,12,38,92,0.413,14,36,0.389,22,31,15,36,51,20,7,8,13,0.4891,108.1081,96.5251
2023-24,CLE,2024-01-24,CLE @ MIL,MIL,False,L,116,126,-10,46,91,0.505,13,38,0.342,11,15,6,33,39,26,5,2,13,0.5769,111.0473,120.6203
2023-24,CLE,2024-01-22,CLE @ ORL,ORL,False,W,126,99,27,45,80,0.563,20,38,0.526,16,22,9,30,39,29,10,4,12,0.6875,134.8459,105.9503
2023-24,CLE,2024-01-20,CLE @ ATL,ATL,False,W,116,95,21,43,85,0.506,16,43,0.372,14,16,4,45,49,32,7,6,14,0.6,115.0565,94.2273
2023-24,CLE,2024-01-17,CLE vs. MIL,MIL,True,W,135,95,40,55,93,0.591,12,28,0.429,13,19,11,44,55,36,5,3,11,0.6559,133.8224,94.1713
2023-24,CLE,2024-01-15,CLE vs. CHI,CHI,True,W,109,91,18,39,95,0.411,20,57,0.351,11,11,13,35,48,28,9,3,14,0.5158,106.9256,89.2682
2023-24,CLE,2024-01-11,CLE vs. BKN,BKN,True,W,111,102,9,32,82,0.39,13,44,0.295,34,43,12,35,47,16,11,6,11,0.4695,109.7706,100.8703
2023-24,CLE,2024-01-07,CLE vs. SAS,SAS,True,W,117,115,2,43,88,0.489,16,43,0.372,15,21,12,32,44,27,6,3,16,0.5795,117.0468,115.046
2023-24,CLE,2024-01-05,CLE vs. WAS,WAS,True,W,114,90,24,41,77,0.532,16,33,0.485,16,23,12,40,52,31,9,1,24,0.6364,114.1598,90.1262
2023-24,CLE,2024-01-03,CLE vs. WAS,WAS,True,W,140,101,39,54,101,0.535,20,42,0.476,12,16,18,44,62,37,5,8,11,0.6337,138.0126,99.5662
2023-24,CLE,2024-01-01,CLE @ TOR,TOR,False,L,121,124,-3,43,89,0.483,12,36,0.333,23,26,6,37,43,25,9,2,9,0.5506,115.7673,118.6376
2023-24,CLE,2023-12-29,CLE vs. MIL,MIL,True,L,111,119,-8,49,103,0.476,6,43,0.14,7,9,7,30,37,28,11,7,8,0.5049,105.5735,113.1824
2023-24,CLE,2023-12-27,CLE @ DAL,DAL,False,W,113,110,3,40,92,0.435,17,43,0.395,16,23,18,39,57,33,7,4,16,0.5272,111.5719,108.6098
2023-24,CLE,2023-12-23,CLE @ CHI,CHI,False,W,109,95,14,39,88,0.443,12,45,0.267,19,26,15,33,48,28,7,4,13,0.5114,113.0705,98.5477
2023-24,CLE,2023-12-21,CLE vs. NOP,NOP,True,L,104,123,-19,41,87,0.471,17,44,0.386,5,8,6,29,35,34,4,3,12,0.569,108.5822,128.4193
2023-24,CLE,2023-12-20,CLE vs. UTA,UTA,True,W,124,116,8,45,96,0.469,23,51,0.451,11,16,14,30,44,34,8,3,12,0.5885,123.1625,115.2165
2023-24,CLE,2023-12-18,CLE vs. HOU,HOU,True,W,135,130,5,47,97,0.485,19,48,0.396,22,34,14,24,38,29,7,8,12,0.5825,121.1632,116.6756
2023-24,CLE,2023-12-16,CLE vs. ATL,ATL,True,W,127,119,8,49,101,0.485,16,42,0.381,13,15,18,31,49,32,8,3,11,0.5644,125.9921,118.0556
2023-24,CLE,2023-12-14,CLE @ BOS,BOS,False,L,107,116,-9,40,83,0.482,11,33,0.333,16,17,9,30,39,21,7,1,16,0.5482,111.8779,121.2882
2023-24,CLE,2023-12-12,CLE @ BOS,BOS,False,L,113,120,-7,44,92,0.478,19,45,0.422,6,9,6,29,35,27,6,4,13,0.5815,112.2145,119.1658
2023-24,CLE,2023-12-11,CLE @ ORL,ORL,False,L,94,104,-10,30,85,0.353,9,40,0.225,25,33,18,30,48,15,10,3,14,0.4059,97.6522,108.0407
2023-24,CLE,2023-12-08,CLE @ MIA,MIA,False,W,111,99,12,40,87,0.46,14,38,0.368,17,26,12,39,51,21,13,2,13,0.5402,109.3381,97.5177
2023-24,CLE,2023-12-06,CLE vs. ORL,ORL,True,W,121,111,10,46,86,0.535,14,34,0.412,15,20,10,35,45,29,5,2,17,0.6163,117.4301,107.7252
2023-24,CLE,2023-12-02,CLE @ DET,DET,False,W,110,101,9,44,89,0.494,10,30,0.333,12,18,8,35,43,25,11,1,11,0.5506,110.5305,101.4871
2023-24,CLE,2023-11-30,CLE vs. POR,POR,True,L,95,103,-8,38,89,0.427,7,32,0.219,12,12,14,21,35,25,12,2,19,0.4663,97.376,105.5761
2023-24,CLE,2023-11-28,CLE vs. ATL,ATL,True,W,128,105,23,50,93,0.538,13,36,0.361,15,17,12,43,55,27,8,12,17,0.6075,119.6038,98.1125
2023-24,CLE,2023-11-26,CLE vs. TOR,TOR,True,W,105,102,3,45,97,0.464,10,31,0.323,5,6,12,37,49,29,2,5,14,0.5155,105.8468,102.8226
2023-24,CLE,2023-11-25,CLE vs. LAL,LAL,True,L,115,121,-6,43,91,0.473,9,28,0.321,20,23,7,30,37,30,13,4,14,0.522,106.3043,111.8506
2023-24,CLE,2023-11-22,CLE vs. MIA,MIA,True,L,96,129,-33,36,77,0.468,14,30,0.467,10,14,7,27,34,25,5,6,19,0.5584,98.7654,132.716
2023-24,CLE,2023-11-21,CLE @ PHI,PHI,False,W,122,119,3,46,94,0.489,9,25,0.36,21,25,14,42,56,33,9,4,16,0.5372,111.9471,109.1943
2023-24,CLE,2023-11-19,CLE vs. DEN,DEN,True,W,121,109,12,45,82,0.549,11,27,0.407,20,26,11,36,47,30,6,5,14,0.6159,125.6751,113.2115
2023-24,CLE,2023-11-17,CLE vs. DET,DET,True,W,108,100,8,42,82,0.512,9,21,0.429,15,21,7,32,39,21,9,6,12,0.5671,112.01,103.7129
2023-24,CLE,2023-11-15,CLE @ POR,POR,False,W,109,95,14,42,75,0.56,9,30,0.3,16,21,7,40,47,23,5,9,18,0.62,109.3938,95.3432
2023-24,CLE,2023-11-13,CLE @ SAC,SAC,False,L,120,132,-12,45,91,0.495,16,35,0.457,14,17,14,25,39,24,3,1,11,0.5824,126.2095,138.8305
2023-24,CLE,2023-11-11,CLE @ GSW,GSW,False,W,118,110,8,37,86,0.43,11,30,0.367,33,43,11,34,45,23,13,3,11,0.4942,110.7357,103.2282
2023-24,CLE,2023-11-08,CLE @ OKC,OKC,False,L,120,128,-8,42,83,0.506,9,29,0.31,27,37,11,30,41,26,9,5,20,0.5602,114.5694,122.2074
2023-24,CLE,2023-11-05,CLE vs. GSW,GSW,True,W,115,104,11,41,83,0.494,11,37,0.297,22,28,13,41,54,26,8,2,18,0.5602,113.011,102.2013
2023-24,CLE,2023-11-03,CLE @ IND,IND,False,L,116,121,-5,44,84,0.524,8,28,0.286,20,25,5,30,35,27,10,9,13,0.5714,109.6616,114.3884
2023-24,CLE,2023-11-01,CLE @ NYK,NYK,False,W,95,89,6,32,74,0.432,12,32,0.375,19,20,6,40,46,22,7,5,18,0.5135,95.9596,89.899
2023-24,CLE,2023-10-31,CLE vs. NYK,NYK,True,L,91,109,-18,36,92,0.391,10,38,0.263,9,12,14,32,46,19,6,6,15,0.4457,92.2547,110.5028
2023-24,CLE,2023-10-28,CLE vs. IND,IND,True,L,113,125,-12,43,99,0.434,12,31,0.387,15,24,18,33,51,29,2,6,7,0.4949,112.4154,124.3534
2023-24,CLE,2023-10-27,CLE vs. OKC,OKC,True,L,105,108,-3,38,92,0.413,12,45,0.267,17,23,8,40,48,20,10,8,14,0.4783,97.4568,100.2413
2023-24,CLE,2023-10-25,CLE @ BKN,BKN,False,W,114,113,1,44,94,0.468,17,43,0.395,9,10,9,29,38,25,10,6,10,0.5585,114.0913,113.0905
2023-24,DAL,2024-04-14,DAL @ OKC,OKC,False,L,86,135,-49,32,97,0.33,8,39,0.205,14,17,12,29,41,19,8,2,15,0.3711,79.807,125.2784
2023-24,DAL,2024-04-12,DAL vs. DET,DET,True,L,89,107,-18,36,83,0.434,8,29,0.276,9,12,9,40,49,20,5,5,20,0.4819,89.3395,107.4082
2023-24,DAL,2024-04-10,DAL @ MIA,MIA,False,W,111,92,19,43,87,0.494,15,44,0.341,10,13,8,31,39,27,8,8,7,0.5805,120.3643,99.7614
2023-24,DAL,2024-04-09,DAL @ CHA,CHA,False,W,130,104,26,50,93,0.538,17,50,0.34,13,20,16,39,55,35,6,7,15,0.629,128.0536,102.4429
2023-24,DAL,2024-04-07,DAL vs. HOU,HOU,True,W,147,136,11,46,85,0.541,15,39,0.385,40,45,6,41,47,21,4,6,17,0.6294,127.1626,117.6471
2023-24,DAL,2024-04-05,DAL vs. GSW,GSW,True,W,108,106,2,40,84,0.476,12,34,0.353,16,21,8,33,41,30,9,9,18,0.5476,103.7663,101.8447
2023-24,DAL,2024-04-04,DAL vs. ATL,ATL,True,W,109,95,14,38,94,0.404,18,49,0.367,15,17,11,42,53,20,7,7,14,0.5,104.4461,91.031
2023-24,DAL,2024-04-02,DAL @ GSW,GSW,False,L,100,104,-4,39,89,0.438,15,40,0.375,7,11,8,34,42,27,8,7,15,0.5225,100.04,104.0416
2023-24,DAL,2024-03-31,DAL @ HOU,HOU,False,W,125,107,18,48,93,0.516,24,47,0.511,5,9,10,37,47,24,7,8,14,0.6452,124.1804,106.2984
2023-24,DAL,2024-03-29,DAL @ SAC,SAC,False,W,107,103,4,35,74,0.473,15,35,0.429,22,33,6,36,42,24,4,6,10,0.5743,112.1593,107.9665
2023-24,DAL,2024-03-26,DAL @ SAC,SAC,False,W,132,96,36,51,92,0.554,22,39,0.564,8,13,5,44,49,34,10,4,9,0.6739,129.998,94.544
2023-24,DAL,2024-03-25,DAL @ UTA,UTA,False,W,115,105,10,44,92,0.478,12,42,0.286,15,18,10,37,47,31,9,7,6,0.5435,118.1912,107.9137
2023-24,DAL,2024-03-21,DAL vs. UTA,UTA,True,W,113,97,16,43,86,0.5,10,32,0.313,17,28,11,32,43,33,12,3,13,0.5581,110.4163,94.7821
2023-24,DAL,2024-03-19,DAL @ SAS,SAS,False,W,113,107,6,44,91,0.484,10,30,0.333,15,17,3,37,40,31,6,3,9,0.5385,107.7627,102.0408
2023-24,DAL,2024-03-17,DAL vs. DEN,DEN,True,W,107,105,2,42,100,0.42,9,35,0.257,14,21,22,38,60,22,5,5,12,0.465,109.7886,107.7365
2023-24,DAL,2024-03-14,DAL @ OKC,OKC,False,L,119,126,-7,43,84,0.512,12,29,0.414,21,26,10,30,40,25,6,2,19,0.5833,115.7813,122.5919
2023-24,DAL,2024-03-13,DAL vs. GSW,GSW,True,W,109,99,10,44,82,0.537,6,27,0.222,15,19,9,33,42,30,6,13,17,0.5732,108.609,98.6449
2023-24,DAL,2024-03-11,DAL @ CHI,CHI,False,W,127,92,35,51,93,0.548,13,41,0.317,12,15,10,39,49,33,10,6,6,0.6183,131.4156,95.1987
2023-24,DAL,2024-03-09,DAL @ DET,DET,False,W,142,124,18,51,92,0.554,14,38,0.368,26,32,4,32,36,29,13,8,14,0.6304,125.6192,109.6957
2023-24,DAL,2024-03-07,DAL vs. MIA,MIA,True,W,114,108,6,40,87,0.46,16,41,0.39,18,23,10,35,45,27,5,6,10,0.5517,115.9715,109.8678
2023-24,DAL,2024-03-05,DAL vs. IND,IND,True,L,120,137,-17,45,93,0.484,13,39,0.333,17,21,9,32,41,23,5,6,9,0.5538,116.6181,133.139
2023-24,DAL,2024-03-03,DAL vs. PHI,PHI,True,L,116,120,-4,40,86,0.465,16,41,0.39,20,23,12,33,45,20,6,2,17,0.5581,116.7237,120.7486
2023-24,DAL,2024-03-01,DAL @ BOS,BOS,False,L,110,138,-28,44,94,0.468,9,34,0.265,13,18,10,32,42,20,4,4,8,0.516,110.1984,138.2488
2023-24,DAL,2024-02-28,DAL @ TOR,TOR,False,W,136,125,11,52,96,0.542,15,43,0.349,17,21,11,39,50,32,7,10,16,0.6198,122.8324,112.8974
2023-24,DAL,2024-02-27,DAL @ CLE,CLE,False,L,119,121,-2,48,91,0.527,14,33,0.424,9,15,5,31,36,23,11,6,5,0.6044,121.7267,123.7725
2023-24,DAL,2024-02-25,DAL @ IND,IND,False,L,111,133,-22,41,87,0.471,14,31,0.452,15,21,8,30,38,15,9,4,16,0.5517,103.8742,124.4619
2023-24,DAL,2024-02-22,DAL vs. PHX,PHX,True,W,123,113,10,43,90,0.478,19,44,0.432,18,21,10,29,39,24,10,5,10,0.5833,124.368,114.2568
2023-24,DAL,2024-02-14,DAL vs. SAS,SAS,True,W,116,93,23,49,92,0.533,11,30,0.367,7,10,8,47,55,28,6,10,16,0.5924,110.4762,88.5714
2023-24,DAL,2024-02-12,DAL vs. WAS,WAS,True,W,112,104,8,43,96,0.448,9,36,0.25,17,26,12,44,56,27,7,12,16,0.4948,98.2284,91.2121
2023-24,DAL,2024-02-10,DAL vs. OKC,OKC,True,W,146,111,35,53,91,0.582,15,38,0.395,25,33,11,43,54,30,8,3,12,0.6648,137.892,104.8357
2023-24,DAL,2024-02-08,DAL @ NYK,NYK,False,W,122,108,14,43,82,0.524,18,42,0.429,18,23,6,34,40,30,7,6,9,0.6341,125.7991,111.3632
2023-24,DAL,2024-02-06,DAL @ BKN,BKN,False,W,119,107,12,46,91,0.505,19,43,0.442,8,13,6,39,45,25,7,3,11,0.6099,118.2197,106.2984
2023-24,DAL,2024-02-05,DAL @ PHI,PHI,False,W,118,102,16,42,87,0.483,17,43,0.395,17,23,8,36,44,28,6,4,10,0.5805,119.8456,103.5954
2023-24,DAL,2024-02-03,DAL vs. MIL,MIL,True,L,117,129,-12,40,81,0.494,16,39,0.41,21,23,8,34,42,22,9,1,21,0.5926,111.3649,122.787
2023-24,DAL,2024-01-31,DAL @ MIN,MIN,False,L,87,121,-34,31,76,0.408,6,29,0.207,19,26,9,22,31,18,4,4,17,0.4474,91.7528,127.6102
2023-24,DAL,2024-01-29,DAL vs. ORL,ORL,True,W,131,129,2,43,69,0.623,13,27,0.481,32,43,3,32,35,27,6,2,15,0.7174,130.843,128.8454
2023-24,DAL,2024-01-27,DAL vs. SAC,SAC,True,L,115,120,-5,43,98,0.439,16,46,0.348,13,18,13,30,43,35,7,2,10,0.5204,112.6788,117.5779
2023-24,DAL,2024-01-26,DAL @ ATL,ATL,False,W,148,143,5,51,85,0.6,19,35,0.543,27,32,6,31,37,28,3,5,13,0.7118,140.0984,135.3654
2023-24,DAL,2024-01-24,DAL vs. PHX,PHX,True,L,109,132,-23,41,89,0.461,17,43,0.395,10,18,10,23,33,25,4,3,14,0.5562,108.674,131.6052
2023-24,DAL,2024-01-22,DAL vs. BOS,BOS,True,L,110,119,-9,43,97,0.443,14,40,0.35,10,14,10,38,48,24,4,4,10,0.5155,107.1289,115.894
2023-24,DAL,2024-01-17,DAL @ LAL,LAL,False,L,110,127,-17,42,91,0.462,11,40,0.275,15,18,11,32,43,26,4,5,15,0.522,106.5478,123.0143
2023-24,DAL,2024-01-15,DAL vs. NOP,NOP,True,W,125,120,5,39,85,0.459,18,43,0.419,29,35,13,29,42,24,4,6,12,0.5647,124.7256,119.7366
2023-24,DAL,2024-01-13,DAL vs. NOP,NOP,True,L,108,118,-10,37,82,0.451,15,41,0.366,19,20,9,25,34,23,6,1,12,0.5427,116.0791,126.8272
2023-24,DAL,2024-01-11,DAL vs. NYK,NYK,True,W,128,124,4,44,88,0.5,17,41,0.415,23,30,11,27,38,27,6,2,10,0.5966,125.1711,121.2595
2023-24,DAL,2024-01-09,DAL vs. MEM,MEM,True,L,103,120,-17,36,82,0.439,9,27,0.333,22,27,8,25,33,20,9,4,13,0.4939,103.9774,121.1387
2023-24,DAL,2024-01-07,DAL vs. MIN,MIN,True,W,115,108,7,43,95,0.453,15,40,0.375,14,20,15,29,44,20,7,8,11,0.5316,116.1382,109.0689
2023-24,DAL,2024-01-05,DAL vs. POR,POR,True,W,139,103,36,56,96,0.583,17,38,0.447,10,15,10,42,52,35,11,8,17,0.6719,125.7463,93.1789
2023-24,DAL,2024-01-03,DAL vs. POR,POR,True,W,126,97,29,42,84,0.5,13,30,0.433,29,41,7,36,43,25,12,7,12,0.5774,116.8181,89.9314
2023-24,DAL,2024-01-01,DAL @ UTA,UTA,False,L,90,127,-37,37,93,0.398,11,40,0.275,5,10,8,33,41,28,6,5,16,0.457,83.5965,117.964
2023-24,DAL,2023-12-30,DAL @ GSW,GSW,False,W,132,122,10,49,88,0.557,16,40,0.4,18,22,6,37,43,25,5,2,9,0.6477,129.1585,119.3738
2023-24,DAL,2023-12-28,DAL @ MIN,MIN,False,L,110,118,-8,40,90,0.444,14,33,0.424,16,19,13,26,39,29,9,3,18,0.5222,105.6068,113.2873
2023-24,DAL,2023-12-27,DAL vs. CLE,CLE,True,L,110,113,-3,39,88,0.443,10,37,0.27,22,26,7,30,37,21,12,7,10,0.5,108.6098,111.5719
2023-24,DAL,2023-12-25,DAL @ PHX,PHX,False,W,128,114,14,45,84,0.536,16,44,0.364,22,30,8,30,38,28,7,6,11,0.631,125.9843,112.2047
2023-24,DAL,2023-12-23,DAL vs. SAS,SAS,True,W,144,119,25,52,100,0.52,23,45,0.511,17,21,11,41,52,26,7,6,13,0.635,129.8467,107.3039
2023-24,DAL,2023-12-22,DAL @ HOU,HOU,False,L,96,122,-26,35,101,0.347,7,40,0.175,19,26,14,33,47,18,10,1,12,0.3812,87.0511,110.6275
2023-24,DAL,2023-12-20,DAL vs. LAC,LAC,True,L,111,120,-9,39,91,0.429,14,43,0.326,19,27,13,23,36,23,8,3,8,0.5055,115.0975,124.4297
2023-24,DAL,2023-12-18,DAL @ DEN,DEN,False,L,104,130,-26,41,92,0.446,13,38,0.342,9,19,15,28,43,19,2,0,11,0.5163,107.7497,134.6871
2023-24,DAL,2023-12-16,DAL @ POR,POR,False,W,131,120,11,48,97,0.495,16,47,0.34,19,21,11,36,47,27,7,2,13,0.5773,123.0509,112.7184
2023-24,DAL,2023-12-14,DAL vs. MIN,MIN,True,L,101,119,-18,39,83,0.47,7,32,0.219,16,18,4,30,34,21,6,2,16,0.512,97.6223,115.0203
2023-24,DAL,2023-12-12,DAL vs. LAL,LAL,True,W,127,125,2,44,89,0.494,21,43,0.488,18,21,12,24,36,28,7,5,10,0.6124,126.8985,124.9001
2023-24,DAL,2023-12-11,DAL @ MEM,MEM,False,W,120,113,7,43,86,0.5,17,40,0.425,17,19,10,33,43,27,8,9,17,0.5988,116.8452,110.0292
2023-24,DAL,2023-12-08,DAL @ POR,POR,False,W,125,112,13,47,91,0.516,12,39,0.308,19,22,9,33,42,26,8,5,15,0.5824,115.4201,103.4164
2023-24,DAL,2023-12-06,DAL vs. UTA,UTA,True,W,147,97,50,56,101,0.554,22,49,0.449,13,19,11,36,47,37,11,5,8,0.6634,140.4817,92.6988
2023-24,DAL,2023-12-02,DAL vs. OKC,OKC,True,L,120,126,-6,39,87,0.448,19,52,0.365,23,35,15,32,47,26,5,12,16,0.5575,114.2422,119.9543
2023-24,DAL,2023-12-01,DAL vs. MEM,MEM,True,L,94,108,-14,34,92,0.37,12,39,0.308,14,21,13,29,42,27,9,5,12,0.4348,95.3927,109.6002
2023-24,DAL,2023-11-28,DAL vs. HOU,HOU,True,W,121,115,6,42,89,0.472,12,34,0.353,25,29,9,29,38,25,5,4,7,0.5393,121.2911,115.2767
2023-24,DAL,2023-11-25,DAL @ LAC,LAC,False,L,88,107,-19,34,91,0.374,9,38,0.237,11,14,10,27,37,17,6,5,9,0.4231,90.8153,110.4231
2023-24,DAL,2023-11-22,DAL @ LAL,LAL,False,W,104,101,3,38,96,0.396,16,50,0.32,12,16,11,37,48,21,5,4,4,0.4792,108.1081,104.9896
2023-24,DAL,2023-11-19,DAL vs. SAC,SAC,True,L,113,129,-16,41,88,0.466,12,34,0.353,19,26,11,29,40,23,8,2,10,0.5341,114.9075,131.1775
2023-24,DAL,2023-11-18,DAL @ MIL,MIL,False,L,125,132,-7,51,103,0.495,16,47,0.34,7,10,11,38,49,27,1,2,12,0.5728,117.2608,123.8274
2023-24,DAL,2023-11-15,DAL @ WAS,WAS,False,W,130,117,13,48,92,0.522,17,42,0.405,17,29,9,37,46,32,6,4,10,0.6141,124.4734,112.026
2023-24,DAL,2023-11-14,DAL @ NOP,NOP,False,L,110,131,-21,38,90,0.422,14,42,0.333,20,26,16,29,45,25,4,3,20,0.5,103.8324,123.6549
2023-24,DAL,2023-11-12,DAL @ NOP,NOP,False,W,136,124,12,50,102,0.49,20,53,0.377,16,21,8,34,42,29,7,6,6,0.5882,125.9726,114.8574
2023-24,DAL,2023-11-10,DAL vs. LAC,LAC,True,W,144,126,18,51,98,0.52,19,42,0.452,23,26,15,26,41,30,7,1,9,0.6173,142.3769,124.5798
2023-24,DAL,2023-11-08,DAL vs. TOR,TOR,True,L,116,127,-11,40,84,0.476,17,41,0.415,19,31,6,32,38,25,4,6,16,0.5774,107.6466,117.8545
2023-24,DAL,2023-11-06,DAL @ ORL,ORL,False,W,117,102,15,41,82,0.5,15,40,0.375,20,28,5,26,31,21,9,6,15,0.5915,110.2525,96.1176
2023-24,DAL,2023-11-05,DAL vs. CHA,CHA,True,W,124,118,6,43,91,0.473,14,42,0.333,24,32,9,38,47,31,3,6,11,0.5495,115.7148,110.1157
2023-24,DAL,2023-11-03,DAL @ DEN,DEN,False,L,114,125,-11,41,86,0.477,17,42,0.405,15,17,10,24,34,27,12,6,15,0.5756,113.5232,124.4772
2023-24,DAL,2023-11-01,DAL vs. CHI,CHI,True,W,114,105,9,37,81,0.457,20,48,0.417,20,28,13,32,45,23,7,2,15,0.5802,119.899,110.4333
2023-24,DAL,2023-10-30,DAL @ MEM,MEM,False,W,125,110,15,42,84,0.5,23,47,0.489,18,24,6,42,48,24,4,7,15,0.6369,121.1475,106.6098
2023-24,DAL,2023-10-27,DAL vs. BKN,BKN,True,W,125,120,5,44,91,0.484,15,36,0.417,22,28,8,32,40,20,5,2,9,0.5659,120.9365,116.0991
2023-24,DAL,2023-10-25,DAL @ SAS,SAS,False,W,126,119,7,47,99,0.475,15,47,0.319,17,23,13,35,48,24,6,3,12,0.5505,116.2362,109.7786
2023-24,DEN,2024-04-14,DEN @ MEM,MEM,False,W,126,111,15,46,89,0.517,12,36,0.333,22,26,16,38,54,32,9,5,18,0.5843,121.5278,107.0602
2023-24,DEN,2024-04-12,DEN @ SAS,SAS,False,L,120,121,-1,49,97,0.505,13,36,0.361,9,10,6,27,33,31,9,4,9,0.5722,116.2115,117.1799
2023-24,DEN,2024-04-10,DEN vs. MIN,MIN,True,W,116,107,9,46,83,0.554,11,25,0.44,13,23,11,33,44,31,7,8,14,0.6205,123.1684,113.6122
2023-24,DEN,2024-04-09,DEN @ UTA,UTA,False,W,111,95,16,46,94,0.489,14,37,0.378,5,11,13,30,43,30,12,12,10,0.5638,112.9426,96.6626
2023-24,DEN,2024-04-06,DEN vs. ATL,ATL,True,W,142,110,32,53,88,0.602,23,41,0.561,13,16,6,41,47,38,9,7,17,0.733,134.7249,104.3643
2023-24,DEN,2024-04-04,DEN @ LAC,LAC,False,L,100,102,-2,36,83,0.434,11,35,0.314,17,25,6,45,51,27,3,4,14,0.5,97.0497,98.9907
2023-24,DEN,2024-04-02,DEN vs. SAS,SAS,True,W,110,105,5,43,98,0.439,11,34,0.324,13,16,11,41,52,28,5,10,8,0.4949,106.2391,101.4101
2023-24,DEN,2024-03-31,DEN vs. CLE,CLE,True,W,130,101,29,50,87,0.575,21,33,0.636,9,13,11,40,51,36,7,4,17,0.6954,130.6795,101.5279
2023-24,DEN,2024-03-29,DEN vs. MIN,MIN,True,L,98,111,-13,35,88,0.398,8,28,0.286,20,27,13,33,46,29,6,1,13,0.4432,101.4703,114.9306
2023-24,DEN,2024-03-27,DEN vs. PHX,PHX,True,L,97,104,-7,38,88,0.432,10,40,0.25,11,12,9,29,38,24,9,4,8,0.4886,104.7969,112.3596
2023-24,DEN,2024-03-25,DEN vs. MEM,MEM,True,W,128,103,25,48,90,0.533,15,32,0.469,17,18,15,35,50,38,10,7,16,0.6167,125.0,100.5859
2023-24,DEN,2024-03-23,DEN @ POR,POR,False,W,114,111,3,41,91,0.451,8,24,0.333,24,33,19,30,49,25,8,9,14,0.4945,112.3153,109.3596
2023-24,DEN,2024-03-21,DEN vs. NYK,NYK,True,W,113,100,13,45,84,0.536,6,20,0.3,17,20,9,33,42,31,5,4,10,0.5714,121.3227,107.3653
2023-24,DEN,2024-03-19,DEN @ MIN,MIN,False,W,115,112,3,42,81,0.519,14,27,0.519,17,22,11,38,49,26,5,1,17,0.6049,118.6791,115.5831
2023-24,DEN,2024-03-17,DEN @ DAL,DAL,False,L,105,107,-2,37,84,0.44,12,28,0.429,19,22,6,31,37,26,7,6,8,0.5119,107.7365,109.7886
2023-24,DEN,2024-03-15,DEN @ SAS,SAS,False,W,117,106,11,49,89,0.551,10,25,0.4,9,12,7,33,40,37,13,5,13,0.6067,118.0864,106.9843
2023-24,DEN,2024-03-13,DEN @ MIA,MIA,False,W,100,88,12,40,82,0.488,11,33,0.333,9,13,7,34,41,24,4,2,10,0.5549,111.3338,97.9737
2023-24,DEN,2024-03-11,DEN vs. TOR,TOR,True,W,125,119,6,52,95,0.547,10,29,0.345,11,18,11,31,42,36,8,8,9,0.6,123.5178,117.5889
2023-24,DEN,2024-03-09,DEN vs. UTA,UTA,True,W,142,121,21,55,83,0.663,19,32,0.594,13,16,5,27,32,40,8,10,14,0.7771,138.5096,118.0258
2023-24,DEN,2024-03-07,DEN vs. BOS,BOS,True,W,115,109,6,45,90,0.5,4,21,0.19,21,22,8,37,45,27,10,4,8,0.5222,114.6103,108.6307
2023-24,DEN,2024-03-05,DEN vs. PHX,PHX,True,L,107,117,-10,41,96,0.427,15,40,0.375,10,14,10,41,51,25,6,6,15,0.5052,101.0196,110.4607
2023-24,DEN,2024-03-02,DEN @ LAL,LAL,False,W,124,114,10,54,92,0.587,11,26,0.423,5,7,11,36,47,34,5,7,10,0.6467,131.2725,120.686
2023-24,DEN,2024-02-29,DEN vs. MIA,MIA,True,W,103,97,6,36,84,0.429,12,34,0.353,19,21,9,32,41,22,10,8,15,0.5,103.6217,97.5855
2023-24,DEN,2024-02-28,DEN vs. SAC,SAC,True,W,117,96,21,46,86,0.535,15,35,0.429,10,11,5,38,43,35,10,6,16,0.6221,116.0945,95.257
2023-24,DEN,2024-02-25,DEN @ GSW,GSW,False,W,119,103,16,43,88,0.489,11,32,0.344,22,26,12,33,45,29,10,5,10,0.5511,120.6897,104.4625
2023-24,DEN,2024-02-23,DEN @ POR,POR,False,W,127,112,15,50,85,0.588,13,33,0.394,14,22,11,34,45,38,8,6,13,0.6647,128.5425,113.3603
2023-24,DEN,2024-02-22,DEN vs. WAS,WAS,True,W,130,110,20,56,101,0.554,7,31,0.226,11,15,13,47,60,41,11,11,16,0.5891,115.6995,97.8996
2023-24,DEN,2024-02-14,DEN vs. SAC,SAC,True,L,98,102,-4,35,89,0.393,9,26,0.346,19,22,12,33,45,27,6,5,12,0.4438,97.493,101.4723
2023-24,DEN,2024-02-12,DEN @ MIL,MIL,False,L,95,112,-17,36,94,0.383,11,40,0.275,12,17,12,36,48,24,7,2,13,0.4415,95.7661,112.9032
2023-24,DEN,2024-02-09,DEN @ SAC,SAC,False,L,106,135,-29,38,82,0.463,10,29,0.345,20,28,9,26,35,26,9,5,21,0.5244,100.3598,127.8167
2023-24,DEN,2024-02-08,DEN @ LAL,LAL,False,W,114,106,8,47,97,0.485,14,32,0.438,6,7,14,36,50,33,4,6,14,0.5567,116.4691,108.2959
2023-24,DEN,2024-02-04,DEN vs. POR,POR,True,W,112,103,9,42,86,0.488,12,28,0.429,16,19,14,28,42,26,8,6,9,0.5581,125.1676,115.1095
2023-24,DEN,2024-02-02,DEN vs. POR,POR,True,W,120,108,12,46,91,0.505,12,36,0.333,16,17,16,32,48,34,3,6,12,0.5714,129.9545,116.9591
2023-24,DEN,2024-01-31,DEN @ OKC,OKC,False,L,100,105,-5,37,93,0.398,15,37,0.405,11,16,12,35,47,21,7,9,10,0.4785,103.0715,108.2251
2023-24,DEN,2024-01-29,DEN vs. MIL,MIL,True,W,113,107,6,44,91,0.484,4,18,0.222,21,24,9,38,47,29,7,4,8,0.5055,112.1254,106.1719
2023-24,DEN,2024-01-27,DEN vs. PHI,PHI,True,W,111,105,6,37,82,0.451,13,37,0.351,24,38,13,31,44,25,5,3,8,0.5305,118.8691,112.4438
2023-24,DEN,2024-01-25,DEN @ NYK,NYK,False,L,84,122,-38,34,84,0.405,5,26,0.192,11,13,13,27,40,20,2,2,19,0.4345,89.5904,130.1195
2023-24,DEN,2024-01-23,DEN @ IND,IND,False,W,114,109,5,44,88,0.5,11,33,0.333,15,17,11,31,42,22,5,9,12,0.5625,116.4929,111.3836
2023-24,DEN,2024-01-21,DEN @ WAS,WAS,False,W,113,104,9,43,88,0.489,8,22,0.364,19,28,13,37,50,29,9,11,14,0.5341,111.33,102.4631
2023-24,DEN,2024-01-19,DEN @ BOS,BOS,False,W,102,100,2,42,81,0.519,8,31,0.258,10,13,10,37,47,20,0,3,11,0.5679,117.3223,115.0219
2023-24,DEN,2024-01-16,DEN @ PHI,PHI,False,L,121,126,-5,45,89,0.506,12,29,0.414,19,25,16,30,46,23,4,3,11,0.573,128.0694,133.3616
2023-24,DEN,2024-01-14,DEN vs. IND,IND,True,W,117,109,8,46,71,0.648,10,20,0.5,15,23,4,36,40,31,8,3,22,0.7183,117.1171,109.1091
2023-24,DEN,2024-01-12,DEN vs. NOP,NOP,True,W,125,113,12,50,90,0.556,14,33,0.424,11,15,10,38,48,30,5,4,17,0.6333,122.9831,111.1767
2023-24,DEN,2024-01-10,DEN @ UTA,UTA,False,L,111,124,-13,37,81,0.457,13,33,0.394,24,28,8,26,34,26,11,4,16,0.537,108.5893,121.307
2023-24,DEN,2024-01-07,DEN vs. DET,DET,True,W,131,114,17,47,80,0.588,10,27,0.37,27,31,6,32,38,35,6,10,14,0.65,129.1658,112.4039
2023-24,DEN,2024-01-05,DEN vs. ORL,ORL,True,L,120,122,-2,48,95,0.505,9,33,0.273,15,19,9,29,38,28,8,1,13,0.5526,115.2074,117.1275
2023-24,DEN,2024-01-04,DEN @ GSW,GSW,False,W,130,127,3,48,85,0.565,9,26,0.346,25,29,11,25,36,28,7,4,9,0.6176,134.1589,131.063
2023-24,DEN,2024-01-01,DEN vs. CHA,CHA,True,W,111,93,18,41,83,0.494,15,38,0.395,14,18,4,40,44,27,9,9,11,0.5843,112.7132,94.4354
2023-24,DEN,2023-12-29,DEN vs. OKC,OKC,True,L,93,119,-26,36,85,0.424,10,37,0.27,11,15,5,31,36,30,6,5,17,0.4824,91.3377,116.8729
2023-24,DEN,2023-12-28,DEN vs. MEM,MEM,True,W,142,105,37,55,96,0.573,20,41,0.488,12,14,12,41,53,43,6,7,12,0.6771,140.4828,103.8781
2023-24,DEN,2023-12-25,DEN vs. GSW,GSW,True,W,120,114,6,40,82,0.488,14,34,0.412,26,32,10,33,43,25,6,4,14,0.5732,119.2843,113.3201
2023-24,DEN,2023-12-23,DEN @ CHA,CHA,False,W,102,95,7,39,90,0.433,12,30,0.4,12,14,12,36,48,25,11,13,17,0.5,99.8629,93.0096
2023-24,DEN,2023-12-22,DEN @ BKN,BKN,False,W,122,117,5,45,87,0.517,11,26,0.423,21,25,8,33,41,29,6,5,6,0.5805,126.1373,120.9677
2023-24,DEN,2023-12-20,DEN @ TOR,TOR,False,W,113,104,9,49,98,0.5,12,33,0.364,3,7,15,31,46,29,9,9,9,0.5612,117.8311,108.4463
2023-24,DEN,2023-12-18,DEN vs. DAL,DAL,True,W,130,104,26,49,87,0.563,14,26,0.538,18,22,9,37,46,29,7,4,9,0.6437,134.6871,107.7497
2023-24,DEN,2023-12-16,DEN vs. OKC,OKC,True,L,117,118,-1,42,93,0.452,12,32,0.375,21,24,16,30,46,30,5,0,9,0.5161,119.5341,120.5558
2023-24,DEN,2023-12-14,DEN vs. BKN,BKN,True,W,124,101,23,47,99,0.475,12,36,0.333,18,21,12,36,48,31,13,6,9,0.5354,119.7836,97.5657
2023-24,DEN,2023-12-12,DEN @ CHI,CHI,False,W,114,106,8,39,83,0.47,14,30,0.467,22,32,15,31,46,28,4,4,11,0.5542,118.6264,110.3018
2023-24,DEN,2023-12-11,DEN @ ATL,ATL,False,W,129,122,7,47,88,0.534,12,29,0.414,23,29,14,35,49,29,9,8,16,0.6023,126.6693,119.7958
2023-24,DEN,2023-12-08,DEN vs. HOU,HOU,True,L,106,114,-8,38,90,0.422,10,28,0.357,20,27,12,35,47,22,4,5,10,0.4778,106.3403,114.366
2023-24,DEN,2023-12-06,DEN @ LAC,LAC,False,L,102,111,-9,41,98,0.418,12,31,0.387,8,9,14,32,46,29,7,5,11,0.4796,104.6368,113.8695
2023-24,DEN,2023-12-02,DEN @ SAC,SAC,False,L,117,123,-6,49,99,0.495,6,25,0.24,13,20,8,38,46,35,9,7,11,0.5253,107.1429,112.6374
2023-24,DEN,2023-12-01,DEN @ PHX,PHX,False,W,119,111,8,50,88,0.568,12,32,0.375,7,12,4,28,32,38,8,4,9,0.6364,120.3722,112.28
2023-24,DEN,2023-11-29,DEN vs. HOU,HOU,True,W,134,124,10,48,95,0.505,19,43,0.442,19,26,13,28,41,37,4,2,4,0.6053,139.0041,128.6307
2023-24,DEN,2023-11-27,DEN @ LAC,LAC,False,W,113,104,9,44,92,0.478,10,22,0.455,15,28,18,34,52,28,8,6,11,0.5326,116.327,107.062
2023-24,DEN,2023-11-26,DEN vs. SAS,SAS,True,W,132,120,12,50,89,0.562,12,28,0.429,20,25,11,34,45,38,8,3,20,0.6292,120.857,109.87
2023-24,DEN,2023-11-24,DEN @ HOU,HOU,False,L,86,105,-19,32,94,0.34,7,30,0.233,15,21,16,30,46,17,8,4,15,0.3777,86.5017,105.6126
2023-24,DEN,2023-11-22,DEN @ ORL,ORL,False,L,119,124,-5,44,93,0.473,15,35,0.429,16,21,17,25,42,29,6,2,12,0.5538,123.6749,128.8713
2023-24,DEN,2023-11-20,DEN @ DET,DET,False,W,107,103,4,40,87,0.46,11,28,0.393,16,21,11,32,43,30,7,8,14,0.523,107.7109,103.6843
2023-24,DEN,2023-11-19,DEN @ CLE,CLE,False,L,109,121,-12,39,82,0.476,14,29,0.483,17,23,9,24,33,23,7,5,13,0.561,113.2115,125.6751
2023-24,DEN,2023-11-17,DEN @ NOP,NOP,False,L,110,115,-5,47,96,0.49,10,40,0.25,6,12,11,40,51,37,4,3,13,0.5417,106.0139,110.8327
2023-24,DEN,2023-11-14,DEN vs. LAC,LAC,True,W,111,108,3,39,73,0.534,8,23,0.348,25,32,6,30,36,26,4,2,14,0.589,117.6845,114.5038
2023-24,DEN,2023-11-12,DEN @ HOU,HOU,False,L,104,107,-3,42,91,0.462,9,32,0.281,11,14,12,37,49,24,3,5,11,0.511,107.8167,110.9268
2023-24,DEN,2023-11-08,DEN vs. GSW,GSW,True,W,108,105,3,41,92,0.446,11,35,0.314,15,22,10,35,45,24,7,4,6,0.5054,111.8476,108.7407
2023-24,DEN,2023-11-06,DEN vs. NOP,NOP,True,W,134,116,18,51,95,0.537,15,39,0.385,17,23,11,34,45,37,6,5,10,0.6158,130.2742,112.7746
2023-24,DEN,2023-11-04,DEN vs. CHI,CHI,True,W,123,101,22,42,81,0.519,16,36,0.444,23,30,10,39,49,31,10,4,12,0.6173,126.5953,103.9522
2023-24,DEN,2023-11-03,DEN vs. DAL,DAL,True,W,125,114,11,49,93,0.527,13,30,0.433,14,19,19,32,51,33,11,6,20,0.5968,124.4772,113.5232
2023-24,DEN,2023-11-01,DEN @ MIN,MIN,False,L,89,110,-21,38,96,0.396,6,33,0.182,7,10,12,31,43,23,6,10,16,0.4271,86.7108,107.1707
2023-24,DEN,2023-10-30,DEN vs. UTA,UTA,True,W,110,102,8,47,84,0.56,9,28,0.321,7,17,7,36,43,32,4,8,13,0.6131,111.0662,102.9887
2023-24,DEN,2023-10-29,DEN @ OKC,OKC,False,W,128,95,33,53,88,0.602,11,27,0.407,11,13,10,38,48,34,8,5,13,0.6648,129.5284,96.1344
2023-24,DEN,2023-10-27,DEN @ MEM,MEM,False,W,108,104,4,41,88,0.466,14,37,0.378,12,18,6,34,40,27,11,10,19,0.5455,101.6566,97.8916
2023-24,DEN,2023-10-24,DEN vs. LAL,LAL,True,W,119,107,12,48,91,0.527,14,34,0.412,9,12,9,33,42,29,9,6,12,0.6044,120.7631,108.5853
2023-24,DET,2024-04-14,DET @ SAS,SAS,False,L,95,123,-28,36,92,0.391,8,33,0.242,15,20,11,29,40,17,7,3,14,0.4348,93.6145,121.2061
2023-24,DET,2024-04-12,DET @ DAL,DAL,False,W,107,89,18,46,95,0.484,8,31,0.258,7,9,6,34,40,23,11,7,7,0.5263,107.4082,89.3395
2023-24,DET,2024-04-11,DET vs. CHI,CHI,True,L,105,127,-22,38,77,0.494,14,35,0.4,15,23,7,31,38,27,4,2,20,0.5844,104.6234,126.5444
2023-24,DET,2024-04-09,DET @ PHI,PHI,False,L,102,120,-18,34,84,0.405,14,30,0.467,20,24,9,35,44,20,3,5,16,0.4881,100.6513,118.4133
2023-24,DET,2024-04-06,DET @ BKN,BKN,False,L,103,113,-10,42,92,0.457,17,39,0.436,2,4,5,23,28,25,9,2,10,0.5489,106.5811,116.9288
2023-24,DET,2024-04-05,DET @ MEM,MEM,False,L,90,108,-18,32,79,0.405,8,30,0.267,18,24,10,28,38,22,13,4,18,0.4557,89.7308,107.677
2023-24,DET,2024-04-03,DET @ ATL,ATL,False,L,113,121,-8,43,94,0.457,10,30,0.333,17,21,8,29,37,24,14,3,10,0.5106,106.6843,114.2372
2023-24,DET,2024-04-01,DET vs. MEM,MEM,True,L,108,110,-2,40,79,0.506,11,28,0.393,17,22,9,32,41,22,7,9,14,0.5759,112.0332,114.1079
2023-24,DET,2024-03-29,DET @ WAS,WAS,False,W,96,87,9,37,89,0.416,6,24,0.25,16,20,8,39,47,19,9,5,13,0.4494,93.9702,85.1605
2023-24,DET,2024-03-27,DET @ MIN,MIN,False,L,91,106,-15,31,81,0.383,9,32,0.281,20,25,10,31,41,15,9,1,12,0.4383,97.8284,113.954
2023-24,DET,2024-03-25,DET @ NYK,NYK,False,L,99,124,-25,34,88,0.386,10,34,0.294,21,22,7,30,37,22,8,5,12,0.4432,97.3643,121.9512
2023-24,DET,2024-03-24,DET vs. NOP,NOP,True,L,101,114,-13,32,79,0.405,11,41,0.268,26,32,10,36,46,20,4,5,17,0.4747,101.6506,114.7343
2023-24,DET,2024-03-22,DET vs. BOS,BOS,True,L,102,129,-27,42,83,0.506,9,31,0.29,9,13,8,34,42,25,4,1,19,0.5602,102.2044,129.2585
2023-24,DET,2024-03-20,DET vs. IND,IND,True,L,103,122,-19,37,90,0.411,5,23,0.217,24,30,12,34,46,23,8,1,15,0.4389,98.0392,116.1241
2023-24,DET,2024-03-18,DET @ BOS,BOS,False,L,94,119,-25,36,84,0.429,9,29,0.31,13,15,8,35,43,21,6,3,13,0.4821,97.7537,123.7521
2023-24,DET,2024-03-17,DET vs. MIA,MIA,True,L,101,104,-3,38,83,0.458,14,36,0.389,11,14,7,37,44,24,4,7,12,0.5422,106.7653,109.9366
2023-24,DET,2024-03-15,DET vs. MIA,MIA,True,L,95,108,-13,36,84,0.429,10,38,0.263,13,15,9,39,48,27,5,2,18,0.4881,95.5542,108.6301
2023-24,DET,2024-03-13,DET vs. TOR,TOR,True,W,113,104,9,39,88,0.443,11,30,0.367,24,31,11,47,58,27,7,7,22,0.5057,101.8018,93.6937
2023-24,DET,2024-03-11,DET vs. CHA,CHA,True,W,114,97,17,41,86,0.477,10,42,0.238,22,24,9,42,51,26,8,5,12,0.5349,113.0504,96.192
2023-24,DET,2024-03-09,DET vs. DAL,DAL,True,L,124,142,-18,45,99,0.455,13,37,0.351,21,25,20,36,56,27,8,4,20,0.5202,109.6957,125.6192
2023-24,DET,2024-03-07,DET vs. BKN,BKN,True,W,118,112,6,43,82,0.524,12,30,0.4,20,21,13,37,50,24,7,4,23,0.5976,116.1646,110.2579
2023-24,DET,2024-03-05,DET @ MIA,MIA,False,L,110,118,-8,39,89,0.438,12,42,0.286,20,22,10,32,42,26,5,3,11,0.5056,112.3596,120.5312
2023-24,DET,2024-03-03,DET @ ORL,ORL,False,L,91,113,-22,33,86,0.384,8,36,0.222,17,20,5,23,28,25,11,2,12,0.4302,91.0911,113.1131
2023-24,DET,2024-03-01,DET vs. CLE,CLE,True,L,100,110,-10,33,89,0.371,10,36,0.278,24,28,9,33,42,24,10,7,9,0.427,99.2457,109.1703
2023-24,DET,2024-02-27,DET @ CHI,CHI,False,W,105,95,10,37,75,0.493,14,37,0.378,17,23,8,39,47,22,3,8,20,0.5867,108.2251,97.918
2023-24,DET,2024-02-26,DET @ NYK,NYK,False,L,111,113,-2,38,79,0.481,14,30,0.467,21,26,10,32,42,25,9,6,17,0.5696,112.3027,114.3262
2023-24,DET,2024-02-24,DET vs. ORL,ORL,True,L,109,112,-3,43,85,0.506,14,31,0.452,9,13,7,29,36,29,7,7,12,0.5882,113.5653,116.691
2023-24,DET,2024-02-22,DET @ IND,IND,False,L,115,129,-14,47,89,0.528,12,30,0.4,9,18,6,35,41,27,6,4,15,0.5955,106.8376,119.8439
2023-24,DET,2024-02-14,DET @ PHX,PHX,False,L,100,116,-16,38,99,0.384,10,37,0.27,14,22,16,32,48,26,14,5,19,0.4343,89.67,104.0172
2023-24,DET,2024-02-13,DET @ LAL,LAL,False,L,111,125,-14,45,108,0.417,8,28,0.286,13,17,17,33,50,30,8,2,10,0.4537,103.4097,116.4524
2023-24,DET,2024-02-10,DET @ LAC,LAC,False,L,106,112,-6,45,102,0.441,9,30,0.3,7,7,14,43,57,27,7,2,14,0.4853,101.1837,106.911
2023-24,DET,2024-02-08,DET @ POR,POR,False,W,128,122,6,45,93,0.484,16,27,0.593,22,31,16,29,45,26,3,7,17,0.5699,117.8854,112.3596
2023-24,DET,2024-02-07,DET @ SAC,SAC,False,W,133,120,13,47,84,0.56,17,31,0.548,22,22,6,42,48,32,2,2,13,0.6607,130.1625,117.4398
2023-24,DET,2024-02-04,DET vs. ORL,ORL,True,L,99,111,-12,36,80,0.45,8,31,0.258,19,22,9,27,36,22,6,5,15,0.5,104.6069,117.2866
2023-24,DET,2024-02-02,DET vs. LAC,LAC,True,L,125,136,-11,45,89,0.506,17,40,0.425,18,24,13,25,38,28,5,3,17,0.6011,121.9988,132.7347
2023-24,DET,2024-01-31,DET @ CLE,CLE,False,L,121,128,-7,45,81,0.556,16,31,0.516,15,19,7,28,35,27,8,3,19,0.6543,121.3154,128.3337
2023-24,DET,2024-01-28,DET vs. OKC,OKC,True,W,120,104,16,47,95,0.495,11,26,0.423,15,19,15,38,53,27,6,2,9,0.5526,123.9413,107.4158
2023-24,DET,2024-01-27,DET vs. WAS,WAS,True,L,104,118,-14,37,85,0.435,9,32,0.281,21,27,11,34,45,22,2,8,17,0.4882,100.9121,114.4964
2023-24,DET,2024-01-24,DET vs. CHA,CHA,True,W,113,106,7,43,86,0.5,15,38,0.395,12,20,5,39,44,26,4,0,11,0.5872,114.0493,106.9843
2023-24,DET,2024-01-22,DET vs. MIL,MIL,True,L,113,122,-9,40,89,0.449,10,30,0.333,23,29,6,36,42,25,4,9,10,0.5056,105.7458,114.1681
2023-24,DET,2024-01-20,DET vs. MIL,MIL,True,L,135,141,-6,44,94,0.468,21,37,0.568,26,32,9,31,40,30,6,2,9,0.5798,124.6307,130.1699
2023-24,DET,2024-01-17,DET vs. MIN,MIN,True,L,117,124,-7,46,89,0.517,12,31,0.387,13,19,8,32,40,30,4,7,12,0.5843,113.8132,120.6226
2023-24,DET,2024-01-15,DET @ WAS,WAS,False,W,129,117,12,50,90,0.556,12,31,0.387,17,23,12,40,52,30,4,10,16,0.6222,126.4954,114.7284
2023-24,DET,2024-01-12,DET vs. HOU,HOU,True,L,110,112,-2,44,88,0.5,12,35,0.343,10,16,11,35,46,32,6,9,15,0.5682,110.5305,112.5402
2023-24,DET,2024-01-10,DET vs. SAS,SAS,True,L,108,130,-22,44,96,0.458,10,32,0.313,10,13,9,34,43,33,4,3,10,0.5104,106.0904,127.7014
2023-24,DET,2024-01-09,DET vs. SAC,SAC,True,L,110,131,-21,40,85,0.471,14,37,0.378,16,21,13,27,40,27,12,2,21,0.5529,104.5627,124.5247
2023-24,DET,2024-01-07,DET @ DEN,DEN,False,L,114,131,-17,42,89,0.472,9,24,0.375,21,30,13,24,37,28,6,0,12,0.5225,112.4039,129.1658
2023-24,DET,2024-01-05,DET @ GSW,GSW,False,L,109,113,-4,44,98,0.449,13,44,0.295,8,10,10,30,40,25,8,9,11,0.5153,104.6065,108.4453
2023-24,DET,2024-01-03,DET @ UTA,UTA,False,L,148,154,-6,56,105,0.533,19,41,0.463,17,22,16,32,48,33,5,3,17,0.6238,128.0942,133.2872
2023-24,DET,2024-01-01,DET @ HOU,HOU,False,L,113,136,-23,40,83,0.482,13,29,0.448,20,27,10,27,37,27,3,4,18,0.5602,108.4245,130.4932
2023-24,DET,2023-12-30,DET vs. TOR,TOR,True,W,129,127,2,41,82,0.5,12,28,0.429,35,40,6,35,41,29,4,4,12,0.5732,122.3213,120.4248
2023-24,DET,2023-12-28,DET @ BOS,BOS,False,L,122,128,-6,48,101,0.475,14,43,0.326,12,19,19,38,57,27,7,4,19,0.5446,110.7279,116.1735
2023-24,DET,2023-12-26,DET vs. BKN,BKN,True,L,112,118,-6,40,90,0.444,9,25,0.36,23,32,16,36,52,20,6,4,14,0.4944,109.2683,115.122
2023-24,DET,2023-12-23,DET @ BKN,BKN,False,L,115,126,-11,39,79,0.494,15,35,0.429,22,29,6,30,36,26,5,3,14,0.5886,112.2828,123.0228
2023-24,DET,2023-12-21,DET vs. UTA,UTA,True,L,111,119,-8,43,86,0.5,9,31,0.29,16,19,12,29,41,24,6,9,21,0.5523,107.8089,115.5789
2023-24,DET,2023-12-18,DET @ ATL,ATL,False,L,124,130,-6,48,94,0.511,9,22,0.409,19,27,12,24,36,23,7,3,13,0.5585,117.6694,123.3631
2023-24,DET,2023-12-16,DET @ MIL,MIL,False,L,114,146,-32,43,96,0.448,6,28,0.214,22,26,10,26,36,25,10,4,8,0.4792,106.2838,136.1178
2023-24,DET,2023-12-15,DET @ PHI,PHI,False,L,92,124,-32,35,81,0.432,4,21,0.19,18,23,7,35,42,19,3,7,21,0.4568,86.4824,116.5633
2023-24,DET,2023-12-13,DET vs. PHI,PHI,True,L,111,129,-18,39,88,0.443,10,33,0.303,23,30,6,29,35,24,6,3,10,0.5,106.6487,123.9431
2023-24,DET,2023-12-11,DET vs. IND,IND,True,L,123,131,-8,45,81,0.556,10,29,0.345,23,30,6,24,30,26,11,4,15,0.6173,116.8313,124.4301
2023-24,DET,2023-12-08,DET @ ORL,ORL,False,L,91,123,-32,34,81,0.42,6,30,0.2,17,24,8,30,38,17,3,2,16,0.4568,90.5833,122.4368
2023-24,DET,2023-12-06,DET vs. MEM,MEM,True,L,102,116,-14,41,91,0.451,11,35,0.314,9,9,8,34,42,30,9,6,17,0.511,98.9715,112.5558
2023-24,DET,2023-12-02,DET vs. CLE,CLE,True,L,101,110,-9,39,83,0.47,8,30,0.267,15,23,10,39,49,24,9,3,16,0.5181,101.4871,110.5305
2023-24,DET,2023-11-30,DET @ NYK,NYK,False,L,112,118,-6,43,81,0.531,15,35,0.429,11,17,8,34,42,22,4,3,20,0.6235,112.1121,118.1181
2023-24,DET,2023-11-29,DET vs. LAL,LAL,True,L,107,133,-26,40,97,0.412,15,36,0.417,12,14,10,29,39,28,8,3,14,0.4897,99.1291,123.2166
2023-24,DET,2023-11-27,DET vs. WAS,WAS,True,L,107,126,-19,43,102,0.422,8,38,0.211,13,19,18,31,49,29,7,11,17,0.4608,96.973,114.1925
2023-24,DET,2023-11-24,DET @ IND,IND,False,L,113,136,-23,43,90,0.478,7,18,0.389,20,24,14,29,43,22,6,11,14,0.5167,109.1155,131.3248
2023-24,DET,2023-11-20,DET vs. DEN,DEN,True,L,103,107,-4,36,81,0.444,7,21,0.333,24,26,11,32,43,21,7,5,18,0.4877,103.6843,107.7109
2023-24,DET,2023-11-19,DET @ TOR,TOR,False,L,113,142,-29,39,83,0.47,9,26,0.346,26,35,7,34,41,25,3,3,17,0.5241,103.121,129.5857
2023-24,DET,2023-11-17,DET @ CLE,CLE,False,L,100,108,-8,39,91,0.429,9,35,0.257,13,15,18,33,51,20,8,6,17,0.478,103.7129,112.01
2023-24,DET,2023-11-14,DET vs. ATL,ATL,True,L,120,126,-6,47,90,0.522,10,29,0.345,16,23,14,28,42,36,9,6,17,0.5778,116.7542,122.5919
2023-24,DET,2023-11-12,DET @ CHI,CHI,False,L,108,119,-11,38,88,0.432,11,32,0.344,21,26,16,33,49,26,4,6,16,0.4943,109.4003,120.5429
2023-24,DET,2023-11-10,DET vs. PHI,PHI,True,L,106,114,-8,40,86,0.465,8,28,0.286,18,22,11,37,48,28,3,5,17,0.5116,105.6198,113.5911
2023-24,DET,2023-11-08,DET @ MIL,MIL,False,L,118,120,-2,48,98,0.49,7,29,0.241,15,16,11,42,53,28,2,5,19,0.5255,106.2489,108.0497
2023-24,DET,2023-11-06,DET vs. GSW,GSW,True,L,109,120,-11,38,80,0.475,13,30,0.433,20,21,7,32,39,23,8,2,16,0.5562,109.8347,120.919
2023-24,DET,2023-11-05,DET vs. PHX,PHX,True,L,106,120,-14,43,87,0.494,8,23,0.348,12,14,10,23,33,25,7,6,16,0.5402,104.9921,118.859
2023-24,DET,2023-11-02,DET @ NOP,NOP,False,L,116,125,-9,41,94,0.436,13,38,0.342,21,26,19,29,48,30,4,5,16,0.5053,114.3759,123.2499
2023-24,DET,2023-11-01,DET vs. POR,POR,True,L,101,110,-9,40,90,0.444,11,29,0.379,10,11,6,32,38,24,12,4,18,0.5056,95.1215,103.5977
2023-24,DET,2023-10-30,DET @ OKC,OKC,False,L,112,124,-12,39,91,0.429,15,28,0.536,19,24,13,28,41,31,6,5,17,0.511,106.7277,118.1628
2023-24,DET,2023-10-28,DET vs. CHI,CHI,True,W,118,102,16,45,86,0.523,12,28,0.429,16,20,15,38,53,29,4,4,17,0.593,123.0192,106.3386
2023-24,DET,2023-10-27,DET @ CHA,CHA,False,W,111,99,12,40,88,0.455,10,30,0.333,21,25,12,41,53,28,7,6,24,0.5114,100.4707,89.609
2023-24,DET,2023-10-25,DET @ MIA,MIA,False,L,102,103,-1,41,92,0.446,11,32,0.344,9,15,17,39,56,28,3,13,17,0.5054,105.6776,106.7136
2023-24,GSW,2024-04-14,GSW vs. UTA,UTA,True,W,123,116,7,45,94,0.479,14,43,0.326,19,23,12,30,42,35,10,6,9,0.5532,121.0868,114.1957
2023-24,GSW,2024-04-12,GSW vs. NOP,NOP,True,L,109,114,-5,40,86,0.465,13,34,0.382,16,21,11,42,53,27,6,5,16,0.5407,108.3068,113.275
2023-24,GSW,2024-04-11,GSW @ POR,POR,False,W,100,92,8,36,77,0.468,12,35,0.343,16,20,10,36,46,24,8,13,16,0.5455,105.6636,97.2105
2023-24,GSW,2024-04-09,GSW @ LAL,LAL,False,W,134,120,14,47,80,0.588,26,41,0.634,14,21,4,38,42,37,3,12,15,0.75,130.8594,117.1875
2023-24,GSW,2024-04-07,GSW vs. UTA,UTA,True,W,118,110,8,49,92,0.533,14,35,0.4,6,6,11,36,47,32,9,8,16,0.6087,119.87,111.7432
2023-24,GSW,2024-04-05,GSW @ DAL,DAL,False,L,106,108,-2,41,93,0.441,12,35,0.343,12,18,11,33,44,27,12,5,15,0.5054,101.8447,103.7663
2023-24,GSW,2024-04-04,GSW @ HOU,HOU,False,W,133,110,23,47,80,0.588,17,35,0.486,22,25,12,31,43,29,6,2,21,0.6938,133.5341,110.4418
2023-24,GSW,2024-04-02,GSW vs. DAL,DAL,True,W,104,100,4,41,90,0.456,15,32,0.469,7,7,11,41,52,29,9,4,17,0.5389,104.0416,100.04
2023-24,GSW,2024-03-31,GSW @ SAS,SAS,False,W,117,113,4,45,92,0.489,16,39,0.41,11,13,12,29,41,34,15,3,16,0.5761,116.0484,112.0809
2023-24,GSW,2024-03-29,GSW @ CHA,CHA,False,W,115,97,18,48,89,0.539,11,32,0.344,8,9,11,39,50,35,7,5,13,0.6011,122.003,102.9069
2023-24,GSW,2024-03-27,GSW @ ORL,ORL,False,W,101,93,8,40,90,0.444,10,34,0.294,11,13,12,40,52,26,5,5,13,0.5,105.2303,96.8952
2023-24,GSW,2024-03-26,GSW @ MIA,MIA,False,W,113,92,21,47,85,0.553,13,38,0.342,6,10,7,36,43,31,6,5,12,0.6294,118.8723,96.781
2023-24,GSW,2024-03-24,GSW @ MIN,MIN,False,L,110,114,-4,38,85,0.447,14,36,0.389,20,26,7,34,41,23,8,3,13,0.5294,108.1825,112.1164
2023-24,GSW,2024-03-22,GSW vs. IND,IND,True,L,111,123,-12,43,106,0.406,14,48,0.292,11,16,24,40,64,24,6,6,14,0.4717,106.6897,118.2238
2023-24,GSW,2024-03-20,GSW vs. MEM,MEM,True,W,137,116,21,58,100,0.58,19,39,0.487,2,6,13,35,48,43,6,5,7,0.675,139.3976,118.0301
2023-24,GSW,2024-03-18,GSW vs. NYK,NYK,True,L,112,119,-7,42,88,0.477,14,36,0.389,14,18,12,27,39,29,7,5,13,0.5568,114.4492,121.6023
2023-24,GSW,2024-03-16,GSW @ LAL,LAL,False,W,128,121,7,51,97,0.526,14,34,0.412,12,15,14,31,45,38,3,4,7,0.5979,128.9543,121.9021
2023-24,GSW,2024-03-13,GSW @ DAL,DAL,False,L,99,109,-10,37,92,0.402,9,28,0.321,16,19,15,27,42,19,9,3,17,0.4511,98.6449,108.609
2023-24,GSW,2024-03-11,GSW @ SAS,SAS,False,W,112,102,10,46,93,0.495,12,27,0.444,8,12,10,35,45,28,7,4,14,0.5591,109.8686,100.0589
2023-24,GSW,2024-03-09,GSW vs. SAS,SAS,True,L,113,126,-13,41,88,0.466,10,30,0.333,21,29,9,30,39,26,9,7,12,0.5227,110.7409,123.481
2023-24,GSW,2024-03-07,GSW vs. CHI,CHI,True,L,122,125,-3,44,97,0.454,11,42,0.262,23,28,13,35,48,31,8,2,11,0.5103,115.3992,118.2369
2023-24,GSW,2024-03-06,GSW vs. MIL,MIL,True,W,125,90,35,51,91,0.56,19,39,0.487,4,7,8,42,50,37,10,13,16,0.6648,120.9599,87.0912
2023-24,GSW,2024-03-03,GSW @ BOS,BOS,False,L,88,140,-52,36,92,0.391,7,41,0.171,9,13,12,34,46,24,2,3,17,0.4293,86.0383,136.8792
2023-24,GSW,2024-03-01,GSW @ TOR,TOR,False,W,120,105,15,44,98,0.449,18,44,0.409,14,18,15,41,56,26,10,5,14,0.5408,114.0684,99.8099
2023-24,GSW,2024-02-29,GSW @ NYK,NYK,False,W,110,99,11,44,98,0.449,14,44,0.318,8,16,16,37,53,26,8,5,11,0.5204,109.127,98.2143
2023-24,GSW,2024-02-27,GSW @ WAS,WAS,False,W,123,112,11,47,94,0.5,21,46,0.457,8,11,9,35,44,39,12,6,19,0.6117,113.7625,103.5886
2023-24,GSW,2024-02-25,GSW vs. DEN,DEN,True,L,103,119,-16,35,81,0.432,11,34,0.324,22,29,11,31,42,27,5,3,17,0.5,104.4625,120.6897
2023-24,GSW,2024-02-23,GSW vs. CHA,CHA,True,W,97,84,13,38,89,0.427,13,42,0.31,8,10,13,40,53,28,7,7,22,0.5,96.4023,83.4824
2023-24,GSW,2024-02-22,GSW vs. LAL,LAL,True,W,128,110,18,50,107,0.467,16,41,0.39,12,14,15,33,48,32,6,4,9,0.5421,124.6349,107.1081
2023-24,GSW,2024-02-15,GSW @ UTA,UTA,False,W,140,137,3,49,92,0.533,20,42,0.476,22,28,13,28,41,42,8,6,13,0.6413,133.0798,130.2281
2023-24,GSW,2024-02-14,GSW vs. LAC,LAC,True,L,125,130,-5,47,103,0.456,18,47,0.383,13,18,13,34,47,34,7,2,9,0.5437,118.3712,123.1061
2023-24,GSW,2024-02-12,GSW @ UTA,UTA,False,W,129,107,22,48,100,0.48,20,44,0.455,13,17,12,39,51,31,8,4,13,0.58,119.1576,98.8361
2023-24,GSW,2024-02-10,GSW vs. PHX,PHX,True,W,113,112,1,45,101,0.446,17,41,0.415,6,11,13,39,52,33,6,2,14,0.5297,106.1631,105.2236
2023-24,GSW,2024-02-08,GSW @ IND,IND,False,W,131,109,22,52,93,0.559,17,32,0.531,10,13,10,39,49,33,7,7,17,0.6505,127.4319,106.0311
2023-24,GSW,2024-02-07,GSW @ PHI,PHI,False,W,127,104,23,47,94,0.5,16,38,0.421,17,22,12,40,52,30,7,8,13,0.5851,119.3385,97.726
2023-24,GSW,2024-02-05,GSW @ BKN,BKN,False,W,109,98,11,43,93,0.462,4,22,0.182,19,23,16,44,60,24,7,8,14,0.4839,109.6579,98.5915
2023-24,GSW,2024-02-03,GSW @ ATL,ATL,False,L,134,141,-7,50,112,0.446,18,56,0.321,16,20,14,43,57,26,4,7,14,0.5268,113.3288,119.249
2023-24,GSW,2024-02-02,GSW @ MEM,MEM,False,W,121,101,20,46,83,0.554,11,29,0.379,18,22,6,40,46,32,7,8,14,0.6205,119.071,99.3899
2023-24,GSW,2024-01-30,GSW vs. PHI,PHI,True,W,119,107,12,44,79,0.557,14,32,0.438,17,19,8,34,42,32,6,6,18,0.6456,122.3022,109.9692
2023-24,GSW,2024-01-27,GSW vs. LAL,LAL,True,L,144,145,-1,55,119,0.462,23,58,0.397,11,16,11,39,50,37,11,3,17,0.5588,108.6957,109.4505
2023-24,GSW,2024-01-25,GSW vs. SAC,SAC,True,L,133,134,-1,48,86,0.558,19,37,0.514,18,23,6,27,33,30,7,3,13,0.6686,130.0861,131.0642
2023-24,GSW,2024-01-24,GSW vs. ATL,ATL,True,W,134,112,22,51,91,0.56,16,33,0.485,16,22,11,38,49,26,6,9,10,0.6484,131.9417,110.2796
2023-24,GSW,2024-01-15,GSW @ MEM,MEM,False,L,107,116,-9,44,90,0.489,10,31,0.323,9,10,7,38,45,28,4,6,19,0.5444,100.9434,109.434
2023-24,GSW,2024-01-13,GSW @ MIL,MIL,False,L,118,129,-11,47,98,0.48,15,36,0.417,9,14,12,29,41,23,5,4,8,0.5561,118.2128,129.2326
2023-24,GSW,2024-01-12,GSW @ CHI,CHI,False,W,140,131,9,49,94,0.521,20,47,0.426,22,30,13,31,44,39,7,4,5,0.6277,141.2429,132.163
2023-24,GSW,2024-01-10,GSW vs. NOP,NOP,True,L,105,141,-36,39,89,0.438,12,39,0.308,15,18,14,29,43,24,4,4,17,0.5056,104.8532,140.8029
2023-24,GSW,2024-01-07,GSW vs. TOR,TOR,True,L,118,133,-15,45,100,0.45,14,46,0.304,14,15,15,28,43,30,5,4,11,0.52,117.5533,132.4965
2023-24,GSW,2024-01-05,GSW vs. DET,DET,True,W,113,109,4,38,82,0.463,16,38,0.421,21,25,7,38,45,24,3,5,19,0.561,108.4453,104.6065
2023-24,GSW,2024-01-04,GSW vs. DEN,DEN,True,L,127,130,-3,49,90,0.544,15,36,0.417,14,16,9,24,33,35,4,3,10,0.6278,131.063,134.1589
2023-24,GSW,2024-01-02,GSW vs. ORL,ORL,True,W,121,115,6,42,78,0.538,13,35,0.371,24,37,9,27,36,23,9,6,12,0.6218,120.1589,114.2006
2023-24,GSW,2023-12-30,GSW vs. DAL,DAL,True,L,122,132,-10,47,103,0.456,19,48,0.396,9,13,16,31,47,32,8,3,11,0.5485,119.3738,129.1585
2023-24,GSW,2023-12-28,GSW vs. MIA,MIA,True,L,102,114,-12,37,88,0.42,8,33,0.242,20,25,12,31,43,27,4,7,13,0.4659,101.6544,113.6137
2023-24,GSW,2023-12-25,GSW @ DEN,DEN,False,L,114,120,-6,40,87,0.46,14,40,0.35,20,23,9,30,39,23,7,3,13,0.5402,113.3201,119.2843
2023-24,GSW,2023-12-23,GSW vs. POR,POR,True,W,126,106,20,48,83,0.578,10,33,0.303,20,24,13,36,49,38,8,2,18,0.6386,127.5562,107.3092
2023-24,GSW,2023-12-22,GSW vs. WAS,WAS,True,W,129,118,11,47,97,0.485,18,45,0.4,17,20,14,43,57,33,5,2,12,0.5773,122.0666,111.6578
2023-24,GSW,2023-12-19,GSW vs. BOS,BOS,True,W,132,126,6,50,109,0.459,20,50,0.4,12,14,18,41,59,29,4,5,10,0.5505,120.7464,115.258
2023-24,GSW,2023-12-17,GSW @ POR,POR,False,W,118,114,4,46,87,0.529,13,38,0.342,13,19,11,32,43,31,10,4,14,0.6034,118.9037,114.873
2023-24,GSW,2023-12-16,GSW vs. BKN,BKN,True,W,124,120,4,44,91,0.484,17,32,0.531,19,20,13,29,42,29,7,5,14,0.5769,122.5296,118.5771
2023-24,GSW,2023-12-14,GSW @ LAC,LAC,False,L,113,121,-8,40,92,0.435,16,45,0.356,17,19,16,27,43,22,8,2,13,0.5217,115.5656,123.7472
2023-24,GSW,2023-12-12,GSW @ PHX,PHX,False,L,116,119,-3,41,92,0.446,16,46,0.348,18,27,13,38,51,26,9,1,15,0.5326,109.0021,111.8211
2023-24,GSW,2023-12-08,GSW @ OKC,OKC,False,L,136,138,-2,49,104,0.471,19,48,0.396,19,23,24,36,60,29,3,2,29,0.5625,116.7582,118.4753
2023-24,GSW,2023-12-06,GSW vs. POR,POR,True,W,110,106,4,36,86,0.419,10,34,0.294,28,33,15,35,50,20,4,3,17,0.4767,108.0762,104.1462
2023-24,GSW,2023-12-02,GSW @ LAC,LAC,False,L,112,113,-1,38,86,0.442,17,43,0.395,19,24,6,36,42,31,5,4,15,0.5407,107.8375,108.8003
2023-24,GSW,2023-11-30,GSW vs. LAC,LAC,True,W,120,114,6,41,82,0.5,15,39,0.385,23,31,10,37,47,30,3,4,9,0.5915,125.523,119.2469
2023-24,GSW,2023-11-28,GSW @ SAC,SAC,False,L,123,124,-1,40,83,0.482,17,41,0.415,26,30,9,43,52,25,6,6,20,0.5843,114.5892,115.5208
2023-24,GSW,2023-11-24,GSW vs. SAS,SAS,True,W,118,112,6,40,81,0.494,19,42,0.452,19,24,7,34,41,35,7,2,24,0.6111,107.8413,102.3579
2023-24,GSW,2023-11-22,GSW @ PHX,PHX,False,L,115,123,-8,43,90,0.478,10,32,0.313,19,29,11,32,43,29,10,3,16,0.5333,109.191,116.7869
2023-24,GSW,2023-11-20,GSW vs. HOU,HOU,True,W,121,116,5,36,77,0.468,21,43,0.488,28,33,8,35,43,26,3,1,8,0.6039,128.8056,123.4831
2023-24,GSW,2023-11-18,GSW vs. OKC,OKC,True,L,123,130,-7,44,97,0.454,18,46,0.391,17,21,14,35,49,33,6,4,16,0.5464,111.7979,118.1603
2023-24,GSW,2023-11-16,GSW vs. OKC,OKC,True,L,109,128,-19,40,98,0.408,14,41,0.341,15,19,20,29,49,27,5,4,16,0.4796,106.0931,124.5863
2023-24,GSW,2023-11-14,GSW vs. MIN,MIN,True,L,101,104,-3,37,88,0.42,13,39,0.333,14,16,13,33,46,28,11,2,20,0.4943,99.3703,102.3219
2023-24,GSW,2023-11-12,GSW vs. MIN,MIN,True,L,110,116,-6,37,96,0.385,12,43,0.279,24,28,19,32,51,24,9,0,14,0.4479,108.0975,113.9937
2023-24,GSW,2023-11-11,GSW vs. CLE,CLE,True,L,110,118,-8,37,90,0.411,13,38,0.342,23,30,15,40,55,26,5,3,20,0.4833,103.2282,110.7357
2023-24,GSW,2023-11-08,GSW @ DEN,DEN,False,L,105,108,-3,37,86,0.43,11,35,0.314,20,26,11,38,49,21,5,0,9,0.4942,108.7407,111.8476
2023-24,GSW,2023-11-06,GSW @ DET,DET,False,W,120,109,11,46,97,0.474,12,41,0.293,16,21,17,27,44,26,8,4,11,0.5361,120.919,109.8347
2023-24,GSW,2023-11-05,GSW @ CLE,CLE,False,L,104,115,-11,34,94,0.362,16,41,0.39,20,30,17,27,44,26,10,4,13,0.4468,102.2013,113.011
2023-24,GSW,2023-11-03,GSW @ OKC,OKC,False,W,141,139,2,49,92,0.533,18,40,0.45,25,30,13,25,38,36,9,2,15,0.6304,130.9192,129.0622
2023-24,GSW,2023-11-01,GSW vs. SAC,SAC,True,W,102,101,1,39,81,0.481,11,31,0.355,13,15,7,29,36,32,5,6,18,0.5494,103.1762,102.1647
2023-24,GSW,2023-10-30,GSW @ NOP,NOP,False,W,130,102,28,51,98,0.52,15,41,0.366,13,20,21,43,64,28,6,7,15,0.5969,128.5601,100.8703
2023-24,GSW,2023-10-29,GSW @ HOU,HOU,False,W,106,95,11,35,81,0.432,18,45,0.4,18,23,8,41,49,27,6,6,14,0.5432,110.1413,98.7116
2023-24,GSW,2023-10-27,GSW @ SAC,SAC,False,W,122,114,8,48,87,0.552,14,32,0.438,12,14,7,32,39,32,14,3,19,0.6322,113.0048,105.5947
2023-24,GSW,2023-10-24,GSW vs. PHX,PHX,True,L,104,108,-4,36,101,0.356,10,43,0.233,22,28,18,31,49,19,11,6,11,0.4059,98.6717,102.4668
2023-24,HOU,2024-04-14,HOU @ LAC,LAC,False,W,116,105,11,50,103,0.485,11,38,0.289,5,14,17,42,59,31,7,8,18,0.5388,106.5981,96.4896
2023-24,HOU,2024-04-12,HOU @ POR,POR,False,W,116,107,9,44,92,0.478,11,39,0.282,17,20,10,38,48,25,3,5,9,0.538,116.8413,107.776
2023-24,HOU,2024-04-11,HOU @ UTA,UTA,False,L,121,124,-3,40,95,0.421,21,47,0.447,20,22,16,23,39,22,8,6,10,0.5316,121.8775,124.8993
2023-24,HOU,2024-04-09,HOU vs. ORL,ORL,True,W,118,106,12,45,86,0.523,15,35,0.429,13,18,6,31,37,29,8,7,12,0.6105,117.3896,105.4517
2023-24,HOU,2024-04-07,HOU @ DAL,DAL,False,L,136,147,-11,46,93,0.495,17,41,0.415,27,35,4,28,32,31,11,6,11,0.586,117.6471,127.1626
2023-24,HOU,2024-04-05,HOU vs. MIA,MIA,True,L,104,119,-15,34,90,0.378,14,44,0.318,22,25,12,33,45,25,7,2,9,0.4556,105.4553,120.6652
2023-24,HOU,2024-04-04,HOU vs. GSW,GSW,True,L,110,133,-23,36,86,0.419,12,40,0.3,26,30,12,17,29,23,11,1,12,0.4884,110.4418,133.5341
2023-24,HOU,2024-04-02,HOU @ MIN,MIN,False,L,106,113,-7,41,92,0.446,14,48,0.292,10,14,12,25,37,23,10,0,15,0.5217,106.0849,113.0905
2023-24,HOU,2024-03-31,HOU vs. DAL,DAL,True,L,107,125,-18,39,92,0.424,13,38,0.342,16,19,12,31,43,22,9,3,12,0.4946,106.2984,124.1804
2023-24,HOU,2024-03-29,HOU @ UTA,UTA,False,W,101,100,1,35,91,0.385,13,42,0.31,18,28,15,30,45,19,10,6,10,0.456,102.7049,101.688
2023-24,HOU,2024-03-27,HOU @ OKC,OKC,False,W,132,126,6,50,104,0.481,15,43,0.349,17,23,16,34,50,25,10,3,16,0.5529,116.4637,111.1699
2023-24,HOU,2024-03-25,HOU vs. POR,POR,True,W,110,92,18,37,93,0.398,12,39,0.308,24,25,13,32,45,19,7,7,9,0.4624,109.671,91.7248
2023-24,HOU,2024-03-23,HOU vs. UTA,UTA,True,W,147,119,28,54,97,0.557,27,49,0.551,12,14,12,32,44,31,7,3,9,0.6959,145.7755,118.0087
2023-24,HOU,2024-03-21,HOU vs. CHI,CHI,True,W,127,117,10,47,93,0.505,17,45,0.378,16,20,13,36,49,27,7,6,16,0.5968,122.2329,112.6083
2023-24,HOU,2024-03-19,HOU @ WAS,WAS,False,W,137,114,23,47,91,0.516,13,39,0.333,30,36,12,35,47,25,6,11,7,0.5879,135.2152,112.5148
2023-24,HOU,2024-03-16,HOU vs. CLE,CLE,True,W,117,103,14,47,98,0.48,15,42,0.357,8,12,11,37,48,28,9,7,10,0.5561,115.7957,101.9398
2023-24,HOU,2024-03-14,HOU vs. WAS,WAS,True,W,135,119,16,51,87,0.586,12,28,0.429,21,24,8,39,47,24,7,1,19,0.6552,124.4699,109.7179
2023-24,HOU,2024-03-12,HOU @ SAS,SAS,False,W,103,101,2,37,80,0.463,10,32,0.313,19,21,8,28,36,21,10,5,13,0.525,109.9253,107.7908
2023-24,HOU,2024-03-10,HOU @ SAC,SAC,False,W,112,104,8,39,84,0.464,12,29,0.414,22,27,6,36,42,23,8,1,12,0.5357,109.8039,101.9608
2023-24,HOU,2024-03-08,HOU @ POR,POR,False,W,123,107,16,45,94,0.479,14,37,0.378,19,26,14,33,47,33,12,10,7,0.5532,125.2291,108.9391
2023-24,HOU,2024-03-06,HOU vs. LAC,LAC,True,L,116,122,-6,45,94,0.479,16,37,0.432,10,17,13,25,38,33,6,2,8,0.5638,122.8033,129.1552
2023-24,HOU,2024-03-05,HOU vs. SAS,SAS,True,W,114,101,13,49,105,0.467,9,34,0.265,7,11,16,35,51,23,15,5,7,0.5095,112.9384,100.0594
2023-24,HOU,2024-03-02,HOU @ PHX,PHX,False,W,118,109,9,42,96,0.438,16,42,0.381,18,26,13,36,49,27,13,3,13,0.5208,109.6654,101.3011
2023-24,HOU,2024-02-29,HOU @ PHX,PHX,False,L,105,110,-5,33,99,0.333,11,45,0.244,28,31,19,39,58,14,8,5,13,0.3889,99.094,103.8128
2023-24,HOU,2024-02-27,HOU @ OKC,OKC,False,L,95,112,-17,37,95,0.389,9,39,0.231,12,18,12,34,46,22,5,8,15,0.4368,90.5452,106.748
2023-24,HOU,2024-02-25,HOU vs. OKC,OKC,True,L,110,123,-13,38,93,0.409,16,41,0.39,18,23,13,37,50,18,6,7,18,0.4946,102.9384,115.1039
2023-24,HOU,2024-02-23,HOU vs. PHX,PHX,True,W,114,110,4,37,93,0.398,15,45,0.333,25,34,17,37,54,25,8,5,14,0.4785,110.4865,106.6098
2023-24,HOU,2024-02-22,HOU @ NOP,NOP,False,L,105,127,-22,36,82,0.439,15,41,0.366,18,28,12,32,44,27,6,5,24,0.5305,97.5655,118.0078
2023-24,HOU,2024-02-14,HOU @ MEM,MEM,False,L,113,121,-8,42,102,0.412,11,36,0.306,18,28,22,34,56,20,9,4,9,0.4657,112.2368,120.1828
2023-24,HOU,2024-02-12,HOU vs. NYK,NYK,True,W,105,103,2,36,80,0.45,10,26,0.385,23,33,12,27,39,22,12,3,12,0.5125,110.6428,108.5353
2023-24,HOU,2024-02-10,HOU @ ATL,ATL,False,L,113,122,-9,44,100,0.44,13,43,0.302,12,19,16,42,58,22,6,6,17,0.505,104.8043,113.1515
2023-24,HOU,2024-02-09,HOU @ TOR,TOR,False,L,104,107,-3,38,85,0.447,15,38,0.395,13,16,12,36,48,22,5,3,22,0.5353,103.2771,106.2562
2023-24,HOU,2024-02-06,HOU @ IND,IND,False,L,129,132,-3,50,97,0.515,12,25,0.48,17,23,20,28,48,26,5,3,15,0.5773,128.1797,131.1606
2023-24,HOU,2024-02-04,HOU @ MIN,MIN,False,L,90,111,-21,31,88,0.352,10,30,0.333,18,27,10,31,41,20,10,7,11,0.4091,86.6384,106.8541
2023-24,HOU,2024-02-02,HOU vs. TOR,TOR,True,W,135,106,29,55,93,0.591,11,31,0.355,14,17,7,42,49,30,9,3,15,0.6505,126.0034,98.936
2023-24,HOU,2024-01-31,HOU vs. NOP,NOP,True,L,99,110,-11,35,87,0.402,13,44,0.295,16,17,5,24,29,19,11,2,5,0.477,103.6432,115.1591
2023-24,HOU,2024-01-29,HOU vs. LAL,LAL,True,W,135,119,16,52,98,0.531,12,36,0.333,19,25,14,42,56,36,10,2,15,0.5918,122.4823,107.9659
2023-24,HOU,2024-01-27,HOU @ BKN,BKN,False,L,104,106,-2,37,94,0.394,10,37,0.27,20,23,15,40,55,20,6,3,17,0.4468,97.4695,99.344
2023-24,HOU,2024-01-26,HOU @ CHA,CHA,False,W,138,104,34,50,89,0.562,13,33,0.394,25,31,11,42,53,34,7,10,14,0.6348,129.748,97.7811
2023-24,HOU,2024-01-24,HOU vs. POR,POR,True,L,131,137,-6,50,94,0.532,12,36,0.333,19,22,8,29,37,29,8,6,8,0.5957,124.0295,129.7103
2023-24,HOU,2024-01-21,HOU vs. BOS,BOS,True,L,107,116,-9,41,94,0.436,10,35,0.286,15,22,11,38,49,26,9,3,15,0.4894,100.1873,108.6142
2023-24,HOU,2024-01-20,HOU vs. UTA,UTA,True,W,127,126,1,50,117,0.427,13,39,0.333,14,22,23,33,56,27,11,10,7,0.4829,112.2106,111.3271
2023-24,HOU,2024-01-17,HOU @ NYK,NYK,False,L,94,109,-15,35,84,0.417,8,30,0.267,16,19,6,32,38,23,6,9,10,0.4643,95.8988,111.2018
2023-24,HOU,2024-01-15,HOU @ PHI,PHI,False,L,115,124,-9,44,88,0.5,8,27,0.296,19,32,16,30,46,21,7,9,13,0.5455,114.977,123.9752
2023-24,HOU,2024-01-13,HOU @ BOS,BOS,False,L,113,145,-32,40,99,0.404,7,30,0.233,26,30,15,35,50,20,10,3,13,0.4394,103.5747,132.9056
2023-24,HOU,2024-01-12,HOU @ DET,DET,False,W,112,110,2,41,90,0.456,8,30,0.267,22,25,10,31,41,21,8,5,9,0.5,112.5402,110.5305
2023-24,HOU,2024-01-10,HOU @ CHI,CHI,False,L,119,124,-5,48,101,0.475,11,45,0.244,12,20,9,41,50,29,9,4,14,0.5297,104.9383,109.3474
2023-24,HOU,2024-01-08,HOU @ MIA,MIA,False,L,113,120,-7,37,88,0.42,14,41,0.341,25,28,12,30,42,20,8,4,12,0.5,114.4883,121.5805
2023-24,HOU,2024-01-06,HOU vs. MIL,MIL,True,W,112,108,4,36,83,0.434,13,34,0.382,27,32,7,39,46,22,7,2,10,0.512,111.1332,107.1641
2023-24,HOU,2024-01-05,HOU vs. MIN,MIN,True,L,95,122,-27,36,90,0.4,12,32,0.375,11,15,7,31,38,18,7,2,15,0.4667,92.0543,118.2171
2023-24,HOU,2024-01-03,HOU vs. BKN,BKN,True,W,112,101,11,37,76,0.487,19,39,0.487,19,27,5,43,48,27,5,4,16,0.6118,112.9488,101.8556
2023-24,HOU,2024-01-01,HOU vs. DET,DET,True,W,136,113,23,51,91,0.56,15,35,0.429,19,24,6,33,39,34,11,1,10,0.6429,130.4932,108.4245
2023-24,HOU,2023-12-29,HOU vs. PHI,PHI,True,L,127,131,-4,49,91,0.538,14,30,0.467,15,21,14,28,42,30,8,6,17,0.6154,125.2713,129.2168
2023-24,HOU,2023-12-27,HOU vs. PHX,PHX,True,L,113,129,-16,40,96,0.417,17,41,0.415,16,22,9,24,33,20,11,3,10,0.5052,107.0481,122.2054
2023-24,HOU,2023-12-26,HOU vs. IND,IND,True,L,117,123,-6,47,97,0.485,5,24,0.208,18,22,15,29,44,19,15,2,11,0.5103,114.7509,120.6355
2023-24,HOU,2023-12-23,HOU @ NOP,NOP,False,W,106,104,2,35,82,0.427,9,29,0.31,27,35,13,31,44,21,9,2,12,0.4817,109.1883,107.1281
2023-24,HOU,2023-12-22,HOU vs. DAL,DAL,True,W,122,96,26,46,95,0.484,11,38,0.289,19,23,12,51,63,21,7,3,17,0.5421,110.6275,87.0511
2023-24,HOU,2023-12-20,HOU vs. ATL,ATL,True,L,127,134,-7,44,89,0.494,16,34,0.471,23,23,8,29,37,25,4,6,9,0.5843,124.8525,131.7342
2023-24,HOU,2023-12-18,HOU @ CLE,CLE,False,L,130,135,-5,47,102,0.461,12,33,0.364,24,27,15,32,47,34,9,5,14,0.5196,116.6756,121.1632
2023-24,HOU,2023-12-17,HOU @ MIL,MIL,False,L,119,128,-9,45,85,0.529,11,27,0.407,18,21,6,25,31,26,8,4,10,0.5941,117.0569,125.9099
2023-24,HOU,2023-12-15,HOU @ MEM,MEM,False,W,103,96,7,32,88,0.364,11,29,0.379,28,32,15,36,51,18,10,10,11,0.4261,102.142,95.2003
2023-24,HOU,2023-12-13,HOU vs. MEM,MEM,True,W,117,104,13,39,86,0.453,12,32,0.375,27,37,15,43,58,23,6,3,19,0.5233,111.8333,99.4074
2023-24,HOU,2023-12-11,HOU vs. SAS,SAS,True,W,93,82,11,32,93,0.344,12,39,0.308,17,20,15,45,60,20,7,2,16,0.4086,89.6472,79.0438
2023-24,HOU,2023-12-08,HOU @ DEN,DEN,False,W,114,106,8,35,82,0.427,13,39,0.333,31,42,11,36,47,21,3,3,10,0.5061,114.366,106.3403
2023-24,HOU,2023-12-06,HOU vs. OKC,OKC,True,W,110,101,9,40,83,0.482,15,33,0.455,15,22,10,43,53,28,6,5,21,0.5723,106.6718,97.9441
2023-24,HOU,2023-12-02,HOU @ LAL,LAL,False,L,97,107,-10,36,89,0.404,11,31,0.355,14,18,11,43,54,24,5,7,17,0.4663,93.8104,103.4816
2023-24,HOU,2023-11-29,HOU @ DEN,DEN,False,L,124,134,-10,47,86,0.547,16,41,0.39,14,19,8,27,35,27,3,5,9,0.6395,128.6307,139.0041
2023-24,HOU,2023-11-28,HOU @ DAL,DAL,False,L,115,121,-6,42,85,0.494,8,29,0.276,23,29,10,30,40,33,2,6,12,0.5412,115.2767,121.2911
2023-24,HOU,2023-11-24,HOU vs. DEN,DEN,True,W,105,86,19,40,82,0.488,12,29,0.414,13,15,6,43,49,25,9,9,14,0.561,105.6126,86.5017
2023-24,HOU,2023-11-22,HOU vs. MEM,MEM,True,W,111,91,20,40,92,0.435,14,43,0.326,17,20,6,43,49,22,6,6,7,0.5109,111.4458,91.3655
2023-24,HOU,2023-11-20,HOU @ GSW,GSW,False,L,116,121,-5,44,95,0.463,13,41,0.317,15,19,15,33,48,28,6,3,8,0.5316,123.4831,128.8056
2023-24,HOU,2023-11-19,HOU @ LAL,LAL,False,L,104,105,-1,41,84,0.488,14,37,0.378,8,10,6,28,34,35,7,3,18,0.5714,101.8809,102.8605
2023-24,HOU,2023-11-17,HOU @ LAC,LAC,False,L,100,106,-6,38,88,0.432,10,31,0.323,14,20,12,35,47,24,6,5,17,0.4886,98.0392,103.9216
2023-24,HOU,2023-11-12,HOU vs. DEN,DEN,True,W,107,104,3,37,87,0.425,10,32,0.313,23,29,12,33,45,20,7,4,9,0.4828,110.9268,107.8167
2023-24,HOU,2023-11-10,HOU vs. NOP,NOP,True,W,104,101,3,36,88,0.409,10,35,0.286,22,28,9,33,42,20,9,5,9,0.4659,103.8546,100.8588
2023-24,HOU,2023-11-08,HOU vs. LAL,LAL,True,W,128,94,34,51,93,0.548,14,33,0.424,12,19,14,43,57,26,4,4,13,0.6237,128.0512,94.0376
2023-24,HOU,2023-11-06,HOU vs. SAC,SAC,True,W,122,97,25,43,75,0.573,15,31,0.484,21,27,5,34,39,28,8,4,11,0.6733,131.4089,104.4808
2023-24,HOU,2023-11-04,HOU vs. SAC,SAC,True,W,107,89,18,40,87,0.46,13,36,0.361,14,20,10,43,53,28,4,3,11,0.5345,111.3655,92.6311
2023-24,HOU,2023-11-01,HOU vs. CHA,CHA,True,W,128,119,9,44,84,0.524,21,37,0.568,19,23,7,31,38,35,10,2,17,0.6488,124.1995,115.4667
2023-24,HOU,2023-10-29,HOU vs. GSW,GSW,True,L,95,106,-11,34,90,0.378,9,33,0.273,18,19,10,32,42,22,7,4,7,0.4278,98.7116,110.1413
2023-24,HOU,2023-10-27,HOU @ SAS,SAS,False,L,122,126,-4,52,100,0.52,8,32,0.25,10,20,11,32,43,30,7,2,18,0.56,106.9612,110.4682
2023-24,HOU,2023-10-25,HOU @ ORL,ORL,False,L,86,116,-30,32,79,0.405,12,34,0.353,10,16,7,24,31,19,6,3,19,0.481,87.9885,118.6822
2023-24,IND,2024-04-14,IND vs. ATL,ATL,True,W,157,115,42,65,100,0.65,19,36,0.528,8,10,12,36,48,41,10,6,16,0.745,144.514,105.8542
2023-24,IND,2024-04-12,IND @ CLE,CLE,False,L,120,129,-9,46,89,0.517,9,32,0.281,19,22,7,32,39,37,7,2,14,0.5674,113.852,122.3909
2023-24,IND,2024-04-09,IND @ TOR,TOR,False,W,140,123,17,54,99,0.545,16,45,0.356,16,23,15,29,44,33,9,8,14,0.6263,129.846,114.079
2023-24,IND,2024-04-07,IND vs. MIA,MIA,True,W,117,115,2,44,86,0.512,9,32,0.281,20,21,4,33,37,27,4,6,7,0.564,119.8034,117.7555
2023-24,IND,2024-04-05,IND vs. OKC,OKC,True,W,126,112,14,46,88,0.523,15,35,0.429,19,21,8,31,39,30,8,5,14,0.608,122.449,108.8435
2023-24,IND,2024-04-03,IND @ BKN,BKN,False,L,111,115,-4,46,103,0.447,10,38,0.263,9,11,19,26,45,27,8,9,9,0.4951,114.0099,118.1183
2023-24,IND,2024-04-01,IND vs. BKN,BKN,True,W,133,111,22,53,103,0.515,13,31,0.419,14,17,14,33,47,35,6,9,10,0.5777,127.3946,106.3218
2023-24,IND,2024-03-29,IND vs. LAL,LAL,True,W,109,90,19,43,89,0.483,10,31,0.323,13,14,6,40,46,27,8,6,10,0.5393,109.5037,90.4159
2023-24,IND,2024-03-27,IND @ CHI,CHI,False,L,99,125,-26,34,85,0.4,13,42,0.31,18,23,12,28,40,25,3,4,13,0.4765,100.4872,126.8778
2023-24,IND,2024-03-25,IND @ LAC,LAC,False,W,133,116,17,50,86,0.581,17,28,0.607,16,22,7,27,34,28,7,3,8,0.6802,139.7352,121.8743
2023-24,IND,2024-03-24,IND @ LAL,LAL,False,L,145,150,-5,59,107,0.551,18,36,0.5,9,16,10,30,40,39,6,4,11,0.6355,128.9118,133.357
2023-24,IND,2024-03-22,IND @ GSW,GSW,False,W,123,111,12,48,99,0.485,15,36,0.417,12,16,12,38,50,32,8,10,11,0.5606,118.2238,106.6897
2023-24,IND,2024-03-20,IND @ DET,DET,False,W,122,103,19,50,88,0.568,11,29,0.379,11,18,5,35,40,38,13,6,13,0.6307,116.1241,98.0392
2023-24,IND,2024-03-18,IND vs. CLE,CLE,True,L,103,108,-5,42,91,0.462,9,38,0.237,10,16,14,31,45,28,8,3,11,0.511,107.0909,112.2895
2023-24,IND,2024-03-16,IND vs. BKN,BKN,True,W,121,100,21,50,105,0.476,6,30,0.2,15,16,17,33,50,21,13,4,13,0.5048,116.5254,96.302
2023-24,IND,2024-03-13,IND vs. CHI,CHI,True,L,129,132,-3,46,99,0.465,14,45,0.311,23,28,9,38,47,30,4,6,9,0.5354,116.0072,118.705
2023-24,IND,2024-03-12,IND @ OKC,OKC,False,W,121,111,10,48,89,0.539,9,28,0.321,16,19,4,39,43,34,8,10,9,0.5899,116.3685,106.7513
2023-24,IND,2024-03-10,IND @ ORL,ORL,False,W,111,97,14,38,78,0.487,8,23,0.348,27,33,5,41,46,20,5,10,13,0.5385,110.2941,96.3831
2023-24,IND,2024-03-07,IND vs. MIN,MIN,True,L,111,113,-2,42,82,0.512,10,26,0.385,17,23,7,32,39,26,5,10,15,0.5732,108.5681,110.5243
2023-24,IND,2024-03-05,IND @ DAL,DAL,False,W,137,120,17,50,93,0.538,18,39,0.462,19,24,9,34,43,34,3,2,9,0.6344,133.139,116.6181
2023-24,IND,2024-03-03,IND @ SAS,SAS,False,L,105,117,-12,41,93,0.441,6,30,0.2,17,21,14,28,42,20,9,4,12,0.4731,105.2104,117.2345
2023-24,IND,2024-03-01,IND @ NOP,NOP,False,L,102,129,-27,40,95,0.421,10,32,0.313,12,18,17,27,44,25,9,8,16,0.4737,99.3377,125.633
2023-24,IND,2024-02-28,IND vs. NOP,NOP,True,W,123,114,9,50,102,0.49,14,38,0.368,9,9,14,36,50,34,5,9,10,0.5588,119.9532,111.1761
2023-24,IND,2024-02-26,IND vs. TOR,TOR,True,L,122,130,-8,46,100,0.46,13,42,0.31,17,23,13,30,43,27,8,5,10,0.525,115.8594,123.4568
2023-24,IND,2024-02-25,IND vs. DAL,DAL,True,W,133,111,22,52,93,0.559,14,36,0.389,15,17,6,40,46,38,12,0,15,0.6344,124.4619,103.8742
2023-24,IND,2024-02-22,IND vs. DET,DET,True,W,129,115,14,50,94,0.532,13,30,0.433,16,19,7,35,42,36,10,5,14,0.6011,119.8439,106.8376
2023-24,IND,2024-02-14,IND @ TOR,TOR,False,W,127,125,2,47,97,0.485,17,41,0.415,16,23,9,30,39,32,9,9,8,0.5722,117.8326,115.977
2023-24,IND,2024-02-12,IND @ CHA,CHA,False,L,102,111,-9,42,83,0.506,8,30,0.267,10,16,2,30,32,31,9,3,11,0.5542,100.9501,109.8575
2023-24,IND,2024-02-10,IND @ NYK,NYK,False,W,125,111,14,50,82,0.61,14,29,0.483,11,19,6,35,41,30,4,3,16,0.6951,125.9573,111.8501
2023-24,IND,2024-02-08,IND vs. GSW,GSW,True,L,109,131,-22,39,81,0.481,12,31,0.387,19,27,7,23,30,31,11,6,14,0.5556,106.0311,127.4319
2023-24,IND,2024-02-06,IND vs. HOU,HOU,True,W,132,129,3,54,86,0.628,15,32,0.469,9,14,5,20,25,35,7,7,12,0.7151,131.1606,128.1797
2023-24,IND,2024-02-04,IND @ CHA,CHA,False,W,115,99,16,45,92,0.489,11,33,0.333,14,18,11,38,49,34,5,4,11,0.5489,115.6244,99.5375
2023-24,IND,2024-02-02,IND vs. SAC,SAC,True,L,122,133,-11,46,85,0.541,10,29,0.345,20,24,8,31,39,23,13,3,22,0.6,110.9696,120.9751
2023-24,IND,2024-02-01,IND @ NYK,NYK,False,L,105,109,-4,42,93,0.452,13,33,0.394,8,13,9,35,44,21,9,9,13,0.5215,103.5912,107.5375
2023-24,IND,2024-01-30,IND @ BOS,BOS,False,L,124,129,-5,50,108,0.463,12,39,0.308,12,15,19,31,50,33,4,2,8,0.5185,120.8106,125.682
2023-24,IND,2024-01-28,IND vs. MEM,MEM,True,W,116,110,6,44,90,0.489,13,35,0.371,15,16,11,33,44,31,8,6,10,0.5611,121.0351,114.7746
2023-24,IND,2024-01-26,IND vs. PHX,PHX,True,W,133,131,2,58,109,0.532,8,26,0.308,9,15,21,27,48,34,8,3,13,0.5688,122.2876,120.4487
2023-24,IND,2024-01-25,IND vs. PHI,PHI,True,W,134,122,12,53,93,0.57,12,28,0.429,16,21,12,43,55,35,6,8,21,0.6344,120.0932,109.3386
2023-24,IND,2024-01-23,IND vs. DEN,DEN,True,L,109,114,-5,43,87,0.494,5,21,0.238,18,21,7,31,38,24,4,1,10,0.523,111.3836,116.4929
2023-24,IND,2024-01-21,IND @ PHX,PHX,False,L,110,117,-7,41,94,0.436,14,31,0.452,14,23,14,26,40,28,9,4,11,0.5106,108.8893,115.8186
2023-24,IND,2024-01-19,IND @ POR,POR,False,L,115,118,-3,39,91,0.429,20,47,0.426,17,25,6,31,37,34,3,6,14,0.5385,108.7985,111.6367
2023-24,IND,2024-01-18,IND @ SAC,SAC,False,W,126,121,5,49,89,0.551,13,33,0.394,15,19,4,30,34,33,5,6,12,0.6236,121.4809,116.6602
2023-24,IND,2024-01-15,IND @ UTA,UTA,False,L,105,132,-27,38,95,0.4,9,31,0.29,20,25,18,25,43,27,9,4,14,0.4474,103.2448,129.7935
2023-24,IND,2024-01-14,IND @ DEN,DEN,False,L,109,117,-8,43,92,0.467,8,29,0.276,15,22,14,23,37,28,11,1,13,0.5109,109.1091,117.1171
2023-24,IND,2024-01-12,IND @ ATL,ATL,False,W,126,108,18,53,79,0.671,11,18,0.611,9,12,10,35,45,41,12,9,27,0.7405,123.8938,106.1947
2023-24,IND,2024-01-10,IND vs. WAS,WAS,True,W,112,104,8,41,92,0.446,8,25,0.32,22,24,14,40,54,31,7,6,14,0.4891,109.3964,101.5823
2023-24,IND,2024-01-08,IND vs. BOS,BOS,True,W,133,131,2,48,91,0.527,19,40,0.475,18,22,9,30,39,29,6,7,13,0.6319,127.0053,125.0955
2023-24,IND,2024-01-06,IND vs. BOS,BOS,True,L,101,118,-17,38,92,0.413,8,42,0.19,17,22,10,28,38,23,12,2,9,0.4565,99.0002,115.6636
2023-24,IND,2024-01-05,IND vs. ATL,ATL,True,W,150,116,34,60,94,0.638,19,39,0.487,11,13,8,31,39,50,12,3,16,0.7394,140.2393,108.4518
2023-24,IND,2024-01-03,IND vs. MIL,MIL,True,W,142,130,12,50,90,0.556,14,35,0.4,28,34,7,37,44,34,7,5,11,0.6333,130.2513,119.2442
2023-24,IND,2024-01-01,IND @ MIL,MIL,False,W,122,113,9,43,97,0.443,5,35,0.143,31,38,14,38,52,23,7,5,7,0.4691,113.9335,105.5286
2023-24,IND,2023-12-30,IND vs. NYK,NYK,True,W,140,126,14,50,85,0.588,23,43,0.535,17,21,7,27,34,40,6,7,16,0.7235,133.8944,120.505
2023-24,IND,2023-12-28,IND @ CHI,CHI,False,W,120,104,16,43,85,0.506,19,42,0.452,15,22,6,41,47,30,6,9,14,0.6176,117.4398,101.7812
2023-24,IND,2023-12-26,IND @ HOU,HOU,False,W,123,117,6,43,82,0.524,19,43,0.442,18,21,10,35,45,28,5,7,20,0.6402,120.6355,114.7509
2023-24,IND,2023-12-23,IND vs. ORL,ORL,True,L,110,117,-7,43,82,0.524,15,34,0.441,9,13,7,26,33,27,7,6,15,0.6159,114.7267,122.0275
2023-24,IND,2023-12-21,IND @ MEM,MEM,False,L,103,116,-13,38,90,0.422,18,52,0.346,9,11,12,27,39,28,12,9,17,0.5222,100.4486,113.1266
2023-24,IND,2023-12-20,IND vs. CHA,CHA,True,W,144,113,31,49,80,0.613,18,39,0.462,28,30,8,30,38,37,6,8,13,0.725,145.7785,114.3956
2023-24,IND,2023-12-18,IND vs. LAC,LAC,True,L,127,151,-24,49,95,0.516,12,33,0.364,17,21,11,23,34,38,6,7,11,0.5789,121.3221,144.2491
2023-24,IND,2023-12-16,IND @ MIN,MIN,False,L,109,127,-18,45,90,0.5,6,21,0.286,13,16,13,27,40,25,10,6,15,0.5333,109.5037,127.5869
2023-24,IND,2023-12-15,IND @ WAS,WAS,False,L,123,137,-14,48,107,0.449,15,40,0.375,12,16,13,28,41,35,7,8,15,0.5187,106.7338,118.8823
2023-24,IND,2023-12-13,IND @ MIL,MIL,False,L,126,140,-14,45,100,0.45,11,36,0.306,25,32,16,29,45,30,7,6,18,0.505,109.47,121.6334
2023-24,IND,2023-12-11,IND @ DET,DET,False,W,131,123,8,52,92,0.565,13,31,0.419,14,19,11,32,43,33,8,5,18,0.6359,124.4301,116.8313
2023-24,IND,2023-12-07,IND @ MIL,MIL,False,W,128,119,9,50,102,0.49,7,33,0.212,21,25,15,36,51,30,9,8,10,0.5245,118.3432,110.0222
2023-24,IND,2023-12-04,IND vs. BOS,BOS,True,W,122,112,10,43,94,0.457,19,40,0.475,17,21,7,34,41,28,8,4,6,0.5585,116.4567,106.911
2023-24,IND,2023-12-02,IND @ MIA,MIA,False,W,144,129,15,56,85,0.659,16,32,0.5,16,20,3,29,32,35,4,8,10,0.7529,139.5619,125.0242
2023-24,IND,2023-11-30,IND @ MIA,MIA,False,L,132,142,-10,50,98,0.51,11,43,0.256,21,32,10,24,34,30,11,5,10,0.5663,118.9832,127.9971
2023-24,IND,2023-11-27,IND vs. POR,POR,True,L,110,114,-4,42,88,0.477,8,33,0.242,18,24,10,32,42,26,10,6,20,0.5227,102.7077,106.4426
2023-24,IND,2023-11-24,IND vs. DET,DET,True,W,136,113,23,49,102,0.48,16,38,0.421,22,24,15,25,40,24,7,8,9,0.5588,131.3248,109.1155
2023-24,IND,2023-11-22,IND vs. TOR,TOR,True,L,131,132,-1,50,91,0.549,18,39,0.462,13,16,5,26,31,33,10,6,15,0.6484,120.6039,121.5246
2023-24,IND,2023-11-21,IND @ ATL,ATL,False,W,157,152,5,57,94,0.606,22,45,0.489,21,28,7,22,29,35,7,11,14,0.7234,140.4042,135.9327
2023-24,IND,2023-11-19,IND vs. ORL,ORL,True,L,116,128,-12,42,95,0.442,8,31,0.258,24,31,11,29,40,24,10,7,16,0.4842,102.6004,113.2142
2023-24,IND,2023-11-14,IND @ PHI,PHI,False,W,132,126,6,48,93,0.516,13,37,0.351,23,33,10,31,41,32,7,5,11,0.586,119.5003,114.0684
2023-24,IND,2023-11-12,IND @ PHI,PHI,False,L,126,137,-11,47,90,0.522,16,39,0.41,16,19,8,24,32,31,8,9,10,0.6111,124.0402,134.8691
2023-24,IND,2023-11-09,IND vs. MIL,MIL,True,W,126,124,2,44,92,0.478,20,48,0.417,18,20,9,31,40,27,6,6,13,0.587,118.7335,116.8489
2023-24,IND,2023-11-08,IND vs. UTA,UTA,True,W,134,118,16,52,101,0.515,13,41,0.317,17,20,14,32,46,26,14,7,12,0.5792,123.0939,108.3961
2023-24,IND,2023-11-06,IND vs. SAS,SAS,True,W,152,111,41,55,95,0.579,20,38,0.526,22,23,9,40,49,38,7,4,15,0.6842,139.8859,102.1535
2023-24,IND,2023-11-04,IND vs. CHA,CHA,True,L,124,125,-1,45,93,0.484,22,45,0.489,12,16,11,25,36,31,7,5,15,0.6022,122.0713,123.0557
2023-24,IND,2023-11-03,IND vs. CLE,CLE,True,W,121,116,5,45,86,0.523,15,31,0.484,16,24,7,33,40,28,7,5,19,0.6105,114.3884,109.6616
2023-24,IND,2023-11-01,IND @ BOS,BOS,False,L,104,155,-51,46,101,0.455,5,37,0.135,7,12,8,23,31,26,6,6,9,0.4802,96.0295,143.121
2023-24,IND,2023-10-30,IND vs. CHI,CHI,True,L,105,112,-7,36,88,0.409,12,46,0.261,21,25,11,36,47,26,7,5,17,0.4773,100.6518,107.362
2023-24,IND,2023-10-28,IND @ CLE,CLE,False,W,125,113,12,48,98,0.49,15,38,0.395,14,17,11,37,48,36,3,4,8,0.5663,124.3534,112.4154
2023-24,IND,2023-10-25,IND vs. WAS,WAS,True,W,143,120,23,56,107,0.523,20,43,0.465,11,12,10,41,51,38,10,8,12,0.6168,126.5263,106.1759
2023-24,LAC,2024-04-14,LAC vs. HOU,HOU,True,L,105,116,-11,41,104,0.394,8,37,0.216,15,17,16,35,51,23,13,8,12,0.4327,96.4896,106.5981
2023-24,LAC,2024-04-12,LAC vs. UTA,UTA,True,L,109,110,-1,43,96,0.448,10,39,0.256,13,19,20,24,44,23,9,7,13,0.5,108.8042,109.8024
2023-24,LAC,2024-04-10,LAC vs. PHX,PHX,True,L,108,124,-16,44,95,0.463,12,36,0.333,8,10,9,35,44,23,9,3,13,0.5263,103.3493,118.6603
2023-24,LAC,2024-04-09,LAC @ PHX,PHX,False,W,105,92,13,41,87,0.471,12,26,0.462,11,11,10,53,63,28,5,3,21,0.5402,102.8605,90.1254
2023-24,LAC,2024-04-07,LAC vs. CLE,CLE,True,W,120,118,2,41,84,0.488,14,35,0.4,24,24,11,37,48,26,5,2,16,0.5714,117.9709,116.0047
2023-24,LAC,2024-04-05,LAC vs. UTA,UTA,True,W,131,102,29,51,91,0.56,13,35,0.371,16,18,8,43,51,32,9,4,15,0.6319,124.3592,96.8293
2023-24,LAC,2024-04-04,LAC vs. DEN,DEN,True,W,102,100,2,34,90,0.378,7,33,0.212,27,32,7,41,48,22,10,2,7,0.4167,98.9907,97.0497
2023-24,LAC,2024-04-02,LAC @ SAC,SAC,False,L,95,109,-14,31,76,0.408,11,27,0.407,22,27,9,29,38,18,6,1,16,0.4803,101.1284,116.0315
2023-24,LAC,2024-03-31,LAC @ CHA,CHA,False,W,130,118,12,43,75,0.573,14,29,0.483,30,34,7,34,41,28,4,5,10,0.6667,136.9863,124.3414
2023-24,LAC,2024-03-29,LAC @ ORL,ORL,False,W,100,97,3,41,85,0.482,8,24,0.333,10,12,12,29,41,19,11,4,17,0.5294,104.2318,101.1049
2023-24,LAC,2024-03-27,LAC @ PHI,PHI,False,W,108,107,1,40,90,0.444,14,36,0.389,14,20,11,32,43,28,8,5,8,0.5222,114.7959,113.733
2023-24,LAC,2024-03-25,LAC vs. IND,IND,True,L,116,133,-17,46,85,0.541,6,20,0.3,18,22,11,25,36,26,4,4,10,0.5765,121.8743,139.7352
2023-24,LAC,2024-03-24,LAC vs. PHI,PHI,True,L,107,121,-14,40,83,0.482,10,28,0.357,17,18,10,27,37,27,2,9,14,0.5422,115.7508,130.8957
2023-24,LAC,2024-03-22,LAC @ POR,POR,False,W,125,117,8,44,77,0.571,14,33,0.424,23,27,7,33,40,26,8,8,17,0.6623,126.3392,118.2535
2023-24,LAC,2024-03-20,LAC @ POR,POR,False,W,116,103,13,45,86,0.523,13,31,0.419,13,15,8,34,42,29,15,7,12,0.5988,120.0828,106.6253
2023-24,LAC,2024-03-17,LAC vs. ATL,ATL,True,L,93,110,-17,28,74,0.378,11,36,0.306,26,29,10,30,40,17,10,5,16,0.4527,98.9151,116.9964
2023-24,LAC,2024-03-15,LAC @ NOP,NOP,False,L,104,112,-8,37,77,0.481,12,33,0.364,18,19,5,32,37,18,6,8,15,0.5584,108.8094,117.1793
2023-24,LAC,2024-03-14,LAC @ CHI,CHI,False,W,126,111,15,48,80,0.6,20,40,0.5,10,14,6,29,35,32,9,2,10,0.725,136.0691,119.8704
2023-24,LAC,2024-03-12,LAC vs. MIN,MIN,True,L,100,118,-18,34,72,0.472,11,30,0.367,21,25,8,26,34,22,7,4,18,0.5486,108.0147,127.4573
2023-24,LAC,2024-03-10,LAC vs. MIL,MIL,True,L,117,124,-7,47,104,0.452,14,47,0.298,9,10,17,35,52,30,3,9,10,0.5192,116.8364,123.8266
2023-24,LAC,2024-03-09,LAC vs. CHI,CHI,True,W,112,102,10,42,84,0.5,12,35,0.343,16,18,9,36,45,29,7,6,16,0.5714,115.894,105.5464
2023-24,LAC,2024-03-06,LAC @ HOU,HOU,False,W,122,116,6,44,80,0.55,12,29,0.414,22,26,8,33,41,19,5,8,9,0.625,129.1552,122.8033
2023-24,LAC,2024-03-04,LAC @ MIL,MIL,False,L,106,113,-7,37,84,0.44,16,40,0.4,16,25,5,33,38,25,9,3,14,0.5357,106.3616,113.3855
2023-24,LAC,2024-03-03,LAC @ MIN,MIN,False,W,89,88,1,32,85,0.376,10,34,0.294,15,17,7,33,40,17,7,5,9,0.4353,96.0086,94.9299
2023-24,LAC,2024-03-01,LAC vs. WAS,WAS,True,W,140,115,25,54,94,0.574,13,32,0.406,19,25,9,40,49,32,5,7,9,0.6436,132.9535,109.2118
2023-24,LAC,2024-02-28,LAC vs. LAL,LAL,True,L,112,116,-4,45,89,0.506,10,37,0.27,12,16,9,27,36,29,10,1,14,0.5618,111.7541,115.7454
2023-24,LAC,2024-02-25,LAC vs. SAC,SAC,True,L,107,123,-16,40,82,0.488,8,27,0.296,19,20,10,29,39,23,7,2,16,0.5366,110.6057,127.1449
2023-24,LAC,2024-02-23,LAC @ MEM,MEM,False,W,101,95,6,37,84,0.44,12,32,0.375,15,17,14,37,51,20,7,2,21,0.5119,103.3142,97.1768
2023-24,LAC,2024-02-22,LAC @ OKC,OKC,False,L,107,129,-22,42,93,0.452,12,32,0.375,11,13,11,31,42,27,6,2,14,0.5161,103.7827,125.1212
2023-24,LAC,2024-02-14,LAC @ GSW,GSW,False,W,130,125,5,44,88,0.5,13,38,0.342,29,37,12,36,48,28,6,4,12,0.5739,123.1061,118.3712
2023-24,LAC,2024-02-12,LAC vs. MIN,MIN,True,L,100,121,-21,34,84,0.405,9,28,0.321,23,26,10,26,36,20,6,3,13,0.4583,101.626,122.9675
2023-24,LAC,2024-02-10,LAC vs. DET,DET,True,W,112,106,6,37,82,0.451,13,39,0.333,25,26,0,35,35,20,9,6,11,0.5305,106.911,101.1837
2023-24,LAC,2024-02-07,LAC vs. NOP,NOP,True,L,106,117,-11,36,78,0.462,12,32,0.375,22,26,8,29,37,23,7,2,19,0.5385,104.7017,115.567
2023-24,LAC,2024-02-05,LAC @ ATL,ATL,False,W,149,144,5,52,89,0.584,21,35,0.6,24,31,8,28,36,32,8,5,8,0.7022,143.6006,138.7818
2023-24,LAC,2024-02-04,LAC @ MIA,MIA,False,W,103,95,8,34,77,0.442,16,39,0.41,19,22,9,39,48,23,6,5,17,0.5455,109.0178,100.5504
2023-24,LAC,2024-02-02,LAC @ DET,DET,False,W,136,125,11,53,89,0.596,14,29,0.483,16,19,7,29,36,31,12,5,11,0.6742,132.7347,121.9988
2023-24,LAC,2024-01-31,LAC @ WAS,WAS,False,W,125,109,16,47,100,0.47,12,30,0.4,19,22,18,34,52,25,9,7,8,0.53,122.381,106.7163
2023-24,LAC,2024-01-29,LAC @ CLE,CLE,False,L,108,118,-10,38,80,0.475,11,34,0.324,21,28,6,31,37,28,8,3,13,0.5438,108.6738,118.7362
2023-24,LAC,2024-01-27,LAC @ BOS,BOS,False,W,115,96,19,45,102,0.441,10,40,0.25,15,18,15,43,58,28,8,8,8,0.4902,113.3228,94.5999
2023-24,LAC,2024-01-26,LAC @ TOR,TOR,False,W,127,107,20,48,95,0.505,9,32,0.281,22,24,12,38,50,29,6,7,11,0.5526,123.1575,103.7626
2023-24,LAC,2024-01-23,LAC vs. LAL,LAL,True,W,127,116,11,52,88,0.591,14,27,0.519,9,12,6,30,36,33,8,5,15,0.6705,123.3249,112.6432
2023-24,LAC,2024-01-21,LAC vs. BKN,BKN,True,W,125,114,11,42,83,0.506,13,26,0.5,28,33,8,37,45,26,6,5,11,0.5843,122.2135,111.4587
2023-24,LAC,2024-01-16,LAC vs. OKC,OKC,True,W,128,117,11,47,87,0.54,20,43,0.465,14,23,12,27,39,30,5,10,10,0.6552,134.7936,123.2098
2023-24,LAC,2024-01-14,LAC @ MIN,MIN,False,L,105,109,-4,36,83,0.434,17,39,0.436,16,18,7,27,34,28,9,4,11,0.5361,111.3704,115.6131
2023-24,LAC,2024-01-12,LAC @ MEM,MEM,False,W,128,119,9,49,89,0.551,15,31,0.484,15,20,11,32,43,22,9,7,12,0.6348,129.5022,120.3966
2023-24,LAC,2024-01-10,LAC vs. TOR,TOR,True,W,126,120,6,49,93,0.527,15,34,0.441,13,13,11,25,36,34,6,5,7,0.6075,129.4698,123.3046
2023-24,LAC,2024-01-08,LAC vs. PHX,PHX,True,W,138,111,27,53,85,0.624,15,29,0.517,17,23,11,33,44,32,11,3,14,0.7118,140.1869,112.759
2023-24,LAC,2024-01-07,LAC @ LAL,LAL,False,L,103,106,-3,36,91,0.396,14,37,0.378,17,19,13,27,40,21,12,5,16,0.4725,101.7787,104.7431
2023-24,LAC,2024-01-05,LAC @ NOP,NOP,False,W,111,95,16,40,82,0.488,15,36,0.417,16,20,10,40,50,28,6,7,15,0.5793,115.0736,98.4864
2023-24,LAC,2024-01-03,LAC @ PHX,PHX,False,W,131,122,9,42,76,0.553,18,34,0.529,29,32,10,26,36,25,9,5,14,0.6711,136.8003,127.4018
2023-24,LAC,2024-01-01,LAC vs. MIA,MIA,True,W,121,104,17,47,80,0.588,14,29,0.483,13,14,6,31,37,25,10,3,17,0.675,124.1535,106.7104
2023-24,LAC,2023-12-29,LAC vs. MEM,MEM,True,W,117,106,11,43,87,0.494,11,39,0.282,20,25,11,43,54,28,3,6,18,0.5575,111.5348,101.0486
2023-24,LAC,2023-12-26,LAC vs. CHA,CHA,True,W,113,104,9,40,85,0.471,14,34,0.412,19,25,11,34,45,24,7,3,13,0.5529,112.4154,103.462
2023-24,LAC,2023-12-23,LAC vs. BOS,BOS,True,L,108,145,-37,41,89,0.461,11,34,0.324,15,15,9,25,34,25,4,4,11,0.5225,108.5864,145.7873
2023-24,LAC,2023-12-21,LAC @ OKC,OKC,False,L,115,134,-19,44,93,0.473,17,43,0.395,10,12,12,28,40,23,9,5,16,0.5645,113.189,131.8898
2023-24,LAC,2023-12-20,LAC @ DAL,DAL,False,W,120,111,9,43,77,0.558,11,31,0.355,23,25,7,37,44,27,6,4,14,0.6299,124.4297,115.0975
2023-24,LAC,2023-12-18,LAC @ IND,IND,False,W,151,127,24,56,98,0.571,19,38,0.5,20,23,14,32,46,26,4,9,11,0.6684,144.2491,121.3221
2023-24,LAC,2023-12-16,LAC vs. NYK,NYK,True,W,144,122,22,50,88,0.568,16,33,0.485,28,34,8,34,42,36,8,6,9,0.6591,138.8621,117.6471
2023-24,LAC,2023-12-14,LAC vs. GSW,GSW,True,W,121,113,8,41,81,0.506,13,32,0.406,26,30,10,30,40,27,6,9,14,0.5864,123.7472,115.5656
2023-24,LAC,2023-12-12,LAC vs. SAC,SAC,True,W,119,99,20,44,84,0.524,11,29,0.379,20,21,6,43,49,21,7,2,17,0.5893,114.5332,95.2839
2023-24,LAC,2023-12-11,LAC vs. POR,POR,True,W,132,127,5,49,89,0.551,13,34,0.382,21,22,9,26,35,33,7,9,9,0.6236,131.2649,126.2928
2023-24,LAC,2023-12-08,LAC @ UTA,UTA,False,W,117,103,14,43,88,0.489,15,34,0.441,16,21,11,29,40,23,8,9,14,0.5739,115.3846,101.5779
2023-24,LAC,2023-12-06,LAC vs. DEN,DEN,True,W,111,102,9,40,87,0.46,12,27,0.444,19,25,13,38,51,21,7,9,11,0.5287,113.8695,104.6368
2023-24,LAC,2023-12-02,LAC vs. GSW,GSW,True,W,113,112,1,44,90,0.489,13,39,0.333,12,14,5,35,40,31,5,6,11,0.5611,108.8003,107.8375
2023-24,LAC,2023-11-30,LAC @ GSW,GSW,False,L,114,120,-6,42,95,0.442,12,32,0.375,18,24,15,28,43,26,5,1,6,0.5053,119.2469,125.523
2023-24,LAC,2023-11-29,LAC @ SAC,SAC,False,W,131,117,14,50,93,0.538,14,28,0.5,17,22,8,29,37,28,8,5,7,0.6129,130.3483,116.4179
2023-24,LAC,2023-11-27,LAC vs. DEN,DEN,True,L,104,113,-9,35,85,0.412,6,20,0.3,28,34,16,33,49,18,6,9,13,0.4471,107.062,116.327
2023-24,LAC,2023-11-25,LAC vs. DAL,DAL,True,W,107,88,19,38,88,0.432,8,29,0.276,23,31,17,40,57,25,2,6,13,0.4773,110.4231,90.8153
2023-24,LAC,2023-11-24,LAC vs. NOP,NOP,True,L,106,116,-10,42,92,0.457,11,37,0.297,11,17,8,31,39,27,11,8,11,0.5163,103.2333,112.9723
2023-24,LAC,2023-11-22,LAC @ SAS,SAS,False,W,109,102,7,39,85,0.459,9,28,0.321,22,29,11,39,50,29,10,3,16,0.5118,104.8682,98.1335
2023-24,LAC,2023-11-20,LAC @ SAS,SAS,False,W,124,99,25,45,95,0.474,12,36,0.333,22,25,10,41,51,30,15,3,7,0.5368,122.6751,97.9422
2023-24,LAC,2023-11-17,LAC vs. HOU,HOU,True,W,106,100,6,36,83,0.434,13,34,0.382,21,30,8,39,47,22,10,7,14,0.512,103.9216,98.0392
2023-24,LAC,2023-11-14,LAC @ DEN,DEN,False,L,108,111,-3,37,86,0.43,13,29,0.448,21,24,14,28,42,21,10,1,11,0.5058,114.5038,117.6845
2023-24,LAC,2023-11-12,LAC vs. MEM,MEM,True,L,101,105,-4,37,85,0.435,12,34,0.353,15,23,8,33,41,26,9,3,16,0.5059,97.7356,101.6063
2023-24,LAC,2023-11-10,LAC @ DAL,DAL,False,L,126,144,-18,43,88,0.489,8,27,0.296,32,36,19,28,47,21,7,2,14,0.5341,124.5798,142.3769
2023-24,LAC,2023-11-08,LAC @ BKN,BKN,False,L,93,100,-7,36,91,0.396,8,36,0.222,13,13,11,40,51,22,10,8,16,0.4396,93.2611,100.2808
2023-24,LAC,2023-11-06,LAC @ NYK,NYK,False,L,97,111,-14,36,73,0.493,11,32,0.344,14,16,7,24,31,21,8,3,22,0.5685,100.539,115.0498
2023-24,LAC,2023-11-01,LAC @ LAL,LAL,False,L,125,130,-5,47,99,0.475,14,34,0.412,17,27,12,34,46,22,12,1,13,0.5455,112.2486,116.7385
2023-24,LAC,2023-10-31,LAC vs. ORL,ORL,True,W,118,102,16,44,89,0.494,14,31,0.452,16,23,9,35,44,29,10,4,16,0.573,112.0395,96.8477
2023-24,LAC,2023-10-29,LAC vs. SAS,SAS,True,W,123,83,40,47,91,0.516,16,42,0.381,13,21,9,39,48,23,15,5,16,0.6044,115.3413,77.832
2023-24,LAC,2023-10-27,LAC @ UTA,UTA,False,L,118,120,-2,41,77,0.532,14,35,0.4,22,28,6,30,36,17,8,6,16,0.6234,116.8317,118.8119
2023-24,LAC,2023-10-25,LAC vs. POR,POR,True,W,123,111,12,47,90,0.522,16,34,0.471,13,16,14,31,45,36,11,7,18,0.6111,120.2816,108.5468
2023-24,LAL,2024-04-14,LAL @ NOP,NOP,False,W,124,108,16,48,87,0.552,11,29,0.379,17,18,7,32,39,32,12,3,15,0.6149,121.521,105.8408
2023-24,LAL,2024-04-12,LAL @ MEM,MEM,False,W,123,120,3,42,81,0.519,13,37,0.351,26,34,10,29,39,25,5,6,19,0.5988,118.1556,115.2738
2023-24,LAL,2024-04-09,LAL vs. GSW,GSW,True,L,120,134,-14,44,96,0.458,12,35,0.343,20,24,10,30,40,31,8,3,8,0.5208,117.1875,130.8594
2023-24,LAL,2024-04-07,LAL vs. MIN,MIN,True,L,117,127,-10,39,84,0.464,11,31,0.355,28,32,10,31,41,27,10,2,15,0.5298,111.8333,121.3917
2023-24,LAL,2024-04-06,LAL vs. CLE,CLE,True,W,116,97,19,45,80,0.563,16,37,0.432,10,16,6,34,40,30,11,11,20,0.6625,113.5474,94.9491
2023-24,LAL,2024-04-03,LAL @ WAS,WAS,False,W,125,120,5,46,91,0.505,8,28,0.286,25,29,11,38,49,21,10,4,17,0.5495,114.4269,109.8499
2023-24,LAL,2024-04-02,LAL @ TOR,TOR,False,W,128,111,17,52,101,0.515,18,41,0.439,6,12,13,34,47,38,6,8,15,0.604,117.1517,101.5925
2023-24,LAL,2024-03-31,LAL @ BKN,BKN,False,W,116,104,12,42,77,0.545,15,40,0.375,17,22,6,44,50,24,8,6,20,0.6429,113.1487,101.4436
2023-24,LAL,2024-03-29,LAL @ IND,IND,False,L,90,109,-19,35,86,0.407,5,30,0.167,15,18,10,38,48,24,3,3,16,0.436,90.4159,109.5037
2023-24,LAL,2024-03-27,LAL @ MEM,MEM,False,W,136,124,12,45,81,0.556,18,33,0.545,28,35,4,39,43,31,5,4,16,0.6667,126.653,115.4777
2023-24,LAL,2024-03-26,LAL @ MIL,MIL,False,W,128,124,4,42,108,0.389,14,44,0.318,30,32,15,54,69,30,4,8,17,0.4537,102.5805,99.3749
2023-24,LAL,2024-03-24,LAL vs. IND,IND,True,W,150,145,5,50,89,0.562,12,25,0.48,38,43,8,33,41,28,6,7,10,0.6292,133.357,128.9118
2023-24,LAL,2024-03-22,LAL vs. PHI,PHI,True,W,101,94,7,32,73,0.438,12,31,0.387,25,33,11,43,54,22,1,7,21,0.5205,100.9596,93.9624
2023-24,LAL,2024-03-18,LAL vs. ATL,ATL,True,W,136,105,31,52,90,0.578,15,36,0.417,17,20,4,44,48,39,6,4,9,0.6611,132.4245,102.2395
2023-24,LAL,2024-03-16,LAL vs. GSW,GSW,True,L,121,128,-7,47,92,0.511,12,34,0.353,15,18,8,31,39,32,3,4,10,0.5761,121.9021,128.9543
2023-24,LAL,2024-03-13,LAL @ SAC,SAC,False,L,107,120,-13,38,78,0.487,14,32,0.438,17,22,7,31,38,25,8,2,14,0.5769,110.9038,124.3781
2023-24,LAL,2024-03-10,LAL vs. MIN,MIN,True,W,120,109,11,44,83,0.53,10,24,0.417,22,29,14,42,56,29,9,4,21,0.5904,116.234,105.5792
2023-24,LAL,2024-03-08,LAL vs. MIL,MIL,True,W,123,122,1,47,90,0.522,16,34,0.471,13,19,4,34,38,27,2,7,5,0.6111,121.8787,120.8878
2023-24,LAL,2024-03-06,LAL vs. SAC,SAC,True,L,120,130,-10,42,81,0.519,15,32,0.469,21,25,3,31,34,25,4,5,14,0.6111,114.1335,123.6447
2023-24,LAL,2024-03-04,LAL vs. OKC,OKC,True,W,116,104,12,41,80,0.513,16,34,0.471,18,25,12,43,55,29,8,7,21,0.6125,117.1481,105.0293
2023-24,LAL,2024-03-02,LAL vs. DEN,DEN,True,L,114,124,-10,47,89,0.528,12,29,0.414,8,11,6,25,31,33,5,4,7,0.5955,120.686,131.2725
2023-24,LAL,2024-02-29,LAL vs. WAS,WAS,True,W,134,131,3,53,101,0.525,8,23,0.348,20,24,7,38,45,30,6,6,11,0.5644,117.6264,114.993
2023-24,LAL,2024-02-28,LAL @ LAC,LAC,False,W,116,112,4,47,86,0.547,14,36,0.389,8,10,8,31,39,28,6,5,17,0.6279,115.7454,111.7541
2023-24,LAL,2024-02-25,LAL @ PHX,PHX,False,L,113,123,-10,47,90,0.522,15,35,0.429,4,8,3,31,34,28,7,4,12,0.6056,110.3085,120.0703
2023-24,LAL,2024-02-23,LAL vs. SAS,SAS,True,W,123,118,5,49,95,0.516,11,27,0.407,14,18,10,36,46,28,7,4,13,0.5737,117.1205,112.3596
2023-24,LAL,2024-02-22,LAL @ GSW,GSW,False,L,110,128,-18,43,88,0.489,10,35,0.286,14,21,10,31,41,28,5,9,11,0.5455,107.1081,124.6349
2023-24,LAL,2024-02-14,LAL @ UTA,UTA,False,W,138,122,16,52,91,0.571,14,31,0.452,20,24,5,32,37,34,8,4,10,0.6484,130.6323,115.4866
2023-24,LAL,2024-02-13,LAL vs. DET,DET,True,W,125,111,14,43,84,0.512,14,35,0.4,25,30,7,40,47,32,6,11,16,0.5952,116.4524,103.4097
2023-24,LAL,2024-02-09,LAL vs. NOP,NOP,True,W,139,122,17,49,88,0.557,14,31,0.452,27,32,5,27,32,32,5,5,8,0.6364,134.1699,117.7606
2023-24,LAL,2024-02-08,LAL vs. DEN,DEN,True,L,106,114,-8,41,89,0.461,8,25,0.32,16,22,10,29,39,27,12,10,7,0.5056,108.2959,116.4691
2023-24,LAL,2024-02-05,LAL @ CHA,CHA,False,W,124,118,6,50,89,0.562,8,34,0.235,16,19,7,41,48,36,5,6,17,0.6067,116.1484,110.5283
2023-24,LAL,2024-02-03,LAL @ NYK,NYK,False,W,113,105,8,39,80,0.488,12,31,0.387,23,27,3,35,38,28,4,11,5,0.5625,119.2738,110.8296
2023-24,LAL,2024-02-01,LAL @ BOS,BOS,False,W,114,105,9,38,94,0.404,19,36,0.528,19,26,15,37,52,30,11,2,7,0.5053,114.8499,105.7828
2023-24,LAL,2024-01-30,LAL @ ATL,ATL,False,L,122,138,-16,48,90,0.533,12,33,0.364,14,25,7,30,37,28,12,3,14,0.6,112.4839,127.2358
2023-24,LAL,2024-01-29,LAL @ HOU,HOU,False,L,119,135,-16,45,91,0.495,13,35,0.371,16,26,4,31,35,26,10,6,12,0.5659,107.9659,122.4823
2023-24,LAL,2024-01-27,LAL @ GSW,GSW,False,W,145,144,1,49,101,0.485,9,27,0.333,38,43,7,48,55,33,9,5,20,0.5297,109.4505,108.6957
2023-24,LAL,2024-01-25,LAL vs. CHI,CHI,True,W,141,132,9,53,87,0.609,20,31,0.645,15,20,5,25,30,35,10,4,14,0.7241,133.9286,125.3799
2023-24,LAL,2024-01-23,LAL @ LAC,LAC,False,L,116,127,-11,45,92,0.489,11,32,0.344,15,22,13,28,41,27,9,8,15,0.5489,112.6432,123.3249
2023-24,LAL,2024-01-21,LAL vs. POR,POR,True,W,134,110,24,47,86,0.547,13,33,0.394,27,29,10,35,45,28,9,6,14,0.6221,130.3756,107.0247
2023-24,LAL,2024-01-19,LAL vs. BKN,BKN,True,L,112,130,-18,40,90,0.444,12,33,0.364,20,24,10,34,44,31,7,3,14,0.5111,107.3208,124.5688
2023-24,LAL,2024-01-17,LAL vs. DAL,DAL,True,W,127,110,17,49,91,0.538,12,28,0.429,17,24,9,36,45,33,8,1,11,0.6044,123.0143,106.5478
2023-24,LAL,2024-01-15,LAL vs. OKC,OKC,True,W,112,105,7,44,84,0.524,8,24,0.333,16,18,8,36,44,30,7,9,17,0.5714,112.1346,105.1262
2023-24,LAL,2024-01-13,LAL @ UTA,UTA,False,L,125,132,-7,46,92,0.5,13,29,0.448,20,24,7,33,40,30,6,8,12,0.5707,116.4307,122.9508
2023-24,LAL,2024-01-11,LAL vs. PHX,PHX,True,L,109,127,-18,40,80,0.5,13,34,0.382,16,25,7,30,37,33,8,4,18,0.5812,106.2793,123.83
2023-24,LAL,2024-01-09,LAL vs. TOR,TOR,True,W,132,131,1,44,81,0.543,16,36,0.444,28,36,5,34,39,34,6,4,15,0.642,123.6187,122.6822
2023-24,LAL,2024-01-07,LAL vs. LAC,LAC,True,W,106,103,3,42,82,0.512,11,29,0.379,11,16,8,32,40,23,9,6,19,0.5793,104.7431,101.7787
2023-24,LAL,2024-01-05,LAL vs. MEM,MEM,True,L,113,127,-14,42,85,0.494,10,28,0.357,19,27,8,27,35,26,13,3,14,0.5529,109.3478,122.8953
2023-24,LAL,2024-01-03,LAL vs. MIA,MIA,True,L,96,110,-14,35,83,0.422,4,30,0.133,22,24,9,41,50,29,3,6,22,0.4458,91.4112,104.742
2023-24,LAL,2023-12-31,LAL @ NOP,NOP,False,L,109,129,-20,39,82,0.476,10,32,0.313,21,25,4,31,35,26,8,10,13,0.5366,107.9849,127.7987
2023-24,LAL,2023-12-30,LAL @ MIN,MIN,False,L,106,108,-2,37,88,0.42,7,24,0.292,25,32,8,31,39,23,12,4,10,0.4602,104.619,106.593
2023-24,LAL,2023-12-28,LAL vs. CHA,CHA,True,W,133,112,21,52,97,0.536,15,30,0.5,14,14,5,37,42,41,11,7,11,0.6134,122.3101,102.998
2023-24,LAL,2023-12-25,LAL vs. BOS,BOS,True,L,115,126,-11,43,90,0.478,13,32,0.406,16,21,13,30,43,24,4,1,12,0.55,115.834,126.9138
2023-24,LAL,2023-12-23,LAL @ OKC,OKC,False,W,129,120,9,47,90,0.522,16,32,0.5,19,23,8,36,44,37,7,7,9,0.6111,127.42,118.5302
2023-24,LAL,2023-12-21,LAL @ MIN,MIN,False,L,111,118,-7,41,83,0.494,10,24,0.417,19,24,7,31,38,21,6,6,18,0.5542,106.957,113.7021
2023-24,LAL,2023-12-20,LAL @ CHI,CHI,False,L,108,124,-16,42,94,0.447,12,37,0.324,12,15,8,32,40,27,7,7,14,0.5106,103.6269,118.9791
2023-24,LAL,2023-12-18,LAL vs. NYK,NYK,True,L,109,114,-5,42,99,0.424,13,41,0.317,12,13,9,32,41,29,9,3,10,0.4899,104.3861,109.1745
2023-24,LAL,2023-12-15,LAL @ SAS,SAS,False,L,115,129,-14,43,89,0.483,11,36,0.306,18,28,9,34,43,32,5,5,6,0.5449,114.042,127.9254
2023-24,LAL,2023-12-13,LAL @ SAS,SAS,False,W,122,119,3,49,91,0.538,14,35,0.4,10,17,5,41,46,31,14,4,16,0.6154,110.7078,107.9855
2023-24,LAL,2023-12-12,LAL @ DAL,DAL,False,L,125,127,-2,49,91,0.538,15,29,0.517,12,18,10,30,40,34,4,4,15,0.6209,124.9001,126.8985
2023-24,LAL,2023-12-07,LAL vs. NOP,NOP,True,W,133,89,44,47,86,0.547,17,35,0.486,22,29,11,48,59,31,6,4,15,0.6453,128.7761,86.1735
2023-24,LAL,2023-12-05,LAL vs. PHX,PHX,True,W,106,103,3,38,102,0.373,9,30,0.3,21,25,21,24,45,24,11,2,10,0.4167,105.873,102.8765
2023-24,LAL,2023-12-02,LAL vs. HOU,HOU,True,W,107,97,10,40,89,0.449,8,27,0.296,19,27,9,39,48,24,11,7,12,0.4944,103.4816,93.8104
2023-24,LAL,2023-11-30,LAL @ OKC,OKC,False,L,110,133,-23,36,81,0.444,11,33,0.333,27,32,7,34,41,24,6,2,14,0.5123,106.4036,128.6516
2023-24,LAL,2023-11-29,LAL @ DET,DET,False,W,133,107,26,45,88,0.511,12,34,0.353,31,38,8,41,49,28,7,10,12,0.5795,123.2166,99.1291
2023-24,LAL,2023-11-27,LAL @ PHI,PHI,False,L,94,138,-44,39,83,0.47,7,28,0.25,9,13,6,26,32,23,3,4,17,0.512,95.8401,140.7015
2023-24,LAL,2023-11-25,LAL @ CLE,CLE,False,W,121,115,6,47,90,0.522,9,27,0.333,18,21,9,35,44,34,9,8,18,0.5722,111.8506,106.3043
2023-24,LAL,2023-11-22,LAL vs. DAL,DAL,True,L,101,104,-3,39,84,0.464,11,29,0.379,12,19,9,42,51,26,1,2,13,0.5298,104.9896,108.1081
2023-24,LAL,2023-11-21,LAL vs. UTA,UTA,True,W,131,99,32,49,86,0.57,11,29,0.379,22,27,9,43,52,35,6,5,15,0.6337,124.8095,94.3216
2023-24,LAL,2023-11-19,LAL vs. HOU,HOU,True,W,105,104,1,39,83,0.47,6,29,0.207,21,29,10,32,42,26,13,1,18,0.506,102.8605,101.8809
2023-24,LAL,2023-11-17,LAL @ POR,POR,False,W,107,95,12,40,81,0.494,12,29,0.414,15,22,11,33,44,27,11,6,18,0.5679,109.9692,97.6362
2023-24,LAL,2023-11-15,LAL vs. SAC,SAC,True,L,110,125,-15,42,83,0.506,11,29,0.379,15,19,7,36,43,25,12,6,23,0.5723,101.9274,115.8265
2023-24,LAL,2023-11-14,LAL vs. MEM,MEM,True,W,134,107,27,47,81,0.58,22,35,0.629,18,24,10,44,54,30,4,10,19,0.716,128.9453,102.9638
2023-24,LAL,2023-11-12,LAL vs. POR,POR,True,W,116,110,6,41,84,0.488,4,19,0.211,30,37,7,34,41,27,8,4,9,0.5119,111.9475,106.1571
2023-24,LAL,2023-11-10,LAL @ PHX,PHX,False,W,122,119,3,42,84,0.5,12,27,0.444,26,34,9,34,43,27,9,7,11,0.5714,120.2919,117.3339
2023-24,LAL,2023-11-08,LAL @ HOU,HOU,False,L,94,128,-34,36,85,0.424,7,25,0.28,15,24,5,29,34,20,7,6,9,0.4647,94.0376,128.0512
2023-24,LAL,2023-11-06,LAL @ MIA,MIA,False,L,107,108,-1,44,81,0.543,8,26,0.308,11,14,5,33,38,28,6,5,17,0.5926,106.3618,107.3559
2023-24,LAL,2023-11-04,LAL @ ORL,ORL,False,L,101,120,-19,37,84,0.44,8,30,0.267,19,21,10,30,40,17,6,10,17,0.4881,97.7735,116.1665
2023-24,LAL,2023-11-01,LAL vs. LAC,LAC,True,W,130,125,5,46,90,0.511,11,32,0.344,27,36,9,42,51,28,10,9,14,0.5722,116.7385,112.2486
2023-24,LAL,2023-10-30,LAL vs. ORL,ORL,True,W,106,103,3,42,79,0.532,8,27,0.296,14,18,3,37,40,28,7,10,16,0.5823,105.0337,102.061
2023-24,LAL,2023-10-29,LAL @ SAC,SAC,False,L,127,132,-5,43,98,0.439,15,45,0.333,26,34,8,45,53,27,4,4,12,0.5153,107.8465,112.0924
2023-24,LAL,2023-10-26,LAL vs. PHX,PHX,True,W,100,95,5,36,84,0.429,5,29,0.172,23,29,8,34,42,24,14,7,16,0.4583,95.2925,90.5279
2023-24,LAL,2023-10-24,LAL @ DEN,DEN,False,L,107,119,-12,41,90,0.456,10,29,0.345,15,20,13,31,44,23,5,4,12,0.5111,108.5853,120.7631
2023-24,MEM,2024-04-14,MEM vs. DEN,DEN,True,L,111,126,-15,45,100,0.45,8,33,0.242,13,18,16,27,43,22,9,2,13,0.49,107.0602,121.5278
2023-24,MEM,2024-04-12,MEM vs. LAL,LAL,True,L,120,123,-3,43,95,0.453,17,39,0.436,17,21,16,26,42,19,14,2,15,0.5421,115.2738,118.1556
2023-24,MEM,2024-04-10,MEM @ CLE,CLE,False,L,98,110,-12,33,84,0.393,14,32,0.438,18,19,10,34,44,21,10,10,16,0.4762,99.4318,111.6071
2023-24,MEM,2024-04-09,MEM vs. SAS,SAS,True,L,87,102,-15,36,104,0.346,6,30,0.2,9,11,17,32,49,21,10,5,8,0.375,88.1638,103.3644
2023-24,MEM,2024-04-06,MEM vs. PHI,PHI,True,L,96,116,-20,36,87,0.414,9,26,0.346,15,21,15,29,44,21,9,2,19,0.4655,96.3082,116.3724
2023-24,MEM,2024-04-05,MEM vs. DET,DET,True,W,108,90,18,42,90,0.467,10,31,0.323,14,16,15,34,49,24,13,7,21,0.5222,107.677,89.7308
2023-24,MEM,2024-04-03,MEM @ MIL,MIL,False,W,111,101,10,46,91,0.505,7,23,0.304,12,17,13,41,54,25,5,8,9,0.544,115.1691,104.7935
2023-24,MEM,2024-04-01,MEM @ DET,DET,False,W,110,108,2,40,91,0.44,11,33,0.333,19,23,15,29,44,28,11,9,13,0.5,114.1079,112.0332
2023-24,MEM,2024-03-30,MEM @ ORL,ORL,False,L,88,118,-30,31,86,0.36,12,36,0.333,14,17,13,32,45,25,11,7,19,0.4302,88.1764,118.2365
2023-24,MEM,2024-03-27,MEM vs. LAL,LAL,True,L,124,136,-12,46,97,0.474,17,43,0.395,15,19,13,26,39,30,10,3,14,0.5619,115.4777,126.653
2023-24,MEM,2024-03-25,MEM @ DEN,DEN,False,L,103,128,-25,37,94,0.394,11,44,0.25,18,27,17,23,40,25,9,9,17,0.4521,100.5859,125.0
2023-24,MEM,2024-03-22,MEM @ SAS,SAS,False,W,99,97,2,33,82,0.402,12,34,0.353,21,31,9,42,51,18,10,4,18,0.4756,93.9457,92.0478
2023-24,MEM,2024-03-20,MEM @ GSW,GSW,False,L,116,137,-21,42,96,0.438,18,49,0.367,14,18,16,29,45,29,4,3,12,0.5312,118.0301,139.3976
2023-24,MEM,2024-03-18,MEM @ SAC,SAC,False,L,111,121,-10,37,98,0.378,13,38,0.342,24,30,15,34,49,22,13,7,14,0.4439,99.874,108.8717
2023-24,MEM,2024-03-16,MEM vs. OKC,OKC,True,L,112,118,-6,37,81,0.457,18,44,0.409,20,26,7,29,36,34,7,4,14,0.5679,112.1795,118.1891
2023-24,MEM,2024-03-13,MEM vs. CHA,CHA,True,L,98,110,-12,36,85,0.424,16,40,0.4,10,11,16,30,46,24,12,5,24,0.5176,98.2161,110.2425
2023-24,MEM,2024-03-12,MEM vs. WAS,WAS,True,W,109,97,12,42,94,0.447,8,33,0.242,17,21,17,36,53,27,8,7,18,0.4894,107.7714,95.9067
2023-24,MEM,2024-03-10,MEM @ OKC,OKC,False,L,93,124,-31,32,78,0.41,11,33,0.333,18,27,8,31,39,21,8,4,16,0.4808,95.3455,127.1273
2023-24,MEM,2024-03-08,MEM vs. ATL,ATL,True,L,92,99,-7,30,74,0.405,10,26,0.385,22,30,10,28,38,21,10,11,13,0.473,99.5671,107.1429
2023-24,MEM,2024-03-06,MEM @ PHI,PHI,False,W,115,109,6,41,91,0.451,13,37,0.351,20,23,15,39,54,21,3,15,15,0.522,111.4557,105.6406
2023-24,MEM,2024-03-04,MEM @ BKN,BKN,False,W,106,102,4,38,82,0.463,12,37,0.324,18,22,15,35,50,26,6,3,19,0.5366,112.2406,108.0051
2023-24,MEM,2024-03-02,MEM vs. POR,POR,True,L,100,107,-7,30,83,0.361,15,40,0.375,25,33,9,36,45,21,15,9,24,0.4518,88.8573,95.0773
2023-24,MEM,2024-03-01,MEM vs. POR,POR,True,L,92,122,-30,35,79,0.443,9,24,0.375,13,22,8,22,30,15,6,8,23,0.5,91.67,121.5624
2023-24,MEM,2024-02-28,MEM @ MIN,MIN,False,L,101,110,-9,36,93,0.387,11,37,0.297,18,20,17,33,50,23,8,5,15,0.4462,102.2888,111.4037
2023-24,MEM,2024-02-26,MEM vs. BKN,BKN,True,L,86,111,-25,29,75,0.387,7,26,0.269,21,26,8,32,40,16,6,4,15,0.4333,91.6844,118.3369
2023-24,MEM,2024-02-23,MEM vs. LAC,LAC,True,L,95,101,-6,38,91,0.418,8,35,0.229,11,16,14,27,41,26,12,3,13,0.4615,97.1768,103.3142
2023-24,MEM,2024-02-15,MEM vs. MIL,MIL,True,W,113,110,3,44,83,0.53,13,26,0.5,12,19,7,33,40,30,9,3,16,0.6084,111.7926,108.8247
2023-24,MEM,2024-02-14,MEM vs. HOU,HOU,True,W,121,113,8,39,79,0.494,15,35,0.429,28,41,8,38,46,27,8,11,11,0.5886,120.1828,112.2368
2023-24,MEM,2024-02-12,MEM vs. NOP,NOP,True,L,87,96,-9,34,81,0.42,12,44,0.273,7,8,3,33,36,28,7,8,18,0.4938,89.1942,98.4212
2023-24,MEM,2024-02-10,MEM @ CHA,CHA,False,L,106,115,-9,43,92,0.467,16,44,0.364,4,8,9,23,32,33,12,5,12,0.5543,107.2874,116.3968
2023-24,MEM,2024-02-08,MEM vs. CHI,CHI,True,L,110,118,-8,42,91,0.462,18,46,0.391,8,13,9,25,34,26,8,4,10,0.5604,113.7539,122.0269
2023-24,MEM,2024-02-06,MEM @ NYK,NYK,False,L,113,123,-10,41,80,0.513,21,37,0.568,10,16,8,27,35,33,4,5,18,0.6438,116.591,126.9088
2023-24,MEM,2024-02-04,MEM @ BOS,BOS,False,L,91,131,-40,35,92,0.38,11,38,0.289,10,12,16,30,46,19,5,3,20,0.4402,90.0099,129.5747
2023-24,MEM,2024-02-02,MEM vs. GSW,GSW,True,L,101,121,-20,35,87,0.402,14,46,0.304,17,24,9,28,37,30,7,4,14,0.4828,99.3899,119.071
2023-24,MEM,2024-02-01,MEM vs. CLE,CLE,True,L,101,108,-7,37,90,0.411,12,38,0.316,15,17,7,36,43,25,9,12,13,0.4778,100.2979,107.2493
2023-24,MEM,2024-01-29,MEM vs. SAC,SAC,True,L,94,103,-9,30,80,0.375,13,36,0.361,21,28,9,28,37,22,11,1,14,0.4562,97.0473,106.339
2023-24,MEM,2024-01-28,MEM @ IND,IND,False,L,110,116,-6,38,82,0.463,11,30,0.367,23,31,13,32,45,20,5,7,13,0.5305,114.7746,121.0351
2023-24,MEM,2024-01-26,MEM vs. ORL,ORL,True,W,107,106,1,42,90,0.467,15,41,0.366,8,13,9,34,43,30,9,7,14,0.55,108.9169,107.899
2023-24,MEM,2024-01-24,MEM @ MIA,MIA,False,W,105,96,9,36,80,0.45,17,36,0.472,16,19,7,37,44,30,8,6,18,0.5562,105.8681,96.7937
2023-24,MEM,2024-01-22,MEM @ TOR,TOR,False,W,108,100,8,44,95,0.463,13,34,0.382,7,12,19,28,47,30,11,8,16,0.5316,112.8527,104.4932
2023-24,MEM,2024-01-20,MEM @ CHI,CHI,False,L,96,125,-29,32,75,0.427,13,42,0.31,19,23,3,29,32,28,6,4,16,0.5133,97.2842,126.6721
2023-24,MEM,2024-01-18,MEM @ MIN,MIN,False,L,103,118,-15,39,85,0.459,14,34,0.412,11,17,8,26,34,22,9,4,15,0.5412,103.1444,118.1654
2023-24,MEM,2024-01-15,MEM vs. GSW,GSW,True,W,116,107,9,32,86,0.372,20,54,0.37,32,40,11,31,42,24,13,10,13,0.4884,109.434,100.9434
2023-24,MEM,2024-01-13,MEM vs. NYK,NYK,True,L,94,106,-12,36,87,0.414,9,38,0.237,13,15,9,26,35,27,14,6,12,0.4655,95.9379,108.1853
2023-24,MEM,2024-01-12,MEM vs. LAC,LAC,True,L,119,128,-9,41,95,0.432,18,44,0.409,19,27,17,29,46,30,5,4,9,0.5263,120.3966,129.5022
2023-24,MEM,2024-01-09,MEM @ DAL,DAL,False,W,120,103,17,44,91,0.484,14,37,0.378,18,21,18,36,54,27,7,3,17,0.5604,121.1387,103.9774
2023-24,MEM,2024-01-07,MEM @ PHX,PHX,False,W,121,115,6,43,97,0.443,17,49,0.347,18,24,15,39,54,29,7,8,18,0.5309,110.8871,105.3886
2023-24,MEM,2024-01-05,MEM @ LAL,LAL,False,W,127,113,14,44,82,0.537,23,45,0.511,16,20,6,38,44,33,8,4,19,0.6768,122.8953,109.3478
2023-24,MEM,2024-01-03,MEM vs. TOR,TOR,True,L,111,116,-5,40,94,0.426,15,42,0.357,16,19,9,34,43,25,7,5,10,0.5053,108.166,113.0384
2023-24,MEM,2024-01-02,MEM vs. SAS,SAS,True,W,106,98,8,37,80,0.463,12,38,0.316,20,25,8,38,46,24,5,8,15,0.5375,104.3718,96.4947
2023-24,MEM,2023-12-31,MEM vs. SAC,SAC,True,L,92,123,-31,30,82,0.366,12,40,0.3,20,28,1,33,34,20,4,1,8,0.439,89.8438,120.1172
2023-24,MEM,2023-12-29,MEM @ LAC,LAC,False,L,106,117,-11,38,87,0.437,13,40,0.325,17,20,3,30,33,29,10,4,12,0.5115,101.0486,111.5348
2023-24,MEM,2023-12-28,MEM @ DEN,DEN,False,L,105,142,-37,37,89,0.416,13,35,0.371,18,25,11,25,36,23,8,5,11,0.4888,103.8781,140.4828
2023-24,MEM,2023-12-26,MEM @ NOP,NOP,False,W,116,115,1,39,90,0.433,11,46,0.239,27,32,8,42,50,24,10,17,18,0.4944,100.6071,99.7398
2023-24,MEM,2023-12-23,MEM @ ATL,ATL,False,W,125,119,6,50,97,0.515,11,33,0.333,14,22,15,36,51,29,6,7,12,0.5722,121.0771,115.2654
2023-24,MEM,2023-12-21,MEM vs. IND,IND,True,W,116,103,13,43,84,0.512,16,35,0.457,14,21,8,33,41,27,8,7,20,0.6071,113.1266,100.4486
2023-24,MEM,2023-12-19,MEM @ NOP,NOP,False,W,115,113,2,41,82,0.5,10,31,0.323,23,29,13,29,42,19,5,7,18,0.561,117.7555,115.7076
2023-24,MEM,2023-12-18,MEM @ OKC,OKC,False,L,97,116,-19,30,85,0.353,19,54,0.352,18,21,7,38,45,25,6,3,22,0.4647,90.9261,108.7364
2023-24,MEM,2023-12-15,MEM vs. HOU,HOU,True,L,96,103,-7,37,92,0.402,11,40,0.275,11,15,13,35,48,19,4,8,18,0.462,95.2003,102.142
2023-24,MEM,2023-12-13,MEM @ HOU,HOU,False,L,104,117,-13,35,82,0.427,10,38,0.263,24,34,5,34,39,25,7,4,11,0.4878,99.4074,111.8333
2023-24,MEM,2023-12-11,MEM vs. DAL,DAL,True,L,113,120,-7,41,89,0.461,18,44,0.409,13,16,10,28,38,26,9,5,18,0.5618,110.0292,116.8452
2023-24,MEM,2023-12-08,MEM vs. MIN,MIN,True,L,103,127,-24,37,86,0.43,15,35,0.429,14,19,8,20,28,24,7,4,10,0.5174,106.2951,131.063
2023-24,MEM,2023-12-06,MEM @ DET,DET,False,W,116,102,14,47,91,0.516,11,26,0.423,11,14,9,37,46,26,10,8,14,0.5769,112.5558,98.9715
2023-24,MEM,2023-12-02,MEM @ PHX,PHX,False,L,109,116,-7,39,86,0.453,9,31,0.29,22,24,8,32,40,14,9,8,17,0.5058,102.5979,109.1867
2023-24,MEM,2023-12-01,MEM @ DAL,DAL,False,W,108,94,14,44,90,0.489,11,34,0.324,9,11,13,39,52,27,8,12,15,0.55,109.6002,95.3927
2023-24,MEM,2023-11-29,MEM vs. UTA,UTA,True,W,105,91,14,43,87,0.494,13,39,0.333,6,8,12,39,51,26,9,10,17,0.569,106.7073,92.4797
2023-24,MEM,2023-11-26,MEM vs. MIN,MIN,True,L,97,119,-22,34,88,0.386,10,37,0.27,19,27,11,24,35,24,4,4,14,0.4432,95.098,116.6667
2023-24,MEM,2023-11-24,MEM vs. PHX,PHX,True,L,89,110,-21,37,80,0.463,9,33,0.273,6,10,6,29,35,22,6,2,15,0.5188,94.8221,117.1958
2023-24,MEM,2023-11-22,MEM @ HOU,HOU,False,L,91,111,-20,27,82,0.329,7,32,0.219,30,35,9,37,46,17,3,7,9,0.372,91.3655,111.4458
2023-24,MEM,2023-11-19,MEM vs. BOS,BOS,True,L,100,102,-2,37,95,0.389,17,44,0.386,9,10,14,28,42,28,7,5,11,0.4789,103.9501,106.0291
2023-24,MEM,2023-11-18,MEM @ SAS,SAS,False,W,120,108,12,40,86,0.465,11,33,0.333,29,36,12,33,45,23,7,3,14,0.5291,119.2369,107.3132
2023-24,MEM,2023-11-14,MEM @ LAL,LAL,False,L,107,134,-27,39,106,0.368,20,53,0.377,9,12,13,20,33,28,8,9,9,0.4623,102.9638,128.9453
2023-24,MEM,2023-11-12,MEM @ LAC,LAC,False,W,105,101,4,37,88,0.42,13,41,0.317,18,24,11,30,41,25,7,6,16,0.4943,101.6063,97.7356
2023-24,MEM,2023-11-10,MEM vs. UTA,UTA,True,L,121,127,-6,46,101,0.455,19,48,0.396,10,13,14,23,37,23,5,5,11,0.5495,117.773,123.613
2023-24,MEM,2023-11-08,MEM vs. MIA,MIA,True,L,102,108,-6,35,90,0.389,11,37,0.297,21,28,13,25,38,20,10,4,14,0.45,99.8043,105.6751
2023-24,MEM,2023-11-05,MEM @ POR,POR,False,W,112,100,12,45,89,0.506,13,32,0.406,9,13,10,39,49,27,6,7,17,0.5787,111.2656,99.3443
2023-24,MEM,2023-11-03,MEM @ POR,POR,False,L,113,115,-2,47,96,0.49,10,35,0.286,9,13,7,41,48,29,8,10,17,0.5417,101.5457,103.3429
2023-24,MEM,2023-11-01,MEM @ UTA,UTA,False,L,109,133,-24,35,96,0.365,14,54,0.259,25,32,14,28,42,25,12,7,16,0.4375,98.8035,120.5584
2023-24,MEM,2023-10-30,MEM vs. DAL,DAL,True,L,110,125,-15,42,92,0.457,14,37,0.378,12,20,10,34,44,22,9,4,12,0.5326,106.6098,121.1475
2023-24,MEM,2023-10-28,MEM @ WAS,WAS,False,L,106,113,-7,39,91,0.429,19,47,0.404,9,9,6,39,45,27,7,8,18,0.533,100.6457,107.2921
2023-24,MEM,2023-10-27,MEM vs. DEN,DEN,True,L,104,108,-4,37,85,0.435,10,33,0.303,20,24,13,35,48,22,13,7,21,0.4941,97.8916,101.6566
2023-24,MEM,2023-10-25,MEM vs. NOP,NOP,True,L,104,111,-7,38,91,0.418,12,43,0.279,16,20,8,29,37,23,8,7,13,0.4835,99.2935,105.9767
2023-24,MIA,2024-04-14,MIA vs. TOR,TOR,True,W,118,103,15,46,87,0.529,9,36,0.25,17,19,13,33,46,29,13,7,19,0.5805,114.2304,99.7096
2023-24,MIA,2024-04-12,MIA vs. TOR,TOR,True,W,125,103,22,45,86,0.523,17,41,0.415,18,23,6,31,37,37,7,2,7,0.6221,128.999,106.2951
2023-24,MIA,2024-04-10,MIA vs. DAL,DAL,True,L,92,111,-19,33,81,0.407,13,30,0.433,13,13,12,34,46,22,3,1,18,0.4877,99.7614,120.3643
2023-24,MIA,2024-04-09,MIA @ ATL,ATL,False,W,117,111,6,42,88,0.477,18,45,0.4,15,21,5,41,46,29,8,3,18,0.5795,102.4518,97.1979
2023-24,MIA,2024-04-07,MIA @ IND,IND,False,L,115,117,-2,39,84,0.464,8,27,0.296,29,32,8,31,39,21,3,2,7,0.5119,117.7555,119.8034
2023-24,MIA,2024-04-05,MIA @ HOU,HOU,False,W,119,104,15,44,89,0.494,13,36,0.361,18,21,8,40,48,27,8,4,9,0.5674,120.6652,105.4553
2023-24,MIA,2024-04-04,MIA vs. PHI,PHI,True,L,105,109,-4,39,94,0.415,13,43,0.302,14,16,16,35,51,24,8,4,17,0.484,104.0222,107.9849
2023-24,MIA,2024-04-02,MIA vs. NYK,NYK,True,W,109,99,10,36,74,0.486,17,38,0.447,20,21,7,32,39,24,5,4,18,0.6014,116.9026,106.1776
2023-24,MIA,2024-03-31,MIA @ WAS,WAS,False,W,119,107,12,40,81,0.494,14,36,0.389,25,29,6,36,42,22,11,8,14,0.5802,114.4231,102.8846
2023-24,MIA,2024-03-29,MIA vs. POR,POR,True,W,142,82,60,54,92,0.587,21,39,0.538,13,18,6,38,44,41,17,4,9,0.7011,136.0414,78.5591
2023-24,MIA,2024-03-26,MIA vs. GSW,GSW,True,L,92,113,-21,37,92,0.402,8,33,0.242,10,13,11,28,39,24,3,2,9,0.4457,96.781,118.8723
2023-24,MIA,2024-03-24,MIA vs. CLE,CLE,True,W,121,84,37,43,83,0.518,15,38,0.395,20,23,9,35,44,29,13,0,12,0.6084,127.4221,88.4583
2023-24,MIA,2024-03-22,MIA vs. NOP,NOP,True,L,88,111,-23,31,86,0.36,13,47,0.277,13,15,7,27,34,22,3,4,6,0.436,97.843,123.4156
2023-24,MIA,2024-03-20,MIA @ CLE,CLE,False,W,107,104,3,38,83,0.458,13,36,0.361,18,19,7,30,37,19,7,2,8,0.5361,116.9143,113.6364
2023-24,MIA,2024-03-18,MIA @ PHI,PHI,False,L,91,98,-7,35,89,0.393,12,33,0.364,9,14,11,38,49,23,8,3,15,0.4607,93.6021,100.8023
2023-24,MIA,2024-03-17,MIA @ DET,DET,False,W,104,101,3,40,89,0.449,12,35,0.343,12,16,11,36,47,24,7,2,10,0.5169,109.9366,106.7653
2023-24,MIA,2024-03-15,MIA @ DET,DET,False,W,108,95,13,43,91,0.473,7,34,0.206,15,21,9,35,44,23,14,6,8,0.511,108.6301,95.5542
2023-24,MIA,2024-03-13,MIA vs. DEN,DEN,True,L,88,100,-12,34,80,0.425,5,21,0.238,15,18,8,34,42,18,5,2,9,0.4562,97.9737,111.3338
2023-24,MIA,2024-03-10,MIA vs. WAS,WAS,True,L,108,110,-2,43,95,0.453,10,33,0.303,12,18,16,35,51,20,9,6,13,0.5053,108.2164,110.2204
2023-24,MIA,2024-03-08,MIA @ OKC,OKC,False,L,100,107,-7,38,82,0.463,11,29,0.379,13,18,7,36,43,24,6,5,11,0.5305,106.0221,113.4436
2023-24,MIA,2024-03-07,MIA @ DAL,DAL,False,L,108,114,-6,40,82,0.488,17,38,0.447,11,17,2,35,37,30,7,2,12,0.5915,109.8678,115.9715
2023-24,MIA,2024-03-05,MIA vs. DET,DET,True,W,118,110,8,42,85,0.494,14,31,0.452,20,23,8,34,42,27,7,5,9,0.5765,120.5312,112.3596
2023-24,MIA,2024-03-02,MIA vs. UTA,UTA,True,W,126,120,6,46,88,0.523,13,34,0.382,21,25,8,26,34,33,6,6,6,0.5966,129.603,123.4314
2023-24,MIA,2024-02-29,MIA @ DEN,DEN,False,L,97,103,-6,35,83,0.422,7,26,0.269,20,24,9,36,45,21,10,1,15,0.4639,97.5855,103.6217
2023-24,MIA,2024-02-27,MIA @ POR,POR,False,W,106,96,10,37,70,0.529,14,26,0.538,18,26,6,28,34,29,8,8,20,0.6286,109.9585,99.5851
2023-24,MIA,2024-02-26,MIA @ SAC,SAC,False,W,121,110,11,45,87,0.517,11,30,0.367,20,25,10,29,39,27,12,3,11,0.5805,125.207,113.8245
2023-24,MIA,2024-02-23,MIA @ NOP,NOP,False,W,106,95,11,38,82,0.463,13,29,0.448,17,25,10,36,46,20,6,11,15,0.5427,105.6198,94.6592
2023-24,MIA,2024-02-14,MIA @ PHI,PHI,False,W,109,104,5,42,88,0.477,11,35,0.314,14,15,10,33,43,27,10,1,13,0.5398,109.7463,104.712
2023-24,MIA,2024-02-13,MIA @ MIL,MIL,False,W,123,97,26,45,87,0.517,19,40,0.475,14,18,7,40,47,34,10,3,14,0.6264,121.3257,95.6796
2023-24,MIA,2024-02-11,MIA vs. BOS,BOS,True,L,106,110,-4,40,97,0.412,12,40,0.3,14,15,14,31,45,21,4,2,7,0.4742,111.532,115.7407
2023-24,MIA,2024-02-07,MIA vs. SAS,SAS,True,W,116,104,12,43,87,0.494,12,38,0.316,18,23,5,40,45,29,8,2,11,0.5632,110.687,99.2366
2023-24,MIA,2024-02-06,MIA vs. ORL,ORL,True,W,121,95,26,47,87,0.54,13,36,0.361,14,18,11,34,45,31,10,3,13,0.6149,123.3687,96.8597
2023-24,MIA,2024-02-04,MIA vs. LAC,LAC,True,L,95,103,-8,38,91,0.418,8,30,0.267,11,12,12,33,45,24,9,0,10,0.4615,100.5504,109.0178
2023-24,MIA,2024-02-02,MIA @ WAS,WAS,False,W,110,102,8,38,88,0.432,7,31,0.226,27,35,14,45,59,24,4,1,12,0.4716,108.0338,100.1768
2023-24,MIA,2024-01-31,MIA vs. SAC,SAC,True,W,115,106,9,42,84,0.5,13,28,0.464,18,23,7,42,49,38,3,2,10,0.5774,117.9245,108.6957
2023-24,MIA,2024-01-29,MIA vs. PHX,PHX,True,L,105,118,-13,33,84,0.393,14,36,0.389,25,25,8,36,44,20,5,5,13,0.4762,105.2737,118.3076
2023-24,MIA,2024-01-27,MIA @ NYK,NYK,False,L,109,125,-16,41,88,0.466,14,37,0.378,13,16,8,30,38,26,6,4,8,0.5455,115.0517,131.94
2023-24,MIA,2024-01-25,MIA vs. BOS,BOS,True,L,110,143,-33,42,94,0.447,16,42,0.381,10,13,11,20,31,25,7,1,5,0.5319,117.3208,152.5171
2023-24,MIA,2024-01-24,MIA vs. MEM,MEM,True,L,96,105,-9,33,82,0.402,11,34,0.324,19,25,11,33,44,21,9,9,17,0.4695,96.7937,105.8681
2023-24,MIA,2024-01-21,MIA @ ORL,ORL,False,L,87,105,-18,30,80,0.375,12,37,0.324,15,18,12,24,36,22,9,1,18,0.45,93.4278,112.7577
2023-24,MIA,2024-01-19,MIA vs. ATL,ATL,True,L,108,109,-1,38,82,0.463,12,31,0.387,20,22,13,31,44,21,7,2,18,0.5366,109.5557,110.5701
2023-24,MIA,2024-01-17,MIA @ TOR,TOR,False,L,97,121,-24,41,90,0.456,6,28,0.214,9,12,12,25,37,24,4,5,14,0.4889,100.9365,125.9105
2023-24,MIA,2024-01-15,MIA @ BKN,BKN,False,W,96,95,1,33,87,0.379,8,31,0.258,22,25,6,48,54,22,6,4,13,0.4253,91.4112,90.459
2023-24,MIA,2024-01-14,MIA vs. CHA,CHA,True,W,104,87,17,40,81,0.494,11,25,0.44,13,16,4,40,44,27,6,6,14,0.5617,105.2419,88.0389
2023-24,MIA,2024-01-12,MIA vs. ORL,ORL,True,W,99,96,3,37,83,0.446,8,26,0.308,17,20,12,29,41,23,6,1,17,0.494,103.8825,100.7345
2023-24,MIA,2024-01-10,MIA vs. OKC,OKC,True,L,120,128,-8,41,89,0.461,15,36,0.417,23,28,8,30,38,25,8,3,10,0.5449,116.8679,124.6591
2023-24,MIA,2024-01-08,MIA vs. HOU,HOU,True,W,120,113,7,41,82,0.5,15,36,0.417,23,32,10,35,45,30,6,5,11,0.5915,121.5805,114.4883
2023-24,MIA,2024-01-05,MIA @ PHX,PHX,False,L,97,113,-16,34,83,0.41,10,37,0.27,19,22,11,33,44,26,5,2,16,0.4699,99.9176,116.3988
2023-24,MIA,2024-01-03,MIA @ LAL,LAL,False,W,110,96,14,41,93,0.441,16,42,0.381,12,17,7,32,39,30,14,3,10,0.5269,104.742,91.4112
2023-24,MIA,2024-01-01,MIA @ LAC,LAC,False,L,104,121,-17,35,83,0.422,11,34,0.324,23,29,12,23,35,24,7,3,14,0.488,106.7104,124.1535
2023-24,MIA,2023-12-30,MIA @ UTA,UTA,False,L,109,117,-8,34,78,0.436,9,31,0.29,32,40,8,38,46,20,8,8,16,0.4936,103.8491,111.471
2023-24,MIA,2023-12-28,MIA @ GSW,GSW,False,W,114,102,12,44,91,0.484,10,31,0.323,16,22,10,34,44,26,6,1,10,0.5385,113.6137,101.6544
2023-24,MIA,2023-12-25,MIA vs. PHI,PHI,True,W,119,113,6,40,84,0.476,12,32,0.375,27,35,13,43,56,27,5,7,14,0.5476,114.2035,108.4453
2023-24,MIA,2023-12-22,MIA vs. ATL,ATL,True,W,122,113,9,40,86,0.465,17,39,0.436,25,30,12,36,48,21,7,2,17,0.564,117.105,108.4661
2023-24,MIA,2023-12-20,MIA @ ORL,ORL,False,W,115,106,9,40,83,0.482,15,29,0.517,20,24,10,29,39,25,6,2,11,0.5723,121.7447,112.2168
2023-24,MIA,2023-12-18,MIA vs. MIN,MIN,True,L,108,112,-4,41,87,0.471,11,30,0.367,15,18,9,31,40,27,10,4,15,0.5345,110.0469,114.1227
2023-24,MIA,2023-12-16,MIA vs. CHI,CHI,True,W,118,116,2,43,83,0.518,13,35,0.371,19,25,8,23,31,26,7,2,10,0.5964,124.3676,122.2597
2023-24,MIA,2023-12-14,MIA vs. CHI,CHI,True,L,116,124,-8,37,80,0.463,15,34,0.441,27,35,8,34,42,26,2,1,11,0.5562,116.8177,124.8741
2023-24,MIA,2023-12-13,MIA vs. CHA,CHA,True,W,115,104,11,41,86,0.477,15,30,0.5,18,19,17,30,47,29,10,3,23,0.564,115.4618,104.4177
2023-24,MIA,2023-12-11,MIA @ CHA,CHA,False,W,116,114,2,37,77,0.481,15,35,0.429,27,34,8,35,43,31,7,3,11,0.5779,119.81,117.7443
2023-24,MIA,2023-12-08,MIA vs. CLE,CLE,True,L,99,111,-12,37,86,0.43,15,42,0.357,10,15,7,30,37,23,5,5,18,0.5174,97.5177,109.3381
2023-24,MIA,2023-12-06,MIA @ TOR,TOR,False,W,112,103,9,41,89,0.461,14,38,0.368,16,19,8,36,44,33,5,4,7,0.5393,114.3791,105.1879
2023-24,MIA,2023-12-02,MIA vs. IND,IND,True,L,129,144,-15,48,89,0.539,12,25,0.48,21,24,6,22,28,27,3,1,12,0.6067,125.0242,139.5619
2023-24,MIA,2023-11-30,MIA vs. IND,IND,True,W,142,132,10,48,86,0.558,8,21,0.381,38,45,10,38,48,25,4,1,14,0.6047,127.9971,118.9832
2023-24,MIA,2023-11-28,MIA vs. MIL,MIL,True,L,124,131,-7,48,94,0.511,14,30,0.467,14,21,8,27,35,32,3,5,6,0.5851,122.6994,129.626
2023-24,MIA,2023-11-25,MIA @ BKN,BKN,False,L,97,112,-15,38,87,0.437,11,34,0.324,10,13,13,31,44,24,6,3,18,0.5,101.6558,117.3758
2023-24,MIA,2023-11-24,MIA @ NYK,NYK,False,L,98,100,-2,34,87,0.391,10,37,0.27,20,21,10,31,41,20,11,0,11,0.4483,98.4133,100.4218
2023-24,MIA,2023-11-22,MIA @ CLE,CLE,False,W,129,96,33,46,88,0.523,20,35,0.571,17,21,10,31,41,30,11,7,12,0.6364,132.716,98.7654
2023-24,MIA,2023-11-20,MIA @ CHI,CHI,False,W,118,100,18,42,84,0.5,17,35,0.486,17,20,9,34,43,31,7,1,10,0.6012,126.991,107.6195
2023-24,MIA,2023-11-18,MIA @ CHI,CHI,False,L,97,102,-5,33,77,0.429,12,36,0.333,19,23,5,29,34,23,9,0,15,0.5065,102.3855,107.6631
2023-24,MIA,2023-11-16,MIA vs. BKN,BKN,True,W,122,115,7,42,81,0.519,15,35,0.429,23,24,7,25,32,26,8,3,9,0.6111,124.8465,117.6832
2023-24,MIA,2023-11-14,MIA @ CHA,CHA,False,W,111,105,6,40,83,0.482,8,31,0.258,23,28,10,32,42,26,12,5,8,0.5301,117.4603,111.1111
2023-24,MIA,2023-11-12,MIA @ SAS,SAS,False,W,118,113,5,39,89,0.438,12,31,0.387,28,30,11,30,41,26,7,3,7,0.5056,117.7175,112.7294
2023-24,MIA,2023-11-11,MIA @ ATL,ATL,False,W,117,109,8,41,84,0.488,12,38,0.316,23,25,7,32,39,23,10,4,15,0.5595,114.1909,106.383
2023-24,MIA,2023-11-08,MIA @ MEM,MEM,False,W,108,102,6,35,77,0.455,11,28,0.393,27,32,9,35,44,22,9,8,19,0.526,105.6751,99.8043
2023-24,MIA,2023-11-06,MIA vs. LAL,LAL,True,W,108,107,1,41,88,0.466,12,37,0.324,14,16,11,33,44,30,11,4,18,0.5341,107.3559,106.3618
2023-24,MIA,2023-11-03,MIA vs. WAS,WAS,True,W,121,114,7,48,80,0.6,13,27,0.481,12,14,7,30,37,35,9,1,21,0.6812,118.2565,111.4152
2023-24,MIA,2023-11-01,MIA vs. BKN,BKN,True,L,105,109,-4,39,91,0.429,13,38,0.342,14,18,11,35,46,22,10,5,18,0.5,99.8289,103.6319
2023-24,MIA,2023-10-30,MIA @ MIL,MIL,False,L,114,122,-8,41,86,0.477,13,34,0.382,19,20,7,33,40,27,7,2,15,0.5523,109.0909,116.7464
2023-24,MIA,2023-10-28,MIA @ MIN,MIN,False,L,90,106,-16,35,87,0.402,12,38,0.316,8,14,9,33,42,24,6,1,15,0.4713,91.0563,107.244
2023-24,MIA,2023-10-27,MIA @ BOS,BOS,False,L,111,119,-8,38,89,0.427,16,33,0.485,19,23,11,34,45,24,8,6,12,0.5169,109.6405,117.5425
2023-24,MIA,2023-10-25,MIA vs. DET,DET,True,W,103,102,1,37,92,0.402,8,22,0.364,21,26,16,32,48,22,11,3,7,0.4457,106.7136,105.6776
2023-24,MIL,2024-04-14,MIL @ ORL,ORL,False,L,88,113,-25,30,75,0.4,7,27,0.259,21,23,7,27,34,16,10,4,17,0.4467,90.0348,115.6129
2023-24,MIL,2024-04-12,MIL @ OKC,OKC,False,L,107,125,-18,42,85,0.494,11,30,0.367,12,13,8,34,42,27,7,3,19,0.5588,106.1929,124.0572
2023-24,MIL,2024-04-10,MIL vs. ORL,ORL,True,W,117,99,18,43,84,0.512,15,40,0.375,16,20,10,33,43,27,9,4,15,0.6012,118.83,100.5484
2023-24,MIL,2024-04-09,MIL vs. BOS,BOS,True,W,104,91,13,43,81,0.531,17,36,0.472,1,2,10,39,49,29,6,5,18,0.6358,113.7358,99.5188
2023-24,MIL,2024-04-07,MIL vs. NYK,NYK,True,L,109,122,-13,35,75,0.467,12,34,0.353,27,32,9,29,38,27,3,7,14,0.5467,114.882,128.5835
2023-24,MIL,2024-04-05,MIL vs. TOR,TOR,True,L,111,117,-6,41,94,0.436,12,42,0.286,17,21,12,33,45,21,8,6,13,0.5,107.2049,112.9998
2023-24,MIL,2024-04-03,MIL vs. MEM,MEM,True,L,101,111,-10,38,95,0.4,18,44,0.409,7,12,13,31,44,26,5,10,11,0.4947,104.7935,115.1691
2023-24,MIL,2024-04-02,MIL @ WAS,WAS,False,L,113,117,-4,45,103,0.437,11,48,0.229,12,18,18,39,57,31,8,6,12,0.4903,106.9063,110.6906
2023-24,MIL,2024-03-30,MIL @ ATL,ATL,False,W,122,113,9,43,78,0.551,8,28,0.286,28,35,6,34,40,27,7,5,12,0.6026,121.2001,112.2591
2023-24,MIL,2024-03-28,MIL @ NOP,NOP,False,L,100,107,-7,38,82,0.463,14,39,0.359,10,19,5,41,46,21,1,4,14,0.5488,99.3443,106.2984
2023-24,MIL,2024-03-26,MIL vs. LAL,LAL,True,L,124,128,-4,49,119,0.412,15,51,0.294,11,17,15,46,61,37,9,5,14,0.4748,99.3749,102.5805
2023-24,MIL,2024-03-24,MIL vs. OKC,OKC,True,W,118,93,25,49,92,0.533,11,34,0.324,9,14,15,42,57,33,7,5,17,0.5924,117.5065,92.611
2023-24,MIL,2024-03-21,MIL vs. BKN,BKN,True,W,115,108,7,43,91,0.473,16,41,0.39,13,15,11,29,40,27,5,4,10,0.5604,118.1669,110.9741
2023-24,MIL,2024-03-20,MIL @ BOS,BOS,False,L,119,122,-3,45,84,0.536,17,35,0.486,12,14,9,32,41,20,3,6,15,0.6369,124.01,127.1363
2023-24,MIL,2024-03-17,MIL vs. PHX,PHX,True,W,140,129,11,51,94,0.543,24,41,0.585,14,14,10,25,35,35,11,2,11,0.6702,138.7787,127.8747
2023-24,MIL,2024-03-14,MIL vs. PHI,PHI,True,W,114,105,9,39,72,0.542,16,36,0.444,20,24,6,31,37,29,6,4,15,0.6528,124.1019,114.3044
2023-24,MIL,2024-03-12,MIL @ SAC,SAC,False,L,94,129,-35,30,82,0.366,7,39,0.179,27,35,10,34,44,23,3,2,13,0.4085,92.867,127.4452
2023-24,MIL,2024-03-10,MIL @ LAC,LAC,False,W,124,117,7,43,87,0.494,17,38,0.447,21,27,7,34,41,28,5,6,7,0.592,123.8266,116.8364
2023-24,MIL,2024-03-08,MIL @ LAL,LAL,False,L,122,123,-1,46,93,0.495,16,41,0.39,14,17,6,37,43,28,3,2,8,0.5806,120.8878,121.8787
2023-24,MIL,2024-03-06,MIL @ GSW,GSW,False,L,90,125,-35,34,89,0.382,11,39,0.282,11,15,6,30,36,19,8,5,15,0.4438,87.0912,120.9599
2023-24,MIL,2024-03-04,MIL vs. LAC,LAC,True,W,113,106,7,37,78,0.474,15,38,0.395,24,28,7,39,46,20,8,3,12,0.5705,113.3855,106.3616
2023-24,MIL,2024-03-01,MIL @ CHI,CHI,False,W,113,97,16,37,86,0.43,15,46,0.326,24,32,11,38,49,22,7,4,7,0.5174,116.4228,99.9382
2023-24,MIL,2024-02-29,MIL @ CHA,CHA,False,W,111,99,12,39,86,0.453,16,39,0.41,17,20,8,36,44,21,9,3,8,0.5465,117.0886,104.4304
2023-24,MIL,2024-02-27,MIL vs. CHA,CHA,True,W,123,85,38,46,89,0.517,16,40,0.4,15,18,11,40,51,29,7,3,10,0.6067,127.8586,88.3576
2023-24,MIL,2024-02-25,MIL @ PHI,PHI,False,W,119,98,21,43,79,0.544,18,37,0.486,15,18,7,40,47,32,6,10,19,0.6582,120.3479,99.11
2023-24,MIL,2024-02-23,MIL @ MIN,MIN,False,W,112,107,5,41,87,0.471,13,37,0.351,17,25,11,36,47,24,10,4,10,0.546,112.7214,107.6892
2023-24,MIL,2024-02-15,MIL @ MEM,MEM,False,L,110,113,-3,42,90,0.467,11,44,0.25,15,20,11,33,44,24,10,5,14,0.5278,108.8247,111.7926
2023-24,MIL,2024-02-13,MIL vs. MIA,MIA,True,L,97,123,-26,37,83,0.446,13,39,0.333,10,11,5,33,38,24,8,4,18,0.5241,95.6796,121.3257
2023-24,MIL,2024-02-12,MIL vs. DEN,DEN,True,W,112,95,17,42,84,0.5,16,34,0.471,12,18,9,42,51,30,8,6,13,0.5952,112.9032,95.7661
2023-24,MIL,2024-02-09,MIL vs. CHA,CHA,True,W,120,84,36,41,94,0.436,18,52,0.346,20,24,10,43,53,26,8,5,7,0.5319,119.8083,83.8658
2023-24,MIL,2024-02-08,MIL vs. MIN,MIN,True,L,105,129,-24,40,81,0.494,14,33,0.424,11,16,10,25,35,35,6,3,13,0.5802,115.9708,142.4785
2023-24,MIL,2024-02-06,MIL @ PHX,PHX,False,L,106,114,-8,39,90,0.433,13,40,0.325,15,25,10,34,44,23,10,4,13,0.5056,101.4937,109.1536
2023-24,MIL,2024-02-04,MIL @ UTA,UTA,False,L,108,123,-15,39,84,0.464,15,41,0.366,15,25,7,25,32,27,8,3,12,0.5536,106.1112,120.8489
2023-24,MIL,2024-02-03,MIL @ DAL,DAL,False,W,129,117,12,50,88,0.568,12,30,0.4,17,25,5,31,36,34,13,2,12,0.6364,122.787,111.3649
2023-24,MIL,2024-01-31,MIL @ POR,POR,False,L,116,119,-3,45,92,0.489,13,45,0.289,13,18,10,29,39,27,7,5,13,0.5598,115.4918,118.4787
2023-24,MIL,2024-01-29,MIL @ DEN,DEN,False,L,107,113,-6,36,84,0.429,16,40,0.4,19,25,7,33,40,24,3,7,13,0.5238,106.1719,112.1254
2023-24,MIL,2024-01-27,MIL vs. NOP,NOP,True,W,141,117,24,51,91,0.56,20,45,0.444,19,25,6,39,45,30,12,0,9,0.6703,133.1193,110.4607
2023-24,MIL,2024-01-26,MIL vs. CLE,CLE,True,L,100,112,-12,35,87,0.402,13,34,0.382,17,24,12,39,51,21,6,4,18,0.477,96.5251,108.1081
2023-24,MIL,2024-01-24,MIL vs. CLE,CLE,True,W,126,116,10,45,90,0.5,11,29,0.379,25,28,10,36,46,24,9,3,12,0.5611,120.6203,111.0473
2023-24,MIL,2024-01-22,MIL @ DET,DET,False,W,122,113,9,42,94,0.447,10,39,0.256,28,34,10,39,49,26,7,8,9,0.5,114.1681,105.7458
2023-24,MIL,2024-01-20,MIL @ DET,DET,False,W,141,135,6,47,85,0.553,12,32,0.375,35,49,8,41,49,30,6,6,10,0.6235,130.1699,124.6307
2023-24,MIL,2024-01-17,MIL @ CLE,CLE,False,L,95,135,-40,38,95,0.4,12,42,0.286,7,10,9,27,36,19,6,6,10,0.4632,94.1713,133.8224
2023-24,MIL,2024-01-14,MIL vs. SAC,SAC,True,W,143,142,1,48,92,0.522,20,43,0.465,27,32,4,36,40,31,5,3,14,0.6304,124.4127,123.5427
2023-24,MIL,2024-01-13,MIL vs. GSW,GSW,True,W,129,118,11,51,94,0.543,13,31,0.419,14,17,14,36,50,33,6,5,12,0.6117,129.2326,118.2128
2023-24,MIL,2024-01-11,MIL vs. BOS,BOS,True,W,135,102,33,52,92,0.565,18,42,0.429,13,16,12,42,54,34,3,6,11,0.663,133.5047,100.8703
2023-24,MIL,2024-01-08,MIL vs. UTA,UTA,True,L,116,132,-16,42,94,0.447,17,36,0.472,15,19,11,27,38,31,6,6,9,0.5372,115.3999,131.3172
2023-24,MIL,2024-01-06,MIL @ HOU,HOU,False,L,108,112,-4,35,76,0.461,9,34,0.265,29,42,4,37,41,20,7,4,11,0.5197,107.1641,111.1332
2023-24,MIL,2024-01-04,MIL @ SAS,SAS,False,W,125,121,4,49,92,0.533,12,34,0.353,15,19,8,34,42,27,5,5,14,0.5978,118.5733,114.779
2023-24,MIL,2024-01-03,MIL @ IND,IND,False,L,130,142,-12,46,92,0.5,14,37,0.378,24,32,10,32,42,30,6,4,13,0.5761,119.2442,130.2513
2023-24,MIL,2024-01-01,MIL vs. IND,IND,True,L,113,122,-9,41,93,0.441,10,40,0.25,21,26,8,38,46,27,4,8,11,0.4946,105.5286,113.9335
2023-24,MIL,2023-12-29,MIL @ CLE,CLE,False,W,119,111,8,41,80,0.513,12,29,0.414,25,28,7,36,43,26,5,6,17,0.5875,113.1824,105.5735
2023-24,MIL,2023-12-27,MIL @ BKN,BKN,False,W,144,122,22,52,89,0.584,23,51,0.451,17,23,8,33,41,41,6,8,10,0.7135,139.2111,117.9428
2023-24,MIL,2023-12-25,MIL @ NYK,NYK,False,L,122,129,-7,45,95,0.474,13,42,0.31,19,24,17,27,44,26,7,4,11,0.5421,117.3077,124.0385
2023-24,MIL,2023-12-23,MIL @ NYK,NYK,False,W,130,111,19,48,91,0.527,16,32,0.5,18,23,12,41,53,25,4,2,14,0.6154,126.6069,108.1028
2023-24,MIL,2023-12-21,MIL vs. ORL,ORL,True,W,118,114,4,38,90,0.422,11,37,0.297,31,35,10,41,51,26,3,6,13,0.4833,111.5734,107.7912
2023-24,MIL,2023-12-19,MIL vs. SAS,SAS,True,W,132,119,13,50,106,0.472,18,49,0.367,14,18,11,36,47,34,11,7,7,0.5566,118.3008,106.6499
2023-24,MIL,2023-12-17,MIL vs. HOU,HOU,True,W,128,119,9,45,90,0.5,13,36,0.361,25,32,16,30,46,25,4,1,17,0.5722,125.9099,117.0569
2023-24,MIL,2023-12-16,MIL vs. DET,DET,True,W,146,114,32,50,88,0.568,19,42,0.452,27,32,8,41,49,24,5,8,15,0.6761,136.1178,106.2838
2023-24,MIL,2023-12-13,MIL vs. IND,IND,True,W,140,126,14,48,89,0.539,7,27,0.259,37,48,12,31,43,27,8,8,16,0.5787,121.6334,109.47
2023-24,MIL,2023-12-11,MIL vs. CHI,CHI,True,W,133,129,4,44,86,0.512,15,37,0.405,30,37,6,42,48,34,5,4,11,0.5988,120.7554,117.1237
2023-24,MIL,2023-12-07,MIL vs. IND,IND,True,L,119,128,-9,43,96,0.448,12,33,0.364,21,28,12,34,46,19,3,9,12,0.5104,110.0222,118.3432
2023-24,MIL,2023-12-05,MIL vs. NYK,NYK,True,W,146,122,24,55,91,0.604,23,38,0.605,13,19,12,25,37,32,12,6,12,0.7308,141.8302,118.5156
2023-24,MIL,2023-12-02,MIL vs. ATL,ATL,True,W,132,121,11,53,89,0.596,14,33,0.424,12,15,8,36,44,33,5,6,16,0.6742,125.8101,115.326
2023-24,MIL,2023-11-30,MIL @ CHI,CHI,False,L,113,120,-7,44,98,0.449,16,48,0.333,9,13,9,34,43,28,12,6,21,0.5306,98.0903,104.1667
2023-24,MIL,2023-11-28,MIL @ MIA,MIA,False,W,131,124,7,47,88,0.534,13,35,0.371,24,27,8,37,45,26,3,4,9,0.608,129.626,122.6994
2023-24,MIL,2023-11-26,MIL vs. POR,POR,True,W,108,102,6,35,89,0.393,14,42,0.333,24,32,18,34,52,19,13,11,17,0.4719,102.4279,96.7375
2023-24,MIL,2023-11-24,MIL vs. WAS,WAS,True,W,131,128,3,48,92,0.522,9,31,0.29,26,33,10,40,50,28,6,6,9,0.5707,123.725,120.8916
2023-24,MIL,2023-11-22,MIL @ BOS,BOS,False,L,116,119,-3,45,101,0.446,13,34,0.382,13,17,13,34,47,23,9,2,9,0.5099,112.099,114.9981
2023-24,MIL,2023-11-20,MIL @ WAS,WAS,False,W,142,129,13,55,94,0.585,11,29,0.379,21,28,16,39,55,33,3,6,15,0.6436,136.4335,123.9431
2023-24,MIL,2023-11-18,MIL vs. DAL,DAL,True,W,132,125,7,49,94,0.521,17,45,0.378,17,20,5,36,41,29,8,3,7,0.6117,123.8274,117.2608
2023-24,MIL,2023-11-17,MIL @ CHA,CHA,False,W,130,99,31,49,89,0.551,22,45,0.489,10,13,4,45,49,32,4,7,13,0.6742,125.3616,95.4677
2023-24,MIL,2023-11-15,MIL @ TOR,TOR,False,W,128,112,16,44,85,0.518,20,39,0.513,20,21,9,32,41,25,8,9,13,0.6353,130.6923,114.3557
2023-24,MIL,2023-11-13,MIL vs. CHI,CHI,True,W,118,109,9,42,89,0.472,15,47,0.319,19,27,13,40,53,23,3,5,17,0.5562,115.6183,106.7999
2023-24,MIL,2023-11-11,MIL @ ORL,ORL,False,L,97,112,-15,38,77,0.494,9,29,0.31,12,25,5,31,36,25,9,6,19,0.5519,95.8498,110.6719
2023-24,MIL,2023-11-09,MIL @ IND,IND,False,L,124,126,-2,46,87,0.529,9,27,0.333,23,26,5,36,41,23,6,5,14,0.5805,116.8489,118.7335
2023-24,MIL,2023-11-08,MIL vs. DET,DET,True,W,120,118,2,41,90,0.456,11,37,0.297,27,32,5,31,36,19,8,7,10,0.5167,108.0497,106.2489
2023-24,MIL,2023-11-06,MIL @ BKN,BKN,False,W,129,125,4,46,96,0.479,16,48,0.333,21,24,12,36,48,26,6,2,10,0.5625,123.8717,120.0307
2023-24,MIL,2023-11-03,MIL vs. NYK,NYK,True,W,110,105,5,35,82,0.427,20,39,0.513,20,28,7,34,41,24,6,11,14,0.5488,108.2038,103.2855
2023-24,MIL,2023-11-01,MIL @ TOR,TOR,False,L,111,130,-19,35,76,0.461,13,34,0.382,28,38,7,22,29,19,9,2,12,0.5461,112.1892,131.3928
2023-24,MIL,2023-10-30,MIL vs. MIA,MIA,True,W,122,114,8,44,87,0.506,12,37,0.324,22,30,9,34,43,24,8,5,15,0.5747,116.7464,109.0909
2023-24,MIL,2023-10-29,MIL vs. ATL,ATL,True,L,110,127,-17,39,86,0.453,16,44,0.364,16,20,12,27,39,22,10,3,23,0.5465,103.5392,119.5407
2023-24,MIL,2023-10-26,MIL vs. PHI,PHI,True,W,118,117,1,41,81,0.506,11,30,0.367,25,36,8,35,43,20,9,4,14,0.5741,114.4742,113.5041
2023-24,MIN,2024-04-14,MIN vs. PHX,PHX,True,L,106,125,-19,36,70,0.514,9,26,0.346,25,31,12,24,36,22,7,5,24,0.5786,111.8379,131.8844
2023-24,MIN,2024-04-12,MIN vs. ATL,ATL,True,W,109,106,3,38,79,0.481,10,37,0.27,23,29,7,37,44,29,8,11,14,0.5443,105.9487,103.0327
2023-24,MIN,2024-04-10,MIN @ DEN,DEN,False,L,107,116,-9,41,82,0.5,13,30,0.433,12,21,9,26,35,23,9,5,10,0.5793,113.6122,123.1684
2023-24,MIN,2024-04-09,MIN vs. WAS,WAS,True,W,130,121,9,43,90,0.478,18,41,0.439,26,32,10,34,44,30,9,8,8,0.5778,127.1021,118.3027
2023-24,MIN,2024-04-07,MIN @ LAL,LAL,False,W,127,117,10,50,97,0.515,15,39,0.385,12,14,13,33,46,29,12,3,16,0.5928,121.3917,111.8333
2023-24,MIN,2024-04-05,MIN @ PHX,PHX,False,L,87,97,-10,33,85,0.388,10,29,0.345,11,14,8,36,44,23,9,6,19,0.4471,86.1727,96.0777
2023-24,MIN,2024-04-03,MIN vs. TOR,TOR,True,W,133,85,48,49,96,0.51,20,43,0.465,15,22,9,41,50,37,13,9,9,0.6146,124.9765,79.8722
2023-24,MIN,2024-04-02,MIN vs. HOU,HOU,True,W,113,106,7,41,77,0.532,11,26,0.423,20,22,6,33,39,29,12,5,18,0.6039,113.0905,106.0849
2023-24,MIN,2024-03-31,MIN vs. CHI,CHI,True,L,101,109,-8,38,81,0.469,11,37,0.297,14,21,8,29,37,28,12,5,14,0.537,106.5851,115.0274
2023-24,MIN,2024-03-29,MIN @ DEN,DEN,False,W,111,98,13,38,74,0.514,9,28,0.321,26,37,6,33,39,28,6,7,9,0.5743,114.9306,101.4703
2023-24,MIN,2024-03-27,MIN vs. DET,DET,True,W,106,91,15,42,82,0.512,11,36,0.306,11,16,9,31,40,28,8,3,12,0.5793,113.954,97.8284
2023-24,MIN,2024-03-24,MIN vs. GSW,GSW,True,W,114,110,4,40,84,0.476,21,40,0.525,13,18,7,37,44,30,9,5,16,0.6012,112.1164,108.1825
2023-24,MIN,2024-03-22,MIN vs. CLE,CLE,True,W,104,91,13,41,85,0.482,14,27,0.519,8,16,13,33,46,27,9,5,12,0.5647,114.0351,99.7807
2023-24,MIN,2024-03-19,MIN vs. DEN,DEN,True,L,112,115,-3,42,88,0.477,12,35,0.343,16,23,8,29,37,25,10,7,7,0.5455,115.5831,118.6791
2023-24,MIN,2024-03-18,MIN @ UTA,UTA,False,W,114,104,10,44,91,0.484,16,41,0.39,10,12,12,23,35,27,9,9,9,0.5714,122.2914,111.564
2023-24,MIN,2024-03-16,MIN @ UTA,UTA,False,W,119,100,19,44,93,0.473,19,41,0.463,12,15,7,37,44,31,8,6,9,0.5753,119.0953,100.0801
2023-24,MIN,2024-03-12,MIN @ LAC,LAC,False,W,118,100,18,48,94,0.511,12,33,0.364,10,14,19,29,48,26,11,6,11,0.5745,127.4573,108.0147
2023-24,MIN,2024-03-10,MIN @ LAL,LAL,False,L,109,120,-11,41,97,0.423,16,46,0.348,11,13,11,27,38,27,8,6,12,0.5052,105.5792,116.234
2023-24,MIN,2024-03-08,MIN @ CLE,CLE,False,L,104,113,-9,39,94,0.415,8,30,0.267,18,22,7,38,45,25,5,5,14,0.4574,95.6234,103.8985
2023-24,MIN,2024-03-07,MIN @ IND,IND,False,W,113,111,2,46,98,0.469,7,25,0.28,14,19,13,35,48,23,9,6,11,0.5051,110.5243,108.5681
2023-24,MIN,2024-03-04,MIN vs. POR,POR,True,W,119,114,5,40,79,0.506,11,28,0.393,28,37,12,28,40,28,9,7,11,0.5759,123.2394,118.0613
2023-24,MIN,2024-03-03,MIN vs. LAC,LAC,True,L,88,89,-1,31,80,0.388,9,33,0.273,17,18,12,42,54,24,4,7,15,0.4438,94.9299,96.0086
2023-24,MIN,2024-03-01,MIN vs. SAC,SAC,True,L,120,124,-4,42,85,0.494,12,31,0.387,24,32,8,36,44,29,4,5,13,0.5647,115.0307,118.865
2023-24,MIN,2024-02-28,MIN vs. MEM,MEM,True,W,110,101,9,39,79,0.494,14,35,0.4,18,22,5,34,39,29,4,13,14,0.5823,111.4037,102.2888
2023-24,MIN,2024-02-27,MIN vs. SAS,SAS,True,W,114,105,9,43,93,0.462,13,31,0.419,15,17,11,35,46,28,16,8,14,0.5323,109.5732,100.9227
2023-24,MIN,2024-02-24,MIN vs. BKN,BKN,True,W,101,86,15,36,84,0.429,12,38,0.316,17,23,6,45,51,22,6,9,13,0.5,98.5558,83.9188
2023-24,MIN,2024-02-23,MIN vs. MIL,MIL,True,L,107,112,-5,43,98,0.439,13,35,0.371,8,13,16,36,52,23,8,4,14,0.5051,107.6892,112.7214
2023-24,MIN,2024-02-15,MIN @ POR,POR,False,W,128,91,37,46,89,0.517,11,30,0.367,25,27,11,41,52,24,8,5,14,0.5787,124.2236,88.3152
2023-24,MIN,2024-02-13,MIN @ POR,POR,False,W,121,109,12,39,84,0.464,13,33,0.394,30,34,12,29,41,24,8,9,12,0.5417,120.422,108.4793
2023-24,MIN,2024-02-12,MIN @ LAC,LAC,False,W,121,100,21,46,86,0.535,11,34,0.324,18,19,9,32,41,33,9,7,13,0.5988,122.9675,101.626
2023-24,MIN,2024-02-08,MIN @ MIL,MIL,False,W,129,105,24,48,87,0.552,21,41,0.512,12,16,12,31,43,34,8,3,8,0.6724,142.4785,115.9708
2023-24,MIN,2024-02-06,MIN @ CHI,CHI,False,L,123,129,-6,42,92,0.457,20,45,0.444,19,26,10,32,42,28,6,5,14,0.5652,114.1425,119.7105
2023-24,MIN,2024-02-04,MIN vs. HOU,HOU,True,W,111,90,21,40,90,0.444,11,30,0.367,20,27,11,47,58,21,6,11,16,0.5056,106.8541,86.6384
2023-24,MIN,2024-02-02,MIN vs. ORL,ORL,True,L,106,108,-2,38,82,0.463,12,38,0.316,18,20,6,32,38,24,8,5,17,0.5366,104.3102,106.2783
2023-24,MIN,2024-01-31,MIN vs. DAL,DAL,True,W,121,87,34,45,80,0.563,13,30,0.433,18,30,9,36,45,31,6,4,10,0.6438,127.6102,91.7528
2023-24,MIN,2024-01-29,MIN @ OKC,OKC,False,W,107,101,6,40,83,0.482,14,29,0.483,13,15,9,36,45,21,7,2,13,0.5663,114.8808,108.4389
2023-24,MIN,2024-01-27,MIN @ SAS,SAS,False,L,112,113,-1,45,79,0.57,14,26,0.538,8,15,7,25,32,30,9,6,13,0.6582,122.2707,123.3624
2023-24,MIN,2024-01-25,MIN @ BKN,BKN,False,W,96,94,2,37,75,0.493,10,21,0.476,12,16,5,33,38,24,6,4,17,0.56,102.0842,99.9575
2023-24,MIN,2024-01-24,MIN @ WAS,WAS,False,W,118,107,11,42,100,0.42,9,32,0.281,25,29,15,33,48,26,8,7,7,0.465,113.1786,102.628
2023-24,MIN,2024-01-22,MIN vs. CHA,CHA,True,L,125,128,-3,44,84,0.524,18,41,0.439,19,25,6,30,36,34,4,1,13,0.631,124.4276,127.4139
2023-24,MIN,2024-01-20,MIN vs. OKC,OKC,True,L,97,102,-5,31,75,0.413,14,37,0.378,21,29,9,41,50,22,4,7,21,0.5067,99.4056,104.5296
2023-24,MIN,2024-01-18,MIN vs. MEM,MEM,True,W,118,103,15,45,82,0.549,12,28,0.429,16,21,6,33,39,30,8,9,15,0.622,118.1654,103.1444
2023-24,MIN,2024-01-17,MIN @ DET,DET,False,W,124,117,7,47,93,0.505,15,30,0.5,15,21,9,33,42,32,7,5,11,0.586,120.6226,113.8132
2023-24,MIN,2024-01-14,MIN vs. LAC,LAC,True,W,109,105,4,38,67,0.567,13,26,0.5,20,31,6,35,41,25,8,5,19,0.6642,115.6131,111.3704
2023-24,MIN,2024-01-12,MIN vs. POR,POR,True,W,116,93,23,44,80,0.55,11,31,0.355,17,24,8,37,45,35,14,5,16,0.6188,115.6992,92.7588
2023-24,MIN,2024-01-10,MIN @ BOS,BOS,False,L,120,127,-7,44,95,0.463,14,34,0.412,18,20,8,39,47,22,4,6,9,0.5368,114.5913,121.2758
2023-24,MIN,2024-01-09,MIN @ ORL,ORL,False,W,113,92,21,43,80,0.538,12,30,0.4,15,19,5,43,48,34,8,4,18,0.6125,112.842,91.8714
2023-24,MIN,2024-01-07,MIN @ DAL,DAL,False,L,108,115,-7,41,94,0.436,13,41,0.317,13,21,18,33,51,22,6,4,13,0.5053,109.0689,116.1382
2023-24,MIN,2024-01-05,MIN @ HOU,HOU,False,W,122,95,27,46,88,0.523,14,33,0.424,16,20,9,43,52,31,12,7,14,0.6023,118.2171,92.0543
2023-24,MIN,2024-01-03,MIN vs. NOP,NOP,True,L,106,117,-11,37,82,0.451,10,31,0.323,22,27,8,20,28,26,7,6,13,0.5122,110.21,121.6469
2023-24,MIN,2024-01-01,MIN @ NYK,NYK,False,L,106,112,-6,36,76,0.474,11,28,0.393,23,29,4,30,34,19,6,4,14,0.5461,106.4899,112.5176
2023-24,MIN,2023-12-30,MIN vs. LAL,LAL,True,W,108,106,2,38,76,0.5,12,34,0.353,20,24,7,38,45,24,8,8,19,0.5789,106.593,104.619
2023-24,MIN,2023-12-28,MIN vs. DAL,DAL,True,W,118,110,8,38,74,0.514,17,33,0.515,25,34,6,32,38,23,9,10,22,0.6284,113.2873,105.6068
2023-24,MIN,2023-12-26,MIN @ OKC,OKC,False,L,106,129,-23,34,73,0.466,12,27,0.444,26,32,8,26,34,22,8,1,24,0.5479,104.3718,127.0185
2023-24,MIN,2023-12-23,MIN @ SAC,SAC,False,W,110,98,12,44,87,0.506,10,33,0.303,12,14,7,36,43,31,9,5,12,0.5632,112.5896,100.3071
2023-24,MIN,2023-12-21,MIN vs. LAL,LAL,True,W,118,111,7,42,87,0.483,14,36,0.389,20,25,9,31,40,32,13,7,14,0.5632,113.7021,106.957
2023-24,MIN,2023-12-20,MIN @ PHI,PHI,False,L,113,127,-14,42,82,0.512,9,25,0.36,20,24,9,30,39,22,4,2,19,0.5671,109.9008,123.5168
2023-24,MIN,2023-12-18,MIN @ MIA,MIA,False,W,112,108,4,42,85,0.494,11,29,0.379,17,19,12,33,45,27,10,9,14,0.5588,114.1227,110.0469
2023-24,MIN,2023-12-16,MIN vs. IND,IND,True,W,127,109,18,48,86,0.558,18,30,0.6,13,16,8,28,36,33,10,4,15,0.6628,127.5869,109.5037
2023-24,MIN,2023-12-14,MIN @ DAL,DAL,False,W,119,101,18,44,88,0.5,14,31,0.452,17,25,12,33,45,30,9,4,17,0.5795,115.0203,97.6223
2023-24,MIN,2023-12-11,MIN @ NOP,NOP,False,L,107,121,-14,40,91,0.44,13,36,0.361,14,19,11,36,47,26,5,3,14,0.511,103.9037,117.4985
2023-24,MIN,2023-12-08,MIN @ MEM,MEM,False,W,127,103,24,44,88,0.5,15,38,0.395,24,26,15,39,54,30,4,8,13,0.5852,131.063,106.2951
2023-24,MIN,2023-12-06,MIN vs. SAS,SAS,True,W,102,94,8,36,87,0.414,12,40,0.3,18,21,11,44,55,20,4,10,14,0.4828,99.1061,91.3331
2023-24,MIN,2023-12-02,MIN @ CHA,CHA,False,W,123,117,6,43,84,0.512,11,31,0.355,26,30,10,31,41,26,5,3,11,0.5774,125.7926,119.6564
2023-24,MIN,2023-11-30,MIN vs. UTA,UTA,True,W,101,90,11,39,89,0.438,13,35,0.371,10,13,10,32,42,29,13,7,12,0.5112,102.0821,90.9642
2023-24,MIN,2023-11-28,MIN vs. OKC,OKC,True,W,106,103,3,33,78,0.423,14,33,0.424,26,32,10,41,51,18,3,9,20,0.5128,104.3307,101.378
2023-24,MIN,2023-11-26,MIN @ MEM,MEM,False,W,119,97,22,43,81,0.531,15,34,0.441,18,23,6,36,42,30,5,5,16,0.6235,116.6667,95.098
2023-24,MIN,2023-11-24,MIN vs. SAC,SAC,True,L,111,124,-13,36,82,0.439,12,33,0.364,27,29,10,34,44,25,6,9,18,0.5122,107.454,120.0387
2023-24,MIN,2023-11-22,MIN vs. PHI,PHI,True,W,112,99,13,43,89,0.483,10,26,0.385,16,24,10,38,48,28,10,8,13,0.5393,111.023,98.1364
2023-24,MIN,2023-11-20,MIN vs. NYK,NYK,True,W,117,100,17,41,80,0.513,11,34,0.324,24,32,7,37,44,30,7,7,14,0.5812,116.3947,99.4827
2023-24,MIN,2023-11-18,MIN @ NOP,NOP,False,W,121,120,1,43,80,0.538,13,31,0.419,22,27,5,28,33,29,6,7,14,0.6188,120.398,119.403
2023-24,MIN,2023-11-15,MIN @ PHX,PHX,False,L,115,133,-18,42,92,0.457,5,27,0.185,26,28,16,24,40,18,8,5,6,0.4837,121.1036,140.059
2023-24,MIN,2023-11-14,MIN @ GSW,GSW,False,W,104,101,3,36,81,0.444,14,34,0.412,18,21,9,33,42,24,9,5,20,0.5309,102.3219,99.3703
2023-24,MIN,2023-11-12,MIN @ GSW,GSW,False,W,116,110,6,43,82,0.524,9,27,0.333,21,30,9,38,47,27,8,6,14,0.5793,113.9937,108.0975
2023-24,MIN,2023-11-10,MIN @ SAS,SAS,False,W,117,110,7,43,87,0.494,10,27,0.37,21,27,13,38,51,23,6,4,18,0.5517,110.7745,104.1469
2023-24,MIN,2023-11-08,MIN vs. NOP,NOP,True,W,122,101,21,45,82,0.549,15,37,0.405,17,24,8,40,48,30,9,7,18,0.6402,115.5084,95.6258
2023-24,MIN,2023-11-06,MIN vs. BOS,BOS,True,W,114,109,5,44,85,0.518,13,37,0.351,13,25,6,39,45,26,7,5,24,0.5941,100.0175,95.6308
2023-24,MIN,2023-11-04,MIN vs. UTA,UTA,True,W,123,95,28,45,81,0.556,9,24,0.375,24,31,9,34,43,25,10,11,11,0.6111,125.4334,96.8795
2023-24,MIN,2023-11-01,MIN vs. DEN,DEN,True,W,110,89,21,38,83,0.458,8,21,0.381,26,27,8,39,47,20,9,5,14,0.506,107.1707,86.7108
2023-24,MIN,2023-10-30,MIN @ ATL,ATL,False,L,113,127,-14,44,90,0.489,16,33,0.485,9,15,10,28,38,24,5,5,14,0.5778,112.1477,126.0421
2023-24,MIN,2023-10-28,MIN vs. MIA,MIA,True,W,106,90,16,44,86,0.512,12,34,0.353,6,8,7,40,47,30,9,3,16,0.5814,107.244,91.0563
2023-24,MIN,2023-10-25,MIN @ TOR,TOR,False,L,94,97,-3,34,100,0.34,8,31,0.258,18,22,16,46,62,20,8,9,14,0.38,89.2179,92.0653
2023-24,NOP,2024-04-14,NOP vs. LAL,LAL,True,L,108,124,-16,41,86,0.477,15,37,0.405,11,14,10,29,39,26,8,1,19,0.564,105.8408,121.521
2023-24,NOP,2024-04-12,NOP @ GSW,GSW,False,W,114,109,5,42,90,0.467,20,38,0.526,10,16,5,33,38,24,11,5,9,0.5778,113.275,108.3068
2023-24,NOP,2024-04-11,NOP @ SAC,SAC,False,W,135,123,12,49,86,0.57,22,40,0.55,15,18,5,35,40,35,7,2,13,0.6977,132.5349,120.754
2023-24,NOP,2024-04-09,NOP @ POR,POR,False,W,110,100,10,36,87,0.414,11,36,0.306,27,29,13,32,45,25,13,2,9,0.477,113.8245,103.4768
2023-24,NOP,2024-04-07,NOP @ PHX,PHX,False,W,113,105,8,40,85,0.471,16,39,0.41,17,19,8,34,42,26,8,7,14,0.5647,113.2719,105.2526
2023-24,NOP,2024-04-05,NOP vs. SAS,SAS,True,L,109,111,-2,44,86,0.512,9,29,0.31,12,12,11,30,41,28,11,2,17,0.564,110.6599,112.6904
2023-24,NOP,2024-04-03,NOP vs. ORL,ORL,True,L,108,117,-9,36,76,0.474,12,29,0.414,24,28,7,28,35,21,9,1,14,0.5526,111.0426,120.2961
2023-24,NOP,2024-04-01,NOP vs. PHX,PHX,True,L,111,124,-13,42,89,0.472,11,27,0.407,16,24,12,25,37,29,10,1,9,0.5337,115.2887,128.791
2023-24,NOP,2024-03-30,NOP vs. BOS,BOS,True,L,92,104,-12,34,86,0.395,13,35,0.371,11,18,10,31,41,22,9,3,9,0.4709,99.3521,112.311
2023-24,NOP,2024-03-28,NOP vs. MIL,MIL,True,W,107,100,7,36,91,0.396,8,32,0.25,27,34,11,37,48,22,11,5,7,0.4396,106.2984,99.3443
2023-24,NOP,2024-03-26,NOP vs. OKC,OKC,True,L,112,119,-7,39,86,0.453,14,38,0.368,20,23,5,32,37,26,7,2,10,0.5349,112.9716,120.0323
2023-24,NOP,2024-03-24,NOP @ DET,DET,False,W,114,101,13,41,81,0.506,11,34,0.324,21,31,6,35,41,27,8,7,10,0.5741,114.7343,101.6506
2023-24,NOP,2024-03-22,NOP @ MIA,MIA,False,W,111,88,23,42,82,0.512,18,36,0.5,9,12,12,44,56,25,3,2,13,0.622,123.4156,97.843
2023-24,NOP,2024-03-21,NOP @ ORL,ORL,False,L,106,121,-15,42,78,0.538,6,20,0.3,16,21,3,30,33,24,11,1,19,0.5769,104.1257,118.8605
2023-24,NOP,2024-03-19,NOP @ BKN,BKN,False,W,104,91,13,42,83,0.506,10,34,0.294,10,13,11,37,48,29,7,5,14,0.5663,112.1899,98.1661
2023-24,NOP,2024-03-16,NOP vs. POR,POR,True,W,126,107,19,52,97,0.536,13,33,0.394,9,10,10,29,39,36,8,5,10,0.6031,125.5731,106.6374
2023-24,NOP,2024-03-15,NOP vs. LAC,LAC,True,W,112,104,8,42,87,0.483,13,35,0.371,15,20,9,31,40,28,8,2,9,0.5575,117.1793,108.8094
2023-24,NOP,2024-03-13,NOP vs. CLE,CLE,True,L,95,116,-21,35,80,0.438,4,22,0.182,21,26,7,36,43,22,7,6,12,0.4625,98.0595,119.7358
2023-24,NOP,2024-03-10,NOP @ ATL,ATL,False,W,116,103,13,43,75,0.573,14,27,0.519,16,22,4,39,43,32,8,7,12,0.6667,123.1423,109.3418
2023-24,NOP,2024-03-08,NOP @ PHI,PHI,False,W,103,95,8,35,79,0.443,11,31,0.355,22,23,9,39,48,22,7,10,14,0.5127,108.4667,100.0421
2023-24,NOP,2024-03-05,NOP @ TOR,TOR,False,W,139,98,41,53,105,0.505,24,49,0.49,9,11,17,45,62,38,9,5,11,0.619,133.963,94.4487
2023-24,NOP,2024-03-01,NOP vs. IND,IND,True,W,129,102,27,48,86,0.558,15,32,0.469,18,26,11,36,47,25,9,4,17,0.6453,125.633,99.3377
2023-24,NOP,2024-02-28,NOP @ IND,IND,False,L,114,123,-9,42,90,0.467,11,29,0.379,19,23,7,33,40,26,2,4,10,0.5278,111.1761,119.9532
2023-24,NOP,2024-02-27,NOP @ NYK,NYK,False,W,115,92,23,39,77,0.506,18,34,0.529,19,23,10,34,44,23,4,5,15,0.6234,124.1632,99.3306
2023-24,NOP,2024-02-25,NOP vs. CHI,CHI,True,L,106,114,-8,40,88,0.455,16,41,0.39,10,14,12,37,49,25,5,7,19,0.5455,103.7182,111.546
2023-24,NOP,2024-02-23,NOP vs. MIA,MIA,True,L,95,106,-11,39,104,0.375,7,32,0.219,10,13,18,36,54,20,6,7,11,0.4087,94.6592,105.6198
2023-24,NOP,2024-02-22,NOP vs. HOU,HOU,True,W,127,105,22,50,96,0.521,16,41,0.39,11,18,9,34,43,35,16,6,14,0.6042,118.0078,97.5655
2023-24,NOP,2024-02-14,NOP vs. WAS,WAS,True,W,133,126,7,50,89,0.562,10,32,0.313,23,29,8,31,39,36,14,6,10,0.618,127.5412,120.8285
2023-24,NOP,2024-02-12,NOP @ MEM,MEM,False,W,96,87,9,32,78,0.41,13,35,0.371,19,24,12,37,49,21,12,4,19,0.4936,98.4212,89.1942
2023-24,NOP,2024-02-10,NOP @ POR,POR,False,W,93,84,9,36,76,0.474,10,27,0.37,11,16,8,28,36,27,9,6,12,0.5395,104.7769,94.6372
2023-24,NOP,2024-02-09,NOP @ LAL,LAL,False,L,122,139,-17,46,89,0.517,11,29,0.379,19,23,10,31,41,28,5,7,13,0.5787,117.7606,134.1699
2023-24,NOP,2024-02-07,NOP @ LAC,LAC,False,W,117,106,11,47,88,0.534,12,32,0.375,11,16,8,30,38,30,13,5,15,0.6023,115.567,104.7017
2023-24,NOP,2024-02-05,NOP vs. TOR,TOR,True,W,138,100,38,53,104,0.51,19,45,0.422,13,13,17,34,51,36,11,5,7,0.601,139.169,100.8471
2023-24,NOP,2024-02-02,NOP @ SAS,SAS,False,W,114,113,1,46,95,0.484,7,26,0.269,15,21,13,26,39,29,14,3,9,0.5211,111.6771,110.6975
2023-24,NOP,2024-01-31,NOP @ HOU,HOU,False,W,110,99,11,41,82,0.5,11,34,0.324,17,24,12,44,56,20,3,6,16,0.5671,115.1591,103.6432
2023-24,NOP,2024-01-29,NOP @ BOS,BOS,False,L,112,118,-6,46,91,0.505,10,35,0.286,10,13,9,31,40,21,7,6,12,0.5604,112.835,118.8797
2023-24,NOP,2024-01-27,NOP @ MIL,MIL,False,L,117,141,-24,40,85,0.471,9,23,0.391,28,36,9,34,43,20,5,3,15,0.5235,110.4607,133.1193
2023-24,NOP,2024-01-26,NOP vs. OKC,OKC,True,L,83,107,-24,32,82,0.39,9,36,0.25,10,14,8,33,41,24,9,5,20,0.4451,82.4558,106.2984
2023-24,NOP,2024-01-23,NOP vs. UTA,UTA,True,W,153,124,29,60,104,0.577,23,46,0.5,10,15,12,45,57,41,5,4,9,0.6875,141.8769,114.9852
2023-24,NOP,2024-01-19,NOP vs. PHX,PHX,True,L,109,123,-14,41,93,0.441,10,42,0.238,17,23,9,33,42,27,4,5,11,0.4946,103.6319,116.9424
2023-24,NOP,2024-01-17,NOP vs. CHA,CHA,True,W,132,112,20,44,88,0.5,25,47,0.532,19,23,16,34,50,32,11,3,13,0.642,137.4714,116.6424
2023-24,NOP,2024-01-15,NOP @ DAL,DAL,False,L,120,125,-5,41,81,0.506,7,23,0.304,31,41,8,29,37,21,9,2,10,0.5494,119.7366,124.7256
2023-24,NOP,2024-01-13,NOP @ DAL,DAL,False,W,118,108,10,39,79,0.494,12,30,0.4,28,37,14,30,44,29,7,4,11,0.5696,126.8272,116.0791
2023-24,NOP,2024-01-12,NOP @ DEN,DEN,False,L,113,125,-12,42,89,0.472,13,33,0.394,16,22,8,27,35,30,9,3,9,0.5449,111.1767,122.9831
2023-24,NOP,2024-01-10,NOP @ GSW,GSW,False,W,141,105,36,54,94,0.574,19,40,0.475,14,19,13,34,47,37,11,7,11,0.6755,140.8029,104.8532
2023-24,NOP,2024-01-07,NOP @ SAC,SAC,False,W,133,100,33,50,82,0.61,19,35,0.543,14,16,9,42,51,35,2,9,16,0.7256,137.5957,103.4554
2023-24,NOP,2024-01-05,NOP vs. LAC,LAC,True,L,95,111,-16,33,92,0.359,12,29,0.414,17,23,14,29,43,22,9,5,9,0.4239,98.4864,115.0736
2023-24,NOP,2024-01-03,NOP @ MIN,MIN,False,W,117,106,11,45,81,0.556,12,26,0.462,15,17,9,32,41,30,7,5,14,0.6296,121.6469,110.21
2023-24,NOP,2024-01-02,NOP vs. BKN,BKN,True,W,112,85,27,41,88,0.466,16,39,0.41,14,18,17,36,53,23,10,9,17,0.5568,115.2026,87.4306
2023-24,NOP,2023-12-31,NOP vs. LAL,LAL,True,W,129,109,20,45,87,0.517,17,34,0.5,22,27,12,35,47,33,9,6,13,0.6149,127.7987,107.9849
2023-24,NOP,2023-12-28,NOP vs. UTA,UTA,True,W,112,105,7,45,82,0.549,10,27,0.37,12,15,6,29,35,27,10,7,15,0.6098,114.5194,107.362
2023-24,NOP,2023-12-26,NOP vs. MEM,MEM,True,L,115,116,-1,42,97,0.433,10,31,0.323,21,33,10,36,46,18,12,6,15,0.4845,99.7398,100.6071
2023-24,NOP,2023-12-23,NOP vs. HOU,HOU,True,L,104,106,-2,38,82,0.463,8,31,0.258,20,29,13,33,46,21,9,7,16,0.5122,107.1281,109.1883
2023-24,NOP,2023-12-21,NOP @ CLE,CLE,False,W,123,104,19,47,86,0.547,15,35,0.429,14,16,7,33,40,32,7,4,9,0.6337,128.4193,108.5822
2023-24,NOP,2023-12-19,NOP vs. MEM,MEM,True,L,113,115,-2,40,85,0.471,11,25,0.44,22,24,11,28,39,23,4,3,11,0.5353,115.7076,117.7555
2023-24,NOP,2023-12-17,NOP @ SAS,SAS,False,W,146,110,36,55,98,0.561,22,42,0.524,14,22,11,40,51,38,11,3,15,0.6735,133.3821,100.4933
2023-24,NOP,2023-12-15,NOP @ CHA,CHA,False,W,112,107,5,38,80,0.475,9,27,0.333,27,32,11,38,49,24,4,5,16,0.5312,111.8211,106.8291
2023-24,NOP,2023-12-13,NOP @ WAS,WAS,False,W,142,122,20,50,96,0.521,16,34,0.471,26,30,10,36,46,30,11,3,10,0.6042,132.8593,114.1467
2023-24,NOP,2023-12-11,NOP vs. MIN,MIN,True,W,121,107,14,40,82,0.488,10,27,0.37,31,40,10,37,47,27,7,7,14,0.5488,117.4985,103.9037
2023-24,NOP,2023-12-07,NOP @ LAL,LAL,False,L,89,133,-44,34,95,0.358,7,31,0.226,14,20,12,30,42,22,7,5,12,0.3947,86.1735,128.7761
2023-24,NOP,2023-12-04,NOP @ SAC,SAC,False,W,127,117,10,47,87,0.54,14,31,0.452,19,23,13,29,42,29,12,7,14,0.6207,126.5949,116.6268
2023-24,NOP,2023-12-02,NOP @ CHI,CHI,False,L,118,124,-6,41,82,0.5,8,25,0.32,28,35,13,26,39,20,10,1,12,0.5488,122.9167,129.1667
2023-24,NOP,2023-12-01,NOP vs. SAS,SAS,True,W,121,106,15,42,85,0.494,10,31,0.323,27,29,10,32,42,26,8,6,12,0.5529,119.6598,104.8259
2023-24,NOP,2023-11-29,NOP vs. PHI,PHI,True,W,124,114,10,42,78,0.538,10,30,0.333,30,34,13,27,40,33,11,4,21,0.6026,122.2397,112.3817
2023-24,NOP,2023-11-27,NOP @ UTA,UTA,False,L,112,114,-2,44,88,0.5,7,22,0.318,17,25,11,37,48,27,5,1,8,0.5398,113.5212,115.5483
2023-24,NOP,2023-11-25,NOP @ UTA,UTA,False,L,100,105,-5,39,93,0.419,11,36,0.306,11,18,13,29,42,31,15,4,13,0.4785,97.371,102.2395
2023-24,NOP,2023-11-24,NOP @ LAC,LAC,False,W,116,106,10,43,88,0.489,10,24,0.417,20,27,12,38,50,26,6,5,15,0.5455,112.9723,103.2333
2023-24,NOP,2023-11-22,NOP vs. SAC,SAC,True,W,117,112,5,41,87,0.471,7,30,0.233,28,37,13,35,48,23,10,2,10,0.5115,114.8861,109.9764
2023-24,NOP,2023-11-20,NOP vs. SAC,SAC,True,W,129,93,36,50,92,0.543,12,28,0.429,17,21,10,45,55,38,8,6,12,0.6087,125.9766,90.8203
2023-24,NOP,2023-11-18,NOP vs. MIN,MIN,True,L,120,121,-1,44,86,0.512,12,29,0.414,20,23,13,27,40,27,9,5,17,0.5814,119.403,120.398
2023-24,NOP,2023-11-17,NOP vs. DEN,DEN,True,W,115,110,5,46,88,0.523,12,23,0.522,11,21,4,35,39,33,8,5,11,0.5909,110.8327,106.0139
2023-24,NOP,2023-11-14,NOP vs. DAL,DAL,True,W,131,110,21,49,94,0.521,14,38,0.368,19,26,12,30,42,33,17,6,13,0.5957,123.6549,103.8324
2023-24,NOP,2023-11-12,NOP vs. DAL,DAL,True,L,124,136,-12,47,92,0.511,17,36,0.472,13,22,13,41,54,31,2,3,18,0.6033,114.8574,125.9726
2023-24,NOP,2023-11-10,NOP @ HOU,HOU,False,L,101,104,-3,34,75,0.453,8,25,0.32,25,34,8,41,49,12,6,6,18,0.5067,100.8588,103.8546
2023-24,NOP,2023-11-08,NOP @ MIN,MIN,False,L,101,122,-21,36,93,0.387,8,28,0.286,21,22,11,29,40,23,6,1,17,0.4301,95.6258,115.5084
2023-24,NOP,2023-11-06,NOP @ DEN,DEN,False,L,116,134,-18,45,90,0.5,13,30,0.433,13,15,8,30,38,24,6,2,13,0.5722,112.7746,130.2742
2023-24,NOP,2023-11-04,NOP vs. ATL,ATL,True,L,105,123,-18,40,84,0.476,8,31,0.258,17,21,9,26,35,24,9,7,11,0.5238,108.9212,127.5934
2023-24,NOP,2023-11-02,NOP vs. DET,DET,True,W,125,116,9,39,80,0.488,14,32,0.438,33,35,7,29,36,27,5,7,12,0.575,123.2499,114.3759
2023-24,NOP,2023-11-01,NOP @ OKC,OKC,False,W,110,106,4,40,102,0.392,13,42,0.31,17,29,22,36,58,23,8,5,11,0.4559,103.8912,100.1133
2023-24,NOP,2023-10-30,NOP vs. GSW,GSW,True,L,102,130,-28,38,93,0.409,10,39,0.256,16,26,14,25,39,23,8,3,11,0.4624,100.8703,128.5601
2023-24,NOP,2023-10-28,NOP vs. NYK,NYK,True,W,96,87,9,40,87,0.46,9,33,0.273,7,16,4,39,43,20,8,5,13,0.5115,94.1361,85.3108
2023-24,NOP,2023-10-25,NOP @ MEM,MEM,False,W,111,104,7,40,85,0.471,14,32,0.438,17,22,11,41,52,22,8,5,21,0.5529,105.9767,99.2935
2023-24,NYK,2024-04-14,NYK vs. CHI,CHI,True,W,120,119,1,46,91,0.505,12,32,0.375,16,21,16,37,53,27,7,6,21,0.5714,114.1335,113.1824
2023-24,NYK,2024-04-12,NYK vs. BKN,BKN,True,W,111,107,4,38,83,0.458,14,30,0.467,21,25,8,23,31,21,10,3,5,0.5422,123.7734,119.3131
2023-24,NYK,2024-04-11,NYK @ BOS,BOS,False,W,118,109,9,49,99,0.495,14,36,0.389,6,10,17,35,52,24,7,4,15,0.5657,120.1385,110.9754
2023-24,NYK,2024-04-09,NYK @ CHI,CHI,False,W,128,117,11,46,83,0.554,17,36,0.472,19,20,6,25,31,31,6,4,11,0.6566,134.6235,123.0543
2023-24,NYK,2024-04-07,NYK @ MIL,MIL,False,W,122,109,13,45,92,0.489,14,29,0.483,18,22,13,28,41,25,9,6,7,0.5652,128.5835,114.882
2023-24,NYK,2024-04-05,NYK @ CHI,CHI,False,L,100,108,-8,36,83,0.434,10,29,0.345,18,24,9,29,38,22,9,2,18,0.494,99.7009,107.677
2023-24,NYK,2024-04-04,NYK vs. SAC,SAC,True,W,120,109,11,44,80,0.55,12,28,0.429,20,29,9,30,39,34,9,2,13,0.625,123.0517,111.7719
2023-24,NYK,2024-04-02,NYK @ MIA,MIA,False,L,99,109,-10,35,76,0.461,12,34,0.353,17,21,7,23,30,25,11,2,14,0.5395,106.1776,116.9026
2023-24,NYK,2024-03-31,NYK vs. OKC,OKC,True,L,112,113,-1,38,92,0.413,13,43,0.302,23,34,15,31,46,24,8,3,11,0.4837,112.2694,113.2719
2023-24,NYK,2024-03-29,NYK @ SAS,SAS,False,L,126,130,-4,51,110,0.464,14,37,0.378,10,12,18,32,50,24,10,1,12,0.5273,118.6664,122.4336
2023-24,NYK,2024-03-27,NYK @ TOR,TOR,False,W,145,101,44,55,94,0.585,22,44,0.5,13,16,15,27,42,37,7,8,11,0.7021,149.6697,104.2527
2023-24,NYK,2024-03-25,NYK vs. DET,DET,True,W,124,99,25,45,89,0.506,19,46,0.413,15,22,12,40,52,30,6,6,14,0.6124,121.9512,97.3643
2023-24,NYK,2024-03-23,NYK vs. BKN,BKN,True,W,105,93,12,42,97,0.433,15,40,0.375,6,12,16,31,47,25,10,4,10,0.5103,112.9761,100.0646
2023-24,NYK,2024-03-21,NYK @ DEN,DEN,False,L,100,113,-13,38,79,0.481,11,31,0.355,13,17,4,27,31,28,6,6,10,0.5506,107.3653,121.3227
2023-24,NYK,2024-03-18,NYK @ GSW,GSW,False,W,119,112,7,44,91,0.484,14,37,0.378,17,20,14,30,44,29,6,1,13,0.5604,121.6023,114.4492
2023-24,NYK,2024-03-16,NYK @ SAC,SAC,False,W,98,91,7,37,86,0.43,11,39,0.282,13,16,10,42,52,19,8,9,16,0.4942,99.7557,92.6303
2023-24,NYK,2024-03-14,NYK @ POR,POR,False,W,105,93,12,38,87,0.437,6,29,0.207,23,26,15,35,50,16,11,1,15,0.4713,107.9803,95.6397
2023-24,NYK,2024-03-12,NYK vs. PHI,PHI,True,W,106,79,27,40,79,0.506,14,40,0.35,12,15,9,42,51,32,4,4,13,0.5949,119.3425,88.9439
2023-24,NYK,2024-03-10,NYK vs. PHI,PHI,True,L,73,79,-6,26,80,0.325,9,40,0.225,12,16,16,34,50,19,9,5,21,0.3812,81.4732,88.1696
2023-24,NYK,2024-03-08,NYK vs. ORL,ORL,True,W,98,74,24,38,79,0.481,16,33,0.485,6,8,11,32,43,20,7,10,16,0.5823,110.5346,83.4649
2023-24,NYK,2024-03-05,NYK vs. ATL,ATL,True,L,100,116,-16,38,99,0.384,16,52,0.308,8,11,17,23,40,27,8,6,12,0.4646,100.5227,116.6064
2023-24,NYK,2024-03-03,NYK @ CLE,CLE,False,W,107,98,9,42,86,0.488,16,39,0.41,7,10,10,37,47,32,8,9,12,0.5814,116.3549,106.5681
2023-24,NYK,2024-02-29,NYK vs. GSW,GSW,True,L,99,110,-11,35,95,0.368,12,39,0.308,17,24,17,39,56,23,7,3,13,0.4316,98.2143,109.127
2023-24,NYK,2024-02-27,NYK vs. NOP,NOP,True,L,92,115,-23,31,83,0.373,14,46,0.304,16,23,13,25,38,27,6,5,13,0.4578,99.3306,124.1632
2023-24,NYK,2024-02-26,NYK vs. DET,DET,True,W,113,111,2,41,92,0.446,15,39,0.385,16,21,15,29,44,31,9,4,14,0.5272,114.3262,112.3027
2023-24,NYK,2024-02-24,NYK vs. BOS,BOS,True,L,102,116,-14,37,82,0.451,13,38,0.342,15,16,15,24,39,21,1,3,14,0.5305,119.7745,136.2142
2023-24,NYK,2024-02-22,NYK @ PHI,PHI,False,W,110,96,14,38,79,0.481,15,34,0.441,19,27,12,33,45,24,11,6,18,0.5759,111.0887,96.9501
2023-24,NYK,2024-02-14,NYK @ ORL,ORL,False,L,100,118,-18,35,84,0.417,11,29,0.379,19,24,16,18,34,15,8,0,12,0.4821,113.3787,133.7868
2023-24,NYK,2024-02-12,NYK @ HOU,HOU,False,L,103,105,-2,42,92,0.457,12,36,0.333,7,12,19,32,51,19,4,4,17,0.5217,108.5353,110.6428
2023-24,NYK,2024-02-10,NYK vs. IND,IND,True,L,111,125,-14,40,84,0.476,10,32,0.313,21,23,5,27,32,16,7,4,9,0.5357,111.8501,125.9573
2023-24,NYK,2024-02-08,NYK vs. DAL,DAL,True,L,108,122,-14,42,94,0.447,14,37,0.378,10,11,14,32,46,27,5,2,14,0.5213,111.3632,125.7991
2023-24,NYK,2024-02-06,NYK vs. MEM,MEM,True,W,123,113,10,48,86,0.558,11,27,0.407,16,20,8,29,37,28,12,5,10,0.6221,126.9088,116.591
2023-24,NYK,2024-02-03,NYK vs. LAL,LAL,True,L,105,113,-8,41,100,0.41,10,35,0.286,13,15,18,33,51,21,1,4,7,0.46,110.8296,119.2738
2023-24,NYK,2024-02-01,NYK vs. IND,IND,True,W,109,105,4,41,103,0.398,8,38,0.211,19,25,24,36,60,15,8,7,10,0.4369,107.5375,103.5912
2023-24,NYK,2024-01-30,NYK vs. UTA,UTA,True,W,118,103,15,44,94,0.468,13,34,0.382,17,18,14,31,45,29,9,7,6,0.5372,125.9338,109.9253
2023-24,NYK,2024-01-29,NYK @ CHA,CHA,False,W,113,92,21,44,84,0.524,12,37,0.324,13,16,7,35,42,25,5,3,9,0.5952,122.0302,99.3521
2023-24,NYK,2024-01-27,NYK vs. MIA,MIA,True,W,125,109,16,45,87,0.517,17,33,0.515,18,26,11,35,46,25,6,3,7,0.6149,131.94,115.0517
2023-24,NYK,2024-01-25,NYK vs. DEN,DEN,True,W,122,84,38,45,85,0.529,15,38,0.395,17,20,12,32,44,26,12,3,10,0.6176,130.1195,89.5904
2023-24,NYK,2024-01-23,NYK @ BKN,BKN,False,W,108,103,5,40,86,0.465,10,29,0.345,18,19,11,31,42,21,8,8,14,0.5233,111.0197,105.8799
2023-24,NYK,2024-01-20,NYK vs. TOR,TOR,True,W,126,100,26,48,88,0.545,14,39,0.359,16,20,15,46,61,27,4,7,22,0.625,122.9748,97.5991
2023-24,NYK,2024-01-18,NYK vs. WAS,WAS,True,W,113,109,4,39,86,0.453,13,38,0.342,22,26,7,40,47,22,6,5,17,0.5291,107.5576,103.7502
2023-24,NYK,2024-01-17,NYK vs. HOU,HOU,True,W,109,94,15,39,87,0.448,13,37,0.351,18,22,12,39,51,24,6,5,15,0.523,111.2018,95.8988
2023-24,NYK,2024-01-15,NYK vs. ORL,ORL,True,L,94,98,-4,33,83,0.398,13,40,0.325,15,22,13,28,41,20,3,3,10,0.4759,105.0749,109.5462
2023-24,NYK,2024-01-13,NYK @ MEM,MEM,False,W,106,94,12,40,83,0.482,13,38,0.342,13,19,15,41,56,25,11,11,23,0.5602,108.1853,95.9379
2023-24,NYK,2024-01-11,NYK @ DAL,DAL,False,L,124,128,-4,44,89,0.494,14,42,0.333,22,28,13,32,45,27,7,2,16,0.573,121.2595,125.1711
2023-24,NYK,2024-01-09,NYK vs. POR,POR,True,W,112,84,28,37,89,0.416,18,48,0.375,20,23,15,40,55,26,11,4,15,0.5169,114.2624,85.6968
2023-24,NYK,2024-01-06,NYK @ WAS,WAS,False,W,121,105,16,43,87,0.494,14,36,0.389,21,24,11,34,45,27,9,2,14,0.5747,119.5889,103.7754
2023-24,NYK,2024-01-05,NYK @ PHI,PHI,False,W,128,92,36,43,89,0.483,18,41,0.439,24,25,10,39,49,27,7,7,13,0.5843,126.808,91.1433
2023-24,NYK,2024-01-03,NYK vs. CHI,CHI,True,W,116,100,16,46,89,0.517,15,38,0.395,9,11,13,39,52,29,6,7,16,0.6011,120.282,103.6914
2023-24,NYK,2024-01-01,NYK vs. MIN,MIN,True,W,112,106,6,39,89,0.438,12,34,0.353,22,28,16,33,49,23,7,4,15,0.5056,112.5176,106.4899
2023-24,NYK,2023-12-30,NYK @ IND,IND,False,L,126,140,-14,45,95,0.474,17,37,0.459,19,27,15,27,42,24,12,2,14,0.5632,120.505,133.8944
2023-24,NYK,2023-12-29,NYK @ ORL,ORL,False,L,108,117,-9,38,86,0.442,6,30,0.2,26,29,6,34,40,22,8,4,16,0.4767,99.8336,108.1531
2023-24,NYK,2023-12-27,NYK @ OKC,OKC,False,L,120,129,-9,41,82,0.5,14,34,0.412,24,30,9,31,40,24,2,2,18,0.5854,117.1417,125.9274
2023-24,NYK,2023-12-25,NYK vs. MIL,MIL,True,W,129,122,7,50,92,0.543,8,26,0.308,21,26,7,34,41,27,7,4,12,0.587,124.0385,117.3077
2023-24,NYK,2023-12-23,NYK vs. MIL,MIL,True,L,111,130,-19,41,93,0.441,9,29,0.31,20,21,11,30,41,17,5,2,11,0.4892,108.1028,126.6069
2023-24,NYK,2023-12-20,NYK @ BKN,BKN,False,W,121,102,19,44,95,0.463,13,33,0.394,20,25,12,42,54,24,8,7,11,0.5316,116.6377,98.3227
2023-24,NYK,2023-12-18,NYK @ LAL,LAL,False,W,114,109,5,42,88,0.477,10,30,0.333,20,23,11,41,52,21,5,6,16,0.5341,109.1745,104.3861
2023-24,NYK,2023-12-16,NYK @ LAC,LAC,False,L,122,144,-22,44,94,0.468,11,35,0.314,23,26,12,27,39,20,7,4,10,0.5266,117.6471,138.8621
2023-24,NYK,2023-12-15,NYK @ PHX,PHX,False,W,139,122,17,49,82,0.598,17,29,0.586,24,28,9,29,38,28,9,5,11,0.7012,140.7167,123.5068
2023-24,NYK,2023-12-13,NYK @ UTA,UTA,False,L,113,117,-4,41,94,0.436,9,39,0.231,22,32,14,32,46,21,10,4,11,0.484,105.9441,109.6944
2023-24,NYK,2023-12-11,NYK vs. TOR,TOR,True,W,136,130,6,52,86,0.605,17,29,0.586,15,23,14,28,42,36,5,3,15,0.7035,136.464,130.4435
2023-24,NYK,2023-12-08,NYK @ BOS,BOS,False,L,123,133,-10,44,88,0.5,15,37,0.405,20,27,12,32,44,28,4,3,14,0.5852,121.7099,131.605
2023-24,NYK,2023-12-05,NYK @ MIL,MIL,False,L,122,146,-24,43,87,0.494,7,23,0.304,29,33,12,24,36,27,8,4,17,0.5345,118.5156,141.8302
2023-24,NYK,2023-12-01,NYK @ TOR,TOR,False,W,119,106,13,45,90,0.5,16,36,0.444,13,16,11,32,43,30,6,3,13,0.5889,119.2863,106.255
2023-24,NYK,2023-11-30,NYK vs. DET,DET,True,W,118,112,6,41,88,0.466,16,41,0.39,20,28,12,29,41,25,8,3,11,0.5568,118.1181,112.1121
2023-24,NYK,2023-11-28,NYK vs. CHA,CHA,True,W,115,91,24,41,88,0.466,15,38,0.395,18,20,15,39,54,21,10,7,16,0.5511,118.6301,93.8725
2023-24,NYK,2023-11-26,NYK vs. PHX,PHX,True,L,113,116,-3,39,86,0.453,12,29,0.414,23,32,13,25,38,18,7,5,7,0.5233,119.3746,122.5438
2023-24,NYK,2023-11-24,NYK vs. MIA,MIA,True,W,100,98,2,39,81,0.481,10,29,0.345,12,18,6,40,46,21,7,2,19,0.5432,100.4218,98.4133
2023-24,NYK,2023-11-20,NYK @ MIN,MIN,False,L,100,117,-17,32,92,0.348,9,38,0.237,27,34,17,33,50,16,8,3,10,0.3967,99.4827,116.3947
2023-24,NYK,2023-11-18,NYK @ CHA,CHA,False,W,122,108,14,46,91,0.505,16,37,0.432,14,19,13,34,47,27,7,4,12,0.5934,125.0769,110.7238
2023-24,NYK,2023-11-17,NYK @ WAS,WAS,False,W,120,99,21,45,91,0.495,16,38,0.421,14,20,14,34,48,26,5,6,11,0.5824,124.4555,102.6758
2023-24,NYK,2023-11-15,NYK @ ATL,ATL,False,W,116,114,2,45,94,0.479,16,34,0.471,10,11,14,28,42,29,9,2,17,0.5638,117.5994,115.5718
2023-24,NYK,2023-11-13,NYK @ BOS,BOS,False,L,98,114,-16,33,79,0.418,15,35,0.429,17,24,12,25,37,17,5,2,12,0.5127,109.7424,127.6596
2023-24,NYK,2023-11-12,NYK vs. CHA,CHA,True,W,129,107,22,47,87,0.54,15,36,0.417,20,30,10,30,40,25,8,4,9,0.6264,132.2806,109.7211
2023-24,NYK,2023-11-08,NYK vs. SAS,SAS,True,W,126,105,21,46,100,0.46,19,42,0.452,15,22,13,34,47,28,7,0,4,0.555,127.0161,105.8468
2023-24,NYK,2023-11-06,NYK vs. LAC,LAC,True,W,111,97,14,41,88,0.466,12,31,0.387,17,18,18,30,48,28,13,1,20,0.5341,115.0498,100.539
2023-24,NYK,2023-11-03,NYK @ MIL,MIL,False,L,105,110,-5,38,96,0.396,10,39,0.256,19,25,16,40,56,18,6,1,11,0.4479,103.2855,108.2038
2023-24,NYK,2023-11-01,NYK vs. CLE,CLE,True,L,89,95,-6,32,92,0.348,5,30,0.167,20,30,16,34,50,18,10,3,14,0.375,89.899,95.9596
2023-24,NYK,2023-10-31,NYK @ CLE,CLE,False,W,109,91,18,38,86,0.442,13,34,0.382,20,25,12,36,48,18,9,1,14,0.5174,110.5028,92.2547
2023-24,NYK,2023-10-28,NYK @ NOP,NOP,False,L,87,96,-9,33,90,0.367,7,37,0.189,14,18,16,43,59,19,7,3,19,0.4056,85.3108,94.1361
2023-24,NYK,2023-10-27,NYK @ ATL,ATL,False,W,126,120,6,43,90,0.478,20,44,0.455,20,28,12,33,45,30,9,6,16,0.5889,119.1377,113.4644
2023-24,NYK,2023-10-25,NYK vs. BOS,BOS,True,L,104,108,-4,36,97,0.371,18,41,0.439,14,26,17,30,47,24,9,0,11,0.4639,105.6481,109.7115
2023-24,OKC,2024-04-14,OKC vs. DAL,DAL,True,W,135,86,49,54,97,0.557,14,34,0.412,13,16,11,47,58,38,6,6,15,0.6289,125.2784,79.807
2023-24,OKC,2024-04-12,OKC vs. MIL,MIL,True,W,125,107,18,47,89,0.528,13,38,0.342,18,20,8,30,38,29,13,5,10,0.6011,124.0572,106.1929
2023-24,OKC,2024-04-10,OKC vs. SAS,SAS,True,W,127,89,38,47,101,0.465,16,38,0.421,17,21,7,55,62,33,12,6,12,0.5446,109.9377,77.0429
2023-24,OKC,2024-04-09,OKC vs. SAC,SAC,True,W,112,105,7,39,80,0.488,11,30,0.367,23,31,6,36,42,21,11,8,14,0.5562,109.2257,102.3991
2023-24,OKC,2024-04-07,OKC @ CHA,CHA,False,W,121,118,3,45,87,0.517,18,36,0.5,13,17,10,26,36,33,14,4,17,0.6207,120.0159,117.0403
2023-24,OKC,2024-04-05,OKC @ IND,IND,False,L,112,126,-14,42,86,0.488,8,30,0.267,20,24,9,30,39,24,8,6,15,0.5349,108.8435,122.449
2023-24,OKC,2024-04-03,OKC @ BOS,BOS,False,L,100,135,-35,35,81,0.432,5,24,0.208,25,28,5,26,31,21,8,5,14,0.463,98.6777,133.2149
2023-24,OKC,2024-04-02,OKC @ PHI,PHI,False,L,105,109,-4,37,87,0.425,13,39,0.333,18,22,12,31,43,30,10,9,15,0.5,106.2323,110.2792
2023-24,OKC,2024-03-31,OKC @ NYK,NYK,False,W,113,112,1,44,82,0.537,13,34,0.382,12,24,9,34,43,29,6,8,13,0.6159,113.2719,112.2694
2023-24,OKC,2024-03-29,OKC vs. PHX,PHX,True,W,128,103,25,49,87,0.563,16,30,0.533,14,14,7,31,38,33,7,7,11,0.6552,133.5002,107.4259
2023-24,OKC,2024-03-27,OKC vs. HOU,HOU,True,L,126,132,-6,47,96,0.49,14,38,0.368,18,24,13,36,49,26,7,7,19,0.5625,111.1699,116.4637
2023-24,OKC,2024-03-26,OKC @ NOP,NOP,False,W,119,112,7,46,86,0.535,15,34,0.441,12,14,7,38,45,28,5,3,12,0.6221,120.0323,112.9716
2023-24,OKC,2024-03-24,OKC @ MIL,MIL,False,L,93,118,-25,33,89,0.371,10,43,0.233,17,22,10,27,37,20,9,1,12,0.427,92.611,117.5065
2023-24,OKC,2024-03-22,OKC @ TOR,TOR,False,W,123,103,20,48,95,0.505,12,32,0.375,15,19,13,33,46,27,17,5,16,0.5684,116.1254,97.2432
2023-24,OKC,2024-03-20,OKC vs. UTA,UTA,True,W,119,107,12,43,88,0.489,10,34,0.294,23,29,10,35,45,29,10,7,10,0.5455,116.85,105.0668
2023-24,OKC,2024-03-16,OKC @ MEM,MEM,False,W,118,112,6,45,87,0.517,12,35,0.343,16,21,8,37,45,25,7,8,12,0.5862,118.1891,112.1795
2023-24,OKC,2024-03-14,OKC vs. DAL,DAL,True,W,126,119,7,45,86,0.523,16,39,0.41,20,23,8,26,34,28,10,7,13,0.6163,122.5919,115.7813
2023-24,OKC,2024-03-12,OKC vs. IND,IND,True,L,111,121,-10,43,99,0.434,14,37,0.378,11,15,13,37,50,24,5,4,13,0.5051,106.7513,116.3685
2023-24,OKC,2024-03-10,OKC vs. MEM,MEM,True,W,124,93,31,49,93,0.527,21,47,0.447,5,5,8,38,46,36,8,6,10,0.6398,127.1273,95.3455
2023-24,OKC,2024-03-08,OKC vs. MIA,MIA,True,W,107,100,7,42,89,0.472,12,38,0.316,11,13,9,36,45,28,5,8,9,0.5393,113.4436,106.0221
2023-24,OKC,2024-03-06,OKC @ POR,POR,False,W,128,120,8,43,74,0.581,9,22,0.409,33,39,7,32,39,23,10,5,18,0.6419,124.8537,117.0503
2023-24,OKC,2024-03-04,OKC @ LAL,LAL,False,L,104,116,-12,37,94,0.394,15,39,0.385,15,16,13,25,38,22,12,7,10,0.4734,105.0293,117.1481
2023-24,OKC,2024-03-03,OKC @ PHX,PHX,False,W,118,110,8,49,102,0.48,9,31,0.29,11,15,10,31,41,21,16,8,6,0.5245,112.1034,104.5031
2023-24,OKC,2024-02-29,OKC @ SAS,SAS,False,L,118,132,-14,44,89,0.494,9,31,0.29,21,22,7,30,37,20,6,2,11,0.5449,115.9819,129.7425
2023-24,OKC,2024-02-27,OKC vs. HOU,HOU,True,W,112,95,17,44,93,0.473,10,27,0.37,14,18,12,43,55,19,7,8,15,0.5269,106.748,90.5452
2023-24,OKC,2024-02-25,OKC @ HOU,HOU,False,W,123,110,13,46,97,0.474,17,35,0.486,14,15,10,38,48,30,12,8,12,0.5619,115.1039,102.9384
2023-24,OKC,2024-02-23,OKC vs. WAS,WAS,True,W,147,106,41,55,92,0.598,20,40,0.5,17,21,8,48,56,30,5,9,15,0.7065,132.7434,95.7197
2023-24,OKC,2024-02-22,OKC vs. LAC,LAC,True,W,129,107,22,50,90,0.556,17,35,0.486,12,17,8,36,44,24,9,11,15,0.65,125.1212,103.7827
2023-24,OKC,2024-02-13,OKC @ ORL,ORL,False,W,127,113,14,46,84,0.548,13,32,0.406,22,24,4,27,31,28,9,8,12,0.625,122.9667,109.4113
2023-24,OKC,2024-02-11,OKC vs. SAC,SAC,True,W,127,113,14,46,85,0.541,13,27,0.481,22,27,5,31,36,30,8,9,11,0.6176,122.9429,109.3901
2023-24,OKC,2024-02-10,OKC @ DAL,DAL,False,L,111,146,-35,38,98,0.388,17,47,0.362,18,21,12,28,40,23,5,4,10,0.4745,104.8357,137.892
2023-24,OKC,2024-02-06,OKC @ UTA,UTA,False,L,117,124,-7,43,90,0.478,19,37,0.514,12,18,9,23,32,26,9,9,11,0.5833,117.164,124.1738
2023-24,OKC,2024-02-04,OKC vs. TOR,TOR,True,W,135,127,8,52,110,0.473,23,63,0.365,8,8,14,31,45,40,6,8,11,0.5773,121.7532,114.5382
2023-24,OKC,2024-02-02,OKC vs. CHA,CHA,True,W,126,106,20,44,75,0.587,17,36,0.472,21,27,3,41,44,31,10,10,19,0.7,121.1306,101.9035
2023-24,OKC,2024-01-31,OKC vs. DEN,DEN,True,W,105,100,5,37,87,0.425,11,26,0.423,20,25,15,38,53,24,2,9,13,0.4885,108.2251,103.0715
2023-24,OKC,2024-01-29,OKC vs. MIN,MIN,True,L,101,107,-6,35,79,0.443,14,35,0.4,17,22,8,30,38,21,5,7,12,0.5316,108.4389,114.8808
2023-24,OKC,2024-01-28,OKC @ DET,DET,False,L,104,120,-16,44,92,0.478,8,28,0.286,8,12,11,32,43,17,7,5,10,0.5217,107.4158,123.9413
2023-24,OKC,2024-01-26,OKC @ NOP,NOP,False,W,107,83,24,42,88,0.477,10,33,0.303,13,14,6,39,45,22,11,5,13,0.5341,106.2984,82.4558
2023-24,OKC,2024-01-24,OKC @ SAS,SAS,False,W,140,114,26,54,96,0.563,18,40,0.45,14,16,16,31,47,36,11,8,16,0.6562,135.2396,110.1236
2023-24,OKC,2024-01-23,OKC vs. POR,POR,True,W,111,109,2,43,89,0.483,7,23,0.304,18,28,10,33,43,23,9,10,12,0.5225,107.9977,106.0518
2023-24,OKC,2024-01-20,OKC @ MIN,MIN,False,W,102,97,5,32,81,0.395,8,24,0.333,30,35,9,28,37,21,12,4,8,0.4444,104.5296,99.4056
2023-24,OKC,2024-01-18,OKC @ UTA,UTA,False,W,134,129,5,48,86,0.558,14,32,0.438,24,28,7,31,38,36,8,10,16,0.6395,123.9822,119.356
2023-24,OKC,2024-01-16,OKC @ LAC,LAC,False,L,117,128,-11,42,83,0.506,16,34,0.471,17,20,9,26,35,30,5,5,12,0.6024,123.2098,134.7936
2023-24,OKC,2024-01-15,OKC @ LAL,LAL,False,L,105,112,-7,40,96,0.417,15,49,0.306,10,11,13,27,40,23,11,6,11,0.4948,105.1262,112.1346
2023-24,OKC,2024-01-13,OKC vs. ORL,ORL,True,W,112,100,12,43,94,0.457,8,36,0.222,18,21,12,34,46,23,9,4,9,0.5,112.1121,100.1001
2023-24,OKC,2024-01-11,OKC vs. POR,POR,True,W,139,77,62,53,93,0.57,14,35,0.4,19,22,8,51,59,41,6,8,13,0.6452,130.6882,72.3956
2023-24,OKC,2024-01-10,OKC @ MIA,MIA,False,W,128,120,8,51,86,0.593,14,33,0.424,12,16,4,38,42,36,4,4,13,0.6744,124.6591,116.8679
2023-24,OKC,2024-01-08,OKC @ WAS,WAS,False,W,136,128,8,52,88,0.591,14,28,0.5,18,24,10,30,40,37,11,7,15,0.6705,130.5684,122.8879
2023-24,OKC,2024-01-05,OKC @ BKN,BKN,False,L,115,124,-9,45,84,0.536,9,31,0.29,16,24,7,29,36,29,8,5,13,0.5893,114.3823,123.334
2023-24,OKC,2024-01-03,OKC @ ATL,ATL,False,L,138,141,-3,50,91,0.549,18,36,0.5,20,26,9,28,37,30,10,1,13,0.6484,128.9961,131.8003
2023-24,OKC,2024-01-02,OKC vs. BOS,BOS,True,W,127,123,4,48,91,0.527,18,40,0.45,13,17,10,28,38,34,7,10,12,0.6264,125.5934,121.6377
2023-24,OKC,2023-12-31,OKC vs. BKN,BKN,True,W,124,108,16,45,83,0.542,18,33,0.545,16,20,5,41,46,31,1,6,15,0.6506,120.7165,105.1402
2023-24,OKC,2023-12-29,OKC @ DEN,DEN,False,W,119,93,26,46,91,0.505,12,35,0.343,15,16,10,41,51,29,10,8,12,0.5714,116.8729,91.3377
2023-24,OKC,2023-12-27,OKC vs. NYK,NYK,True,W,129,120,9,49,90,0.544,14,32,0.438,17,22,3,24,27,20,6,10,4,0.6222,125.9274,117.1417
2023-24,OKC,2023-12-26,OKC vs. MIN,MIN,True,W,129,106,23,49,81,0.605,18,39,0.462,13,16,3,26,29,35,9,7,15,0.716,127.0185,104.3718
2023-24,OKC,2023-12-23,OKC vs. LAL,LAL,True,L,120,129,-9,46,95,0.484,13,41,0.317,15,19,11,31,42,24,6,7,9,0.5526,118.5302,127.42
2023-24,OKC,2023-12-21,OKC vs. LAC,LAC,True,W,134,115,19,51,87,0.586,16,34,0.471,16,18,6,32,38,35,9,5,12,0.6782,131.8898,113.189
2023-24,OKC,2023-12-18,OKC vs. MEM,MEM,True,W,116,97,19,42,92,0.457,11,36,0.306,21,23,10,43,53,31,11,10,12,0.5163,108.7364,90.9261
2023-24,OKC,2023-12-16,OKC @ DEN,DEN,False,W,118,117,1,43,84,0.512,7,21,0.333,25,30,9,31,40,22,4,9,11,0.5536,120.5558,119.5341
2023-24,OKC,2023-12-14,OKC @ SAC,SAC,False,L,123,128,-5,44,102,0.431,11,36,0.306,24,27,16,28,44,26,8,7,14,0.4853,110.7509,115.253
2023-24,OKC,2023-12-11,OKC vs. UTA,UTA,True,W,134,120,14,50,96,0.521,18,38,0.474,16,17,7,32,39,35,9,7,12,0.6146,123.0939,110.2333
2023-24,OKC,2023-12-08,OKC vs. GSW,GSW,True,W,138,136,2,51,98,0.52,5,29,0.172,31,36,11,28,39,15,17,7,11,0.5459,118.4753,116.7582
2023-24,OKC,2023-12-06,OKC @ HOU,HOU,False,L,101,110,-9,37,87,0.425,8,29,0.276,19,24,4,26,30,22,14,10,9,0.4713,97.9441,106.6718
2023-24,OKC,2023-12-02,OKC @ DAL,DAL,False,W,126,120,6,44,100,0.44,20,44,0.455,18,22,16,34,50,24,8,5,13,0.54,119.9543,114.2422
2023-24,OKC,2023-11-30,OKC vs. LAL,LAL,True,W,133,110,23,50,94,0.532,14,42,0.333,19,22,8,40,48,29,9,6,9,0.6064,128.6516,106.4036
2023-24,OKC,2023-11-28,OKC @ MIN,MIN,False,L,103,106,-3,37,90,0.411,11,30,0.367,18,23,9,27,36,22,8,4,10,0.4722,101.378,104.3307
2023-24,OKC,2023-11-25,OKC vs. PHI,PHI,True,L,123,127,-4,43,98,0.439,16,43,0.372,21,26,13,25,38,29,3,3,4,0.5204,123.4692,127.4844
2023-24,OKC,2023-11-22,OKC vs. CHI,CHI,True,W,116,102,14,37,75,0.493,11,29,0.379,31,38,11,34,45,24,4,12,14,0.5667,121.3389,106.6946
2023-24,OKC,2023-11-19,OKC @ POR,POR,False,W,134,91,43,49,81,0.605,22,36,0.611,14,14,10,33,43,28,8,3,18,0.7407,137.1546,93.1423
2023-24,OKC,2023-11-18,OKC @ GSW,GSW,False,W,130,123,7,52,100,0.52,8,23,0.348,18,20,9,38,47,26,8,7,12,0.56,118.1603,111.7979
2023-24,OKC,2023-11-16,OKC @ GSW,GSW,False,W,128,109,19,44,87,0.506,19,32,0.594,21,23,7,35,42,31,10,3,13,0.6149,124.5863,106.0931
2023-24,OKC,2023-11-14,OKC vs. SAS,SAS,True,W,123,87,36,46,89,0.517,15,39,0.385,16,20,4,36,40,34,19,6,16,0.6011,112.452,79.5392
2023-24,OKC,2023-11-12,OKC @ PHX,PHX,False,W,111,99,12,40,82,0.488,10,27,0.37,21,25,6,27,33,23,9,8,9,0.5488,114.6457,102.2516
2023-24,OKC,2023-11-10,OKC @ SAC,SAC,False,L,98,105,-7,39,87,0.448,7,30,0.233,13,16,5,33,38,22,9,5,16,0.4885,94.5581,101.3122
2023-24,OKC,2023-11-08,OKC vs. CLE,CLE,True,W,128,120,8,44,86,0.512,12,28,0.429,28,30,12,29,41,23,10,8,14,0.5814,122.2074,114.5694
2023-24,OKC,2023-11-06,OKC vs. ATL,ATL,True,W,126,117,9,45,94,0.479,14,35,0.4,22,23,11,38,49,27,7,7,13,0.5532,118.7559,110.2733
2023-24,OKC,2023-11-03,OKC vs. GSW,GSW,True,L,139,141,-2,50,83,0.602,15,29,0.517,24,30,7,25,32,26,3,1,19,0.6928,129.0622,130.9192
2023-24,OKC,2023-11-01,OKC vs. NOP,NOP,True,L,106,110,-4,38,88,0.432,7,34,0.206,23,25,6,43,49,23,6,5,15,0.4716,100.1133,103.8912
2023-24,OKC,2023-10-30,OKC vs. DET,DET,True,W,124,112,12,44,83,0.53,13,29,0.448,23,28,6,38,44,21,9,10,15,0.6084,118.1628,106.7277
2023-24,OKC,2023-10-29,OKC vs. DEN,DEN,True,L,95,128,-33,37,90,0.411,6,32,0.188,15,18,7,22,29,22,8,4,10,0.4444,96.1344,129.5284
2023-24,OKC,2023-10-27,OKC @ CLE,CLE,False,W,108,105,3,40,87,0.46,13,26,0.5,15,19,6,41,47,22,8,10,18,0.5345,100.2413,97.4568
2023-24,OKC,2023-10-25,OKC @ CHI,CHI,False,W,124,104,20,45,82,0.549,19,39,0.487,15,18,5,38,43,30,6,4,16,0.6646,122.2639,102.5439
2023-24,ORL,2024-04-14,ORL vs. MIL,MIL,True,W,113,88,25,42,85,0.494,11,35,0.314,18,19,7,36,43,27,11,5,14,0.5588,115.6129,90.0348
2023-24,ORL,2024-04-12,ORL @ PHI,PHI,False,L,113,125,-12,43,95,0.453,8,27,0.296,19,25,10,35,45,25,7,7,11,0.4947,106.4431,117.7468
2023-24,ORL,2024-04-10,ORL @ MIL,MIL,False,L,99,117,-18,36,78,0.462,11,30,0.367,16,23,5,29,34,19,6,1,16,0.5321,100.5484,118.83
2023-24,ORL,2024-04-09,ORL @ HOU,HOU,False,L,106,118,-12,39,86,0.453,7,24,0.292,21,23,10,32,42,23,9,6,15,0.4942,105.4517,117.3896
2023-24,ORL,2024-04-07,ORL vs. CHI,CHI,True,W,113,98,15,42,90,0.467,11,34,0.324,18,19,10,30,40,24,12,4,10,0.5278,115.2826,99.9796
2023-24,ORL,2024-04-05,ORL @ CHA,CHA,False,L,115,124,-9,42,94,0.447,9,38,0.237,22,26,15,22,37,24,9,3,10,0.4947,115.834,124.8993
2023-24,ORL,2024-04-03,ORL @ NOP,NOP,False,W,117,108,9,41,80,0.513,13,32,0.406,22,30,7,32,39,27,9,2,13,0.5938,120.2961,111.0426
2023-24,ORL,2024-04-01,ORL vs. POR,POR,True,W,104,103,1,36,76,0.474,11,32,0.344,21,27,9,34,43,26,4,6,16,0.5461,108.6275,107.583
2023-24,ORL,2024-03-30,ORL vs. MEM,MEM,True,W,118,88,30,38,78,0.487,22,44,0.5,20,23,5,38,43,28,8,8,17,0.6282,118.2365,88.1764
2023-24,ORL,2024-03-29,ORL vs. LAC,LAC,True,L,97,100,-3,38,86,0.442,10,29,0.345,11,15,13,25,38,20,10,8,17,0.5,101.1049,104.2318
2023-24,ORL,2024-03-27,ORL vs. GSW,GSW,True,L,93,101,-8,36,85,0.424,10,32,0.313,11,21,10,29,39,25,10,5,11,0.4824,96.8952,105.2303
2023-24,ORL,2024-03-23,ORL vs. SAC,SAC,True,L,107,109,-2,42,88,0.477,10,35,0.286,13,18,12,37,49,27,5,3,13,0.5341,110.2184,112.2785
2023-24,ORL,2024-03-21,ORL vs. NOP,NOP,True,W,121,106,15,47,86,0.547,14,36,0.389,13,19,10,30,40,33,12,4,16,0.6279,118.8605,104.1257
2023-24,ORL,2024-03-19,ORL vs. CHA,CHA,True,W,112,92,20,44,81,0.543,12,34,0.353,12,13,10,31,41,32,10,6,18,0.6173,117.4743,96.4967
2023-24,ORL,2024-03-17,ORL vs. TOR,TOR,True,W,111,96,15,43,85,0.506,11,36,0.306,14,20,10,29,39,22,7,4,15,0.5706,113.0346,97.7597
2023-24,ORL,2024-03-15,ORL @ TOR,TOR,False,W,113,103,10,40,80,0.5,14,31,0.452,19,22,6,33,39,25,7,4,15,0.5875,115.6129,105.3816
2023-24,ORL,2024-03-13,ORL vs. BKN,BKN,True,W,114,106,8,40,77,0.519,14,32,0.438,20,26,6,28,34,29,6,6,13,0.6104,117.9392,109.6627
2023-24,ORL,2024-03-10,ORL vs. IND,IND,True,L,97,111,-14,33,88,0.375,9,36,0.25,22,29,13,33,46,18,7,3,13,0.4261,96.3831,110.2941
2023-24,ORL,2024-03-08,ORL @ NYK,NYK,False,L,74,98,-24,27,79,0.342,6,26,0.231,14,20,12,25,37,12,7,10,14,0.3797,83.4649,110.5346
2023-24,ORL,2024-03-06,ORL @ WAS,WAS,False,W,119,109,10,44,81,0.543,12,26,0.462,19,21,9,33,42,21,4,5,15,0.6173,123.2905,112.93
2023-24,ORL,2024-03-05,ORL @ CHA,CHA,False,W,101,89,12,40,74,0.541,13,35,0.371,8,15,8,33,41,23,9,1,18,0.6284,110.1177,97.0345
2023-24,ORL,2024-03-03,ORL vs. DET,DET,True,W,113,91,22,43,72,0.597,7,23,0.304,20,25,7,41,48,24,7,6,22,0.6458,113.1131,91.0911
2023-24,ORL,2024-02-29,ORL vs. UTA,UTA,True,W,115,107,8,42,77,0.545,10,30,0.333,21,31,10,35,45,27,9,6,15,0.6104,118.5812,110.332
2023-24,ORL,2024-02-27,ORL vs. BKN,BKN,True,W,108,81,27,39,74,0.527,9,25,0.36,21,25,5,33,38,20,14,2,19,0.5878,109.5557,82.1668
2023-24,ORL,2024-02-25,ORL @ ATL,ATL,False,L,92,109,-17,35,84,0.417,14,38,0.368,8,18,14,37,51,23,7,9,20,0.5,93.6864,110.998
2023-24,ORL,2024-02-24,ORL @ DET,DET,False,W,112,109,3,43,87,0.494,12,24,0.5,14,21,13,33,46,25,9,9,13,0.5632,116.691,113.5653
2023-24,ORL,2024-02-22,ORL @ CLE,CLE,False,W,116,109,7,43,84,0.512,14,25,0.56,16,18,10,23,33,26,8,3,13,0.5952,123.1684,115.7358
2023-24,ORL,2024-02-14,ORL vs. NYK,NYK,True,W,118,100,18,48,76,0.632,12,26,0.462,10,11,7,27,34,25,7,7,12,0.7105,133.7868,113.3787
2023-24,ORL,2024-02-13,ORL vs. OKC,OKC,True,L,113,127,-14,41,91,0.451,11,36,0.306,20,25,14,34,48,29,6,3,16,0.511,109.4113,122.9667
2023-24,ORL,2024-02-10,ORL vs. CHI,CHI,True,W,114,108,6,41,88,0.466,13,39,0.333,19,26,13,35,48,23,4,6,17,0.5398,114.8036,108.7613
2023-24,ORL,2024-02-08,ORL vs. SAS,SAS,True,W,127,111,16,49,82,0.598,16,27,0.593,13,20,8,31,39,34,11,5,17,0.6951,127.4589,111.401
2023-24,ORL,2024-02-06,ORL @ MIA,MIA,False,L,95,121,-26,35,80,0.438,10,35,0.286,15,21,8,31,39,25,7,3,18,0.5,96.8597,123.3687
2023-24,ORL,2024-02-04,ORL @ DET,DET,False,W,111,99,12,45,84,0.536,10,24,0.417,11,15,7,30,37,22,7,3,10,0.5952,117.2866,104.6069
2023-24,ORL,2024-02-02,ORL @ MIN,MIN,False,W,108,106,2,39,85,0.459,9,25,0.36,21,26,10,32,42,24,11,4,15,0.5118,106.2783,104.3102
2023-24,ORL,2024-01-31,ORL @ SAS,SAS,False,W,108,98,10,41,86,0.477,7,20,0.35,19,23,12,33,45,29,10,5,16,0.5174,106.5719,96.7042
2023-24,ORL,2024-01-29,ORL @ DAL,DAL,False,L,129,131,-2,45,88,0.511,18,38,0.474,21,28,12,23,35,27,7,1,12,0.6136,128.8454,130.843
2023-24,ORL,2024-01-28,ORL vs. PHX,PHX,True,W,113,98,15,41,92,0.446,12,36,0.333,19,26,11,29,40,30,12,7,10,0.5109,112.0587,97.1837
2023-24,ORL,2024-01-26,ORL @ MEM,MEM,False,L,106,107,-1,38,81,0.469,9,34,0.265,21,29,9,31,40,21,8,4,11,0.5247,107.899,108.9169
2023-24,ORL,2024-01-22,ORL vs. CLE,CLE,True,L,99,126,-27,34,74,0.459,11,29,0.379,20,30,8,26,34,25,7,0,15,0.5338,105.9503,134.8459
2023-24,ORL,2024-01-21,ORL vs. MIA,MIA,True,W,105,87,18,37,78,0.474,9,28,0.321,22,28,12,32,44,21,5,5,14,0.5321,112.7577,93.4278
2023-24,ORL,2024-01-19,ORL vs. PHI,PHI,True,L,109,124,-15,37,78,0.474,10,23,0.435,25,27,11,25,36,24,3,5,16,0.5385,116.8024,132.8761
2023-24,ORL,2024-01-17,ORL @ ATL,ATL,False,L,104,106,-2,39,88,0.443,10,35,0.286,16,22,16,24,40,18,16,8,13,0.5,107.5714,109.64
2023-24,ORL,2024-01-15,ORL @ NYK,NYK,False,W,98,94,4,38,85,0.447,8,29,0.276,14,21,13,33,46,26,2,3,8,0.4941,109.5462,105.0749
2023-24,ORL,2024-01-13,ORL @ OKC,OKC,False,L,100,112,-12,39,84,0.464,7,35,0.2,15,24,11,39,50,21,5,8,16,0.506,100.1001,112.1121
2023-24,ORL,2024-01-12,ORL @ MIA,MIA,False,L,96,99,-3,36,82,0.439,12,40,0.3,12,20,10,28,38,26,10,8,13,0.5122,100.7345,103.8825
2023-24,ORL,2024-01-09,ORL vs. MIN,MIN,True,L,92,113,-21,34,94,0.362,13,42,0.31,11,18,16,30,46,20,13,5,13,0.4309,91.8714,112.842
2023-24,ORL,2024-01-07,ORL vs. ATL,ATL,True,W,117,110,7,43,98,0.439,17,41,0.415,14,22,13,44,57,25,8,3,13,0.5255,108.1131,101.6448
2023-24,ORL,2024-01-05,ORL @ DEN,DEN,False,W,122,120,2,41,82,0.5,17,36,0.472,23,34,11,29,40,25,9,3,15,0.6037,117.1275,115.2074
2023-24,ORL,2024-01-03,ORL @ SAC,SAC,False,L,135,138,-3,44,90,0.489,25,44,0.568,22,27,7,32,39,33,10,7,21,0.6278,113.6746,116.2007
2023-24,ORL,2024-01-02,ORL @ GSW,GSW,False,L,115,121,-6,41,92,0.446,14,36,0.389,19,23,16,25,41,19,8,4,18,0.5217,114.2006,120.1589
2023-24,ORL,2023-12-31,ORL @ PHX,PHX,False,L,107,112,-5,42,90,0.467,12,37,0.324,11,12,8,37,45,22,2,4,15,0.5333,107.7326,112.7668
2023-24,ORL,2023-12-29,ORL vs. NYK,NYK,True,W,117,108,9,40,89,0.449,7,33,0.212,30,40,14,35,49,24,10,6,15,0.4888,108.1531,99.8336
2023-24,ORL,2023-12-27,ORL vs. PHI,PHI,True,L,92,112,-20,31,79,0.392,9,33,0.273,21,24,9,34,43,17,5,11,16,0.4494,92.9105,113.1085
2023-24,ORL,2023-12-26,ORL @ WAS,WAS,False,W,127,119,8,49,93,0.527,12,26,0.462,17,25,7,33,40,30,11,5,16,0.5914,115.8548,108.5568
2023-24,ORL,2023-12-23,ORL @ IND,IND,False,W,117,110,7,39,73,0.534,6,18,0.333,33,41,10,29,39,22,9,5,15,0.5753,122.0275,114.7267
2023-24,ORL,2023-12-21,ORL @ MIL,MIL,False,L,114,118,-4,45,99,0.455,8,33,0.242,16,23,13,32,45,26,6,9,7,0.4949,107.7912,111.5734
2023-24,ORL,2023-12-20,ORL vs. MIA,MIA,True,L,106,115,-9,41,89,0.461,9,36,0.25,15,19,15,34,49,29,8,5,12,0.5112,112.2168,121.7447
2023-24,ORL,2023-12-17,ORL @ BOS,BOS,False,L,97,114,-17,34,89,0.382,11,36,0.306,18,24,10,33,43,18,7,4,9,0.4438,96.479,113.3877
2023-24,ORL,2023-12-15,ORL @ BOS,BOS,False,L,111,128,-17,42,87,0.483,14,35,0.4,13,18,13,32,45,25,5,2,21,0.5632,107.9137,124.441
2023-24,ORL,2023-12-11,ORL vs. CLE,CLE,True,W,104,94,10,39,84,0.464,7,26,0.269,19,25,12,31,43,22,7,8,14,0.506,108.0407,97.6522
2023-24,ORL,2023-12-08,ORL vs. DET,DET,True,W,123,91,32,49,89,0.551,10,26,0.385,15,19,6,39,45,26,5,4,10,0.6067,122.4368,90.5833
2023-24,ORL,2023-12-06,ORL @ CLE,CLE,False,L,111,121,-10,41,84,0.488,2,23,0.087,27,37,7,29,36,22,10,6,11,0.5,107.7252,117.4301
2023-24,ORL,2023-12-02,ORL @ BKN,BKN,False,L,101,129,-28,35,88,0.398,9,29,0.31,22,27,8,29,37,24,3,5,11,0.4489,98.7678,126.149
2023-24,ORL,2023-12-01,ORL vs. WAS,WAS,True,W,130,125,5,46,89,0.517,12,31,0.387,26,33,10,34,44,35,6,8,15,0.5843,119.7274,115.1225
2023-24,ORL,2023-11-29,ORL vs. WAS,WAS,True,W,139,120,19,51,84,0.607,17,27,0.63,20,24,9,35,44,34,5,6,19,0.7083,132.4062,114.3075
2023-24,ORL,2023-11-26,ORL vs. CHA,CHA,True,W,130,117,13,47,87,0.54,10,27,0.37,26,33,7,37,44,33,10,3,15,0.5977,120.0813,108.0732
2023-24,ORL,2023-11-24,ORL vs. BOS,BOS,True,W,113,96,17,43,85,0.506,11,28,0.393,16,22,13,35,48,23,5,3,18,0.5706,111.352,94.5999
2023-24,ORL,2023-11-22,ORL vs. DEN,DEN,True,W,124,119,5,44,81,0.543,10,29,0.345,26,30,11,30,41,27,9,7,12,0.6049,128.8713,123.6749
2023-24,ORL,2023-11-21,ORL vs. TOR,TOR,True,W,126,107,19,50,100,0.5,12,31,0.387,14,20,15,25,40,31,12,8,13,0.56,119.7263,101.6724
2023-24,ORL,2023-11-19,ORL @ IND,IND,False,W,128,116,12,43,87,0.494,7,20,0.35,35,42,8,34,42,21,10,10,15,0.5345,113.2142,102.6004
2023-24,ORL,2023-11-17,ORL @ CHI,CHI,False,W,103,97,6,38,79,0.481,11,34,0.324,16,23,10,36,46,24,7,7,19,0.5506,104.1456,98.0789
2023-24,ORL,2023-11-15,ORL @ CHI,CHI,False,W,96,94,2,32,82,0.39,8,28,0.286,24,30,12,34,46,20,12,3,15,0.439,98.0192,95.9771
2023-24,ORL,2023-11-14,ORL @ BKN,BKN,False,L,104,124,-20,36,82,0.439,16,46,0.348,16,21,9,28,37,23,9,4,16,0.5366,106.6448,127.1534
2023-24,ORL,2023-11-11,ORL vs. MIL,MIL,True,W,112,97,15,36,84,0.429,10,26,0.385,30,35,15,28,43,24,9,2,16,0.4881,110.6719,95.8498
2023-24,ORL,2023-11-09,ORL vs. ATL,ATL,True,L,119,120,-1,42,90,0.467,10,27,0.37,25,35,18,29,47,19,12,6,19,0.5222,110.904,111.836
2023-24,ORL,2023-11-06,ORL vs. DAL,DAL,True,L,102,117,-15,40,85,0.471,8,27,0.296,14,18,6,32,38,27,6,4,21,0.5176,96.1176,110.2525
2023-24,ORL,2023-11-04,ORL vs. LAL,LAL,True,W,120,101,19,46,101,0.455,12,33,0.364,16,19,19,32,51,29,6,9,16,0.5149,116.1665,97.7735
2023-24,ORL,2023-11-02,ORL @ UTA,UTA,False,W,115,113,2,39,85,0.459,10,29,0.345,27,36,10,33,43,27,17,9,17,0.5176,106.8376,104.9796
2023-24,ORL,2023-10-31,ORL @ LAC,LAC,False,L,102,118,-16,38,81,0.469,7,30,0.233,19,33,7,33,40,23,9,3,16,0.5123,96.8477,112.0395
2023-24,ORL,2023-10-30,ORL @ LAL,LAL,False,L,103,106,-3,38,95,0.4,14,35,0.4,13,18,12,32,44,28,10,3,11,0.4737,102.061,105.0337
2023-24,ORL,2023-10-27,ORL @ POR,POR,False,W,102,97,5,36,79,0.456,9,28,0.321,21,32,10,35,45,22,10,5,14,0.5127,104.444,99.3242
2023-24,ORL,2023-10-25,ORL vs. HOU,HOU,True,W,116,86,30,42,87,0.483,9,34,0.265,23,26,17,40,57,19,8,6,16,0.5345,118.6822,87.9885
2023-24,PHI,2024-04-14,PHI vs. BKN,BKN,True,W,107,86,21,41,96,0.427,14,44,0.318,11,15,13,44,57,30,8,6,14,0.5,105.3772,84.6957
2023-24,PHI,2024-04-12,PHI vs. ORL,ORL,True,W,125,113,12,42,88,0.477,18,37,0.486,23,28,8,36,44,22,6,6,13,0.5795,117.7468,106.4431
2023-24,PHI,2024-04-09,PHI vs. DET,DET,True,W,120,102,18,44,98,0.449,13,37,0.351,19,23,16,35,51,29,11,8,9,0.5153,118.4133,100.6513
2023-24,PHI,2024-04-07,PHI @ SAS,SAS,False,W,133,126,7,52,114,0.456,12,39,0.308,17,19,8,38,46,31,15,3,12,0.5088,107.7796,102.107
2023-24,PHI,2024-04-06,PHI @ MEM,MEM,False,W,116,96,20,41,79,0.519,16,39,0.41,18,23,9,32,41,27,12,9,19,0.6203,116.3724,96.3082
2023-24,PHI,2024-04-04,PHI @ MIA,MIA,False,W,109,105,4,43,92,0.467,14,40,0.35,9,11,8,33,41,28,11,7,11,0.5435,107.9849,104.0222
2023-24,PHI,2024-04-02,PHI vs. OKC,OKC,True,W,109,105,4,36,78,0.462,14,30,0.467,23,25,9,33,42,27,8,4,18,0.5513,110.2792,106.2323
2023-24,PHI,2024-03-31,PHI @ TOR,TOR,False,W,135,120,15,49,83,0.59,24,43,0.558,13,16,9,30,39,28,6,10,16,0.7349,134.4354,119.4981
2023-24,PHI,2024-03-29,PHI @ CLE,CLE,False,L,114,117,-3,42,94,0.447,16,40,0.4,14,17,16,26,42,28,6,7,9,0.5319,119.2469,122.3849
2023-24,PHI,2024-03-27,PHI vs. LAC,LAC,True,L,107,108,-1,39,82,0.476,13,33,0.394,16,19,10,41,51,17,3,11,12,0.5549,113.733,114.7959
2023-24,PHI,2024-03-25,PHI @ SAC,SAC,False,L,96,108,-12,34,82,0.415,11,34,0.324,17,20,15,32,47,18,2,4,15,0.4817,103.1593,116.0542
2023-24,PHI,2024-03-24,PHI @ LAC,LAC,False,W,121,107,14,48,90,0.533,18,37,0.486,7,9,12,25,37,32,7,10,8,0.6333,130.8957,115.7508
2023-24,PHI,2024-03-22,PHI @ LAL,LAL,False,L,94,101,-7,33,96,0.344,8,37,0.216,20,24,13,29,42,20,13,7,9,0.3854,93.9624,100.9596
2023-24,PHI,2024-03-20,PHI @ PHX,PHX,False,L,102,115,-13,41,95,0.432,13,37,0.351,7,18,13,27,40,33,12,7,11,0.5,100.2753,113.0554
2023-24,PHI,2024-03-18,PHI vs. MIA,MIA,True,W,98,91,7,37,85,0.435,13,36,0.361,11,12,7,39,46,23,7,12,12,0.5118,100.8023,93.6021
2023-24,PHI,2024-03-16,PHI vs. CHA,CHA,True,W,109,98,11,36,81,0.444,13,41,0.317,24,25,10,31,41,25,9,4,16,0.5247,113.589,102.1259
2023-24,PHI,2024-03-14,PHI @ MIL,MIL,False,L,105,114,-9,39,79,0.494,17,35,0.486,10,14,6,24,30,20,6,4,13,0.6013,114.3044,124.1019
2023-24,PHI,2024-03-12,PHI @ NYK,NYK,False,L,79,106,-27,30,80,0.375,8,33,0.242,11,16,7,24,31,17,7,4,8,0.425,88.9439,119.3425
2023-24,PHI,2024-03-10,PHI @ NYK,NYK,False,W,79,73,6,31,80,0.388,9,30,0.3,8,14,14,33,47,20,9,5,15,0.4438,88.1696,81.4732
2023-24,PHI,2024-03-08,PHI vs. NOP,NOP,True,L,95,103,-8,35,88,0.398,9,37,0.243,16,20,13,29,42,21,8,7,12,0.4489,100.0421,108.4667
2023-24,PHI,2024-03-06,PHI vs. MEM,MEM,True,L,109,115,-6,39,102,0.382,13,35,0.371,18,21,17,30,47,25,11,9,11,0.4461,105.6406,111.4557
2023-24,PHI,2024-03-05,PHI @ BKN,BKN,False,L,107,112,-5,40,82,0.488,12,28,0.429,15,19,8,30,38,25,6,2,12,0.561,110.9268,116.1103
2023-24,PHI,2024-03-03,PHI @ DAL,DAL,False,W,120,116,4,40,88,0.455,11,37,0.297,29,31,13,29,42,26,10,5,9,0.517,120.7486,116.7237
2023-24,PHI,2024-03-01,PHI vs. CHA,CHA,True,W,121,114,7,46,96,0.479,19,44,0.432,10,11,15,33,48,38,5,7,7,0.5781,132.7337,125.0548
2023-24,PHI,2024-02-27,PHI @ BOS,BOS,False,L,99,117,-18,37,94,0.394,14,42,0.333,11,12,8,20,28,20,6,5,10,0.4681,100.7326,119.0476
2023-24,PHI,2024-02-25,PHI vs. MIL,MIL,True,L,98,119,-21,36,97,0.371,16,46,0.348,10,11,13,28,41,24,12,5,10,0.4536,99.11,120.3479
2023-24,PHI,2024-02-23,PHI vs. CLE,CLE,True,W,104,97,7,40,90,0.444,12,29,0.414,12,15,9,42,51,20,6,7,10,0.5111,105.4553,98.3573
2023-24,PHI,2024-02-22,PHI vs. NYK,NYK,True,L,96,110,-14,37,84,0.44,10,29,0.345,12,14,7,31,38,23,7,3,18,0.5,96.9501,111.0887
2023-24,PHI,2024-02-14,PHI vs. MIA,MIA,True,L,104,109,-5,41,86,0.477,10,35,0.286,12,16,6,33,39,29,3,1,14,0.5349,104.712,109.7463
2023-24,PHI,2024-02-12,PHI @ CLE,CLE,False,W,123,121,2,48,88,0.545,11,26,0.423,16,19,11,31,42,25,5,4,11,0.608,125.9214,123.8739
2023-24,PHI,2024-02-10,PHI @ WAS,WAS,False,W,119,113,6,48,100,0.48,8,27,0.296,15,23,13,35,48,28,8,4,11,0.52,111.5486,105.9243
2023-24,PHI,2024-02-09,PHI vs. ATL,ATL,True,L,121,127,-6,42,98,0.429,15,45,0.333,22,29,18,31,49,24,7,6,10,0.5051,119.6361,125.5685
2023-24,PHI,2024-02-07,PHI vs. GSW,GSW,True,L,104,127,-23,41,98,0.418,8,32,0.25,14,14,11,29,40,21,7,8,15,0.4592,97.726,119.3385
2023-24,PHI,2024-02-05,PHI vs. DAL,DAL,True,L,102,118,-16,40,93,0.43,8,29,0.276,14,20,16,35,51,20,8,5,12,0.4731,103.5954,119.8456
2023-24,PHI,2024-02-03,PHI vs. BKN,BKN,True,L,121,136,-15,44,96,0.458,12,29,0.414,21,27,11,33,44,26,7,1,5,0.5208,117.4757,132.0388
2023-24,PHI,2024-02-01,PHI @ UTA,UTA,False,W,127,124,3,47,94,0.5,14,32,0.438,19,21,10,30,40,27,6,11,5,0.5745,128.7771,125.7351
2023-24,PHI,2024-01-30,PHI @ GSW,GSW,False,L,107,119,-12,39,85,0.459,13,30,0.433,16,21,13,26,39,11,14,2,16,0.5353,109.9692,122.3022
2023-24,PHI,2024-01-29,PHI @ POR,POR,False,L,104,130,-26,37,83,0.446,5,29,0.172,25,28,12,22,34,17,6,5,17,0.4759,104.4806,130.6008
2023-24,PHI,2024-01-27,PHI @ DEN,DEN,False,L,105,111,-6,43,81,0.531,6,22,0.273,13,16,6,33,39,25,5,6,11,0.5679,112.4438,118.8691
2023-24,PHI,2024-01-25,PHI @ IND,IND,False,L,122,134,-12,42,87,0.483,7,29,0.241,31,43,6,25,31,24,13,6,12,0.523,109.3386,120.0932
2023-24,PHI,2024-01-22,PHI vs. SAS,SAS,True,W,133,123,10,48,97,0.495,5,20,0.25,32,40,19,29,48,28,5,3,4,0.5206,133.3467,123.3206
2023-24,PHI,2024-01-20,PHI @ CHA,CHA,False,W,97,89,8,36,85,0.424,5,25,0.2,20,24,6,40,46,21,7,6,10,0.4529,96.6521,88.6807
2023-24,PHI,2024-01-19,PHI @ ORL,ORL,False,W,124,109,15,42,87,0.483,13,30,0.433,27,29,16,26,42,23,11,5,8,0.5575,132.8761,116.8024
2023-24,PHI,2024-01-16,PHI vs. DEN,DEN,True,W,126,121,5,43,76,0.566,15,31,0.484,25,34,5,27,32,27,6,7,8,0.6645,133.3616,128.0694
2023-24,PHI,2024-01-15,PHI vs. HOU,HOU,True,W,124,115,9,40,83,0.482,15,31,0.484,29,34,8,33,41,25,8,4,11,0.5723,123.9752,114.977
2023-24,PHI,2024-01-12,PHI vs. SAC,SAC,True,W,112,93,19,40,93,0.43,15,35,0.429,17,18,14,32,46,23,11,9,14,0.5108,111.2435,92.3719
2023-24,PHI,2024-01-10,PHI @ ATL,ATL,False,L,132,139,-7,46,102,0.451,12,34,0.353,28,33,13,38,51,26,8,9,11,0.5098,113.7931,119.8276
2023-24,PHI,2024-01-06,PHI vs. UTA,UTA,True,L,109,120,-11,42,104,0.404,7,38,0.184,18,23,15,19,34,30,12,6,6,0.4375,103.4745,113.9168
2023-24,PHI,2024-01-05,PHI vs. NYK,NYK,True,L,92,128,-36,33,81,0.407,6,23,0.261,20,27,8,30,38,22,8,9,14,0.4444,91.1433,126.808
2023-24,PHI,2024-01-02,PHI vs. CHI,CHI,True,W,110,97,13,38,80,0.475,12,30,0.4,22,30,6,37,43,28,9,6,19,0.55,104.1075,91.8039
2023-24,PHI,2023-12-30,PHI @ CHI,CHI,False,L,92,105,-13,36,92,0.391,9,38,0.237,11,15,12,24,36,24,12,5,8,0.4402,95.9333,109.4891
2023-24,PHI,2023-12-29,PHI @ HOU,HOU,False,W,131,127,4,45,86,0.523,12,33,0.364,29,33,11,19,30,22,10,5,10,0.593,129.2168,125.2713
2023-24,PHI,2023-12-27,PHI @ ORL,ORL,False,W,112,92,20,45,96,0.469,10,28,0.357,12,17,12,36,48,14,10,8,10,0.5208,113.1085,92.9105
2023-24,PHI,2023-12-25,PHI @ MIA,MIA,False,L,113,119,-6,40,94,0.426,17,45,0.378,16,25,5,31,36,23,11,4,8,0.516,108.4453,114.2035
2023-24,PHI,2023-12-22,PHI vs. TOR,TOR,True,W,121,111,10,44,83,0.53,14,31,0.452,19,21,3,35,38,34,6,6,14,0.6145,118.8839,109.0588
2023-24,PHI,2023-12-20,PHI vs. MIN,MIN,True,W,127,113,14,45,84,0.536,8,22,0.364,29,32,7,29,36,20,9,3,12,0.5833,123.5168,109.9008
2023-24,PHI,2023-12-18,PHI vs. CHI,CHI,True,L,104,108,-4,38,88,0.432,11,32,0.344,17,19,9,35,44,23,8,8,12,0.4943,107.2386,111.3632
2023-24,PHI,2023-12-16,PHI @ CHA,CHA,False,W,135,82,53,53,88,0.602,14,31,0.452,15,17,5,40,45,30,10,6,10,0.6818,134.1148,81.4623
2023-24,PHI,2023-12-15,PHI vs. DET,DET,True,W,124,92,32,41,98,0.418,14,37,0.378,28,31,16,38,54,24,17,8,12,0.4898,116.5633,86.4824
2023-24,PHI,2023-12-13,PHI @ DET,DET,False,W,129,111,18,45,87,0.517,11,30,0.367,28,34,10,43,53,28,6,4,11,0.5805,123.9431,106.6487
2023-24,PHI,2023-12-11,PHI vs. WAS,WAS,True,W,146,101,45,52,95,0.547,20,46,0.435,22,25,9,38,47,37,14,6,14,0.6526,133.5529,92.3893
2023-24,PHI,2023-12-08,PHI vs. ATL,ATL,True,W,125,114,11,42,87,0.483,11,30,0.367,30,37,14,34,48,24,6,8,11,0.546,122.2374,111.4805
2023-24,PHI,2023-12-06,PHI @ WAS,WAS,False,W,131,126,5,47,92,0.511,8,27,0.296,29,34,11,32,43,29,7,2,11,0.5543,123.8888,119.1602
2023-24,PHI,2023-12-01,PHI @ BOS,BOS,False,L,119,125,-6,43,94,0.457,16,35,0.457,17,23,15,27,42,16,16,5,16,0.5426,114.4451,120.2154
2023-24,PHI,2023-11-29,PHI @ NOP,NOP,False,L,114,124,-10,42,81,0.519,14,34,0.412,16,18,8,22,30,28,8,7,21,0.6049,112.3817,122.2397
2023-24,PHI,2023-11-27,PHI vs. LAL,LAL,True,W,138,94,44,47,93,0.505,22,46,0.478,22,26,15,33,48,33,11,2,7,0.6237,140.7015,95.8401
2023-24,PHI,2023-11-25,PHI @ OKC,OKC,False,W,127,123,4,38,83,0.458,14,41,0.341,37,45,17,32,49,30,2,9,13,0.5422,127.4844,123.4692
2023-24,PHI,2023-11-22,PHI @ MIN,MIN,False,L,99,112,-13,34,87,0.391,7,32,0.219,24,30,16,32,48,21,9,12,15,0.431,98.1364,111.023
2023-24,PHI,2023-11-21,PHI vs. CLE,CLE,True,L,119,122,-3,40,96,0.417,11,35,0.314,28,34,14,30,44,19,12,8,14,0.474,109.1943,111.9471
2023-24,PHI,2023-11-19,PHI @ BKN,BKN,False,W,121,99,22,44,94,0.468,16,35,0.457,17,18,10,34,44,32,8,4,5,0.5532,126.7281,103.6866
2023-24,PHI,2023-11-17,PHI @ ATL,ATL,False,W,126,116,10,43,88,0.489,13,30,0.433,27,28,13,30,43,32,9,4,17,0.5625,122.6158,112.8844
2023-24,PHI,2023-11-15,PHI vs. BOS,BOS,True,L,107,117,-10,39,85,0.459,11,30,0.367,18,22,10,31,41,18,5,1,9,0.5235,113.8056,124.4416
2023-24,PHI,2023-11-14,PHI vs. IND,IND,True,L,126,132,-6,43,86,0.5,6,22,0.273,34,35,5,33,38,22,5,3,16,0.5349,114.0684,119.5003
2023-24,PHI,2023-11-12,PHI vs. IND,IND,True,W,137,126,11,53,105,0.505,14,33,0.424,17,20,23,31,54,28,5,7,12,0.5714,134.8691,124.0402
2023-24,PHI,2023-11-10,PHI @ DET,DET,False,W,114,106,8,35,83,0.422,9,28,0.321,35,41,11,35,46,23,13,5,9,0.4759,113.5911,105.6198
2023-24,PHI,2023-11-08,PHI vs. BOS,BOS,True,W,106,103,3,42,95,0.442,9,34,0.265,13,15,12,44,56,20,7,7,14,0.4895,102.4353,99.5361
2023-24,PHI,2023-11-06,PHI vs. WAS,WAS,True,W,146,128,18,51,91,0.56,12,31,0.387,32,36,10,35,45,37,12,7,16,0.6264,128.8387,112.9545
2023-24,PHI,2023-11-04,PHI vs. PHX,PHX,True,W,112,100,12,43,90,0.478,11,30,0.367,15,18,15,36,51,24,5,6,18,0.5389,111.7541,99.7805
2023-24,PHI,2023-11-02,PHI vs. TOR,TOR,True,W,114,99,15,42,92,0.457,9,25,0.36,21,25,15,31,46,21,12,3,14,0.5054,114.366,99.3178
2023-24,PHI,2023-10-29,PHI vs. POR,POR,True,W,126,98,28,40,82,0.488,11,28,0.393,35,40,11,40,51,28,10,17,16,0.5549,119.8402,93.2091
2023-24,PHI,2023-10-28,PHI @ TOR,TOR,False,W,114,107,7,43,86,0.5,10,28,0.357,18,21,9,33,42,25,8,7,11,0.5581,118.3801,111.1111
2023-24,PHI,2023-10-26,PHI @ MIL,MIL,False,L,117,118,-1,41,80,0.513,16,35,0.457,19,28,4,35,39,25,8,4,15,0.6125,113.5041,114.4742
2023-24,PHX,2024-04-14,PHX @ MIN,MIN,False,W,125,106,19,47,86,0.547,16,29,0.552,15,18,13,19,32,28,13,3,13,0.6395,131.8844,111.8379
2023-24,PHX,2024-04-12,PHX @ SAC,SAC,False,W,108,107,1,40,76,0.526,12,32,0.375,16,17,6,35,41,25,4,4,19,0.6053,112.7113,111.6677
2023-24,PHX,2024-04-10,PHX @ LAC,LAC,False,W,124,108,16,46,95,0.484,18,50,0.36,14,15,9,39,48,29,8,6,13,0.5789,118.6603,103.3493
2023-24,PHX,2024-04-09,PHX vs. LAC,LAC,True,L,92,105,-13,30,89,0.337,8,35,0.229,24,28,8,30,38,17,16,7,8,0.382,90.1254,102.8605
2023-24,PHX,2024-04-07,PHX vs. NOP,NOP,True,L,105,113,-8,39,87,0.448,14,39,0.359,13,14,9,29,38,30,7,8,16,0.5287,105.2526,113.2719
2023-24,PHX,2024-04-05,PHX vs. MIN,MIN,True,W,97,87,10,33,76,0.434,9,26,0.346,22,29,7,42,49,29,12,3,18,0.4934,96.0777,86.1727
2023-24,PHX,2024-04-03,PHX vs. CLE,CLE,True,W,122,101,21,44,87,0.506,18,33,0.545,16,17,8,35,43,32,11,2,16,0.6092,120.8878,100.0793
2023-24,PHX,2024-04-01,PHX @ NOP,NOP,False,W,124,111,13,43,87,0.494,18,47,0.383,20,25,16,33,49,29,7,6,14,0.5977,128.791,115.2887
2023-24,PHX,2024-03-29,PHX @ OKC,OKC,False,L,103,128,-25,39,87,0.448,13,41,0.317,12,15,13,26,39,26,6,6,14,0.523,107.4259,133.5002
2023-24,PHX,2024-03-27,PHX @ DEN,DEN,False,W,104,97,7,39,83,0.47,16,33,0.485,10,11,12,39,51,29,3,7,17,0.5663,112.3596,104.7969
2023-24,PHX,2024-03-25,PHX @ SAS,SAS,False,L,102,104,-2,42,83,0.506,10,28,0.357,8,14,5,42,47,28,5,7,15,0.5663,101.7355,103.7303
2023-24,PHX,2024-03-23,PHX @ SAS,SAS,False,W,131,106,25,56,94,0.596,11,24,0.458,8,10,7,32,39,38,11,5,10,0.6543,129.2933,104.619
2023-24,PHX,2024-03-21,PHX vs. ATL,ATL,True,W,128,115,13,41,74,0.554,22,41,0.537,24,27,7,31,38,28,4,11,17,0.7027,128.8764,115.7874
2023-24,PHX,2024-03-20,PHX vs. PHI,PHI,True,W,115,102,13,45,90,0.5,19,39,0.487,6,8,14,41,55,34,7,12,23,0.6056,113.0554,100.2753
2023-24,PHX,2024-03-17,PHX @ MIL,MIL,False,L,129,140,-11,51,87,0.586,14,33,0.424,13,15,7,32,39,36,7,5,14,0.6667,127.8747,138.7787
2023-24,PHX,2024-03-15,PHX @ CHA,CHA,False,W,107,96,11,40,87,0.46,11,38,0.289,16,20,10,47,57,31,3,3,10,0.523,109.924,98.6234
2023-24,PHX,2024-03-14,PHX @ BOS,BOS,False,L,112,127,-15,47,99,0.475,11,31,0.355,7,10,19,32,51,27,4,3,14,0.5303,114.1459,129.4333
2023-24,PHX,2024-03-11,PHX @ CLE,CLE,False,W,117,111,6,46,84,0.548,12,32,0.375,13,19,12,30,42,23,8,6,14,0.619,123.3397,117.0145
2023-24,PHX,2024-03-09,PHX vs. BOS,BOS,True,L,107,117,-10,44,87,0.506,9,31,0.29,10,16,10,31,41,21,6,1,15,0.5575,108.212,118.3252
2023-24,PHX,2024-03-07,PHX vs. TOR,TOR,True,W,120,113,7,44,86,0.512,15,35,0.429,17,20,10,39,49,29,6,6,16,0.5988,119.1658,112.2145
2023-24,PHX,2024-03-05,PHX @ DEN,DEN,False,W,117,107,10,42,96,0.438,15,34,0.441,18,22,11,41,52,32,9,7,10,0.5156,110.4607,101.0196
2023-24,PHX,2024-03-03,PHX vs. OKC,OKC,True,L,110,118,-8,40,91,0.44,14,39,0.359,16,18,15,35,50,26,2,7,22,0.5165,104.5031,112.1034
2023-24,PHX,2024-03-02,PHX vs. HOU,HOU,True,L,109,118,-9,39,85,0.459,9,29,0.31,22,29,9,38,47,23,6,6,19,0.5118,101.3011,109.6654
2023-24,PHX,2024-02-29,PHX vs. HOU,HOU,True,W,110,105,5,36,89,0.404,13,37,0.351,25,37,14,37,51,20,6,6,14,0.4775,103.8128,99.094
2023-24,PHX,2024-02-25,PHX vs. LAL,LAL,True,W,123,113,10,44,93,0.473,17,40,0.425,18,19,14,37,51,32,6,9,15,0.5645,120.0703,110.3085
2023-24,PHX,2024-02-23,PHX @ HOU,HOU,False,L,110,114,-4,38,95,0.4,7,31,0.226,27,35,19,39,58,23,10,8,10,0.4368,106.6098,110.4865
2023-24,PHX,2024-02-22,PHX @ DAL,DAL,False,L,113,123,-10,40,83,0.482,15,36,0.417,18,24,11,30,41,20,7,4,16,0.5723,114.2568,124.368
2023-24,PHX,2024-02-14,PHX vs. DET,DET,True,W,116,100,16,35,77,0.455,10,31,0.323,36,44,9,45,54,28,15,11,24,0.5195,104.0172,89.67
2023-24,PHX,2024-02-13,PHX vs. SAC,SAC,True,W,130,125,5,44,85,0.518,13,31,0.419,29,36,7,32,39,29,11,6,12,0.5941,124.1643,119.3887
2023-24,PHX,2024-02-10,PHX @ GSW,GSW,False,L,112,113,-1,43,94,0.457,11,34,0.324,15,16,9,33,42,28,9,8,14,0.516,105.2236,106.1631
2023-24,PHX,2024-02-08,PHX vs. UTA,UTA,True,W,129,115,14,52,88,0.591,14,29,0.483,11,16,5,32,37,37,10,7,12,0.6705,125.4376,111.8242
2023-24,PHX,2024-02-06,PHX vs. MIL,MIL,True,W,114,106,8,44,87,0.506,8,28,0.286,18,27,8,41,49,17,8,5,14,0.5517,109.1536,101.4937
2023-24,PHX,2024-02-04,PHX @ WAS,WAS,False,W,140,112,28,54,88,0.614,11,25,0.44,21,26,9,33,42,33,13,6,18,0.6761,129.0798,103.2639
2023-24,PHX,2024-02-02,PHX @ ATL,ATL,False,L,120,129,-9,47,88,0.534,14,37,0.378,12,14,8,30,38,31,6,5,17,0.6136,117.6009,126.421
2023-24,PHX,2024-01-31,PHX @ BKN,BKN,False,W,136,120,16,49,79,0.62,14,28,0.5,24,32,9,33,42,35,5,6,16,0.7089,134.1223,118.3432
2023-24,PHX,2024-01-29,PHX @ MIA,MIA,False,W,118,105,13,46,94,0.489,14,40,0.35,12,17,10,37,47,30,8,8,8,0.5638,118.3076,105.2737
2023-24,PHX,2024-01-28,PHX @ ORL,ORL,False,L,98,113,-15,41,73,0.562,4,14,0.286,12,21,6,33,39,19,4,5,23,0.589,97.1837,112.0587
2023-24,PHX,2024-01-26,PHX @ IND,IND,False,L,131,133,-2,51,89,0.573,13,30,0.433,16,18,7,31,38,24,8,5,20,0.6461,120.4487,122.2876
2023-24,PHX,2024-01-24,PHX @ DAL,DAL,False,W,132,109,23,51,85,0.6,14,34,0.412,16,22,11,38,49,30,10,4,16,0.6824,131.6052,108.674
2023-24,PHX,2024-01-22,PHX vs. CHI,CHI,True,W,115,113,2,44,85,0.518,14,34,0.412,13,17,5,34,39,32,5,5,7,0.6,121.2824,119.1732
2023-24,PHX,2024-01-21,PHX vs. IND,IND,True,W,117,110,7,47,82,0.573,8,25,0.32,15,18,6,38,44,25,7,5,17,0.622,115.8186,108.8893
2023-24,PHX,2024-01-19,PHX @ NOP,NOP,False,W,123,109,14,46,93,0.495,15,41,0.366,16,21,7,41,48,32,7,3,10,0.5753,116.9424,103.6319
2023-24,PHX,2024-01-16,PHX vs. SAC,SAC,True,W,119,117,2,42,85,0.494,17,37,0.459,18,20,8,38,46,32,7,6,20,0.5941,112.2218,110.3357
2023-24,PHX,2024-01-14,PHX @ POR,POR,False,W,127,116,11,46,76,0.605,13,28,0.464,22,27,7,34,41,27,7,5,14,0.6908,129.8834,118.6337
2023-24,PHX,2024-01-11,PHX @ LAL,LAL,False,W,127,109,18,46,93,0.495,14,39,0.359,21,23,13,33,46,23,12,3,13,0.5699,123.83,106.2793
2023-24,PHX,2024-01-08,PHX @ LAC,LAC,False,L,111,138,-27,38,77,0.494,10,30,0.333,25,29,5,20,25,17,6,4,14,0.5584,112.759,140.1869
2023-24,PHX,2024-01-07,PHX vs. MEM,MEM,True,L,115,121,-6,46,102,0.451,8,28,0.286,15,22,16,34,50,29,5,6,12,0.4902,105.3886,110.8871
2023-24,PHX,2024-01-05,PHX vs. MIA,MIA,True,W,113,97,16,44,87,0.506,14,35,0.4,11,17,9,35,44,30,13,5,11,0.5862,116.3988,99.9176
2023-24,PHX,2024-01-03,PHX vs. LAC,LAC,True,L,122,131,-9,42,79,0.532,15,35,0.429,23,26,10,22,32,23,9,2,17,0.6266,127.4018,136.8003
2023-24,PHX,2024-01-01,PHX vs. POR,POR,True,W,109,88,21,38,80,0.475,11,29,0.379,22,33,9,38,47,24,10,5,16,0.5438,107.4527,86.7508
2023-24,PHX,2023-12-31,PHX vs. ORL,ORL,True,W,112,107,5,44,88,0.5,8,27,0.296,16,19,6,29,35,21,11,4,6,0.5455,112.7668,107.7326
2023-24,PHX,2023-12-29,PHX vs. CHA,CHA,True,W,133,119,14,46,74,0.622,18,30,0.6,23,24,6,33,39,34,3,11,15,0.7432,142.1852,127.2183
2023-24,PHX,2023-12-27,PHX @ HOU,HOU,False,W,129,113,16,47,82,0.573,14,33,0.424,21,26,8,36,44,28,4,11,19,0.6585,122.2054,107.0481
2023-24,PHX,2023-12-25,PHX vs. DAL,DAL,True,L,114,128,-14,40,90,0.444,14,41,0.341,20,25,14,33,47,28,5,2,16,0.5222,112.2047,125.9843
2023-24,PHX,2023-12-22,PHX @ SAC,SAC,False,L,105,120,-15,39,88,0.443,5,25,0.2,22,28,15,30,45,19,8,4,15,0.4716,104.0841,118.9532
2023-24,PHX,2023-12-19,PHX @ POR,POR,False,L,104,109,-5,42,94,0.447,5,23,0.217,15,21,14,33,47,23,10,6,15,0.4734,100.6776,105.5179
2023-24,PHX,2023-12-17,PHX vs. WAS,WAS,True,W,112,108,4,41,90,0.456,7,31,0.226,23,30,13,41,54,29,8,6,17,0.4944,106.1611,102.3697
2023-24,PHX,2023-12-15,PHX vs. NYK,NYK,True,L,122,139,-17,47,90,0.522,11,28,0.393,17,21,10,23,33,30,4,3,12,0.5833,123.5068,140.7167
2023-24,PHX,2023-12-13,PHX vs. BKN,BKN,True,L,112,116,-4,40,84,0.476,9,28,0.321,23,27,14,35,49,28,5,4,12,0.5298,117.6223,121.8231
2023-24,PHX,2023-12-12,PHX vs. GSW,GSW,True,W,119,116,3,38,84,0.452,14,39,0.359,29,34,7,34,41,27,8,7,15,0.5357,111.8211,109.0021
2023-24,PHX,2023-12-08,PHX vs. SAC,SAC,True,L,106,114,-8,40,83,0.482,11,32,0.344,15,23,8,32,40,26,8,5,11,0.5482,108.7626,116.9711
2023-24,PHX,2023-12-05,PHX @ LAL,LAL,False,L,103,106,-3,37,75,0.493,12,25,0.48,17,21,8,36,44,25,8,5,22,0.5733,102.8765,105.873
2023-24,PHX,2023-12-02,PHX vs. MEM,MEM,True,W,116,109,7,36,83,0.434,9,26,0.346,35,43,12,32,44,24,10,5,17,0.488,109.1867,102.5979
2023-24,PHX,2023-12-01,PHX vs. DEN,DEN,True,L,111,119,-8,39,84,0.464,9,27,0.333,24,26,8,35,43,22,4,9,12,0.5179,112.28,120.3722
2023-24,PHX,2023-11-29,PHX @ TOR,TOR,False,L,105,112,-7,38,94,0.404,7,26,0.269,22,23,12,35,47,25,3,5,10,0.4415,105.3371,112.3596
2023-24,PHX,2023-11-26,PHX @ NYK,NYK,False,W,116,113,3,42,91,0.462,16,38,0.421,16,21,18,29,47,27,4,11,13,0.5495,122.5438,119.3746
2023-24,PHX,2023-11-24,PHX @ MEM,MEM,False,W,110,89,21,39,76,0.513,11,31,0.355,21,28,7,34,41,22,10,6,13,0.5855,117.1958,94.8221
2023-24,PHX,2023-11-22,PHX vs. GSW,GSW,True,W,123,115,8,34,76,0.447,11,28,0.393,44,52,11,32,43,22,9,8,15,0.5197,116.7869,109.191
2023-24,PHX,2023-11-21,PHX vs. POR,POR,True,W,120,107,13,43,76,0.566,7,17,0.412,27,28,11,27,38,26,8,8,15,0.6118,126.9036,113.1557
2023-24,PHX,2023-11-19,PHX @ UTA,UTA,False,W,140,137,3,50,102,0.49,18,45,0.4,22,26,11,33,44,36,11,13,18,0.5784,115.9324,113.4482
2023-24,PHX,2023-11-17,PHX @ UTA,UTA,False,W,131,128,3,45,86,0.523,18,33,0.545,23,26,5,31,36,35,5,4,9,0.6279,132.2698,129.2407
2023-24,PHX,2023-11-15,PHX vs. MIN,MIN,True,W,133,115,18,51,85,0.6,17,31,0.548,14,15,5,27,32,31,1,4,9,0.7,140.059,121.1036
2023-24,PHX,2023-11-12,PHX vs. OKC,OKC,True,L,99,111,-12,32,83,0.386,9,29,0.31,26,31,16,35,51,20,4,7,17,0.4398,102.2516,114.6457
2023-24,PHX,2023-11-10,PHX vs. LAL,LAL,True,L,119,122,-3,42,94,0.447,15,37,0.405,20,27,17,35,52,22,9,1,13,0.5266,117.3339,120.2919
2023-24,PHX,2023-11-08,PHX @ CHI,CHI,False,W,116,115,1,38,90,0.422,19,48,0.396,21,25,13,41,54,32,7,10,22,0.5278,104.9204,104.0159
2023-24,PHX,2023-11-05,PHX @ DET,DET,False,W,120,106,14,43,86,0.5,8,21,0.381,26,29,14,29,43,29,8,10,18,0.5465,118.859,104.9921
2023-24,PHX,2023-11-04,PHX @ PHI,PHI,False,L,100,112,-12,32,89,0.36,9,35,0.257,27,33,15,27,42,22,11,12,11,0.4101,99.7805,111.7541
2023-24,PHX,2023-11-02,PHX vs. SAS,SAS,True,L,121,132,-11,43,80,0.538,16,32,0.5,19,26,5,29,34,26,5,4,14,0.6375,119.1179,129.9468
2023-24,PHX,2023-10-31,PHX vs. SAS,SAS,True,L,114,115,-1,42,83,0.506,18,39,0.462,12,15,6,37,43,29,8,7,19,0.6145,109.9325,110.8968
2023-24,PHX,2023-10-28,PHX vs. UTA,UTA,True,W,126,104,22,45,85,0.529,10,37,0.27,26,28,7,32,39,31,10,7,11,0.5882,124.4567,102.7262
2023-24,PHX,2023-10-26,PHX @ LAL,LAL,False,L,95,100,-5,34,81,0.42,9,31,0.29,18,23,10,39,49,16,7,3,24,0.4753,90.5279,95.2925
2023-24,PHX,2023-10-24,PHX @ GSW,GSW,False,W,108,104,4,42,95,0.442,11,33,0.333,13,17,17,43,60,23,5,7,19,0.5,102.4668,98.6717
2023-24,POR,2024-04-14,POR @ SAC,SAC,False,L,82,121,-39,31,98,0.316,7,45,0.156,13,17,23,31,54,18,11,2,18,0.352,81.8527,120.7826
2023-24,POR,2024-04-12,POR vs. HOU,HOU,True,L,107,116,-9,37,95,0.389,12,35,0.343,21,29,16,32,48,20,4,5,7,0.4526,107.776,116.8413
2023-24,POR,2024-04-11,POR vs. GSW,GSW,True,L,92,100,-8,35,97,0.361,8,34,0.235,14,17,20,29,49,22,9,3,13,0.4021,97.2105,105.6636
2023-24,POR,2024-04-09,POR vs. NOP,NOP,True,L,100,110,-10,40,85,0.471,13,38,0.342,7,8,13,34,47,28,3,3,22,0.5471,103.4768,113.8245
2023-24,POR,2024-04-07,POR @ BOS,BOS,False,L,107,124,-17,40,102,0.392,14,38,0.368,13,13,22,31,53,26,8,2,15,0.4608,106.2351,123.1136
2023-24,POR,2024-04-05,POR @ WAS,WAS,False,W,108,102,6,41,94,0.436,9,29,0.31,17,24,16,39,55,29,7,5,13,0.484,107.5912,101.6139
2023-24,POR,2024-04-03,POR @ CHA,CHA,False,W,89,86,3,37,93,0.398,7,26,0.269,8,12,14,41,55,19,4,2,16,0.4355,90.3737,87.3274
2023-24,POR,2024-04-01,POR @ ORL,ORL,False,L,103,104,-1,40,90,0.444,11,31,0.355,12,15,11,33,44,28,9,3,11,0.5056,107.583,108.6275
2023-24,POR,2024-03-29,POR @ MIA,MIA,False,L,82,142,-60,35,87,0.402,5,30,0.167,7,11,10,33,43,20,4,2,24,0.431,78.5591,136.0414
2023-24,POR,2024-03-27,POR @ ATL,ATL,False,L,106,120,-14,43,85,0.506,14,31,0.452,6,10,6,27,33,35,8,2,19,0.5882,103.3138,116.9591
2023-24,POR,2024-03-25,POR @ HOU,HOU,False,L,92,110,-18,36,87,0.414,7,33,0.212,13,15,10,34,44,14,5,6,17,0.454,91.7248,109.671
2023-24,POR,2024-03-23,POR vs. DEN,DEN,True,L,111,114,-3,43,93,0.462,10,28,0.357,15,17,14,31,45,27,8,8,16,0.5161,109.3596,112.3153
2023-24,POR,2024-03-22,POR vs. LAC,LAC,True,L,117,125,-8,45,93,0.484,12,33,0.364,15,25,15,26,41,29,11,1,10,0.5484,118.2535,126.3392
2023-24,POR,2024-03-20,POR vs. LAC,LAC,True,L,103,116,-13,39,81,0.481,15,34,0.441,10,15,8,30,38,21,6,4,17,0.5741,106.6253,120.0828
2023-24,POR,2024-03-18,POR @ CHI,CHI,False,L,107,110,-3,40,88,0.455,8,28,0.286,19,25,13,30,43,21,7,5,13,0.5,108.4973,111.5392
2023-24,POR,2024-03-16,POR @ NOP,NOP,False,L,107,126,-19,42,84,0.5,12,33,0.364,11,12,10,26,36,23,3,7,20,0.5714,106.6374,125.5731
2023-24,POR,2024-03-14,POR vs. NYK,NYK,True,L,93,105,-12,34,84,0.405,11,33,0.333,14,16,13,32,45,19,10,2,18,0.4702,95.6397,107.9803
2023-24,POR,2024-03-13,POR vs. ATL,ATL,True,W,106,102,4,38,82,0.463,10,30,0.333,20,24,12,37,49,24,7,5,18,0.5244,107.899,103.8274
2023-24,POR,2024-03-11,POR vs. BOS,BOS,True,L,99,121,-22,39,87,0.448,10,28,0.357,11,11,9,29,38,23,3,5,11,0.5057,105.252,128.6413
2023-24,POR,2024-03-09,POR vs. TOR,TOR,True,W,128,118,10,49,103,0.476,16,40,0.4,14,15,18,34,52,31,10,3,15,0.5534,117.9941,108.7758
2023-24,POR,2024-03-08,POR vs. HOU,HOU,True,L,107,123,-16,37,89,0.416,16,35,0.457,17,25,19,30,49,22,5,5,17,0.5056,108.9391,125.2291
2023-24,POR,2024-03-06,POR vs. OKC,OKC,True,L,120,128,-8,41,81,0.506,14,34,0.412,24,27,7,25,32,27,10,2,17,0.5926,117.0503,124.8537
2023-24,POR,2024-03-04,POR @ MIN,MIN,False,L,114,119,-5,45,92,0.489,16,39,0.41,8,11,12,29,41,28,5,3,14,0.5761,118.0613,123.2394
2023-24,POR,2024-03-02,POR @ MEM,MEM,False,W,107,100,7,39,92,0.424,11,35,0.314,18,24,13,37,50,23,8,5,23,0.4837,95.0773,88.8573
2023-24,POR,2024-03-01,POR @ MEM,MEM,False,W,122,92,30,48,92,0.522,13,31,0.419,13,16,16,30,46,31,13,8,14,0.5924,121.5624,91.67
2023-24,POR,2024-02-27,POR vs. MIA,MIA,True,L,96,106,-10,35,86,0.407,10,31,0.323,16,19,15,25,40,24,9,4,18,0.4651,99.5851,109.9585
2023-24,POR,2024-02-25,POR vs. CHA,CHA,True,L,80,93,-13,33,95,0.347,3,32,0.094,11,16,22,34,56,14,11,4,16,0.3632,82.6788,96.1141
2023-24,POR,2024-02-23,POR vs. DEN,DEN,True,L,112,127,-15,46,101,0.455,8,25,0.32,12,18,19,26,45,25,11,2,11,0.495,113.3603,128.5425
2023-24,POR,2024-02-15,POR vs. MIN,MIN,True,L,91,128,-37,31,83,0.373,8,29,0.276,21,30,9,26,35,18,8,5,15,0.4217,88.3152,124.2236
2023-24,POR,2024-02-13,POR vs. MIN,MIN,True,L,109,121,-12,39,87,0.448,11,29,0.379,20,25,12,32,44,26,5,1,16,0.5115,108.4793,120.422
2023-24,POR,2024-02-10,POR vs. NOP,NOP,True,L,84,93,-9,33,76,0.434,6,21,0.286,12,17,11,31,42,19,7,4,18,0.4737,94.6372,104.7769
2023-24,POR,2024-02-08,POR vs. DET,DET,True,L,122,128,-6,41,89,0.461,11,30,0.367,29,33,11,27,38,29,9,7,17,0.5225,112.3596,117.8854
2023-24,POR,2024-02-04,POR @ DEN,DEN,False,L,103,112,-9,39,85,0.459,11,31,0.355,14,15,15,27,42,29,6,3,13,0.5235,115.1095,125.1676
2023-24,POR,2024-02-02,POR @ DEN,DEN,False,L,108,120,-12,37,80,0.463,10,28,0.357,24,30,13,24,37,14,7,4,10,0.525,116.9591,129.9545
2023-24,POR,2024-01-31,POR vs. MIL,MIL,True,W,119,116,3,49,92,0.533,12,28,0.429,9,9,9,30,39,26,9,1,11,0.5978,118.4787,115.4918
2023-24,POR,2024-01-29,POR vs. PHI,PHI,True,W,130,104,26,46,84,0.548,12,28,0.429,26,29,11,28,39,29,7,5,13,0.619,130.6008,104.4806
2023-24,POR,2024-01-28,POR vs. CHI,CHI,True,L,96,104,-8,32,79,0.405,6,33,0.182,26,29,7,41,48,22,2,5,14,0.443,97.8394,105.9927
2023-24,POR,2024-01-26,POR @ SAS,SAS,False,L,100,116,-16,38,90,0.422,10,37,0.27,14,19,8,29,37,23,11,3,15,0.4778,95.3289,110.5815
2023-24,POR,2024-01-24,POR @ HOU,HOU,False,W,137,131,6,50,98,0.51,15,35,0.429,22,24,13,35,48,31,6,4,12,0.5867,129.7103,124.0295
2023-24,POR,2024-01-23,POR @ OKC,OKC,False,L,109,111,-2,37,86,0.43,18,39,0.462,17,21,12,34,46,27,6,6,19,0.5349,106.0518,107.9977
2023-24,POR,2024-01-21,POR @ LAL,LAL,False,L,110,134,-24,42,90,0.467,9,29,0.31,17,20,10,25,35,24,7,5,14,0.5167,107.0247,130.3756
2023-24,POR,2024-01-19,POR vs. IND,IND,True,W,118,115,3,42,84,0.5,4,12,0.333,30,35,9,38,47,18,3,11,11,0.5238,111.6367,108.7985
2023-24,POR,2024-01-17,POR vs. BKN,BKN,True,W,105,103,2,42,86,0.488,9,27,0.333,12,14,10,31,41,21,2,2,13,0.5407,113.489,111.3273
2023-24,POR,2024-01-14,POR vs. PHX,PHX,True,L,116,127,-11,40,89,0.449,20,42,0.476,16,22,12,24,36,23,8,1,14,0.5618,118.6337,129.8834
2023-24,POR,2024-01-12,POR @ MIN,MIN,False,L,93,116,-23,30,77,0.39,10,28,0.357,23,34,10,28,38,18,8,5,20,0.4545,92.7588,115.6992
2023-24,POR,2024-01-11,POR @ OKC,OKC,False,L,77,139,-62,28,101,0.277,11,49,0.224,10,16,13,29,42,16,8,8,10,0.3317,72.3956,130.6882
2023-24,POR,2024-01-09,POR @ NYK,NYK,False,L,84,112,-28,33,86,0.384,6,29,0.207,12,18,12,31,43,19,8,7,15,0.4186,85.6968,114.2624
2023-24,POR,2024-01-07,POR @ BKN,BKN,False,W,134,127,7,45,95,0.474,20,38,0.526,24,30,9,29,38,21,5,5,10,0.5789,122.8231,116.407
2023-24,POR,2024-01-05,POR @ DAL,DAL,False,L,103,139,-36,39,95,0.411,13,40,0.325,12,17,10,32,42,27,9,3,19,0.4789,93.1789,125.7463
2023-24,POR,2024-01-03,POR @ DAL,DAL,False,L,97,126,-29,34,87,0.391,13,40,0.325,16,22,10,36,46,23,4,3,22,0.4655,89.9314,116.8181
2023-24,POR,2024-01-01,POR @ PHX,PHX,False,L,88,109,-21,33,80,0.413,8,30,0.267,14,19,6,30,36,21,6,10,19,0.4625,86.7508,107.4527
2023-24,POR,2023-12-29,POR vs. SAS,SAS,True,W,134,128,6,48,95,0.505,16,27,0.593,22,27,16,27,43,28,8,6,14,0.5895,127.0865,121.3961
2023-24,POR,2023-12-28,POR vs. SAS,SAS,True,L,105,118,-13,35,101,0.347,11,36,0.306,24,32,22,35,57,16,6,4,13,0.401,101.2536,113.7898
2023-24,POR,2023-12-26,POR vs. SAC,SAC,True,W,130,113,17,49,98,0.5,16,40,0.4,16,20,16,30,46,28,5,5,10,0.5816,128.8149,111.9699
2023-24,POR,2023-12-23,POR @ GSW,GSW,False,L,106,126,-20,38,84,0.452,13,35,0.371,17,25,8,22,30,26,13,3,12,0.5298,107.3092,127.5562
2023-24,POR,2023-12-21,POR vs. WAS,WAS,True,L,117,118,-1,43,95,0.453,14,30,0.467,17,23,20,31,51,24,7,6,16,0.5263,114.5935,115.573
2023-24,POR,2023-12-19,POR vs. PHX,PHX,True,W,109,104,5,39,87,0.448,14,28,0.5,17,19,10,32,42,23,8,4,17,0.5287,105.5179,100.6776
2023-24,POR,2023-12-17,POR vs. GSW,GSW,True,L,114,118,-4,40,85,0.471,13,35,0.371,21,23,9,28,37,23,10,4,14,0.5471,114.873,118.9037
2023-24,POR,2023-12-16,POR vs. DAL,DAL,True,L,120,131,-11,47,94,0.5,7,32,0.219,19,22,10,34,44,17,8,2,11,0.5372,112.7184,123.0509
2023-24,POR,2023-12-14,POR vs. UTA,UTA,True,L,114,122,-8,43,103,0.417,16,45,0.356,12,18,21,28,49,30,9,4,11,0.4951,115.6891,123.8076
2023-24,POR,2023-12-11,POR @ LAC,LAC,False,L,127,132,-5,43,90,0.478,19,40,0.475,22,26,11,25,36,25,5,4,12,0.5833,126.2928,131.2649
2023-24,POR,2023-12-08,POR vs. DAL,DAL,True,L,112,125,-13,39,105,0.371,18,53,0.34,16,18,18,30,48,20,9,1,15,0.4571,103.4164,115.4201
2023-24,POR,2023-12-06,POR @ GSW,GSW,False,L,106,110,-4,39,95,0.411,16,46,0.348,12,16,11,29,40,22,8,3,10,0.4947,104.1462,108.0762
2023-24,POR,2023-12-02,POR @ UTA,UTA,False,L,113,118,-5,38,95,0.4,13,40,0.325,24,27,11,29,40,17,11,5,11,0.4684,105.8846,110.5697
2023-24,POR,2023-11-30,POR @ CLE,CLE,False,W,103,95,8,39,77,0.506,14,35,0.4,11,11,9,31,40,29,10,4,23,0.5974,105.5761,97.376
2023-24,POR,2023-11-27,POR @ IND,IND,False,W,114,110,4,40,85,0.471,9,18,0.5,25,31,9,29,38,20,6,4,16,0.5235,106.4426,102.7077
2023-24,POR,2023-11-26,POR @ MIL,MIL,False,L,102,108,-6,37,91,0.407,13,32,0.406,15,20,11,29,40,21,15,4,20,0.478,96.7375,102.4279
2023-24,POR,2023-11-22,POR vs. UTA,UTA,True,W,121,105,16,47,92,0.511,17,39,0.436,10,15,14,23,37,31,9,6,14,0.6033,121.5836,105.5064
2023-24,POR,2023-11-21,POR @ PHX,PHX,False,L,107,120,-13,38,87,0.437,14,31,0.452,17,20,12,18,30,20,8,3,13,0.5172,113.1557,126.9036
2023-24,POR,2023-11-19,POR vs. OKC,OKC,True,L,91,134,-43,34,85,0.4,9,34,0.265,14,21,13,18,31,21,10,2,19,0.4529,93.1423,137.1546
2023-24,POR,2023-11-17,POR vs. LAL,LAL,True,L,95,107,-12,36,89,0.404,10,37,0.27,13,18,19,29,48,17,11,2,19,0.4607,97.6362,109.9692
2023-24,POR,2023-11-15,POR vs. CLE,CLE,True,L,95,109,-14,34,91,0.374,13,38,0.342,14,16,8,22,30,24,9,3,14,0.4451,95.3432,109.3938
2023-24,POR,2023-11-14,POR @ UTA,UTA,False,L,99,115,-16,37,88,0.42,11,35,0.314,14,20,13,30,43,23,5,6,17,0.483,99.2979,115.346
2023-24,POR,2023-11-12,POR @ LAL,LAL,False,L,110,116,-6,45,90,0.5,13,37,0.351,7,9,5,33,38,29,2,8,16,0.5722,106.1571,111.9475
2023-24,POR,2023-11-08,POR @ SAC,SAC,False,L,118,121,-3,44,87,0.506,8,22,0.364,22,29,7,29,36,26,10,5,18,0.5517,106.077,108.7738
2023-24,POR,2023-11-05,POR vs. MEM,MEM,True,L,100,112,-12,37,95,0.389,14,45,0.311,12,15,16,31,47,23,11,5,14,0.4632,99.3443,111.2656
2023-24,POR,2023-11-03,POR vs. MEM,MEM,True,W,115,113,2,39,96,0.406,9,32,0.281,28,36,15,35,50,19,12,7,14,0.4531,103.3429,101.5457
2023-24,POR,2023-11-01,POR @ DET,DET,False,W,110,101,9,38,81,0.469,7,20,0.35,27,33,7,37,44,23,10,7,17,0.5123,103.5977,95.1215
2023-24,POR,2023-10-30,POR @ TOR,TOR,False,W,99,91,8,38,85,0.447,11,35,0.314,12,15,13,38,51,20,6,7,16,0.5118,102.4845,94.2029
2023-24,POR,2023-10-29,POR @ PHI,PHI,False,L,98,126,-28,36,94,0.383,7,31,0.226,19,22,14,28,42,19,10,9,16,0.4202,93.2091,119.8402
2023-24,POR,2023-10-27,POR vs. ORL,ORL,True,L,97,102,-5,35,88,0.398,9,32,0.281,18,21,15,32,47,15,6,1,16,0.4489,99.3242,104.444
2023-24,POR,2023-10-25,POR @ LAC,LAC,False,L,111,123,-12,44,93,0.473,10,32,0.313,13,17,15,25,40,20,10,4,18,0.5269,108.5468,120.2816
2023-24,SAC,2024-04-14,SAC vs. POR,POR,True,W,121,82,39,43,87,0.494,13,34,0.382,22,27,13,38,51,29,11,6,14,0.569,120.7826,81.8527
2023-24,SAC,2024-04-12,SAC vs. PHX,PHX,True,L,107,108,-1,40,91,0.44,14,38,0.368,13,14,9,26,35,26,12,1,7,0.5165,111.6677,112.7113
2023-24,SAC,2024-04-11,SAC vs. NOP,NOP,True,L,123,135,-12,46,84,0.548,16,38,0.421,15,20,5,27,32,26,7,0,14,0.6429,120.754,132.5349
2023-24,SAC,2024-04-09,SAC @ OKC,OKC,False,L,105,112,-7,33,96,0.344,20,58,0.345,19,26,21,35,56,23,8,4,17,0.4479,102.3991,109.2257
2023-24,SAC,2024-04-07,SAC @ BKN,BKN,False,W,107,77,30,40,94,0.426,15,48,0.313,12,16,11,43,54,31,8,12,9,0.5053,106.5949,76.7085
2023-24,SAC,2024-04-05,SAC @ BOS,BOS,False,L,100,101,-1,38,99,0.384,17,51,0.333,7,13,15,39,54,21,4,3,7,0.4697,105.463,106.5176
2023-24,SAC,2024-04-04,SAC @ NYK,NYK,False,L,109,120,-11,42,86,0.488,18,42,0.429,7,12,9,26,35,26,6,3,16,0.593,111.7719,123.0517
2023-24,SAC,2024-04-02,SAC vs. LAC,LAC,True,W,109,95,14,39,92,0.424,12,42,0.286,19,25,20,36,56,29,10,6,10,0.4891,116.0315,101.1284
2023-24,SAC,2024-03-31,SAC vs. UTA,UTA,True,W,127,106,21,45,84,0.536,20,40,0.5,17,23,13,31,44,34,8,6,15,0.6548,131.9892,110.1642
2023-24,SAC,2024-03-29,SAC vs. DAL,DAL,True,L,103,107,-4,40,92,0.435,15,32,0.469,8,12,10,35,45,24,9,1,11,0.5163,107.9665,112.1593
2023-24,SAC,2024-03-26,SAC vs. DAL,DAL,True,L,96,132,-36,35,90,0.389,11,30,0.367,15,19,11,31,42,27,6,5,14,0.45,94.544,129.998
2023-24,SAC,2024-03-25,SAC vs. PHI,PHI,True,W,108,96,12,38,86,0.442,10,38,0.263,22,28,11,29,40,25,6,6,8,0.5,116.0542,103.1593
2023-24,SAC,2024-03-23,SAC @ ORL,ORL,False,W,109,107,2,38,87,0.437,15,40,0.375,18,21,6,36,42,26,6,5,7,0.523,112.2785,110.2184
2023-24,SAC,2024-03-21,SAC @ WAS,WAS,False,L,102,109,-7,37,86,0.43,11,39,0.282,17,19,10,27,37,21,12,7,15,0.4942,101.7558,108.739
2023-24,SAC,2024-03-20,SAC @ TOR,TOR,False,W,123,89,34,48,93,0.516,12,40,0.3,15,18,18,35,53,32,14,6,16,0.5806,124.3429,89.9717
2023-24,SAC,2024-03-18,SAC vs. MEM,MEM,True,W,121,111,10,42,94,0.447,11,35,0.314,26,32,15,44,59,30,7,10,19,0.5053,108.8717,99.874
2023-24,SAC,2024-03-16,SAC vs. NYK,NYK,True,L,91,98,-7,30,85,0.353,10,37,0.27,21,26,11,31,42,22,7,5,12,0.4118,92.6303,99.7557
2023-24,SAC,2024-03-13,SAC vs. LAL,LAL,True,W,120,107,13,46,88,0.523,19,41,0.463,9,12,9,35,44,30,11,2,14,0.6307,124.3781,110.9038
2023-24,SAC,2024-03-12,SAC vs. MIL,MIL,True,W,129,94,35,49,92,0.533,18,40,0.45,13,16,6,45,51,34,11,1,9,0.6304,127.4452,92.867
2023-24,SAC,2024-03-10,SAC vs. HOU,HOU,True,L,104,112,-8,39,86,0.453,6,32,0.188,20,23,7,37,44,24,10,5,13,0.4884,101.9608,109.8039
2023-24,SAC,2024-03-07,SAC vs. SAS,SAS,True,W,131,129,2,52,102,0.51,10,32,0.313,17,18,14,32,46,31,8,3,13,0.5588,123.4917,121.6063
2023-24,SAC,2024-03-06,SAC @ LAL,LAL,False,W,130,120,10,54,97,0.557,12,31,0.387,10,12,9,37,46,32,8,2,14,0.6186,123.6447,114.1335
2023-24,SAC,2024-03-04,SAC vs. CHI,CHI,True,L,109,113,-4,41,92,0.446,11,37,0.297,16,18,20,31,51,29,6,6,18,0.5054,112.0247,116.1357
2023-24,SAC,2024-03-01,SAC @ MIN,MIN,False,W,124,120,4,50,100,0.5,11,29,0.379,13,24,14,31,45,29,8,6,8,0.555,118.865,115.0307
2023-24,SAC,2024-02-28,SAC @ DEN,DEN,False,L,96,117,-21,38,95,0.4,12,35,0.343,8,13,15,28,43,28,8,5,14,0.4632,95.257,116.0945
2023-24,SAC,2024-02-26,SAC vs. MIA,MIA,True,L,110,121,-11,45,85,0.529,13,32,0.406,7,12,11,30,41,30,10,5,15,0.6059,113.8245,125.207
2023-24,SAC,2024-02-25,SAC @ LAC,LAC,False,W,123,107,16,45,91,0.495,15,37,0.405,18,22,14,27,41,29,10,1,10,0.5769,127.1449,110.6057
2023-24,SAC,2024-02-22,SAC vs. SAS,SAS,True,W,127,122,5,52,93,0.559,13,33,0.394,10,14,7,35,42,29,5,6,10,0.629,124.3879,119.4907
2023-24,SAC,2024-02-14,SAC @ DEN,DEN,False,W,102,98,4,39,89,0.438,9,33,0.273,15,19,10,38,48,21,7,5,15,0.4888,101.4723,97.493
2023-24,SAC,2024-02-13,SAC @ PHX,PHX,False,L,125,130,-5,49,95,0.516,9,31,0.29,18,24,15,35,50,27,8,6,13,0.5632,119.3887,124.1643
2023-24,SAC,2024-02-11,SAC @ OKC,OKC,False,L,113,127,-14,44,90,0.489,16,42,0.381,9,13,10,30,40,32,5,5,18,0.5778,109.3901,122.9429
2023-24,SAC,2024-02-09,SAC vs. DEN,DEN,True,W,135,106,29,51,87,0.586,17,34,0.5,16,18,6,36,42,32,11,1,16,0.6839,127.8167,100.3598
2023-24,SAC,2024-02-07,SAC vs. DET,DET,True,L,120,133,-13,45,95,0.474,15,44,0.341,15,22,5,28,33,31,7,6,4,0.5526,117.4398,130.1625
2023-24,SAC,2024-02-05,SAC @ CLE,CLE,False,L,110,136,-26,43,93,0.462,17,44,0.386,7,12,10,30,40,28,5,1,12,0.5538,110.1322,136.1634
2023-24,SAC,2024-02-03,SAC @ CHI,CHI,False,W,123,115,8,42,84,0.5,15,39,0.385,24,29,4,36,40,33,12,1,17,0.5893,114.1849,106.7583
2023-24,SAC,2024-02-02,SAC @ IND,IND,False,W,133,122,11,51,90,0.567,13,34,0.382,18,28,9,29,38,26,15,3,17,0.6389,120.9751,110.9696
2023-24,SAC,2024-01-31,SAC @ MIA,MIA,False,L,106,115,-9,41,93,0.441,12,40,0.3,12,18,12,32,44,26,6,3,9,0.5054,108.6957,117.9245
2023-24,SAC,2024-01-29,SAC @ MEM,MEM,False,W,103,94,9,43,84,0.512,11,38,0.289,6,10,11,40,51,24,10,1,19,0.5774,106.339,97.0473
2023-24,SAC,2024-01-27,SAC @ DAL,DAL,False,W,120,115,5,43,80,0.538,11,30,0.367,23,30,6,33,39,27,4,10,14,0.6062,117.5779,112.6788
2023-24,SAC,2024-01-25,SAC @ GSW,GSW,False,W,134,133,1,48,91,0.527,22,48,0.458,16,19,8,26,34,33,8,5,10,0.6484,131.0642,130.0861
2023-24,SAC,2024-01-22,SAC vs. ATL,ATL,True,W,122,107,15,43,93,0.462,12,38,0.316,24,27,10,41,51,22,8,2,9,0.5269,117.4432,103.0035
2023-24,SAC,2024-01-18,SAC vs. IND,IND,True,L,121,126,-5,44,85,0.518,15,37,0.405,18,32,8,30,38,27,7,6,11,0.6059,116.6602,121.4809
2023-24,SAC,2024-01-16,SAC @ PHX,PHX,False,L,117,119,-2,46,92,0.5,18,40,0.45,7,12,5,26,31,34,7,4,14,0.5978,110.3357,112.2218
2023-24,SAC,2024-01-14,SAC @ MIL,MIL,False,L,142,143,-1,55,105,0.524,17,41,0.415,15,20,9,38,47,34,6,2,9,0.6048,123.5427,124.4127
2023-24,SAC,2024-01-12,SAC @ PHI,PHI,False,L,93,112,-19,32,95,0.337,8,38,0.211,21,26,23,31,54,20,6,4,17,0.3789,92.3719,111.2435
2023-24,SAC,2024-01-10,SAC @ CHA,CHA,False,W,123,98,25,46,89,0.517,13,35,0.371,18,23,14,39,53,24,2,8,10,0.5899,128.688,102.5319
2023-24,SAC,2024-01-09,SAC @ DET,DET,False,W,131,110,21,54,94,0.574,13,33,0.394,10,14,10,34,44,39,8,6,18,0.6436,124.5247,104.5627
2023-24,SAC,2024-01-07,SAC vs. NOP,NOP,True,L,100,133,-33,38,91,0.418,15,45,0.333,9,12,8,17,25,28,9,2,9,0.5,103.4554,137.5957
2023-24,SAC,2024-01-05,SAC vs. TOR,TOR,True,W,135,130,5,52,100,0.52,21,38,0.553,10,15,11,31,42,35,4,1,15,0.625,125.3017,120.6609
2023-24,SAC,2024-01-03,SAC vs. ORL,ORL,True,W,138,135,3,51,105,0.486,15,40,0.375,21,31,18,40,58,36,9,3,21,0.5571,116.2007,113.6746
2023-24,SAC,2024-01-02,SAC vs. CHA,CHA,True,L,104,111,-7,40,92,0.435,14,36,0.389,10,17,15,33,48,23,8,2,21,0.5109,100.5608,107.3293
2023-24,SAC,2023-12-31,SAC @ MEM,MEM,False,W,123,92,31,47,92,0.511,16,33,0.485,13,17,9,50,59,28,2,4,13,0.5978,120.1172,89.8438
2023-24,SAC,2023-12-29,SAC @ ATL,ATL,False,W,117,110,7,46,89,0.517,17,45,0.378,8,15,5,33,38,35,9,3,12,0.6124,114.3695,107.5269
2023-24,SAC,2023-12-26,SAC @ POR,POR,False,L,113,130,-17,45,93,0.484,10,42,0.238,13,16,11,29,40,25,5,7,12,0.5376,111.9699,128.8149
2023-24,SAC,2023-12-23,SAC vs. MIN,MIN,True,L,98,110,-12,37,85,0.435,8,33,0.242,16,21,8,32,40,23,10,2,11,0.4824,100.3071,112.5896
2023-24,SAC,2023-12-22,SAC vs. PHX,PHX,True,W,120,105,15,44,83,0.53,12,38,0.316,20,26,7,30,37,32,7,7,14,0.6024,118.9532,104.0841
2023-24,SAC,2023-12-20,SAC vs. BOS,BOS,True,L,119,144,-25,43,91,0.473,21,44,0.477,12,23,12,25,37,29,4,8,7,0.5879,122.8831,148.6989
2023-24,SAC,2023-12-18,SAC vs. WAS,WAS,True,W,143,131,12,53,100,0.53,17,43,0.395,20,26,9,33,42,35,8,5,7,0.615,133.2464,122.0649
2023-24,SAC,2023-12-16,SAC vs. UTA,UTA,True,W,125,104,21,46,85,0.541,22,45,0.489,11,15,8,37,45,36,6,2,18,0.6706,124.4772,103.565
2023-24,SAC,2023-12-14,SAC vs. OKC,OKC,True,W,128,123,5,47,95,0.495,18,45,0.4,16,21,11,36,47,32,6,4,17,0.5895,115.253,110.7509
2023-24,SAC,2023-12-12,SAC @ LAC,LAC,False,L,99,119,-20,36,86,0.419,10,37,0.27,17,24,7,31,38,27,8,2,14,0.4767,95.2839,114.5332
2023-24,SAC,2023-12-11,SAC vs. BKN,BKN,True,W,131,118,13,48,94,0.511,25,45,0.556,10,14,10,33,43,38,4,3,13,0.6436,128.8102,116.0275
2023-24,SAC,2023-12-08,SAC @ PHX,PHX,False,W,114,106,8,42,92,0.457,14,39,0.359,16,20,15,35,50,25,7,0,13,0.5326,116.9711,108.7626
2023-24,SAC,2023-12-04,SAC vs. NOP,NOP,True,L,117,127,-10,38,85,0.447,14,41,0.341,27,33,11,27,38,29,8,2,14,0.5294,116.6268,126.5949
2023-24,SAC,2023-12-02,SAC vs. DEN,DEN,True,W,123,117,6,48,99,0.485,16,34,0.471,11,15,9,38,47,33,7,5,11,0.5657,112.6374,107.1429
2023-24,SAC,2023-11-29,SAC vs. LAC,LAC,True,L,117,131,-14,40,86,0.465,13,41,0.317,24,28,13,34,47,22,1,1,14,0.5407,116.4179,130.3483
2023-24,SAC,2023-11-28,SAC vs. GSW,GSW,True,W,124,123,1,41,91,0.451,15,44,0.341,27,42,12,34,46,25,8,7,10,0.533,115.5208,114.5892
2023-24,SAC,2023-11-24,SAC @ MIN,MIN,False,W,124,111,13,49,100,0.49,17,35,0.486,9,11,14,32,46,25,7,4,13,0.575,120.0387,107.454
2023-24,SAC,2023-11-22,SAC @ NOP,NOP,False,L,112,117,-5,34,76,0.447,15,44,0.341,29,35,4,34,38,22,3,1,16,0.5461,109.9764,114.8861
2023-24,SAC,2023-11-20,SAC @ NOP,NOP,False,L,93,129,-36,33,87,0.379,11,45,0.244,16,24,9,27,36,27,4,5,13,0.4425,90.8203,125.9766
2023-24,SAC,2023-11-19,SAC @ DAL,DAL,False,W,129,113,16,48,90,0.533,17,40,0.425,16,21,14,34,48,34,9,3,13,0.6278,131.1775,114.9075
2023-24,SAC,2023-11-17,SAC @ SAS,SAS,False,W,129,120,9,46,85,0.541,18,42,0.429,19,24,4,38,42,31,10,2,14,0.6471,119.0696,110.7624
2023-24,SAC,2023-11-15,SAC @ LAL,LAL,False,W,125,110,15,48,96,0.5,16,44,0.364,13,17,11,34,45,31,20,1,16,0.5833,115.8265,101.9274
2023-24,SAC,2023-11-13,SAC vs. CLE,CLE,True,W,132,120,12,49,83,0.59,20,42,0.476,14,22,8,29,37,32,3,4,10,0.7108,138.8305,126.2095
2023-24,SAC,2023-11-10,SAC vs. OKC,OKC,True,W,105,98,7,38,91,0.418,13,47,0.277,16,21,16,36,52,28,10,9,18,0.489,101.3122,94.5581
2023-24,SAC,2023-11-08,SAC vs. POR,POR,True,W,121,118,3,41,89,0.461,11,37,0.297,28,38,15,35,50,32,11,6,21,0.5225,108.7738,106.077
2023-24,SAC,2023-11-06,SAC @ HOU,HOU,False,L,97,122,-25,36,81,0.444,14,40,0.35,11,20,12,22,34,22,5,2,15,0.5309,104.4808,131.4089
2023-24,SAC,2023-11-04,SAC @ HOU,HOU,False,L,89,107,-18,32,84,0.381,11,41,0.268,14,19,8,35,43,20,5,6,11,0.4464,92.6311,111.3655
2023-24,SAC,2023-11-01,SAC @ GSW,GSW,False,L,101,102,-1,36,88,0.409,11,35,0.314,18,23,14,34,48,24,8,4,15,0.4716,102.1647,103.1762
2023-24,SAC,2023-10-29,SAC vs. LAL,LAL,True,W,132,127,5,49,104,0.471,17,48,0.354,17,24,6,41,47,30,6,7,10,0.5529,112.0924,107.8465
2023-24,SAC,2023-10-27,SAC vs. GSW,GSW,True,L,114,122,-8,41,94,0.436,12,40,0.3,20,29,10,31,41,24,10,3,14,0.5,105.5947,113.0048
2023-24,SAC,2023-10-25,SAC @ UTA,UTA,False,W,130,114,16,47,102,0.461,19,51,0.373,17,20,15,30,45,29,6,8,12,0.5539,123.5507,108.3444
2023-24,SAS,2024-04-14,SAS vs. DET,DET,True,W,123,95,28,49,91,0.538,15,34,0.441,10,14,12,42,54,33,9,3,14,0.6209,121.2061,93.6145
2023-24,SAS,2024-04-12,SAS vs. DEN,DEN,True,W,121,120,1,45,85,0.529,15,33,0.455,16,23,11,38,49,31,2,4,18,0.6176,117.1799,116.2115
2023-24,SAS,2024-04-10,SAS @ OKC,OKC,False,L,89,127,-38,32,96,0.333,9,40,0.225,16,20,4,43,47,24,8,4,15,0.3802,77.0429,109.9377
2023-24,SAS,2024-04-09,SAS @ MEM,MEM,False,W,102,87,15,42,87,0.483,10,40,0.25,8,8,10,41,51,30,5,11,17,0.5402,103.3644,88.1638
2023-24,SAS,2024-04-07,SAS vs. PHI,PHI,True,L,126,133,-7,44,98,0.449,16,44,0.364,22,26,14,45,59,31,5,11,25,0.5306,102.107,107.7796
2023-24,SAS,2024-04-05,SAS @ NOP,NOP,False,W,111,109,2,42,83,0.506,17,46,0.37,10,13,6,28,34,34,9,8,17,0.6084,112.6904,110.6599
2023-24,SAS,2024-04-02,SAS @ DEN,DEN,False,L,105,110,-5,42,105,0.4,13,44,0.295,8,16,15,44,59,33,4,12,8,0.4619,101.4101,106.2391
2023-24,SAS,2024-03-31,SAS vs. GSW,GSW,True,L,113,117,-4,40,89,0.449,17,43,0.395,16,18,16,29,45,31,7,5,19,0.5449,112.0809,116.0484
2023-24,SAS,2024-03-29,SAS vs. NYK,NYK,True,W,130,126,4,44,82,0.537,16,40,0.4,26,32,8,38,46,34,3,2,15,0.6341,122.4336,118.6664
2023-24,SAS,2024-03-27,SAS @ UTA,UTA,False,W,118,111,7,44,86,0.512,16,33,0.485,14,21,9,32,41,40,9,7,21,0.6047,109.2997,102.8159
2023-24,SAS,2024-03-25,SAS vs. PHX,PHX,True,W,104,102,2,40,91,0.44,8,31,0.258,16,19,5,35,40,23,10,1,7,0.4835,103.7303,101.7355
2023-24,SAS,2024-03-23,SAS vs. PHX,PHX,True,L,106,131,-25,40,85,0.471,9,33,0.273,17,21,8,26,34,27,6,6,15,0.5235,104.619,129.2933
2023-24,SAS,2024-03-22,SAS vs. MEM,MEM,True,L,97,99,-2,37,95,0.389,7,38,0.184,16,23,15,41,56,24,12,7,16,0.4263,92.0478,93.9457
2023-24,SAS,2024-03-19,SAS vs. DAL,DAL,True,L,107,113,-6,39,89,0.438,14,39,0.359,15,21,9,39,48,31,6,10,16,0.5169,102.0408,107.7627
2023-24,SAS,2024-03-17,SAS vs. BKN,BKN,True,W,122,115,7,46,99,0.465,9,37,0.243,21,23,13,37,50,30,6,10,18,0.5101,108.2136,102.0046
2023-24,SAS,2024-03-15,SAS vs. DEN,DEN,True,L,106,117,-11,37,81,0.457,11,29,0.379,21,27,12,32,44,23,6,4,17,0.5247,106.9843,118.0864
2023-24,SAS,2024-03-12,SAS vs. HOU,HOU,True,L,101,103,-2,39,82,0.476,11,36,0.306,12,14,10,32,42,30,9,5,15,0.5427,107.7908,109.9253
2023-24,SAS,2024-03-11,SAS vs. GSW,GSW,True,L,102,112,-10,39,93,0.419,14,37,0.378,10,15,13,37,50,27,6,10,15,0.4946,100.0589,109.8686
2023-24,SAS,2024-03-09,SAS @ GSW,GSW,False,W,126,113,13,44,86,0.512,17,33,0.515,21,28,12,37,49,34,6,6,14,0.6105,123.481,110.7409
2023-24,SAS,2024-03-07,SAS @ SAC,SAC,False,L,129,131,-2,46,91,0.505,16,33,0.485,21,21,9,28,37,39,8,4,12,0.5934,121.6063,123.4917
2023-24,SAS,2024-03-05,SAS @ HOU,HOU,False,L,101,114,-13,38,87,0.437,12,36,0.333,13,16,12,38,50,24,1,10,19,0.5057,100.0594,112.9384
2023-24,SAS,2024-03-03,SAS vs. IND,IND,True,W,117,105,12,46,85,0.541,10,25,0.4,15,19,10,35,45,33,6,8,16,0.6,117.2345,105.2104
2023-24,SAS,2024-02-29,SAS vs. OKC,OKC,True,W,132,118,14,48,91,0.527,19,39,0.487,17,20,11,34,45,39,6,8,12,0.6319,129.7425,115.9819
2023-24,SAS,2024-02-27,SAS @ MIN,MIN,False,L,105,114,-9,39,82,0.476,16,41,0.39,11,15,7,34,41,28,9,7,23,0.5732,100.9227,109.5732
2023-24,SAS,2024-02-25,SAS @ UTA,UTA,False,L,109,128,-19,42,91,0.462,13,31,0.419,12,19,10,36,46,34,8,11,20,0.533,98.6247,115.8161
2023-24,SAS,2024-02-23,SAS @ LAL,LAL,False,L,118,123,-5,42,96,0.438,15,38,0.395,19,23,16,31,47,33,9,7,14,0.5156,112.3596,117.1205
2023-24,SAS,2024-02-22,SAS @ SAC,SAC,False,L,122,127,-5,50,98,0.51,11,25,0.44,11,16,11,31,42,37,9,5,8,0.5663,119.4907,124.3879
2023-24,SAS,2024-02-14,SAS @ DAL,DAL,False,L,93,116,-23,36,100,0.36,10,40,0.25,11,15,13,31,44,29,8,7,12,0.41,88.5714,110.4762
2023-24,SAS,2024-02-12,SAS @ TOR,TOR,False,W,122,99,23,46,87,0.529,11,30,0.367,19,23,5,41,46,37,12,13,19,0.592,111.3342,90.345
2023-24,SAS,2024-02-10,SAS @ BKN,BKN,False,L,103,123,-20,36,91,0.396,11,34,0.324,20,21,15,26,41,20,5,3,14,0.456,106.1418,126.7519
2023-24,SAS,2024-02-08,SAS @ ORL,ORL,False,L,111,127,-16,42,81,0.519,11,35,0.314,16,17,4,23,27,29,7,5,15,0.5864,111.401,127.4589
2023-24,SAS,2024-02-07,SAS @ MIA,MIA,False,L,104,116,-12,41,90,0.456,12,37,0.324,10,17,6,40,46,30,6,2,15,0.5222,99.2366,110.687
2023-24,SAS,2024-02-03,SAS vs. CLE,CLE,True,L,101,117,-16,36,98,0.367,12,40,0.3,17,21,14,40,54,23,6,6,12,0.4286,97.1341,112.5216
2023-24,SAS,2024-02-02,SAS vs. NOP,NOP,True,L,113,114,-1,46,96,0.479,10,39,0.256,11,18,18,37,55,35,6,10,18,0.5312,110.6975,111.6771
2023-24,SAS,2024-01-31,SAS vs. ORL,ORL,True,L,98,108,-10,36,80,0.45,9,31,0.29,17,24,7,34,41,24,9,9,19,0.5062,96.7042,106.5719
2023-24,SAS,2024-01-29,SAS vs. WAS,WAS,True,L,113,118,-5,43,92,0.467,12,30,0.4,15,17,10,26,36,31,10,7,15,0.5326,109.6874,114.5409
2023-24,SAS,2024-01-27,SAS vs. MIN,MIN,True,W,113,112,1,46,84,0.548,13,30,0.433,8,15,14,25,39,35,7,7,15,0.625,123.3624,122.2707
2023-24,SAS,2024-01-26,SAS vs. POR,POR,True,W,116,100,16,42,92,0.457,10,34,0.294,22,26,17,42,59,30,12,5,18,0.5109,110.5815,95.3289
2023-24,SAS,2024-01-24,SAS vs. OKC,OKC,True,L,114,140,-26,43,86,0.5,9,32,0.281,19,25,12,26,38,30,7,11,19,0.5523,110.1236,135.2396
2023-24,SAS,2024-01-22,SAS @ PHI,PHI,False,L,123,133,-10,43,93,0.462,13,41,0.317,24,27,13,30,43,29,3,3,8,0.5323,123.3206,133.3467
2023-24,SAS,2024-01-20,SAS @ WAS,WAS,False,W,131,127,4,51,96,0.531,12,31,0.387,17,23,14,35,49,38,6,10,17,0.5938,118.9611,115.3287
2023-24,SAS,2024-01-19,SAS @ CHA,CHA,False,L,120,124,-4,47,84,0.56,15,32,0.469,11,17,7,27,34,36,9,3,13,0.6488,122.125,126.1958
2023-24,SAS,2024-01-17,SAS @ BOS,BOS,False,L,98,117,-19,39,93,0.419,7,34,0.206,13,16,11,30,41,26,5,3,10,0.457,98.2949,117.3521
2023-24,SAS,2024-01-15,SAS @ ATL,ATL,False,L,99,109,-10,38,95,0.4,11,42,0.262,12,17,9,35,44,27,10,8,18,0.4579,89.7064,98.7677
2023-24,SAS,2024-01-13,SAS vs. CHI,CHI,True,L,116,122,-6,39,95,0.411,18,46,0.391,20,23,12,35,47,26,7,4,9,0.5053,114.3308,120.2444
2023-24,SAS,2024-01-12,SAS vs. CHA,CHA,True,W,135,99,36,45,87,0.517,18,38,0.474,27,34,7,38,45,31,9,7,15,0.6207,125.4181,91.9732
2023-24,SAS,2024-01-10,SAS @ DET,DET,False,W,130,108,22,49,94,0.521,9,27,0.333,23,27,10,36,46,36,7,4,5,0.5691,127.7014,106.0904
2023-24,SAS,2024-01-07,SAS @ CLE,CLE,False,L,115,117,-2,41,86,0.477,14,37,0.378,19,22,8,32,40,22,10,6,11,0.5581,115.046,117.0468
2023-24,SAS,2024-01-04,SAS vs. MIL,MIL,True,L,121,125,-4,46,95,0.484,14,40,0.35,15,17,10,32,42,31,10,8,12,0.5579,114.779,118.5733
2023-24,SAS,2024-01-02,SAS @ MEM,MEM,False,L,98,106,-8,36,85,0.424,10,31,0.323,16,23,6,34,40,21,6,8,16,0.4824,96.4947,104.3718
2023-24,SAS,2023-12-31,SAS vs. BOS,BOS,True,L,101,134,-33,40,94,0.426,12,45,0.267,9,12,9,30,39,28,6,1,16,0.4894,96.6692,128.2542
2023-24,SAS,2023-12-29,SAS @ POR,POR,False,L,128,134,-6,48,94,0.511,14,33,0.424,18,25,13,29,42,31,9,3,14,0.5851,121.3961,127.0865
2023-24,SAS,2023-12-28,SAS @ POR,POR,False,W,118,105,13,41,85,0.482,10,36,0.278,26,28,7,35,42,33,9,10,11,0.5412,113.7898,101.2536
2023-24,SAS,2023-12-26,SAS vs. UTA,UTA,True,L,118,130,-12,44,98,0.449,16,35,0.457,14,21,13,30,43,36,8,8,9,0.5306,112.9619,124.4496
2023-24,SAS,2023-12-23,SAS @ DAL,DAL,False,L,119,144,-25,44,98,0.449,14,45,0.311,17,24,8,34,42,32,9,3,10,0.5204,107.3039,129.8467
2023-24,SAS,2023-12-21,SAS @ CHI,CHI,False,L,95,114,-19,37,81,0.457,10,30,0.333,11,16,9,32,41,24,6,7,19,0.5185,95.057,114.0684
2023-24,SAS,2023-12-19,SAS @ MIL,MIL,False,L,119,132,-13,46,96,0.479,9,30,0.3,18,21,8,44,52,27,4,4,16,0.526,106.6499,118.3008
2023-24,SAS,2023-12-17,SAS vs. NOP,NOP,True,L,110,146,-36,40,94,0.426,15,42,0.357,15,21,9,30,39,29,6,6,13,0.5053,100.4933,133.3821
2023-24,SAS,2023-12-15,SAS vs. LAL,LAL,True,W,129,115,14,47,95,0.495,18,42,0.429,17,19,9,36,45,35,5,5,9,0.5895,127.9254,114.042
2023-24,SAS,2023-12-13,SAS vs. LAL,LAL,True,L,119,122,-3,45,96,0.469,16,37,0.432,13,18,10,36,46,28,8,6,17,0.5521,107.9855,110.7078
2023-24,SAS,2023-12-11,SAS @ HOU,HOU,False,L,82,93,-11,31,87,0.356,5,41,0.122,15,22,9,42,51,20,9,5,17,0.3851,79.0438,89.6472
2023-24,SAS,2023-12-08,SAS vs. CHI,CHI,True,L,112,121,-9,39,83,0.47,17,42,0.405,17,20,10,34,44,35,4,9,13,0.5723,117.0569,126.4632
2023-24,SAS,2023-12-06,SAS @ MIN,MIN,False,L,94,102,-8,38,101,0.376,8,36,0.222,10,15,13,36,49,23,7,4,12,0.4158,91.3331,99.1061
2023-24,SAS,2023-12-01,SAS @ NOP,NOP,False,L,106,121,-15,38,83,0.458,16,39,0.41,14,17,8,31,39,28,5,5,20,0.5542,104.8259,119.6598
2023-24,SAS,2023-11-30,SAS vs. ATL,ATL,True,L,135,137,-2,48,89,0.539,18,41,0.439,21,23,11,36,47,34,4,7,21,0.6404,122.7943,124.6134
2023-24,SAS,2023-11-26,SAS @ DEN,DEN,False,L,120,132,-12,42,93,0.452,14,37,0.378,22,26,10,25,35,34,10,6,15,0.5269,109.87,120.857
2023-24,SAS,2023-11-24,SAS @ GSW,GSW,False,L,112,118,-6,45,100,0.45,12,47,0.255,10,12,15,31,46,28,10,3,20,0.51,102.3579,107.8413
2023-24,SAS,2023-11-22,SAS vs. LAC,LAC,True,L,102,109,-7,35,91,0.385,11,38,0.289,21,23,10,34,44,26,8,6,14,0.4451,98.1335,104.8682
2023-24,SAS,2023-11-20,SAS vs. LAC,LAC,True,L,99,124,-25,39,90,0.433,10,38,0.263,11,14,13,36,49,23,4,7,16,0.4889,97.9422,122.6751
2023-24,SAS,2023-11-18,SAS vs. MEM,MEM,True,L,108,120,-12,36,83,0.434,15,40,0.375,21,26,12,28,40,26,5,9,15,0.5241,107.3132,119.2369
2023-24,SAS,2023-11-17,SAS vs. SAC,SAC,True,L,120,129,-9,43,92,0.467,15,36,0.417,19,23,6,36,42,33,7,3,15,0.5489,110.7624,119.0696
2023-24,SAS,2023-11-14,SAS @ OKC,OKC,False,L,87,123,-36,36,93,0.387,9,30,0.3,6,9,13,30,43,24,7,6,25,0.4355,79.5392,112.452
2023-24,SAS,2023-11-12,SAS vs. MIA,MIA,True,L,113,118,-5,42,91,0.462,19,44,0.432,10,12,11,39,50,35,3,6,17,0.5659,112.7294,117.7175
2023-24,SAS,2023-11-10,SAS vs. MIN,MIN,True,L,110,117,-7,43,92,0.467,12,34,0.353,12,19,7,31,38,29,9,8,14,0.5326,104.1469,110.7745
2023-24,SAS,2023-11-08,SAS @ NYK,NYK,False,L,105,126,-21,44,90,0.489,9,34,0.265,8,13,11,35,46,31,2,7,13,0.5389,105.8468,127.0161
2023-24,SAS,2023-11-06,SAS @ IND,IND,False,L,111,152,-41,40,94,0.426,8,26,0.308,23,30,12,24,36,26,7,5,11,0.4681,102.1535,139.8859
2023-24,SAS,2023-11-05,SAS vs. TOR,TOR,True,L,116,123,-7,48,96,0.5,10,32,0.313,10,13,9,37,46,30,7,7,17,0.5521,105.3779,111.7369
2023-24,SAS,2023-11-02,SAS @ PHX,PHX,False,W,132,121,11,51,98,0.52,18,37,0.486,12,13,9,32,41,37,7,5,8,0.6122,129.9468,119.1179
2023-24,SAS,2023-10-31,SAS @ PHX,PHX,False,W,115,114,1,43,92,0.467,14,37,0.378,15,20,8,29,37,25,10,9,12,0.5435,110.8968,109.9325
2023-24,SAS,2023-10-29,SAS @ LAC,LAC,False,L,83,123,-40,30,80,0.375,11,33,0.333,12,16,6,31,37,21,9,6,25,0.4438,77.832,115.3413
2023-24,SAS,2023-10-27,SAS vs. HOU,HOU,True,W,126,122,4,46,94,0.489,13,42,0.31,21,28,12,31,43,32,11,4,18,0.5585,110.4682,106.9612
2023-24,SAS,2023-10-25,SAS vs. DAL,DAL,True,L,119,126,-7,46,89,0.517,11,35,0.314,16,22,9,36,45,33,8,5,19,0.5787,109.7786,116.2362
2023-24,TOR,2024-04-14,TOR @ MIA,MIA,False,L,103,118,-15,38,90,0.422,9,34,0.265,18,21,13,28,41,23,6,3,19,0.4722,99.7096,114.2304
2023-24,TOR,2024-04-12,TOR @ MIA,MIA,False,L,103,125,-22,37,77,0.481,10,31,0.323,19,22,7,34,41,23,1,1,17,0.5455,106.2951,128.999
2023-24,TOR,2024-04-10,TOR @ BKN,BKN,False,L,102,106,-4,35,94,0.372,16,40,0.4,16,18,15,30,45,19,8,5,10,0.4574,104.8951,109.0086
2023-24,TOR,2024-04-09,TOR vs. IND,IND,True,L,123,140,-17,47,94,0.5,5,21,0.238,24,33,16,24,40,21,8,6,15,0.5266,114.079,129.846
2023-24,TOR,2024-04-07,TOR vs. WAS,WAS,True,W,130,122,8,49,96,0.51,11,31,0.355,21,28,8,41,49,33,9,4,14,0.5677,116.3207,109.1625
2023-24,TOR,2024-04-05,TOR @ MIL,MIL,False,W,117,111,6,36,79,0.456,14,36,0.389,31,36,9,38,47,24,9,3,17,0.5443,112.9998,107.2049
2023-24,TOR,2024-04-03,TOR @ MIN,MIN,False,L,85,133,-48,33,90,0.367,7,30,0.233,12,14,10,38,48,19,4,6,21,0.4056,79.8722,124.9765
2023-24,TOR,2024-04-02,TOR vs. LAL,LAL,True,L,111,128,-17,43,89,0.483,10,32,0.313,15,21,5,35,40,25,11,6,17,0.5393,101.5925,117.1517
2023-24,TOR,2024-03-31,TOR vs. PHI,PHI,True,L,120,135,-15,47,90,0.522,11,30,0.367,15,20,7,23,30,31,10,2,12,0.5833,119.4981,134.4354
2023-24,TOR,2024-03-27,TOR vs. NYK,NYK,True,L,101,145,-44,39,84,0.464,11,31,0.355,12,13,11,17,28,31,7,4,18,0.5298,104.2527,149.6697
2023-24,TOR,2024-03-25,TOR vs. BKN,BKN,True,L,88,96,-8,37,85,0.435,5,27,0.185,9,12,8,22,30,23,10,2,10,0.4647,95.0324,103.6717
2023-24,TOR,2024-03-23,TOR @ WAS,WAS,False,L,109,112,-3,40,94,0.426,8,33,0.242,21,26,13,29,42,27,9,7,12,0.4681,105.4159,108.3172
2023-24,TOR,2024-03-22,TOR vs. OKC,OKC,True,L,103,123,-20,40,76,0.526,11,30,0.367,12,17,5,31,36,34,12,3,27,0.5987,97.2432,116.1254
2023-24,TOR,2024-03-20,TOR vs. SAC,SAC,True,L,89,123,-34,33,80,0.413,10,31,0.323,13,18,11,20,31,21,11,3,22,0.475,89.9717,124.3429
2023-24,TOR,2024-03-17,TOR @ ORL,ORL,False,L,96,111,-15,37,84,0.44,8,31,0.258,14,15,11,26,37,23,7,3,18,0.4881,97.7597,113.0346
2023-24,TOR,2024-03-15,TOR vs. ORL,ORL,True,L,103,113,-10,38,81,0.469,14,34,0.412,13,20,9,31,40,24,11,4,16,0.5556,105.3816,115.6129
2023-24,TOR,2024-03-13,TOR @ DET,DET,False,L,104,113,-9,41,93,0.441,9,36,0.25,13,19,3,34,37,32,13,8,11,0.4892,93.6937,101.8018
2023-24,TOR,2024-03-11,TOR @ DEN,DEN,False,L,119,125,-6,47,93,0.505,11,30,0.367,14,17,11,31,42,30,6,4,12,0.5645,117.5889,123.5178
2023-24,TOR,2024-03-09,TOR @ POR,POR,False,L,118,128,-10,43,91,0.473,16,43,0.372,16,19,9,34,43,29,9,6,20,0.5604,108.7758,117.9941
2023-24,TOR,2024-03-07,TOR @ PHX,PHX,False,L,113,120,-7,43,94,0.457,16,44,0.364,11,15,9,27,36,30,5,2,9,0.5426,112.2145,119.1658
2023-24,TOR,2024-03-05,TOR vs. NOP,NOP,True,L,98,139,-41,36,93,0.387,13,44,0.295,13,22,11,34,45,21,6,7,12,0.457,94.4487,133.963
2023-24,TOR,2024-03-03,TOR vs. CHA,CHA,True,W,111,106,5,42,91,0.462,13,38,0.342,14,18,11,34,45,27,8,6,16,0.533,106.2404,101.4548
2023-24,TOR,2024-03-01,TOR vs. GSW,GSW,True,L,105,120,-15,41,95,0.432,12,45,0.267,11,17,11,36,47,31,9,2,14,0.4947,99.8099,114.0684
2023-24,TOR,2024-02-28,TOR vs. DAL,DAL,True,L,125,136,-11,46,98,0.469,13,35,0.371,20,30,12,32,44,34,11,3,12,0.5357,112.8974,122.8324
2023-24,TOR,2024-02-26,TOR @ IND,IND,False,W,130,122,8,53,96,0.552,12,28,0.429,12,17,12,33,45,35,4,7,12,0.6146,123.4568,115.8594
2023-24,TOR,2024-02-23,TOR @ ATL,ATL,False,W,123,121,2,50,102,0.49,15,39,0.385,8,8,11,36,47,37,3,7,12,0.5637,115.994,114.1079
2023-24,TOR,2024-02-22,TOR vs. BKN,BKN,True,W,121,93,28,41,84,0.488,14,31,0.452,25,30,7,38,45,24,10,6,11,0.5714,118.1179,90.7848
2023-24,TOR,2024-02-14,TOR vs. IND,IND,True,L,125,127,-2,50,98,0.51,6,26,0.231,19,26,15,41,56,30,6,7,15,0.5408,115.977,117.8326
2023-24,TOR,2024-02-12,TOR vs. SAS,SAS,True,L,99,122,-23,39,98,0.398,8,31,0.258,13,16,16,31,47,25,11,4,19,0.4388,90.345,111.3342
2023-24,TOR,2024-02-10,TOR vs. CLE,CLE,True,L,95,119,-24,35,87,0.402,9,31,0.29,16,23,12,28,40,22,7,3,11,0.454,99.5598,124.7118
2023-24,TOR,2024-02-09,TOR vs. HOU,HOU,True,W,107,104,3,40,95,0.421,10,33,0.303,17,19,16,25,41,24,14,8,12,0.4737,106.2562,103.2771
2023-24,TOR,2024-02-07,TOR @ CHA,CHA,False,W,123,117,6,43,81,0.531,17,33,0.515,20,24,7,34,41,30,5,3,11,0.6358,125.9214,119.7789
2023-24,TOR,2024-02-05,TOR @ NOP,NOP,False,L,100,138,-38,40,84,0.476,10,31,0.323,10,15,10,28,38,27,4,6,18,0.5357,100.8471,139.169
2023-24,TOR,2024-02-04,TOR @ OKC,OKC,False,L,127,135,-8,48,101,0.475,14,35,0.4,17,21,11,37,48,38,6,5,12,0.5446,114.5382,121.7532
2023-24,TOR,2024-02-02,TOR @ HOU,HOU,False,L,106,135,-29,40,91,0.44,11,33,0.333,15,20,8,29,37,17,11,5,14,0.5,98.936,126.0034
2023-24,TOR,2024-01-30,TOR @ CHI,CHI,False,W,118,107,11,43,83,0.518,14,29,0.483,18,20,9,29,38,34,10,4,20,0.6024,115.868,105.0668
2023-24,TOR,2024-01-28,TOR @ ATL,ATL,False,L,125,126,-1,41,89,0.461,15,31,0.484,28,32,15,31,46,29,12,3,14,0.5449,119.8007,120.7591
2023-24,TOR,2024-01-26,TOR vs. LAC,LAC,True,L,107,127,-20,44,96,0.458,6,32,0.188,13,22,15,30,45,26,6,3,11,0.4896,103.7626,123.1575
2023-24,TOR,2024-01-22,TOR vs. MEM,MEM,True,L,100,108,-8,35,79,0.443,8,23,0.348,22,23,12,35,47,31,7,8,17,0.4937,104.4932,112.8527
2023-24,TOR,2024-01-20,TOR @ NYK,NYK,False,L,100,126,-26,38,92,0.413,11,34,0.324,13,23,11,20,31,29,10,5,10,0.4728,97.5991,122.9748
2023-24,TOR,2024-01-18,TOR vs. CHI,CHI,True,L,110,116,-6,42,83,0.506,10,38,0.263,16,20,7,31,38,31,7,5,14,0.5663,109.8462,115.8378
2023-24,TOR,2024-01-17,TOR vs. MIA,MIA,True,W,121,97,24,45,88,0.511,20,38,0.526,11,18,13,32,45,34,9,4,12,0.625,125.9105,100.9365
2023-24,TOR,2024-01-15,TOR vs. BOS,BOS,True,L,96,105,-9,38,95,0.4,4,32,0.125,16,21,9,43,52,25,6,2,7,0.4211,94.4696,103.3261
2023-24,TOR,2024-01-12,TOR @ UTA,UTA,False,L,113,145,-32,35,81,0.432,17,34,0.5,26,37,8,23,31,25,5,8,13,0.537,109.3266,140.2864
2023-24,TOR,2024-01-10,TOR @ LAC,LAC,False,L,120,126,-6,46,84,0.548,12,30,0.4,16,18,7,30,37,31,4,2,15,0.619,123.3046,129.4698
2023-24,TOR,2024-01-09,TOR @ LAL,LAL,False,L,131,132,-1,53,94,0.564,17,35,0.486,8,13,5,32,37,34,8,4,12,0.6543,122.6822,123.6187
2023-24,TOR,2024-01-07,TOR @ GSW,GSW,False,W,133,118,15,55,94,0.585,15,33,0.455,8,14,9,36,45,38,7,6,7,0.6649,132.4965,117.5533
2023-24,TOR,2024-01-05,TOR @ SAC,SAC,False,L,130,135,-5,47,87,0.54,13,37,0.351,23,27,8,29,37,31,5,10,14,0.6149,120.6609,125.3017
2023-24,TOR,2024-01-03,TOR @ MEM,MEM,False,W,116,111,5,41,85,0.482,12,26,0.462,22,27,7,39,46,25,5,6,12,0.5529,113.0384,108.166
2023-24,TOR,2024-01-01,TOR vs. CLE,CLE,True,W,124,121,3,42,87,0.483,11,30,0.367,29,40,10,37,47,25,5,4,11,0.546,118.6376,115.7673
2023-24,TOR,2023-12-30,TOR @ DET,DET,False,L,127,129,-2,46,91,0.505,12,24,0.5,23,28,6,27,33,26,9,5,8,0.5714,120.4248,122.3213
2023-24,TOR,2023-12-29,TOR @ BOS,BOS,False,L,118,120,-2,44,95,0.463,17,44,0.386,13,20,9,29,38,29,10,6,5,0.5526,118.2365,120.2405
2023-24,TOR,2023-12-27,TOR @ WAS,WAS,False,W,132,102,30,52,91,0.571,15,38,0.395,13,19,14,39,53,43,12,5,20,0.6538,126.34,97.6263
2023-24,TOR,2023-12-23,TOR vs. UTA,UTA,True,L,119,126,-7,45,94,0.479,13,32,0.406,16,19,12,27,39,35,7,5,11,0.5479,117.5193,124.4322
2023-24,TOR,2023-12-22,TOR @ PHI,PHI,False,L,111,121,-10,39,87,0.448,9,33,0.273,24,28,11,35,46,30,9,6,12,0.5,109.0588,118.8839
2023-24,TOR,2023-12-20,TOR vs. DEN,DEN,True,L,104,113,-9,43,90,0.478,9,27,0.333,9,13,10,31,41,26,3,5,11,0.5278,108.4463,117.8311
2023-24,TOR,2023-12-18,TOR vs. CHA,CHA,True,W,114,99,15,44,86,0.512,8,29,0.276,18,22,15,36,51,30,4,4,19,0.5581,115.5015,100.304
2023-24,TOR,2023-12-15,TOR vs. ATL,ATL,True,L,104,125,-21,40,77,0.519,10,31,0.323,14,25,3,29,32,30,8,6,14,0.5844,103.6683,124.6013
2023-24,TOR,2023-12-13,TOR vs. ATL,ATL,True,W,135,128,7,50,87,0.575,18,34,0.529,17,24,9,38,47,39,3,9,15,0.6782,131.1189,124.3201
2023-24,TOR,2023-12-11,TOR @ NYK,NYK,False,L,130,136,-6,47,96,0.49,14,39,0.359,22,30,17,21,38,32,12,0,10,0.5625,130.4435,136.464
2023-24,TOR,2023-12-08,TOR @ CHA,CHA,False,L,116,119,-3,47,93,0.505,6,32,0.188,16,21,14,28,42,32,7,2,14,0.5376,116.5595,119.574
2023-24,TOR,2023-12-06,TOR vs. MIA,MIA,True,L,103,112,-9,37,86,0.43,14,37,0.378,15,17,8,38,46,29,3,8,14,0.5116,105.1879,114.3791
2023-24,TOR,2023-12-01,TOR vs. NYK,NYK,True,L,106,119,-13,44,100,0.44,6,32,0.188,12,17,19,29,48,32,7,6,12,0.47,106.255,119.2863
2023-24,TOR,2023-11-29,TOR vs. PHX,PHX,True,W,112,105,7,42,93,0.452,10,27,0.37,18,21,15,34,49,25,7,5,10,0.5054,112.3596,105.3371
2023-24,TOR,2023-11-28,TOR @ BKN,BKN,False,L,103,115,-12,39,101,0.386,13,36,0.361,12,19,15,31,46,27,11,3,7,0.4505,101.0795,112.8557
2023-24,TOR,2023-11-26,TOR @ CLE,CLE,False,L,102,105,-3,37,89,0.416,8,32,0.25,20,29,17,33,50,17,9,3,12,0.4607,102.8226,105.8468
2023-24,TOR,2023-11-24,TOR vs. CHI,CHI,True,W,121,108,13,44,83,0.53,13,39,0.333,20,27,13,27,40,32,8,6,14,0.6084,127.2077,113.5408
2023-24,TOR,2023-11-22,TOR @ IND,IND,False,W,132,131,1,48,90,0.533,11,27,0.407,25,30,13,33,46,26,7,3,19,0.5944,121.5246,120.6039
2023-24,TOR,2023-11-21,TOR @ ORL,ORL,False,L,107,126,-19,38,75,0.507,14,28,0.5,17,22,5,33,38,29,6,6,24,0.6,101.6724,119.7263
2023-24,TOR,2023-11-19,TOR vs. DET,DET,True,W,142,113,29,55,102,0.539,14,36,0.389,18,29,12,35,47,44,10,5,8,0.6078,129.5857,103.121
2023-24,TOR,2023-11-17,TOR vs. BOS,BOS,True,L,105,108,-3,42,87,0.483,12,33,0.364,9,14,5,36,41,29,4,1,13,0.5517,104.937,107.9352
2023-24,TOR,2023-11-15,TOR vs. MIL,MIL,True,L,112,128,-16,38,96,0.396,9,33,0.273,27,31,26,29,55,28,10,8,14,0.4427,114.3557,130.6923
2023-24,TOR,2023-11-13,TOR vs. WAS,WAS,True,W,111,107,4,45,90,0.5,4,20,0.2,17,25,16,32,48,28,11,4,19,0.5222,107.1015,103.242
2023-24,TOR,2023-11-11,TOR @ BOS,BOS,False,L,94,117,-23,35,91,0.385,10,37,0.27,14,16,7,30,37,25,8,1,9,0.4396,94.1129,117.1406
2023-24,TOR,2023-11-08,TOR @ DAL,DAL,False,W,127,116,11,49,99,0.495,11,36,0.306,18,27,15,35,50,27,10,4,12,0.5505,117.8545,107.6466
2023-24,TOR,2023-11-05,TOR @ SAS,SAS,False,W,123,116,7,44,97,0.454,19,48,0.396,16,26,13,34,47,29,12,6,15,0.5515,111.7369,105.3779
2023-24,TOR,2023-11-02,TOR @ PHI,PHI,False,L,99,114,-15,38,79,0.481,10,28,0.357,13,19,9,32,41,30,4,3,19,0.5443,99.3178,114.366
2023-24,TOR,2023-11-01,TOR vs. MIL,MIL,True,W,130,111,19,51,91,0.56,15,38,0.395,13,14,15,35,50,35,7,6,18,0.6429,131.3928,112.1892
2023-24,TOR,2023-10-30,TOR vs. POR,POR,True,L,91,99,-8,38,94,0.404,4,29,0.138,11,15,14,33,47,19,10,4,12,0.4255,94.2029,102.4845
2023-24,TOR,2023-10-28,TOR vs. PHI,PHI,True,L,107,114,-7,38,87,0.437,17,32,0.531,14,19,13,28,41,28,5,5,13,0.5345,111.1111,118.3801
2023-24,TOR,2023-10-27,TOR @ CHI,CHI,False,L,103,104,-1,39,84,0.464,9,36,0.25,16,25,8,45,53,25,5,2,23,0.5179,92.2443,93.1399
2023-24,TOR,2023-10-25,TOR vs. MIN,MIN,True,W,97,94,3,36,90,0.4,14,35,0.4,11,16,8,39,47,27,9,11,14,0.4778,92.0653,89.2179
2023-24,UTA,2024-04-14,UTA @ GSW,GSW,False,L,116,123,-7,46,89,0.517,14,34,0.412,10,16,14,34,48,22,6,5,20,0.5955,114.1957,121.0868
2023-24,UTA,2024-04-12,UTA @ LAC,LAC,False,W,110,109,1,41,88,0.466,6,35,0.171,22,25,14,32,46,26,7,4,18,0.5,109.8024,108.8042
2023-24,UTA,2024-04-11,UTA vs. HOU,HOU,True,W,124,121,3,44,87,0.506,14,39,0.359,22,27,15,34,49,27,8,7,16,0.5862,124.8993,121.8775
2023-24,UTA,2024-04-09,UTA vs. DEN,DEN,True,L,95,111,-16,36,91,0.396,10,31,0.323,13,13,11,33,44,19,5,2,15,0.4505,96.6626,112.9426
2023-24,UTA,2024-04-07,UTA @ GSW,GSW,False,L,110,118,-8,39,83,0.47,15,35,0.429,17,21,6,23,29,21,4,6,11,0.5602,111.7432,119.87
2023-24,UTA,2024-04-05,UTA @ LAC,LAC,False,L,102,131,-29,35,91,0.385,9,30,0.3,23,29,14,29,43,20,11,4,15,0.4341,96.8293,124.3592
2023-24,UTA,2024-04-02,UTA vs. CLE,CLE,True,L,113,129,-16,41,85,0.482,16,37,0.432,15,18,7,26,33,26,7,3,20,0.5765,108.9262,124.3493
2023-24,UTA,2024-03-31,UTA @ SAC,SAC,False,L,106,127,-21,34,83,0.41,16,41,0.39,22,28,11,22,33,22,6,4,12,0.506,110.1642,131.9892
2023-24,UTA,2024-03-29,UTA vs. HOU,HOU,True,L,100,101,-1,37,80,0.463,8,31,0.258,18,19,11,40,51,23,4,9,21,0.5125,101.688,102.7049
2023-24,UTA,2024-03-27,UTA vs. SAS,SAS,True,L,111,118,-7,39,83,0.47,13,35,0.371,20,22,6,30,36,25,8,4,22,0.5482,102.8159,109.2997
2023-24,UTA,2024-03-25,UTA vs. DAL,DAL,True,L,105,115,-10,37,87,0.425,13,39,0.333,18,22,11,35,46,28,6,3,13,0.5,107.9137,118.1912
2023-24,UTA,2024-03-23,UTA @ HOU,HOU,False,L,119,147,-28,40,89,0.449,11,37,0.297,28,33,12,28,40,24,2,4,10,0.5112,118.0087,145.7755
2023-24,UTA,2024-03-21,UTA @ DAL,DAL,False,L,97,113,-16,38,83,0.458,4,30,0.133,17,19,5,33,38,29,6,3,18,0.4819,94.7821,110.4163
2023-24,UTA,2024-03-20,UTA @ OKC,OKC,False,L,107,119,-12,40,90,0.444,10,36,0.278,17,18,11,36,47,20,6,5,16,0.5,105.0668,116.85
2023-24,UTA,2024-03-18,UTA vs. MIN,MIN,True,L,104,114,-10,39,84,0.464,14,32,0.438,12,14,14,33,47,25,6,3,17,0.5476,111.564,122.2914
2023-24,UTA,2024-03-16,UTA vs. MIN,MIN,True,L,100,119,-19,38,83,0.458,6,26,0.231,18,21,10,41,51,23,4,5,16,0.494,100.0801,119.0953
2023-24,UTA,2024-03-15,UTA vs. ATL,ATL,True,W,124,122,2,46,90,0.511,14,36,0.389,18,20,10,39,49,24,6,7,13,0.5889,121.7596,119.7958
2023-24,UTA,2024-03-12,UTA vs. BOS,BOS,True,L,107,123,-16,41,86,0.477,15,32,0.469,10,11,9,29,38,23,4,7,10,0.564,114.3162,131.4103
2023-24,UTA,2024-03-09,UTA @ DEN,DEN,False,L,121,142,-21,47,94,0.5,8,26,0.308,19,25,14,22,36,22,7,2,15,0.5426,118.0258,138.5096
2023-24,UTA,2024-03-06,UTA vs. CHI,CHI,True,L,117,119,-2,44,96,0.458,15,47,0.319,14,16,14,31,45,28,4,7,10,0.5365,118.3971,120.421
2023-24,UTA,2024-03-04,UTA vs. WAS,WAS,True,W,127,115,12,49,101,0.485,16,40,0.4,13,15,11,40,51,29,6,9,13,0.5644,116.1302,105.1573
2023-24,UTA,2024-03-02,UTA @ MIA,MIA,False,L,120,126,-6,42,87,0.483,14,35,0.4,22,26,12,30,42,24,3,5,11,0.5632,123.4314,129.603
2023-24,UTA,2024-02-29,UTA @ ORL,ORL,False,L,107,115,-8,34,80,0.425,16,37,0.432,23,28,7,30,37,25,8,1,13,0.525,110.332,118.5812
2023-24,UTA,2024-02-27,UTA @ ATL,ATL,False,L,97,124,-27,35,94,0.372,11,38,0.289,16,19,12,31,43,24,11,4,18,0.4309,90.4513,115.6285
2023-24,UTA,2024-02-25,UTA vs. SAS,SAS,True,W,128,109,19,46,90,0.511,17,35,0.486,19,22,5,33,38,36,13,8,17,0.6056,115.8161,98.6247
2023-24,UTA,2024-02-22,UTA vs. CHA,CHA,True,L,107,115,-8,37,86,0.43,9,39,0.231,24,27,15,39,54,26,3,2,19,0.4826,106.1719,114.1099
2023-24,UTA,2024-02-15,UTA vs. GSW,GSW,True,L,137,140,-3,43,93,0.462,22,49,0.449,29,32,17,31,48,33,10,3,16,0.5806,130.2281,133.0798
2023-24,UTA,2024-02-14,UTA vs. LAL,LAL,True,L,122,138,-16,49,101,0.485,14,45,0.311,10,13,15,29,44,29,5,7,13,0.5545,115.4866,130.6323
2023-24,UTA,2024-02-12,UTA vs. GSW,GSW,True,L,107,129,-22,41,92,0.446,11,32,0.344,14,16,9,35,44,23,8,7,18,0.5054,98.8361,119.1576
2023-24,UTA,2024-02-08,UTA @ PHX,PHX,False,L,115,129,-14,41,94,0.436,12,35,0.343,21,31,19,33,52,28,7,7,15,0.5,111.8242,125.4376
2023-24,UTA,2024-02-06,UTA vs. OKC,OKC,True,W,124,117,7,46,89,0.517,14,35,0.4,18,20,15,33,48,29,9,8,17,0.5955,124.1738,117.164
2023-24,UTA,2024-02-04,UTA vs. MIL,MIL,True,W,123,108,15,43,89,0.483,17,44,0.386,20,24,12,40,52,31,3,3,16,0.5787,120.8489,106.1112
2023-24,UTA,2024-02-01,UTA vs. PHI,PHI,True,L,124,127,-3,45,87,0.517,12,36,0.333,22,25,10,33,43,36,3,9,11,0.5862,125.7351,128.7771
2023-24,UTA,2024-01-30,UTA @ NYK,NYK,False,L,103,118,-15,39,86,0.453,12,36,0.333,13,17,15,28,43,23,3,5,15,0.5233,109.9253,125.9338
2023-24,UTA,2024-01-29,UTA @ BKN,BKN,False,L,114,147,-33,39,86,0.453,9,27,0.333,27,34,12,32,44,23,3,7,17,0.5058,107.3851,138.4702
2023-24,UTA,2024-01-27,UTA @ CHA,CHA,False,W,134,122,12,52,93,0.559,17,41,0.415,13,17,15,34,49,38,6,6,14,0.6505,132.8574,120.9597
2023-24,UTA,2024-01-25,UTA @ WAS,WAS,False,W,123,108,15,50,97,0.515,13,31,0.419,10,12,13,39,52,34,6,2,16,0.5825,118.2238,103.8062
2023-24,UTA,2024-01-23,UTA @ NOP,NOP,False,L,124,153,-29,43,92,0.467,12,36,0.333,26,32,6,32,38,27,4,8,8,0.5326,114.9852,141.8769
2023-24,UTA,2024-01-20,UTA @ HOU,HOU,False,L,126,127,-1,48,105,0.457,13,43,0.302,17,22,16,43,59,28,4,8,17,0.519,111.3271,112.2106
2023-24,UTA,2024-01-18,UTA vs. OKC,OKC,True,L,129,134,-5,43,89,0.483,13,32,0.406,30,36,11,27,38,33,7,4,15,0.5562,119.356,123.9822
2023-24,UTA,2024-01-15,UTA vs. IND,IND,True,W,132,105,27,45,81,0.556,11,25,0.44,31,35,10,36,46,29,5,8,15,0.6235,129.7935,103.2448
2023-24,UTA,2024-01-13,UTA vs. LAL,LAL,True,W,132,125,7,42,93,0.452,12,37,0.324,36,39,13,39,52,28,7,5,10,0.5161,122.9508,116.4307
2023-24,UTA,2024-01-12,UTA vs. TOR,TOR,True,W,145,113,32,52,93,0.559,21,43,0.488,20,26,14,42,56,34,7,8,14,0.672,140.2864,109.3266
2023-24,UTA,2024-01-10,UTA vs. DEN,DEN,True,W,124,111,13,46,83,0.554,13,33,0.394,19,23,7,33,40,34,12,8,17,0.6325,121.307,108.5893
2023-24,UTA,2024-01-08,UTA @ MIL,MIL,False,W,132,116,16,47,90,0.522,20,44,0.455,18,22,10,37,47,33,6,8,11,0.6333,131.3172,115.3999
2023-24,UTA,2024-01-06,UTA @ PHI,PHI,False,W,120,109,11,46,80,0.575,8,30,0.267,20,24,9,39,48,30,4,4,24,0.625,113.9168,103.4745
2023-24,UTA,2024-01-05,UTA @ BOS,BOS,False,L,97,126,-29,34,94,0.362,6,34,0.176,23,34,16,41,57,23,11,2,18,0.3936,87.4662,113.6159
2023-24,UTA,2024-01-03,UTA vs. DET,DET,True,W,154,148,6,53,103,0.515,16,32,0.5,32,35,15,28,43,28,11,8,12,0.5922,133.2872,128.0942
2023-24,UTA,2024-01-01,UTA vs. DAL,DAL,True,W,127,90,37,49,96,0.51,12,44,0.273,17,18,7,46,53,37,9,6,13,0.5729,117.964,83.5965
2023-24,UTA,2023-12-30,UTA vs. MIA,MIA,True,W,117,109,8,43,93,0.462,11,41,0.268,20,28,9,34,43,29,8,6,10,0.5215,111.471,103.8491
2023-24,UTA,2023-12-28,UTA @ NOP,NOP,False,L,105,112,-7,36,85,0.424,12,39,0.308,21,25,17,25,42,27,5,3,19,0.4941,107.362,114.5194
2023-24,UTA,2023-12-26,UTA @ SAS,SAS,False,W,130,118,12,47,95,0.495,16,43,0.372,20,22,13,40,53,34,4,7,14,0.5789,124.4496,112.9619
2023-24,UTA,2023-12-23,UTA @ TOR,TOR,False,W,126,119,7,48,91,0.527,17,38,0.447,13,14,8,33,41,35,7,5,12,0.6209,124.4322,117.5193
2023-24,UTA,2023-12-21,UTA @ DET,DET,False,W,119,111,8,43,94,0.457,11,30,0.367,22,24,15,29,44,26,15,7,13,0.516,115.5789,107.8089
2023-24,UTA,2023-12-20,UTA @ CLE,CLE,False,L,116,124,-8,40,78,0.513,13,30,0.433,23,28,6,32,38,24,5,6,16,0.5962,115.2165,123.1625
2023-24,UTA,2023-12-18,UTA vs. BKN,BKN,True,W,125,108,17,45,91,0.495,14,34,0.412,21,24,12,39,51,30,6,8,14,0.5714,121.7374,105.1811
2023-24,UTA,2023-12-16,UTA @ SAC,SAC,False,L,104,125,-21,38,86,0.442,12,37,0.324,16,21,9,28,37,28,8,3,13,0.5116,103.565,124.4772
2023-24,UTA,2023-12-14,UTA @ POR,POR,False,W,122,114,8,49,92,0.533,11,33,0.333,13,14,13,32,45,27,9,9,11,0.5924,123.8076,115.6891
2023-24,UTA,2023-12-13,UTA vs. NYK,NYK,True,W,117,113,4,43,98,0.439,16,42,0.381,15,21,15,38,53,31,5,4,16,0.5204,109.6944,105.9441
2023-24,UTA,2023-12-11,UTA @ OKC,OKC,False,L,120,134,-14,44,92,0.478,12,38,0.316,20,21,9,32,41,32,9,9,17,0.5435,110.2333,123.0939
2023-24,UTA,2023-12-08,UTA vs. LAC,LAC,True,L,103,117,-14,38,84,0.452,9,31,0.29,18,24,8,32,40,23,10,10,16,0.506,101.5779,115.3846
2023-24,UTA,2023-12-06,UTA @ DAL,DAL,False,L,97,147,-50,35,87,0.402,12,33,0.364,15,18,11,32,43,22,6,3,19,0.4713,92.6988,140.4817
2023-24,UTA,2023-12-02,UTA vs. POR,POR,True,W,118,113,5,46,94,0.489,7,34,0.206,19,24,16,40,56,27,5,11,18,0.5266,110.5697,105.8846
2023-24,UTA,2023-11-30,UTA @ MIN,MIN,False,L,90,101,-11,33,87,0.379,11,34,0.324,13,14,13,38,51,22,6,4,21,0.4425,90.9642,102.0821
2023-24,UTA,2023-11-29,UTA @ MEM,MEM,False,L,91,105,-14,34,90,0.378,16,39,0.41,7,12,12,27,39,26,8,8,18,0.4667,92.4797,106.7073
2023-24,UTA,2023-11-27,UTA vs. NOP,NOP,True,W,114,112,2,37,88,0.42,17,48,0.354,23,28,9,34,43,31,6,4,10,0.517,115.5483,113.5212
2023-24,UTA,2023-11-25,UTA vs. NOP,NOP,True,W,105,100,5,38,87,0.437,15,43,0.349,14,17,14,38,52,23,8,6,24,0.523,102.2395,97.371
2023-24,UTA,2023-11-22,UTA @ POR,POR,False,L,105,121,-16,37,79,0.468,10,31,0.323,21,26,14,30,44,25,7,3,24,0.5316,105.5064,121.5836
2023-24,UTA,2023-11-21,UTA @ LAL,LAL,False,L,99,131,-32,38,98,0.388,11,44,0.25,12,16,13,29,42,25,6,3,14,0.4439,94.3216,124.8095
2023-24,UTA,2023-11-19,UTA vs. PHX,PHX,True,L,137,140,-3,48,115,0.417,15,46,0.326,26,32,27,32,59,27,11,5,19,0.4826,113.4482,115.9324
2023-24,UTA,2023-11-17,UTA vs. PHX,PHX,True,L,128,131,-3,43,85,0.506,16,36,0.444,26,31,10,29,39,27,3,10,8,0.6,129.2407,132.2698
2023-24,UTA,2023-11-14,UTA vs. POR,POR,True,W,115,99,16,44,95,0.463,13,43,0.302,14,15,16,36,52,26,11,6,13,0.5316,115.346,99.2979
2023-24,UTA,2023-11-10,UTA @ MEM,MEM,False,W,127,121,6,41,76,0.539,18,37,0.486,27,29,8,30,38,28,10,12,21,0.6579,123.613,117.773
2023-24,UTA,2023-11-08,UTA @ IND,IND,False,L,118,134,-16,45,96,0.469,11,27,0.407,17,18,16,31,47,26,3,5,22,0.526,108.3961,123.0939
2023-24,UTA,2023-11-06,UTA @ CHI,CHI,False,L,113,130,-17,41,86,0.477,16,43,0.372,15,17,17,35,52,32,1,7,23,0.5698,113.6592,130.7584
2023-24,UTA,2023-11-04,UTA @ MIN,MIN,False,L,95,123,-28,35,91,0.385,12,43,0.279,13,17,17,22,39,20,3,7,18,0.4505,96.8795,125.4334
2023-24,UTA,2023-11-02,UTA vs. ORL,ORL,True,L,113,115,-2,41,89,0.461,12,33,0.364,19,26,13,35,48,27,9,7,20,0.5281,104.9796,106.8376
2023-24,UTA,2023-11-01,UTA vs. MEM,MEM,True,W,133,109,24,47,87,0.54,22,43,0.512,17,24,10,40,50,35,7,3,21,0.6667,120.5584,98.8035
2023-24,UTA,2023-10-30,UTA @ DEN,DEN,False,L,102,110,-8,42,98,0.429,11,37,0.297,7,15,17,34,51,30,6,2,13,0.4847,102.9887,111.0662
2023-24,UTA,2023-10-28,UTA @ PHX,PHX,False,L,104,126,-22,40,91,0.44,12,37,0.324,12,14,15,30,45,26,6,5,19,0.5055,102.7262,124.4567
2023-24,UTA,2023-10-27,UTA vs. LAC,LAC,True,W,120,118,2,42,96,0.438,16,41,0.39,20,22,17,28,45,27,7,4,14,0.5208,118.8119,116.8317
2023-24,UTA,2023-10-25,UTA vs. SAC,SAC,True,L,114,130,-16,41,91,0.451,9,28,0.321,23,31,16,38,54,22,6,2,14,0.5,108.3444,123.5507
2023-24,WAS,2024-04-14,WAS @ BOS,BOS,False,L,122,132,-10,49,103,0.476,14,38,0.368,10,10,8,28,36,33,9,4,12,0.5437,112.6292,121.8612
2023-24,WAS,2024-04-12,WAS vs. CHI,CHI,True,L,127,129,-2,45,86,0.523,18,43,0.419,19,29,4,35,39,32,6,5,12,0.6279,119.2041,121.0813
2023-24,WAS,2024-04-09,WAS @ MIN,MIN,False,L,121,130,-9,44,89,0.494,20,43,0.465,13,17,7,34,41,26,5,4,13,0.6067,118.3027,127.1021
2023-24,WAS,2024-04-07,WAS @ TOR,TOR,False,L,122,130,-8,42,89,0.472,16,40,0.4,22,30,8,35,43,29,9,11,15,0.5618,109.1625,116.3207
2023-24,WAS,2024-04-05,WAS vs. POR,POR,True,L,102,108,-6,38,88,0.432,5,33,0.152,21,30,12,33,45,24,9,5,10,0.4602,101.6139,107.5912
2023-24,WAS,2024-04-03,WAS vs. LAL,LAL,True,L,120,125,-5,45,91,0.495,18,42,0.429,12,13,6,33,39,26,11,4,18,0.5934,109.8499,114.4269
2023-24,WAS,2024-04-02,WAS vs. MIL,MIL,True,W,117,113,4,47,93,0.505,9,38,0.237,14,17,5,39,44,26,9,2,11,0.5538,110.6906,106.9063
2023-24,WAS,2024-03-31,WAS vs. MIA,MIA,True,L,107,119,-12,40,88,0.455,11,38,0.289,16,21,7,35,42,27,6,1,16,0.517,102.8846,114.4231
2023-24,WAS,2024-03-29,WAS vs. DET,DET,True,L,87,96,-9,36,88,0.409,9,33,0.273,6,8,9,38,47,22,2,4,19,0.4602,85.1605,93.9702
2023-24,WAS,2024-03-27,WAS vs. BKN,BKN,True,L,119,122,-3,46,91,0.505,14,34,0.412,13,17,5,39,44,26,4,4,14,0.5824,111.4232,114.2322
2023-24,WAS,2024-03-25,WAS @ CHI,CHI,False,W,107,105,2,39,97,0.402,14,49,0.286,15,18,14,38,52,32,8,5,14,0.4742,103.2619,101.3318
2023-24,WAS,2024-03-23,WAS vs. TOR,TOR,True,W,112,109,3,44,92,0.478,11,35,0.314,13,19,16,39,55,28,7,8,18,0.538,108.3172,105.4159
2023-24,WAS,2024-03-21,WAS vs. SAC,SAC,True,W,109,102,7,41,81,0.506,10,25,0.4,17,23,10,35,45,20,9,3,20,0.5679,108.739,101.7558
2023-24,WAS,2024-03-19,WAS vs. HOU,HOU,True,L,114,137,-23,42,98,0.429,15,39,0.385,15,20,17,27,44,24,6,2,11,0.5051,112.5148,135.2152
2023-24,WAS,2024-03-17,WAS vs. BOS,BOS,True,L,104,130,-26,41,89,0.461,10,34,0.294,12,14,10,30,40,24,3,5,16,0.5169,103.1132,128.8915
2023-24,WAS,2024-03-16,WAS @ CHI,CHI,False,L,98,127,-29,36,84,0.429,13,32,0.406,13,22,9,23,32,27,12,7,16,0.506,97.2994,126.0921
2023-24,WAS,2024-03-14,WAS @ HOU,HOU,False,L,119,135,-16,46,93,0.495,12,38,0.316,15,19,7,25,32,29,11,2,14,0.5591,109.7179,124.4699
2023-24,WAS,2024-03-12,WAS @ MEM,MEM,False,L,97,109,-12,37,82,0.451,11,36,0.306,12,16,4,24,28,26,9,3,13,0.5183,95.9067,107.7714
2023-24,WAS,2024-03-10,WAS @ MIA,MIA,False,W,110,108,2,39,81,0.481,16,39,0.41,16,22,6,34,40,35,5,5,15,0.5802,110.2204,108.2164
2023-24,WAS,2024-03-08,WAS vs. CHA,CHA,True,W,112,100,12,43,87,0.494,6,33,0.182,20,23,10,44,54,25,5,11,11,0.5287,112.7214,100.6441
2023-24,WAS,2024-03-06,WAS vs. ORL,ORL,True,L,109,119,-10,40,88,0.455,12,38,0.316,17,20,9,26,35,26,7,4,9,0.5227,112.93,123.2905
2023-24,WAS,2024-03-04,WAS @ UTA,UTA,False,L,115,127,-12,40,94,0.426,16,38,0.421,19,23,10,33,43,26,6,3,15,0.5106,105.1573,116.1302
2023-24,WAS,2024-03-01,WAS @ LAC,LAC,False,L,115,140,-25,46,98,0.469,12,34,0.353,11,15,9,30,39,29,5,3,10,0.5306,109.2118,132.9535
2023-24,WAS,2024-02-29,WAS @ LAL,LAL,False,L,131,134,-3,52,102,0.51,17,41,0.415,10,12,10,35,45,35,6,6,15,0.5931,114.993,117.6264
2023-24,WAS,2024-02-27,WAS vs. GSW,GSW,True,L,112,123,-11,46,93,0.495,12,35,0.343,8,10,11,30,41,34,5,5,21,0.5591,103.5886,113.7625
2023-24,WAS,2024-02-25,WAS vs. CLE,CLE,True,L,105,114,-9,40,90,0.444,12,40,0.3,13,18,4,36,40,29,6,2,9,0.5111,103.5503,112.426
2023-24,WAS,2024-02-23,WAS @ OKC,OKC,False,L,106,147,-41,41,104,0.394,9,38,0.237,15,21,16,27,43,20,10,3,16,0.4375,95.7197,132.7434
2023-24,WAS,2024-02-22,WAS @ DEN,DEN,False,L,110,130,-20,40,104,0.385,17,38,0.447,13,23,14,26,40,30,14,1,14,0.4663,97.8996,115.6995
2023-24,WAS,2024-02-14,WAS @ NOP,NOP,False,L,126,133,-7,44,92,0.478,21,45,0.467,17,20,15,27,42,35,7,3,19,0.5924,120.8285,127.5412
2023-24,WAS,2024-02-12,WAS @ DAL,DAL,False,L,104,112,-8,44,106,0.415,7,32,0.219,9,15,12,40,52,27,9,7,16,0.4481,91.2121,98.2284
2023-24,WAS,2024-02-10,WAS vs. PHI,PHI,True,L,113,119,-6,42,86,0.488,13,35,0.371,16,21,7,32,39,28,7,8,17,0.564,105.9243,111.5486
2023-24,WAS,2024-02-09,WAS @ BOS,BOS,False,L,129,133,-4,45,95,0.474,20,47,0.426,19,21,5,34,39,32,8,1,12,0.5789,117.5077,121.1514
2023-24,WAS,2024-02-07,WAS vs. CLE,CLE,True,L,106,114,-8,42,94,0.447,16,40,0.4,6,9,12,35,47,27,10,5,15,0.5319,103.0928,110.8734
2023-24,WAS,2024-02-04,WAS vs. PHX,PHX,True,L,112,140,-28,47,96,0.49,7,32,0.219,11,17,13,22,35,32,11,4,18,0.526,103.2639,129.0798
2023-24,WAS,2024-02-02,WAS vs. MIA,MIA,True,L,102,110,-8,37,90,0.411,11,42,0.262,17,21,6,37,43,28,5,4,9,0.4722,100.1768,108.0338
2023-24,WAS,2024-01-31,WAS vs. LAC,LAC,True,L,109,125,-16,45,97,0.464,9,29,0.31,10,15,12,33,45,19,4,10,13,0.5103,106.7163,122.381
2023-24,WAS,2024-01-29,WAS @ SAS,SAS,False,W,118,113,5,46,86,0.535,9,25,0.36,17,24,14,31,45,32,9,8,19,0.5872,114.5409,109.6874
2023-24,WAS,2024-01-27,WAS @ DET,DET,False,W,118,104,14,45,100,0.45,11,34,0.324,17,21,16,34,50,26,10,4,10,0.505,114.4964,100.9121
2023-24,WAS,2024-01-25,WAS vs. UTA,UTA,True,L,108,123,-15,43,88,0.489,7,30,0.233,15,20,5,30,35,33,11,7,11,0.5284,103.8062,118.2238
2023-24,WAS,2024-01-24,WAS vs. MIN,MIN,True,L,107,118,-11,37,77,0.481,10,24,0.417,23,29,7,42,49,31,2,3,21,0.5455,102.628,113.1786
2023-24,WAS,2024-01-21,WAS vs. DEN,DEN,True,L,104,113,-9,39,91,0.429,8,27,0.296,18,22,12,28,40,31,6,9,13,0.4725,102.4631,111.33
2023-24,WAS,2024-01-20,WAS vs. SAS,SAS,True,L,127,131,-4,49,103,0.476,9,29,0.31,20,23,14,32,46,28,10,4,12,0.5194,115.3287,118.9611
2023-24,WAS,2024-01-18,WAS @ NYK,NYK,False,L,109,113,-4,41,90,0.456,10,31,0.323,17,22,9,37,46,31,9,4,12,0.5111,103.7502,107.5576
2023-24,WAS,2024-01-15,WAS vs. DET,DET,True,L,117,129,-12,44,95,0.463,19,41,0.463,10,11,8,25,33,30,8,7,8,0.5632,114.7284,126.4954
2023-24,WAS,2024-01-13,WAS @ ATL,ATL,False,W,127,99,28,47,97,0.485,12,32,0.375,21,26,12,42,54,32,10,9,12,0.5464,117.6144,91.6836
2023-24,WAS,2024-01-10,WAS @ IND,IND,False,L,104,112,-8,38,88,0.432,7,31,0.226,21,30,13,33,46,24,8,8,14,0.4716,101.5823,109.3964
2023-24,WAS,2024-01-08,WAS vs. OKC,OKC,True,L,128,136,-8,44,89,0.494,15,32,0.469,25,29,12,26,38,32,7,5,15,0.5787,122.8879,130.5684
2023-24,WAS,2024-01-06,WAS vs. NYK,NYK,True,L,105,121,-16,40,85,0.471,13,37,0.351,12,20,12,33,45,33,5,3,20,0.5471,103.7754,119.5889
2023-24,WAS,2024-01-05,WAS @ CLE,CLE,False,L,90,114,-24,35,84,0.417,9,30,0.3,11,15,7,24,31,19,12,8,17,0.4702,90.1262,114.1598
2023-24,WAS,2024-01-03,WAS @ CLE,CLE,False,L,101,140,-39,42,101,0.416,12,35,0.343,5,11,12,24,36,22,8,5,8,0.4752,99.5662,138.0126
2023-24,WAS,2023-12-31,WAS vs. ATL,ATL,True,L,126,130,-4,46,98,0.469,17,53,0.321,17,21,6,36,42,35,5,9,9,0.5561,113.7595,117.3709
2023-24,WAS,2023-12-29,WAS vs. BKN,BKN,True,W,110,104,6,46,91,0.505,15,38,0.395,3,7,8,35,43,28,5,5,7,0.5879,117.0462,110.6618
2023-24,WAS,2023-12-27,WAS vs. TOR,TOR,True,L,102,132,-30,42,90,0.467,8,33,0.242,10,15,10,24,34,25,11,3,17,0.5111,97.6263,126.34
2023-24,WAS,2023-12-26,WAS vs. ORL,ORL,True,L,119,127,-8,43,87,0.494,16,42,0.381,17,21,10,37,47,27,10,8,20,0.5862,108.5568,115.8548
2023-24,WAS,2023-12-22,WAS @ GSW,GSW,False,L,118,129,-11,44,97,0.454,11,35,0.314,19,24,9,30,39,25,7,4,9,0.5103,111.6578,122.0666
2023-24,WAS,2023-12-21,WAS @ POR,POR,False,W,118,117,1,42,84,0.5,12,30,0.4,22,32,7,30,37,26,9,6,12,0.5714,115.573,114.5935
2023-24,WAS,2023-12-18,WAS @ SAC,SAC,False,L,131,143,-12,44,85,0.518,18,38,0.474,25,30,5,34,39,26,3,6,12,0.6235,122.0649,133.2464
2023-24,WAS,2023-12-17,WAS @ PHX,PHX,False,L,108,112,-4,39,95,0.411,14,46,0.304,16,20,10,34,44,24,8,6,10,0.4842,102.3697,106.1611
2023-24,WAS,2023-12-15,WAS vs. IND,IND,True,W,137,123,14,52,92,0.565,13,27,0.481,20,26,8,39,47,36,7,8,19,0.6359,118.8823,106.7338
2023-24,WAS,2023-12-13,WAS vs. NOP,NOP,True,L,122,142,-20,42,82,0.512,19,44,0.432,19,24,3,30,33,28,7,6,15,0.628,114.1467,132.8593
2023-24,WAS,2023-12-11,WAS @ PHI,PHI,False,L,101,146,-45,36,85,0.424,9,31,0.29,20,31,13,31,44,21,5,2,22,0.4765,92.3893,133.5529
2023-24,WAS,2023-12-08,WAS @ BKN,BKN,False,L,97,124,-27,38,91,0.418,6,33,0.182,15,21,12,29,41,19,4,7,16,0.4505,92.752,118.5695
2023-24,WAS,2023-12-06,WAS vs. PHI,PHI,True,L,126,131,-5,52,92,0.565,14,35,0.4,8,8,2,30,32,39,8,6,11,0.6413,119.1602,123.8888
2023-24,WAS,2023-12-01,WAS @ ORL,ORL,False,L,125,130,-5,45,89,0.506,13,28,0.464,22,31,8,32,40,25,8,5,14,0.5787,115.1225,119.7274
2023-24,WAS,2023-11-29,WAS @ ORL,ORL,False,L,120,139,-19,41,87,0.471,11,29,0.379,27,35,7,22,29,28,14,3,10,0.5345,114.3075,132.4062
2023-24,WAS,2023-11-27,WAS @ DET,DET,False,W,126,107,19,45,89,0.506,10,29,0.345,26,28,6,40,46,29,8,6,16,0.5618,114.1925,96.973
2023-24,WAS,2023-11-25,WAS vs. ATL,ATL,True,L,108,136,-28,43,88,0.489,10,38,0.263,12,12,8,33,41,33,5,6,20,0.5455,103.3097,130.0937
2023-24,WAS,2023-11-24,WAS @ MIL,MIL,False,L,128,131,-3,48,100,0.48,15,37,0.405,17,21,12,34,46,29,3,4,9,0.555,120.8916,123.725
2023-24,WAS,2023-11-22,WAS @ CHA,CHA,False,L,114,117,-3,44,97,0.454,11,32,0.344,15,18,11,36,47,26,7,3,10,0.5103,110.5937,113.5041
2023-24,WAS,2023-11-20,WAS vs. MIL,MIL,True,L,129,142,-13,55,99,0.556,10,29,0.345,9,11,5,21,26,29,6,4,4,0.6061,123.9431,136.4335
2023-24,WAS,2023-11-17,WAS vs. NYK,NYK,True,L,99,120,-21,37,82,0.451,10,32,0.313,15,16,7,25,32,25,4,4,14,0.5122,102.6758,124.4555
2023-24,WAS,2023-11-15,WAS vs. DAL,DAL,True,L,117,130,-13,43,89,0.483,12,36,0.333,19,23,8,38,46,23,6,1,12,0.5506,112.026,124.4734
2023-24,WAS,2023-11-13,WAS @ TOR,TOR,False,L,107,111,-4,43,84,0.512,12,26,0.462,9,12,8,30,38,32,11,5,22,0.5833,103.242,107.1015
2023-24,WAS,2023-11-12,WAS @ BKN,BKN,False,L,94,102,-8,33,88,0.375,10,41,0.244,18,25,7,35,42,20,14,3,12,0.4318,89.6092,97.2355
2023-24,WAS,2023-11-10,WAS vs. CHA,CHA,True,L,117,124,-7,43,88,0.489,14,38,0.368,17,20,7,29,36,28,4,6,15,0.5682,111.8975,118.5922
2023-24,WAS,2023-11-08,WAS @ CHA,CHA,False,W,132,116,16,47,97,0.485,18,43,0.419,20,25,13,27,40,26,10,6,11,0.5773,124.8817,109.7446
2023-24,WAS,2023-11-06,WAS @ PHI,PHI,False,L,128,146,-18,49,96,0.51,14,34,0.412,16,20,10,28,38,31,6,10,19,0.5833,112.9545,128.8387
2023-24,WAS,2023-11-03,WAS @ MIA,MIA,False,L,114,121,-7,46,81,0.568,13,28,0.464,9,17,4,26,30,33,7,4,20,0.6481,111.4152,118.2565
2023-24,WAS,2023-11-01,WAS @ ATL,ATL,False,L,121,130,-9,51,101,0.505,10,40,0.25,9,14,6,29,35,32,14,3,11,0.5545,107.441,115.4324
2023-24,WAS,2023-10-30,WAS vs. BOS,BOS,True,L,107,126,-19,39,87,0.448,11,36,0.306,18,26,11,29,40,26,12,4,15,0.5115,101.653,119.7036
2023-24,WAS,2023-10-28,WAS vs. MEM,MEM,True,W,113,106,7,40,93,0.43,16,46,0.348,17,22,11,34,45,24,9,5,12,0.5161,107.2921,100.6457
2023-24,WAS,2023-10-25,WAS @ IND,IND,False,L,120,143,-23,44,96,0.458,9,24,0.375,23,29,11,34,45,28,6,9,14,0.5052,106.1759,126.5263
