season,team,game_date,matchup,opponent,home,result,points,opponent_points,point_diff,field_goals_made,field_goal_attempts,field_goal_pct,three_point_makes,three_point_attempts,three_point_pct,free_throws_made,free_throw_attempts,offensive_rebounds,defensive_rebounds,rebounds,assists,steals,blocks,turnovers,effective_fg_pct,off_rating_est,def_rating_est
2024-25,ATL,2025-04-13,ATL vs. ORL,ORL,True,W,117,105,12,47,88,0.534,17,40,0.425,6,10,9,35,44,32,8,2,16,0.6307,118.7817,106.599
2024-25,ATL,2025-04-11,ATL @ PHI,PHI,False,W,124,110,14,45,94,0.479,16,42,0.381,18,24,18,35,53,28,9,5,15,0.5638,120.2949,106.7132
2024-25,ATL,2025-04-10,ATL @ BKN,BKN,False,W,133,109,24,48,84,0.571,15,36,0.417,22,33,7,44,51,36,11,1,15,0.6607,123.6059,101.3011
2024-25,ATL,2025-04-08,ATL @ ORL,ORL,False,L,112,119,-7,40,88,0.455,14,41,0.341,18,22,14,27,41,25,7,6,18,0.5341,111.8211,118.8099
2024-25,ATL,2025-04-06,ATL vs. UTA,UTA,True,W,147,134,13,54,95,0.568,22,41,0.537,17,20,11,31,42,43,7,3,12,0.6842,141.9467,129.3936
2024-25,ATL,2025-04-05,ATL vs. NYK,NYK,True,L,105,121,-16,41,88,0.466,14,45,0.311,9,12,9,29,38,24,11,7,15,0.5455,105.1893,121.2182
2024-25,ATL,2025-04-02,ATL @ DAL,DAL,False,L,118,120,-2,42,97,0.433,15,39,0.385,19,22,12,31,43,29,7,3,11,0.5103,112.9619,114.8765
2024-25,ATL,2025-04-01,ATL vs. POR,POR,True,L,113,127,-14,41,92,0.446,7,32,0.219,24,28,12,33,45,26,12,8,20,0.4837,100.3552,112.7886
2024-25,ATL,2025-03-30,ATL @ MIL,MIL,False,W,145,124,21,50,94,0.532,17,48,0.354,28,35,15,31,46,36,10,2,9,0.6223,136.5863,116.8048
2024-25,ATL,2025-03-27,ATL @ MIA,MIA,False,L,112,122,-10,43,83,0.518,18,41,0.439,8,11,6,30,36,27,10,2,16,0.6265,114.496,124.7189
2024-25,ATL,2025-03-25,ATL @ HOU,HOU,False,L,114,121,-7,43,103,0.417,15,49,0.306,13,15,18,24,42,32,8,1,14,0.4903,106.8616,113.4233
2024-25,ATL,2025-03-23,ATL vs. PHI,PHI,True,W,132,119,13,48,87,0.552,17,37,0.459,19,22,10,29,39,35,11,4,17,0.6494,125.1422,112.8176
2024-25,ATL,2025-03-22,ATL vs. GSW,GSW,True,W,124,115,9,49,86,0.57,15,36,0.417,11,18,10,36,46,37,5,3,16,0.657,124.3981,115.3692
2024-25,ATL,2025-03-18,ATL @ CHA,CHA,False,W,134,102,32,50,93,0.538,22,45,0.489,12,15,11,35,46,27,12,8,11,0.6559,134.1073,102.0817
2024-25,ATL,2025-03-16,ATL @ BKN,BKN,False,L,114,122,-8,42,90,0.467,11,37,0.297,19,24,10,28,38,27,12,11,14,0.5278,108.7371,116.3678
2024-25,ATL,2025-03-14,ATL vs. LAC,LAC,True,L,98,121,-23,37,88,0.42,9,33,0.273,15,17,13,31,44,25,8,6,18,0.4716,96.8954,119.6361
2024-25,ATL,2025-03-12,ATL vs. CHA,CHA,True,W,123,110,13,37,88,0.42,14,36,0.389,35,39,13,30,43,26,13,6,14,0.5,115.4496,103.2476
2024-25,ATL,2025-03-10,ATL vs. PHI,PHI,True,W,132,123,9,53,98,0.541,15,37,0.405,11,14,14,34,48,34,4,6,15,0.6173,125.7382,117.1652
2024-25,ATL,2025-03-08,ATL vs. IND,IND,True,W,120,118,2,45,97,0.464,10,34,0.294,20,21,16,32,48,23,10,10,17,0.5155,111.3999,109.5433
2024-25,ATL,2025-03-06,ATL vs. IND,IND,True,W,124,118,6,50,94,0.532,10,30,0.333,14,18,11,32,43,32,5,4,9,0.5851,124.3731,118.3551
2024-25,ATL,2025-03-04,ATL vs. MIL,MIL,True,L,121,127,-6,46,101,0.455,16,41,0.39,13,17,11,36,47,33,10,6,12,0.5347,109.2058,114.6209
2024-25,ATL,2025-03-03,ATL @ MEM,MEM,False,W,132,130,2,55,96,0.573,13,28,0.464,9,17,14,18,32,35,12,7,12,0.6406,126.6309,124.7122
2024-25,ATL,2025-02-28,ATL vs. OKC,OKC,True,L,119,135,-16,43,88,0.489,15,36,0.417,18,23,10,36,46,27,8,5,19,0.5739,109.9815,124.7689
2024-25,ATL,2025-02-26,ATL @ MIA,MIA,False,L,109,131,-22,41,81,0.506,12,32,0.375,15,19,9,24,33,29,6,3,17,0.5802,113.518,136.4299
2024-25,ATL,2025-02-24,ATL vs. MIA,MIA,True,W,98,86,12,40,88,0.455,9,35,0.257,9,12,13,37,50,29,13,2,18,0.5057,98.91,86.7985
2024-25,ATL,2025-02-23,ATL vs. DET,DET,True,L,143,148,-5,48,96,0.5,21,45,0.467,26,36,10,30,40,30,8,6,13,0.6094,122.8311,127.1259
2024-25,ATL,2025-02-20,ATL vs. ORL,ORL,True,L,108,114,-6,39,100,0.39,11,35,0.314,19,28,16,35,51,20,7,4,9,0.445,105.8616,111.7428
2024-25,ATL,2025-02-12,ATL @ NYK,NYK,False,L,148,149,-1,55,110,0.5,14,38,0.368,24,35,19,28,47,43,12,10,14,0.5636,122.9849,123.8159
2024-25,ATL,2025-02-10,ATL @ ORL,ORL,False,W,112,106,6,38,77,0.494,12,32,0.375,24,28,6,33,39,29,10,3,17,0.5714,112.0672,106.0636
2024-25,ATL,2025-02-08,ATL @ WAS,WAS,False,W,125,111,14,47,97,0.485,18,44,0.409,13,17,8,33,41,36,6,7,12,0.5773,116.4307,103.3905
2024-25,ATL,2025-02-07,ATL vs. MIL,MIL,True,W,115,110,5,45,92,0.489,13,36,0.361,12,18,11,41,52,29,6,6,11,0.5598,113.1222,108.2038
2024-25,ATL,2025-02-05,ATL vs. SAS,SAS,True,L,125,126,-1,48,91,0.527,16,42,0.381,13,18,8,37,45,33,5,5,20,0.6154,114.6999,115.6175
2024-25,ATL,2025-02-03,ATL @ DET,DET,False,W,132,130,2,42,81,0.519,16,37,0.432,32,39,5,32,37,27,8,7,14,0.6173,125.1897,123.2929
2024-25,ATL,2025-02-01,ATL @ IND,IND,False,L,127,132,-5,45,90,0.5,14,37,0.378,23,32,11,33,44,31,6,4,13,0.5778,119.7661,124.4813
2024-25,ATL,2025-01-30,ATL @ CLE,CLE,False,L,115,137,-22,41,90,0.456,13,39,0.333,20,27,10,26,36,28,10,1,11,0.5278,112.3705,133.8675
2024-25,ATL,2025-01-28,ATL vs. HOU,HOU,True,L,96,100,-4,36,89,0.404,11,47,0.234,13,16,9,31,40,19,11,5,18,0.4663,92.3788,96.2279
2024-25,ATL,2025-01-27,ATL @ MIN,MIN,False,L,92,100,-8,34,86,0.395,12,43,0.279,12,18,14,37,51,24,10,3,22,0.4651,89.8964,97.7135
2024-25,ATL,2025-01-25,ATL vs. TOR,TOR,True,L,94,117,-23,33,84,0.393,11,37,0.297,17,25,8,35,43,28,14,5,24,0.4583,83.9286,104.4643
2024-25,ATL,2025-01-23,ATL vs. TOR,TOR,True,L,119,122,-3,42,87,0.483,13,37,0.351,22,30,9,27,36,30,11,2,15,0.5575,112.3914,115.2248
2024-25,ATL,2025-01-22,ATL vs. DET,DET,True,L,104,114,-10,39,103,0.379,6,38,0.158,20,26,15,32,47,25,14,3,14,0.4078,94.6315,103.7307
2024-25,ATL,2025-01-20,ATL @ NYK,NYK,False,L,110,119,-9,40,85,0.471,13,30,0.433,17,22,16,25,41,23,10,6,24,0.5471,106.8376,115.5789
2024-25,ATL,2025-01-18,ATL @ BOS,BOS,False,W,119,115,4,44,93,0.473,9,37,0.243,22,28,13,42,55,27,9,10,18,0.5215,107.4783,103.8656
2024-25,ATL,2025-01-15,ATL @ CHI,CHI,False,W,110,94,16,41,100,0.41,13,43,0.302,15,22,14,37,51,28,11,5,11,0.475,104.2259,89.0658
2024-25,ATL,2025-01-14,ATL vs. PHX,PHX,True,W,122,117,5,43,98,0.439,17,41,0.415,19,26,20,34,54,22,10,3,14,0.5255,118.2629,113.4161
2024-25,ATL,2025-01-09,ATL @ PHX,PHX,False,L,115,123,-8,42,86,0.488,15,32,0.469,16,17,8,24,32,32,11,3,11,0.5756,119.7418,128.0716
2024-25,ATL,2025-01-07,ATL @ UTA,UTA,False,W,124,121,3,47,98,0.48,18,44,0.409,12,15,12,32,44,35,6,11,10,0.5714,116.651,113.8288
2024-25,ATL,2025-01-04,ATL @ LAC,LAC,False,L,105,131,-26,38,88,0.432,16,46,0.348,13,17,8,35,43,30,11,4,23,0.5227,93.7667,116.9852
2024-25,ATL,2025-01-03,ATL @ LAL,LAL,False,L,102,119,-17,41,100,0.41,6,34,0.176,14,18,13,26,39,22,10,3,8,0.44,100.0392,116.7124
2024-25,ATL,2025-01-01,ATL @ DEN,DEN,False,L,120,139,-19,45,100,0.45,16,46,0.348,14,21,12,32,44,34,10,5,14,0.53,107.3922,124.3959
2024-25,ATL,2024-12-29,ATL @ TOR,TOR,False,W,136,107,29,46,95,0.484,18,45,0.4,26,35,14,26,40,30,22,8,15,0.5789,121.277,95.4164
2024-25,ATL,2024-12-28,ATL vs. MIA,MIA,True,W,120,110,10,44,86,0.512,15,37,0.405,17,22,9,38,47,34,7,2,13,0.5988,120.8459,110.7754
2024-25,ATL,2024-12-26,ATL vs. CHI,CHI,True,W,141,133,8,46,89,0.517,17,45,0.378,32,34,12,32,44,32,9,5,14,0.6124,132.0225,124.5318
2024-25,ATL,2024-12-23,ATL vs. MIN,MIN,True,W,117,104,13,39,73,0.534,18,36,0.5,21,26,6,32,38,27,15,6,23,0.6575,115.1802,102.3824
2024-25,ATL,2024-12-21,ATL vs. MEM,MEM,True,L,112,128,-16,39,80,0.488,14,38,0.368,20,24,6,35,41,29,11,6,25,0.575,100.7738,115.1701
2024-25,ATL,2024-12-19,ATL @ SAS,SAS,False,L,126,133,-7,46,97,0.474,16,38,0.421,18,21,12,41,53,32,14,6,23,0.5567,106.1678,112.0661
2024-25,ATL,2024-12-14,ATL @ MIL,MIL,False,L,102,110,-8,35,82,0.427,10,24,0.417,22,34,7,37,44,23,3,6,13,0.4878,98.1524,105.8507
2024-25,ATL,2024-12-11,ATL @ NYK,NYK,False,W,108,100,8,43,104,0.413,9,31,0.29,13,20,22,36,58,27,5,7,11,0.4567,105.6751,97.8474
2024-25,ATL,2024-12-08,ATL vs. DEN,DEN,True,L,111,141,-30,41,101,0.406,9,40,0.225,20,27,19,26,45,26,12,2,12,0.4505,101.6297,129.0972
2024-25,ATL,2024-12-06,ATL vs. LAL,LAL,True,W,134,132,2,50,100,0.5,17,40,0.425,17,22,11,37,48,40,10,5,17,0.585,116.1581,114.4244
2024-25,ATL,2024-12-04,ATL @ MIL,MIL,False,W,119,104,15,45,102,0.441,9,32,0.281,20,22,15,39,54,29,16,3,14,0.4853,111.1734,97.1599
2024-25,ATL,2024-12-02,ATL vs. NOP,NOP,True,W,124,112,12,49,96,0.51,10,38,0.263,16,20,11,40,51,30,12,4,18,0.5625,112.584,101.6888
2024-25,ATL,2024-11-30,ATL @ CHA,CHA,False,W,107,104,3,38,78,0.487,10,33,0.303,21,27,14,35,49,27,8,7,22,0.5513,108.4973,105.4553
2024-25,ATL,2024-11-29,ATL vs. CLE,CLE,True,W,117,101,16,44,85,0.518,14,34,0.412,15,18,10,43,53,33,9,5,21,0.6,113.3721,97.8682
2024-25,ATL,2024-11-27,ATL @ CLE,CLE,False,W,135,124,11,46,97,0.474,20,42,0.476,23,25,14,37,51,39,6,6,15,0.5773,124.2408,114.1174
2024-25,ATL,2024-11-25,ATL vs. DAL,DAL,True,L,119,129,-10,48,101,0.475,9,31,0.29,14,16,9,30,39,32,10,6,14,0.5198,105.9096,114.8095
2024-25,ATL,2024-11-22,ATL @ CHI,CHI,False,L,122,136,-14,49,107,0.458,10,34,0.294,14,19,14,28,42,32,11,4,11,0.5047,110.1083,122.7437
2024-25,ATL,2024-11-20,ATL @ GSW,GSW,False,L,97,120,-23,35,105,0.333,12,45,0.267,15,24,21,44,65,27,9,5,17,0.3905,85.6588,105.9696
2024-25,ATL,2024-11-18,ATL @ SAC,SAC,False,W,109,108,1,39,83,0.47,16,38,0.421,15,18,6,31,37,34,7,7,14,0.5663,108.8476,107.849
2024-25,ATL,2024-11-17,ATL @ POR,POR,False,L,110,114,-4,39,85,0.459,11,32,0.344,21,25,16,31,47,30,10,7,27,0.5235,103.5977,107.3649
2024-25,ATL,2024-11-15,ATL vs. WAS,WAS,True,W,129,117,12,46,98,0.469,12,37,0.324,25,30,15,40,55,28,10,10,16,0.5306,111.9597,101.5449
2024-25,ATL,2024-11-12,ATL @ BOS,BOS,False,W,117,116,1,50,99,0.505,10,32,0.313,7,13,19,25,44,35,16,2,16,0.5556,115.4985,114.5114
2024-25,ATL,2024-11-09,ATL vs. CHI,CHI,True,L,113,125,-12,41,89,0.461,9,29,0.31,22,30,10,29,39,31,8,5,14,0.5112,105.9441,117.1948
2024-25,ATL,2024-11-08,ATL @ DET,DET,False,L,121,122,-1,44,97,0.454,15,36,0.417,18,23,15,29,44,30,12,7,18,0.5309,110.1201,111.0302
2024-25,ATL,2024-11-06,ATL vs. NYK,NYK,True,W,121,116,5,45,100,0.45,15,38,0.395,16,22,16,32,48,31,12,4,8,0.525,120.2305,115.2623
2024-25,ATL,2024-11-04,ATL vs. BOS,BOS,True,L,93,123,-30,37,89,0.416,6,31,0.194,13,16,8,35,43,23,9,3,20,0.4494,86.6083,114.5465
2024-25,ATL,2024-11-03,ATL @ NOP,NOP,False,W,126,111,15,50,88,0.568,15,36,0.417,11,12,10,31,41,29,10,3,16,0.6534,127.2213,112.0759
2024-25,ATL,2024-11-01,ATL vs. SAC,SAC,True,L,115,123,-8,41,92,0.446,19,50,0.38,14,18,8,32,40,30,8,4,13,0.5489,108.9428,116.5214
2024-25,ATL,2024-10-30,ATL @ WAS,WAS,False,L,120,133,-13,45,95,0.474,12,39,0.308,18,21,12,29,41,28,10,3,17,0.5368,109.4691,121.3282
2024-25,ATL,2024-10-28,ATL vs. WAS,WAS,True,L,119,121,-2,39,81,0.481,15,40,0.375,26,36,6,33,39,32,12,7,16,0.5741,109.9206,111.768
2024-25,ATL,2024-10-27,ATL @ OKC,OKC,False,L,104,128,-24,36,91,0.396,10,31,0.323,22,29,17,32,49,24,7,4,20,0.4505,99.5978,122.5819
2024-25,ATL,2024-10-25,ATL vs. CHA,CHA,True,W,125,120,5,39,81,0.481,14,38,0.368,33,38,7,32,39,25,11,9,14,0.5679,118.8439,114.0901
2024-25,ATL,2024-10-23,ATL vs. BKN,BKN,True,W,120,116,4,39,80,0.488,9,28,0.321,33,46,12,33,45,25,12,9,16,0.5438,112.5492,108.7976
2024-25,BKN,2025-04-13,BKN vs. NYK,NYK,True,L,105,113,-8,38,74,0.514,12,35,0.343,17,25,6,36,42,21,4,2,19,0.5946,106.3614,114.4652
2024-25,BKN,2025-04-11,BKN @ MIN,MIN,False,L,91,117,-26,33,90,0.367,12,41,0.293,13,17,15,26,41,24,7,1,10,0.4333,97.2015,124.9733
2024-25,BKN,2025-04-10,BKN vs. ATL,ATL,True,L,109,133,-24,36,90,0.4,22,52,0.423,15,22,10,31,41,31,8,2,19,0.5222,101.3011,123.6059
2024-25,BKN,2025-04-08,BKN vs. NOP,NOP,True,W,119,114,5,41,83,0.494,17,40,0.425,20,24,7,33,40,30,11,4,16,0.5964,115.4219,110.5723
2024-25,BKN,2025-04-06,BKN vs. TOR,TOR,True,L,109,120,-11,39,82,0.476,10,35,0.286,21,27,8,38,46,25,8,7,24,0.5366,99.2895,109.3095
2024-25,BKN,2025-04-03,BKN vs. MIN,MIN,True,L,90,105,-15,38,89,0.427,11,36,0.306,3,4,8,26,34,30,11,0,12,0.4888,94.7368,110.5263
2024-25,BKN,2025-03-31,BKN @ DAL,DAL,False,W,113,109,4,39,90,0.433,20,51,0.392,15,20,7,33,40,32,6,3,8,0.5444,114.9776,110.9076
2024-25,BKN,2025-03-29,BKN @ WAS,WAS,False,W,115,112,3,39,88,0.443,18,46,0.391,19,20,12,37,49,25,2,4,14,0.5455,116.5619,113.5212
2024-25,BKN,2025-03-28,BKN vs. LAC,LAC,True,L,100,132,-32,33,89,0.371,14,47,0.298,20,26,10,33,43,27,10,3,15,0.4494,95.8038,126.461
2024-25,BKN,2025-03-26,BKN vs. TOR,TOR,True,L,86,116,-30,31,87,0.356,8,41,0.195,16,19,10,33,43,16,6,9,20,0.4023,80.9488,109.1867
2024-25,BKN,2025-03-24,BKN vs. DAL,DAL,True,L,101,120,-19,40,78,0.513,11,33,0.333,10,14,9,28,37,30,7,2,19,0.5833,107.3326,127.5239
2024-25,BKN,2025-03-22,BKN @ IND,IND,False,L,103,108,-5,39,90,0.433,15,43,0.349,10,17,11,37,48,20,6,1,15,0.5167,101.1192,106.0279
2024-25,BKN,2025-03-20,BKN @ IND,IND,False,L,99,105,-6,36,101,0.356,14,50,0.28,13,18,14,33,47,20,11,4,16,0.4257,89.7715,95.2122
2024-25,BKN,2025-03-18,BKN @ BOS,BOS,False,L,96,104,-8,36,88,0.409,13,45,0.289,11,17,8,31,39,21,9,2,9,0.483,99.9167,108.2431
2024-25,BKN,2025-03-16,BKN vs. ATL,ATL,True,W,122,114,8,43,90,0.478,17,35,0.486,19,23,12,28,40,33,7,5,17,0.5722,116.3678,108.7371
2024-25,BKN,2025-03-15,BKN vs. BOS,BOS,True,L,113,115,-2,42,90,0.467,20,46,0.435,9,13,18,27,45,34,4,3,9,0.5778,129.8254,132.1232
2024-25,BKN,2025-03-13,BKN @ CHI,CHI,False,L,110,116,-6,43,96,0.448,11,34,0.324,13,18,15,35,50,32,6,7,9,0.5052,113.192,119.3661
2024-25,BKN,2025-03-11,BKN @ CLE,CLE,False,L,104,109,-5,39,84,0.464,16,44,0.364,10,14,8,30,38,31,9,3,15,0.5595,103.9169,108.9129
2024-25,BKN,2025-03-10,BKN vs. LAL,LAL,True,W,111,108,3,37,90,0.411,18,45,0.4,19,30,16,31,47,22,10,6,7,0.5111,114.1036,111.0197
2024-25,BKN,2025-03-08,BKN @ CHA,CHA,False,L,102,105,-3,38,82,0.463,14,50,0.28,12,15,8,29,37,20,6,10,13,0.5488,109.3013,112.5161
2024-25,BKN,2025-03-06,BKN vs. GSW,GSW,True,L,119,121,-2,44,87,0.506,15,33,0.455,16,18,8,24,32,30,7,5,12,0.592,120.8122,122.8426
2024-25,BKN,2025-03-04,BKN @ SAS,SAS,False,L,113,127,-14,39,86,0.453,17,50,0.34,18,21,11,29,40,29,8,2,13,0.5523,113.7737,127.8695
2024-25,BKN,2025-03-01,BKN @ DET,DET,False,L,94,115,-21,29,95,0.305,6,39,0.154,30,35,14,24,38,19,12,8,14,0.3368,86.9726,106.4027
2024-25,BKN,2025-02-28,BKN vs. POR,POR,True,L,102,121,-19,36,87,0.414,7,29,0.241,23,27,21,24,45,20,13,2,21,0.454,101.1102,119.9445
2024-25,BKN,2025-02-26,BKN vs. OKC,OKC,True,L,121,129,-8,38,93,0.409,23,61,0.377,22,25,18,28,46,31,7,5,15,0.5323,118.1871,126.0012
2024-25,BKN,2025-02-24,BKN @ WAS,WAS,False,L,99,107,-8,33,84,0.393,14,36,0.389,19,24,16,23,39,25,16,4,18,0.4762,101.7681,109.9918
2024-25,BKN,2025-02-22,BKN @ PHI,PHI,False,W,105,103,2,41,81,0.506,7,28,0.25,16,19,9,30,39,27,10,8,16,0.5494,110.5729,108.4667
2024-25,BKN,2025-02-20,BKN vs. CLE,CLE,True,L,97,110,-13,38,95,0.4,10,38,0.263,11,19,14,31,45,25,7,10,16,0.4526,91.8387,104.1469
2024-25,BKN,2025-02-12,BKN vs. PHI,PHI,True,W,100,96,4,40,85,0.471,8,30,0.267,12,15,16,34,50,23,13,7,18,0.5176,105.1083,100.9039
2024-25,BKN,2025-02-10,BKN vs. CHA,CHA,True,W,97,89,8,37,93,0.398,10,42,0.238,13,14,19,28,47,24,10,6,17,0.4516,99.7532,91.5261
2024-25,BKN,2025-02-07,BKN vs. MIA,MIA,True,W,102,86,16,39,93,0.419,10,37,0.27,14,18,18,39,57,17,8,13,14,0.4731,104.5082,88.1148
2024-25,BKN,2025-02-05,BKN vs. WAS,WAS,True,L,102,119,-17,36,83,0.434,13,38,0.342,17,23,12,25,37,26,7,3,10,0.512,109.5126,127.7647
2024-25,BKN,2025-02-04,BKN vs. HOU,HOU,True,W,99,97,2,38,82,0.463,10,27,0.37,13,17,10,29,39,26,10,9,14,0.5244,104.0134,101.9122
2024-25,BKN,2025-02-01,BKN @ HOU,HOU,False,W,110,98,12,43,87,0.494,10,27,0.37,14,21,13,33,46,24,5,8,11,0.5517,114.0842,101.6387
2024-25,BKN,2025-01-29,BKN @ CHA,CHA,False,W,104,83,21,39,80,0.488,10,32,0.313,16,20,7,33,40,27,11,8,11,0.55,111.9483,89.3434
2024-25,BKN,2025-01-27,BKN vs. SAC,SAC,True,L,96,110,-14,30,82,0.366,10,36,0.278,26,30,16,23,39,19,9,3,16,0.4268,100.1669,114.7746
2024-25,BKN,2025-01-25,BKN vs. MIA,MIA,True,L,97,106,-9,30,80,0.375,14,40,0.35,23,26,8,27,35,23,11,5,15,0.4625,97.9798,107.0707
2024-25,BKN,2025-01-22,BKN vs. PHX,PHX,True,L,84,108,-24,34,91,0.374,7,36,0.194,9,14,20,32,52,16,8,1,17,0.4121,89.4188,114.967
2024-25,BKN,2025-01-21,BKN vs. NYK,NYK,True,L,95,99,-4,32,86,0.372,12,40,0.3,19,25,14,33,47,21,4,9,17,0.4419,96.8597,100.938
2024-25,BKN,2025-01-19,BKN @ OKC,OKC,False,L,101,127,-26,37,87,0.425,12,43,0.279,15,19,12,29,41,25,5,3,17,0.4943,102.4964,128.8817
2024-25,BKN,2025-01-17,BKN @ LAL,LAL,False,L,101,102,-1,37,82,0.451,17,38,0.447,10,13,12,33,45,28,5,6,17,0.5549,108.2297,109.3013
2024-25,BKN,2025-01-15,BKN @ LAC,LAC,False,L,67,126,-59,25,83,0.301,5,28,0.179,12,22,15,24,39,15,9,2,22,0.3313,66.3761,124.8266
2024-25,BKN,2025-01-14,BKN @ POR,POR,False,W,132,114,18,49,90,0.544,19,41,0.463,15,18,10,34,44,36,11,2,13,0.65,131.0304,113.1626
2024-25,BKN,2025-01-12,BKN @ UTA,UTA,False,L,111,112,-1,39,92,0.424,10,40,0.25,23,35,15,39,54,26,5,5,11,0.4783,107.1429,108.1081
2024-25,BKN,2025-01-10,BKN @ DEN,DEN,False,L,105,124,-19,38,90,0.422,14,45,0.311,15,19,10,29,39,26,9,5,17,0.5,100.0572,118.1628
2024-25,BKN,2025-01-08,BKN vs. DET,DET,True,L,98,113,-15,33,86,0.384,13,39,0.333,19,21,9,29,38,24,10,4,15,0.4593,97.7459,112.707
2024-25,BKN,2025-01-06,BKN vs. IND,IND,True,L,99,113,-14,41,98,0.418,10,33,0.303,7,11,20,31,51,23,8,3,14,0.4694,102.6119,117.1227
2024-25,BKN,2025-01-04,BKN vs. PHI,PHI,True,L,94,123,-29,34,82,0.415,14,41,0.341,12,19,6,33,39,22,6,4,22,0.5,88.8637,116.2791
2024-25,BKN,2025-01-02,BKN @ MIL,MIL,False,W,113,110,3,38,88,0.432,12,39,0.308,25,28,14,37,51,26,8,3,14,0.5,110.9802,108.0338
2024-25,BKN,2025-01-01,BKN @ TOR,TOR,False,L,113,130,-17,42,87,0.483,11,37,0.297,18,20,4,28,32,28,8,2,13,0.546,112.1477,129.0195
2024-25,BKN,2024-12-29,BKN @ ORL,ORL,False,L,101,102,-1,32,73,0.438,13,30,0.433,24,28,9,29,38,22,7,3,17,0.5274,109.592,110.6771
2024-25,BKN,2024-12-27,BKN vs. SAS,SAS,True,L,87,96,-9,35,90,0.389,12,41,0.293,5,8,12,33,45,22,8,4,18,0.4556,89.969,99.2761
2024-25,BKN,2024-12-26,BKN @ MIL,MIL,False,W,111,105,6,39,82,0.476,16,38,0.421,17,22,9,29,38,25,8,1,21,0.5732,107.2671,101.4689
2024-25,BKN,2024-12-23,BKN @ MIA,MIA,False,L,95,110,-15,33,84,0.393,13,34,0.382,16,20,11,31,42,23,9,2,15,0.4702,99.2893,114.9666
2024-25,BKN,2024-12-21,BKN vs. UTA,UTA,True,L,94,105,-11,38,94,0.404,7,40,0.175,11,12,16,34,50,24,9,3,19,0.4415,92.2654,103.0624
2024-25,BKN,2024-12-19,BKN @ TOR,TOR,False,W,101,94,7,33,82,0.402,9,39,0.231,26,31,15,38,53,18,3,6,17,0.4573,105.318,98.0188
2024-25,BKN,2024-12-16,BKN vs. CLE,CLE,True,L,101,130,-29,34,81,0.42,14,34,0.412,19,24,9,26,35,25,11,2,22,0.5062,99.3508,127.8772
2024-25,BKN,2024-12-13,BKN @ MEM,MEM,False,L,119,135,-16,42,92,0.457,20,53,0.377,15,19,8,33,41,30,9,7,18,0.5652,108.3789,122.9508
2024-25,BKN,2024-12-08,BKN vs. MIL,MIL,True,L,113,118,-5,41,81,0.506,16,35,0.457,15,16,7,23,30,24,9,3,13,0.6049,119.5008,124.7885
2024-25,BKN,2024-12-04,BKN vs. IND,IND,True,W,99,90,9,35,81,0.432,12,36,0.333,17,23,7,36,43,24,12,6,17,0.5062,100.6098,91.4634
2024-25,BKN,2024-12-02,BKN @ CHI,CHI,False,L,102,128,-26,38,95,0.4,14,42,0.333,12,15,10,31,41,24,9,5,13,0.4737,96.7008,121.35
2024-25,BKN,2024-12-01,BKN vs. ORL,ORL,True,L,92,100,-8,30,79,0.38,8,31,0.258,24,31,8,25,33,19,10,3,17,0.4304,93.0609,101.1531
2024-25,BKN,2024-11-29,BKN vs. ORL,ORL,True,L,100,123,-23,38,77,0.494,14,29,0.483,10,14,5,30,35,22,5,5,20,0.5844,101.6054,124.9746
2024-25,BKN,2024-11-27,BKN @ PHX,PHX,False,W,127,117,10,44,87,0.506,18,42,0.429,21,22,7,29,36,32,8,1,13,0.6092,123.301,113.5922
2024-25,BKN,2024-11-25,BKN @ GSW,GSW,False,W,128,120,8,41,83,0.494,20,45,0.444,26,30,7,35,42,23,6,3,12,0.6145,125.6874,117.8319
2024-25,BKN,2024-11-24,BKN @ SAC,SAC,False,W,108,103,5,36,75,0.48,19,39,0.487,17,25,6,25,31,24,7,5,14,0.6067,113.9,108.6269
2024-25,BKN,2024-11-22,BKN @ PHI,PHI,False,L,98,113,-15,39,79,0.494,13,37,0.351,7,7,7,27,34,28,1,4,19,0.5759,102.1472,117.7819
2024-25,BKN,2024-11-19,BKN vs. CHA,CHA,True,W,116,115,1,42,85,0.494,18,41,0.439,14,19,10,26,36,31,8,8,15,0.6,115.9768,114.977
2024-25,BKN,2024-11-17,BKN @ NYK,NYK,False,L,104,114,-10,32,76,0.421,17,41,0.415,23,30,7,28,35,31,1,3,9,0.5329,112.0931,122.8713
2024-25,BKN,2024-11-15,BKN @ NYK,NYK,False,L,122,124,-2,39,89,0.438,19,46,0.413,25,28,10,27,37,27,8,2,9,0.5449,121.6108,123.6045
2024-25,BKN,2024-11-13,BKN vs. BOS,BOS,True,L,114,139,-25,40,79,0.506,19,43,0.442,15,18,3,31,34,26,4,3,13,0.6266,116.0423,141.4902
2024-25,BKN,2024-11-11,BKN @ NOP,NOP,False,W,107,105,2,36,84,0.429,19,42,0.452,16,19,14,32,46,24,4,5,17,0.5417,111.6677,109.5805
2024-25,BKN,2024-11-09,BKN @ CLE,CLE,False,L,100,105,-5,34,76,0.447,15,43,0.349,17,18,10,26,36,21,4,2,20,0.5461,106.2248,111.536
2024-25,BKN,2024-11-08,BKN @ BOS,BOS,False,L,104,108,-4,41,100,0.41,10,38,0.263,12,15,12,39,51,24,6,3,13,0.46,96.7622,100.4838
2024-25,BKN,2024-11-04,BKN vs. MEM,MEM,True,W,106,104,2,40,84,0.476,13,36,0.361,13,18,12,25,37,28,7,1,14,0.5536,110.0498,107.9734
2024-25,BKN,2024-11-03,BKN vs. DET,DET,True,L,92,106,-14,32,71,0.451,9,31,0.29,19,31,4,23,27,23,9,3,14,0.5141,94.3203,108.6734
2024-25,BKN,2024-11-01,BKN vs. CHI,CHI,True,W,120,112,8,49,94,0.521,11,36,0.306,11,13,9,37,46,34,11,6,11,0.5798,116.3467,108.5903
2024-25,BKN,2024-10-30,BKN @ MEM,MEM,False,W,119,106,13,41,80,0.513,15,41,0.366,22,25,8,26,34,27,10,2,19,0.6062,115.6687,103.0327
2024-25,BKN,2024-10-29,BKN vs. DEN,DEN,True,L,139,144,-5,49,96,0.51,20,52,0.385,21,27,7,34,41,37,4,6,9,0.6146,128.9664,133.6055
2024-25,BKN,2024-10-27,BKN vs. MIL,MIL,True,W,115,102,13,39,91,0.429,16,45,0.356,21,23,12,35,47,23,9,3,12,0.5165,115.1382,102.1225
2024-25,BKN,2024-10-25,BKN @ ORL,ORL,False,L,101,116,-15,35,83,0.422,14,37,0.378,17,21,8,29,37,22,7,3,19,0.506,100.6177,115.5609
2024-25,BKN,2024-10-23,BKN @ ATL,ATL,False,L,116,120,-4,40,91,0.44,17,43,0.395,19,25,12,31,43,21,8,6,19,0.533,108.7976,112.5492
2024-25,BOS,2025-04-13,BOS vs. CHA,CHA,True,W,93,86,7,35,90,0.389,14,45,0.311,9,13,15,34,49,22,12,6,13,0.4667,100.1939,92.6524
2024-25,BOS,2025-04-11,BOS vs. CHA,CHA,True,W,130,94,36,49,95,0.516,23,51,0.451,9,12,10,42,52,35,9,8,10,0.6368,128.281,92.7571
2024-25,BOS,2025-04-09,BOS @ ORL,ORL,False,L,76,96,-20,32,82,0.39,7,40,0.175,5,6,9,34,43,20,5,5,16,0.4329,82.5369,104.2572
2024-25,BOS,2025-04-08,BOS @ NYK,NYK,False,W,119,117,2,40,87,0.46,19,49,0.388,20,25,9,29,38,26,8,4,15,0.569,115.5116,113.5702
2024-25,BOS,2025-04-06,BOS vs. WAS,WAS,True,W,124,90,34,48,98,0.49,24,52,0.462,4,6,25,37,62,33,6,5,14,0.6122,138.5165,100.5362
2024-25,BOS,2025-04-04,BOS vs. PHX,PHX,True,W,123,103,20,45,87,0.517,14,39,0.359,19,22,10,39,49,28,1,4,7,0.5977,130.4901,109.2722
2024-25,BOS,2025-04-02,BOS vs. MIA,MIA,True,L,103,124,-21,39,87,0.448,12,43,0.279,13,16,19,24,43,24,3,6,13,0.5172,116.4368,140.1764
2024-25,BOS,2025-03-31,BOS @ MEM,MEM,False,W,117,103,14,39,96,0.406,21,62,0.339,18,19,12,42,54,30,4,3,13,0.5156,111.2167,97.9087
2024-25,BOS,2025-03-29,BOS @ SAS,SAS,False,W,121,111,10,45,94,0.479,17,51,0.333,14,18,15,39,54,32,2,4,11,0.5691,126.1731,115.7456
2024-25,BOS,2025-03-26,BOS @ PHX,PHX,False,W,132,102,30,45,89,0.506,22,52,0.423,20,22,11,37,48,33,8,7,11,0.6292,133.3872,103.0719
2024-25,BOS,2025-03-24,BOS @ SAC,SAC,False,W,113,95,18,41,90,0.456,19,50,0.38,12,20,10,35,45,28,9,4,10,0.5611,114.9308,96.6233
2024-25,BOS,2025-03-23,BOS @ POR,POR,False,W,129,116,13,48,88,0.545,23,50,0.46,10,14,11,27,38,31,6,6,9,0.6761,137.0882,123.2731
2024-25,BOS,2025-03-21,BOS @ UTA,UTA,False,W,121,99,22,45,97,0.464,17,51,0.333,14,16,16,32,48,27,13,4,11,0.5515,123.2681,100.8557
2024-25,BOS,2025-03-18,BOS vs. BKN,BKN,True,W,104,96,8,35,79,0.443,16,48,0.333,18,22,6,42,48,24,6,5,13,0.5443,108.2431,99.9167
2024-25,BOS,2025-03-15,BOS @ BKN,BKN,False,W,115,113,2,44,84,0.524,13,38,0.342,14,19,13,25,38,29,5,7,8,0.6012,132.1232,129.8254
2024-25,BOS,2025-03-14,BOS @ MIA,MIA,False,W,103,91,12,36,83,0.434,19,50,0.38,12,13,9,32,41,18,8,4,15,0.5482,109.458,96.7056
2024-25,BOS,2025-03-12,BOS vs. OKC,OKC,True,L,112,118,-6,41,94,0.436,20,63,0.317,10,12,15,26,41,25,9,6,13,0.5426,114.4726,120.6051
2024-25,BOS,2025-03-10,BOS vs. UTA,UTA,True,W,114,108,6,40,93,0.43,18,53,0.34,16,18,12,35,47,28,11,8,9,0.5269,116.208,110.0917
2024-25,BOS,2025-03-08,BOS vs. LAL,LAL,True,W,111,101,10,40,84,0.476,13,38,0.342,18,25,11,32,43,24,9,5,10,0.5536,115.5287,105.1207
2024-25,BOS,2025-03-06,BOS vs. PHI,PHI,True,W,123,105,18,46,91,0.505,19,48,0.396,12,13,16,30,46,32,8,6,11,0.6099,129.4737,110.5263
2024-25,BOS,2025-03-05,BOS vs. POR,POR,True,W,128,118,10,45,97,0.464,23,54,0.426,15,17,18,34,52,24,5,6,10,0.5825,131.986,121.6746
2024-25,BOS,2025-03-02,BOS vs. DEN,DEN,True,W,110,103,7,37,78,0.474,14,34,0.412,22,27,10,35,45,26,7,4,14,0.5641,116.0338,108.6498
2024-25,BOS,2025-02-28,BOS vs. CLE,CLE,True,L,116,123,-7,43,89,0.483,17,39,0.436,13,17,14,26,40,20,5,5,11,0.5787,122.2082,129.5828
2024-25,BOS,2025-02-26,BOS @ DET,DET,False,L,97,117,-20,33,80,0.413,21,49,0.429,10,15,7,25,32,21,9,1,19,0.5438,99.4464,119.9508
2024-25,BOS,2025-02-25,BOS @ TOR,TOR,False,W,111,101,10,44,93,0.473,15,51,0.294,8,8,12,27,39,24,9,4,15,0.5538,112.9426,102.7676
2024-25,BOS,2025-02-23,BOS vs. NYK,NYK,True,W,118,105,13,45,91,0.495,17,44,0.386,11,11,12,37,49,27,8,5,12,0.5879,119.9919,106.7724
2024-25,BOS,2025-02-20,BOS @ PHI,PHI,False,W,124,104,20,43,89,0.483,24,54,0.444,14,15,11,38,49,33,3,6,11,0.618,126.479,106.0792
2024-25,BOS,2025-02-12,BOS vs. SAS,SAS,True,W,116,103,13,42,91,0.462,18,55,0.327,14,21,15,41,56,25,3,5,17,0.5604,114.5566,101.7183
2024-25,BOS,2025-02-10,BOS @ MIA,MIA,False,W,103,85,18,39,85,0.459,17,53,0.321,8,8,3,49,52,24,4,5,8,0.5588,112.4209,92.7745
2024-25,BOS,2025-02-08,BOS @ NYK,NYK,False,W,131,104,27,46,85,0.541,19,39,0.487,20,24,11,37,48,21,6,7,11,0.6529,135.5266,107.5936
2024-25,BOS,2025-02-06,BOS vs. DAL,DAL,True,L,120,127,-7,46,89,0.517,16,37,0.432,12,15,11,29,40,30,2,6,14,0.6067,121.5067,128.5946
2024-25,BOS,2025-02-04,BOS @ CLE,CLE,False,W,112,105,7,40,98,0.408,17,48,0.354,15,18,15,38,53,26,10,6,12,0.4949,109.6105,102.7598
2024-25,BOS,2025-02-02,BOS @ PHI,PHI,False,W,118,110,8,42,84,0.5,21,49,0.429,13,16,5,33,38,34,3,8,9,0.625,123.3278,114.9666
2024-25,BOS,2025-01-31,BOS @ NOP,NOP,False,W,118,116,2,42,84,0.5,16,41,0.39,18,26,5,30,35,32,12,7,13,0.5952,111.4259,109.5373
2024-25,BOS,2025-01-29,BOS vs. CHI,CHI,True,W,122,100,22,41,87,0.471,18,44,0.409,22,27,6,39,45,32,9,3,9,0.5747,119.5141,97.9624
2024-25,BOS,2025-01-27,BOS vs. HOU,HOU,True,L,112,114,-2,39,80,0.488,15,39,0.385,19,20,7,34,41,21,4,4,15,0.5812,115.4401,117.5015
2024-25,BOS,2025-01-25,BOS @ DAL,DAL,False,W,122,107,15,44,103,0.427,20,52,0.385,14,19,17,34,51,33,4,5,5,0.5243,122.1955,107.1715
2024-25,BOS,2025-01-23,BOS @ LAL,LAL,False,L,96,117,-21,35,91,0.385,14,41,0.341,12,18,11,31,42,23,5,6,7,0.4615,99.6264,121.4197
2024-25,BOS,2025-01-22,BOS @ LAC,LAC,False,W,117,113,4,41,90,0.456,19,50,0.38,16,20,8,24,32,24,11,4,19,0.5611,106.5962,102.9519
2024-25,BOS,2025-01-20,BOS @ GSW,GSW,False,W,125,85,40,49,92,0.533,20,48,0.417,7,8,8,42,50,33,8,9,10,0.6413,127.3172,86.5757
2024-25,BOS,2025-01-18,BOS vs. ATL,ATL,True,L,115,119,-4,40,104,0.385,15,52,0.288,20,23,17,36,53,23,13,6,14,0.4567,103.8656,107.4783
2024-25,BOS,2025-01-17,BOS vs. ORL,ORL,True,W,121,94,27,42,80,0.525,17,37,0.459,20,22,11,30,41,25,6,3,10,0.6312,131.2934,101.9965
2024-25,BOS,2025-01-15,BOS @ TOR,TOR,False,L,97,110,-13,36,91,0.396,16,46,0.348,9,18,13,32,45,24,6,8,9,0.4835,102.9069,116.6985
2024-25,BOS,2025-01-12,BOS vs. NOP,NOP,True,W,120,119,1,44,101,0.436,13,44,0.295,19,23,18,37,55,23,5,7,12,0.5,116.189,115.2208
2024-25,BOS,2025-01-10,BOS vs. SAC,SAC,True,L,97,114,-17,34,84,0.405,11,41,0.268,18,22,8,35,43,22,5,7,15,0.4702,95.7363,112.5148
2024-25,BOS,2025-01-07,BOS @ DEN,DEN,False,W,118,106,12,44,88,0.5,12,35,0.343,18,20,11,30,41,30,11,7,12,0.5682,121.3992,109.0535
2024-25,BOS,2025-01-05,BOS @ OKC,OKC,False,L,92,105,-13,31,85,0.365,9,46,0.196,21,24,12,36,48,17,6,5,16,0.4176,92.3324,105.3794
2024-25,BOS,2025-01-03,BOS @ HOU,HOU,False,W,109,86,23,39,77,0.506,19,39,0.487,12,18,12,29,41,20,6,8,14,0.6299,120.9767,95.4495
2024-25,BOS,2025-01-02,BOS @ MIN,MIN,False,W,118,115,3,46,92,0.5,22,57,0.386,4,6,10,21,31,30,9,4,4,0.6196,133.0927,129.709
2024-25,BOS,2024-12-31,BOS vs. TOR,TOR,True,W,125,71,54,47,87,0.54,22,43,0.512,9,15,11,38,49,29,14,7,13,0.6667,129.239,73.4078
2024-25,BOS,2024-12-29,BOS vs. IND,IND,True,L,114,123,-9,43,93,0.462,16,54,0.296,12,19,8,33,41,26,6,6,8,0.5484,115.0121,124.092
2024-25,BOS,2024-12-27,BOS vs. IND,IND,True,W,142,105,37,47,92,0.511,23,56,0.411,25,29,18,34,52,31,9,6,10,0.6359,143.6084,106.1893
2024-25,BOS,2024-12-25,BOS vs. PHI,PHI,True,L,114,118,-4,43,95,0.453,20,49,0.408,8,13,13,38,51,24,3,4,13,0.5579,115.105,119.1438
2024-25,BOS,2024-12-23,BOS @ ORL,ORL,False,L,104,108,-4,37,84,0.44,8,33,0.242,22,27,8,33,41,13,13,5,19,0.4881,98.0577,101.8292
2024-25,BOS,2024-12-21,BOS @ CHI,CHI,False,W,123,98,25,48,100,0.48,15,45,0.333,12,14,17,42,59,27,8,4,12,0.555,118.8406,94.686
2024-25,BOS,2024-12-19,BOS vs. CHI,CHI,True,L,108,117,-9,38,97,0.392,14,56,0.25,18,21,11,34,45,21,6,8,4,0.4639,107.3132,116.256
2024-25,BOS,2024-12-15,BOS @ WAS,WAS,False,W,112,98,14,40,93,0.43,18,46,0.391,14,24,16,40,56,26,11,5,18,0.5269,108.1708,94.6494
2024-25,BOS,2024-12-12,BOS vs. DET,DET,True,W,123,99,24,46,90,0.511,20,48,0.417,11,13,8,43,51,34,6,4,14,0.6222,121.1107,97.4793
2024-25,BOS,2024-12-07,BOS vs. MEM,MEM,True,L,121,127,-6,42,105,0.4,18,60,0.3,19,28,15,36,51,26,6,7,13,0.4857,109.2847,114.7038
2024-25,BOS,2024-12-06,BOS vs. MIL,MIL,True,W,111,105,6,40,87,0.46,17,53,0.321,14,16,7,34,41,27,5,6,6,0.5575,115.9148,109.6491
2024-25,BOS,2024-12-04,BOS vs. DET,DET,True,W,130,120,10,45,94,0.479,21,53,0.396,19,25,14,29,43,30,11,7,16,0.5904,123.8567,114.3293
2024-25,BOS,2024-12-02,BOS vs. MIA,MIA,True,W,108,89,19,39,89,0.438,19,55,0.345,11,13,14,40,54,25,5,9,17,0.5449,111.4321,91.8283
2024-25,BOS,2024-12-01,BOS @ CLE,CLE,False,L,111,115,-4,38,95,0.4,17,49,0.347,18,19,10,36,46,17,11,6,11,0.4895,107.0602,110.9182
2024-25,BOS,2024-11-29,BOS @ CHI,CHI,False,W,138,129,9,49,98,0.5,23,54,0.426,17,23,11,40,51,24,6,2,9,0.6173,131.9564,123.3505
2024-25,BOS,2024-11-25,BOS vs. LAC,LAC,True,W,126,94,32,45,88,0.511,22,51,0.431,14,20,8,39,47,33,10,11,11,0.6364,126.3031,94.2261
2024-25,BOS,2024-11-24,BOS vs. MIN,MIN,True,W,107,105,2,37,87,0.425,21,56,0.375,12,15,8,32,40,25,5,7,7,0.546,114.5365,112.3956
2024-25,BOS,2024-11-22,BOS @ WAS,WAS,False,W,108,96,12,36,85,0.424,11,46,0.239,25,32,10,33,43,22,11,7,12,0.4882,103.7863,92.2545
2024-25,BOS,2024-11-19,BOS vs. CLE,CLE,True,W,120,117,3,44,86,0.512,22,41,0.537,10,14,9,33,42,32,4,4,13,0.6395,125.2348,122.1039
2024-25,BOS,2024-11-16,BOS vs. TOR,TOR,True,W,126,123,3,44,99,0.444,21,61,0.344,17,19,14,28,42,30,2,6,9,0.5505,123.7721,120.8251
2024-25,BOS,2024-11-13,BOS @ BKN,BKN,False,W,139,114,25,50,93,0.538,22,46,0.478,17,24,12,33,45,35,7,6,8,0.6559,141.4902,116.0423
2024-25,BOS,2024-11-12,BOS vs. ATL,ATL,True,L,116,117,-1,38,75,0.507,18,45,0.4,22,27,6,28,34,28,7,5,20,0.6267,114.5114,115.4985
2024-25,BOS,2024-11-10,BOS @ MIL,MIL,False,W,113,107,6,35,86,0.407,19,50,0.38,24,27,8,34,42,27,5,2,12,0.5174,112.9322,106.9358
2024-25,BOS,2024-11-08,BOS vs. BKN,BKN,True,W,108,104,4,39,90,0.433,14,53,0.264,16,19,4,35,39,23,7,9,13,0.5111,100.4838,96.7622
2024-25,BOS,2024-11-06,BOS vs. GSW,GSW,True,L,112,118,-6,38,90,0.422,19,54,0.352,17,21,13,34,47,22,5,3,12,0.5278,114.4025,120.5312
2024-25,BOS,2024-11-04,BOS @ ATL,ATL,False,W,123,93,30,48,99,0.485,18,55,0.327,9,13,11,39,50,27,15,7,13,0.5758,114.5465,86.6083
2024-25,BOS,2024-11-02,BOS @ CHA,CHA,False,W,113,103,10,36,82,0.439,16,52,0.308,25,28,8,36,44,23,4,4,15,0.5366,111.7263,101.839
2024-25,BOS,2024-11-01,BOS @ CHA,CHA,False,W,124,109,15,41,86,0.477,13,42,0.31,29,35,11,30,41,21,12,5,10,0.5523,123.5798,108.6307
2024-25,BOS,2024-10-30,BOS @ IND,IND,False,L,132,135,-3,44,109,0.404,19,57,0.333,25,31,18,33,51,23,11,5,14,0.4908,111.7697,114.3099
2024-25,BOS,2024-10-28,BOS vs. MIL,MIL,True,W,119,108,11,43,87,0.494,18,47,0.383,15,19,4,34,38,24,5,5,14,0.5977,113.3333,102.8571
2024-25,BOS,2024-10-26,BOS @ DET,DET,False,W,124,118,6,38,90,0.422,22,48,0.458,26,30,13,24,37,19,10,6,10,0.5444,121.6402,115.7544
2024-25,BOS,2024-10-24,BOS @ WAS,WAS,False,W,122,102,20,42,90,0.467,17,45,0.378,21,27,12,37,49,21,7,3,14,0.5611,115.203,96.3173
2024-25,BOS,2024-10-22,BOS vs. NYK,NYK,True,W,132,109,23,48,95,0.505,29,61,0.475,7,8,11,29,40,33,6,3,4,0.6579,143.8222,118.7623
2024-25,CHA,2025-04-13,CHA @ BOS,BOS,False,L,86,93,-7,32,85,0.376,11,39,0.282,11,18,18,33,51,23,10,4,17,0.4412,92.6524,100.1939
2024-25,CHA,2025-04-11,CHA @ BOS,BOS,False,L,94,130,-36,36,93,0.387,15,40,0.375,7,10,12,36,48,25,7,4,17,0.4677,92.7571,128.281
2024-25,CHA,2025-04-09,CHA @ TOR,TOR,False,L,96,126,-30,36,82,0.439,11,35,0.314,13,16,5,36,41,23,5,3,19,0.5061,93.5126,122.7352
2024-25,CHA,2025-04-08,CHA vs. MEM,MEM,True,L,100,124,-24,37,81,0.457,11,38,0.289,15,23,6,32,38,22,3,4,15,0.5247,97.7708,121.2358
2024-25,CHA,2025-04-06,CHA vs. CHI,CHI,True,L,117,131,-14,41,85,0.482,8,30,0.267,27,34,9,31,40,25,7,2,14,0.5294,112.6516,126.1313
2024-25,CHA,2025-04-04,CHA vs. SAC,SAC,True,L,102,125,-23,33,83,0.398,8,35,0.229,28,34,11,34,45,17,2,2,13,0.4458,102.4714,125.5777
2024-25,CHA,2025-04-02,CHA @ IND,IND,False,L,105,119,-14,41,78,0.526,10,24,0.417,13,18,9,35,44,20,3,2,18,0.5897,110.9233,125.7131
2024-25,CHA,2025-03-31,CHA vs. UTA,UTA,True,W,110,106,4,43,80,0.538,15,38,0.395,9,14,10,37,47,33,3,5,18,0.6312,114.1316,109.9813
2024-25,CHA,2025-03-30,CHA @ NOP,NOP,False,L,94,98,-4,32,91,0.352,8,33,0.242,22,25,12,38,50,20,15,6,15,0.3956,90.6111,94.4669
2024-25,CHA,2025-03-28,CHA @ TOR,TOR,False,L,97,108,-11,39,96,0.406,9,31,0.29,10,15,13,43,56,29,5,5,18,0.4531,95.0049,105.7786
2024-25,CHA,2025-03-25,CHA vs. ORL,ORL,True,L,104,111,-7,37,88,0.42,14,34,0.412,16,21,8,30,38,26,4,3,11,0.5,105.7986,112.9196
2024-25,CHA,2025-03-23,CHA @ MIA,MIA,False,L,105,122,-17,41,87,0.471,11,33,0.333,12,13,12,28,40,24,5,4,20,0.5345,106.8594,124.1604
2024-25,CHA,2025-03-21,CHA @ OKC,OKC,False,L,106,141,-35,37,80,0.463,19,41,0.463,13,13,6,23,29,29,6,4,16,0.5812,108.053,143.7309
2024-25,CHA,2025-03-20,CHA vs. NYK,NYK,True,W,115,98,17,43,88,0.489,15,32,0.469,14,17,11,41,52,25,1,3,12,0.5739,118.9983,101.4073
2024-25,CHA,2025-03-18,CHA vs. ATL,ATL,True,L,102,134,-32,38,84,0.452,10,30,0.333,16,21,10,29,39,25,7,8,17,0.5119,102.0817,134.1073
2024-25,CHA,2025-03-16,CHA @ LAC,LAC,False,L,88,123,-35,37,94,0.394,6,33,0.182,8,9,11,33,44,27,5,5,11,0.4255,90.2194,126.1021
2024-25,CHA,2025-03-14,CHA @ SAS,SAS,False,W,145,134,11,51,85,0.6,26,46,0.565,17,19,8,26,34,42,7,2,20,0.7529,140.0696,129.4436
2024-25,CHA,2025-03-12,CHA @ ATL,ATL,False,L,110,123,-13,40,88,0.455,14,35,0.4,16,18,10,37,47,29,9,9,21,0.5341,103.2476,115.4496
2024-25,CHA,2025-03-10,CHA @ MIA,MIA,False,W,105,102,3,36,86,0.419,11,44,0.25,22,23,9,27,36,26,10,6,10,0.4826,107.1866,104.1241
2024-25,CHA,2025-03-08,CHA vs. BKN,BKN,True,W,105,102,3,40,98,0.408,11,34,0.324,14,16,22,28,50,25,4,2,10,0.4643,112.5161,109.3013
2024-25,CHA,2025-03-07,CHA vs. CLE,CLE,True,L,117,118,-1,44,92,0.478,13,37,0.351,16,21,10,33,43,29,7,3,12,0.5489,113.2185,114.1862
2024-25,CHA,2025-03-05,CHA vs. MIN,MIN,True,L,110,125,-15,42,95,0.442,12,42,0.286,14,18,20,37,57,26,3,2,15,0.5053,113.6364,129.1322
2024-25,CHA,2025-03-03,CHA vs. GSW,GSW,True,L,101,119,-18,34,86,0.395,11,40,0.275,22,33,8,39,47,20,3,6,17,0.4593,95.2471,112.2218
2024-25,CHA,2025-03-01,CHA vs. WAS,WAS,True,L,100,113,-13,41,93,0.441,14,42,0.333,4,6,11,33,44,28,9,5,17,0.5161,99.94,112.9322
2024-25,CHA,2025-02-27,CHA @ DAL,DAL,False,L,96,103,-7,40,98,0.408,7,27,0.259,9,13,14,42,56,25,3,2,15,0.4439,92.4143,99.1529
2024-25,CHA,2025-02-25,CHA @ GSW,GSW,False,L,92,128,-36,33,89,0.371,11,40,0.275,15,18,18,32,50,18,7,8,25,0.4326,88.5296,123.1717
2024-25,CHA,2025-02-24,CHA @ SAC,SAC,False,L,88,130,-42,30,85,0.353,10,40,0.25,18,24,15,22,37,24,14,4,19,0.4118,87.3536,129.0451
2024-25,CHA,2025-02-22,CHA @ POR,POR,False,L,88,141,-53,34,98,0.347,5,32,0.156,15,21,12,25,37,19,12,7,17,0.3724,80.3213,128.6966
2024-25,CHA,2025-02-20,CHA @ DEN,DEN,False,L,115,129,-14,43,99,0.434,15,37,0.405,14,17,14,31,45,28,10,2,10,0.5101,111.9112,125.5352
2024-25,CHA,2025-02-19,CHA @ LAL,LAL,False,W,100,97,3,33,91,0.363,18,53,0.34,16,17,9,38,47,20,12,4,19,0.4615,95.3471,92.4867
2024-25,CHA,2025-02-12,CHA @ ORL,ORL,False,L,86,102,-16,32,81,0.395,8,26,0.308,14,15,6,37,43,21,4,4,12,0.4444,90.5454,107.391
2024-25,CHA,2025-02-10,CHA @ BKN,BKN,False,L,89,97,-8,32,78,0.41,6,31,0.194,19,28,11,29,40,18,7,7,18,0.4487,91.5261,99.7532
2024-25,CHA,2025-02-09,CHA @ DET,DET,False,L,102,112,-10,34,78,0.436,15,32,0.469,19,23,9,28,37,25,8,1,14,0.5321,108.9976,119.6837
2024-25,CHA,2025-02-07,CHA vs. SAS,SAS,True,W,117,116,1,47,101,0.465,17,38,0.447,6,6,16,37,53,33,4,4,11,0.5495,119.2661,118.2467
2024-25,CHA,2025-02-05,CHA vs. MIL,MIL,True,L,102,112,-10,38,88,0.432,11,34,0.324,15,20,9,32,41,21,4,1,8,0.4943,108.7884,119.4539
2024-25,CHA,2025-02-03,CHA vs. WAS,WAS,True,L,114,124,-10,39,89,0.438,11,29,0.379,25,28,9,37,46,26,4,1,11,0.5,110.9813,120.7165
2024-25,CHA,2025-02-01,CHA vs. DEN,DEN,True,L,104,107,-3,41,95,0.432,9,26,0.346,13,17,13,38,51,31,5,6,12,0.4789,103.3386,106.3196
2024-25,CHA,2025-01-31,CHA vs. LAC,LAC,True,L,104,112,-8,42,96,0.438,7,30,0.233,13,15,13,29,42,18,11,3,9,0.474,105.3698,113.4752
2024-25,CHA,2025-01-29,CHA vs. BKN,BKN,True,L,83,104,-21,28,83,0.337,10,35,0.286,17,25,18,34,52,18,6,7,17,0.3976,89.3434,111.9483
2024-25,CHA,2025-01-27,CHA vs. LAL,LAL,True,L,107,112,-5,39,87,0.448,14,36,0.389,15,18,10,24,34,26,11,3,14,0.5287,105.6895,110.6282
2024-25,CHA,2025-01-25,CHA vs. NOP,NOP,True,W,123,92,31,42,84,0.5,21,50,0.42,18,25,9,39,48,28,11,5,15,0.625,122.73,91.798
2024-25,CHA,2025-01-24,CHA vs. POR,POR,True,L,97,102,-5,32,85,0.376,9,31,0.29,24,28,16,30,46,20,9,6,16,0.4294,99.2429,104.3585
2024-25,CHA,2025-01-22,CHA @ MEM,MEM,False,L,120,132,-12,41,86,0.477,11,31,0.355,27,32,11,22,33,27,9,4,16,0.5407,113.0795,124.3875
2024-25,CHA,2025-01-20,CHA vs. DAL,DAL,True,W,110,105,5,40,98,0.408,17,39,0.436,13,18,17,32,49,28,10,7,13,0.4949,110.3531,105.3371
2024-25,CHA,2025-01-17,CHA @ CHI,CHI,False,W,125,123,2,48,96,0.5,13,34,0.382,16,20,13,31,44,26,9,2,12,0.5677,120.7963,118.8635
2024-25,CHA,2025-01-15,CHA @ UTA,UTA,False,W,117,112,5,45,85,0.529,12,39,0.308,15,21,11,34,45,27,6,6,18,0.6,114.3025,109.4177
2024-25,CHA,2025-01-12,CHA @ PHX,PHX,False,L,113,120,-7,41,92,0.446,15,40,0.375,16,20,15,37,52,30,10,2,16,0.5272,111.616,118.5302
2024-25,CHA,2025-01-07,CHA vs. PHX,PHX,True,W,115,104,11,38,98,0.388,13,47,0.277,26,29,20,39,59,23,9,5,14,0.4541,110.5132,99.9423
2024-25,CHA,2025-01-05,CHA @ CLE,CLE,False,L,105,115,-10,38,91,0.418,15,42,0.357,14,19,13,35,48,19,9,4,16,0.5,102.7397,112.5245
2024-25,CHA,2025-01-03,CHA @ DET,DET,False,L,94,98,-4,33,80,0.413,9,30,0.3,19,30,9,36,45,25,8,6,18,0.4688,93.1062,97.0681
2024-25,CHA,2024-12-30,CHA vs. CHI,CHI,True,L,108,115,-7,42,101,0.416,10,43,0.233,14,20,9,47,56,23,8,6,14,0.4653,93.232,99.2749
2024-25,CHA,2024-12-28,CHA vs. OKC,OKC,True,L,94,106,-12,29,80,0.363,11,34,0.324,25,28,8,36,44,17,9,5,18,0.4312,91.9405,103.6776
2024-25,CHA,2024-12-26,CHA @ WAS,WAS,False,L,110,113,-3,41,94,0.436,17,42,0.405,11,14,11,39,50,31,6,4,19,0.5266,102.5737,105.3711
2024-25,CHA,2024-12-23,CHA vs. HOU,HOU,True,L,101,114,-13,37,89,0.416,10,36,0.278,17,24,11,33,44,25,8,6,11,0.4719,102.0614,115.1981
2024-25,CHA,2024-12-20,CHA @ PHI,PHI,False,L,98,108,-10,36,78,0.462,10,31,0.323,16,21,13,31,44,22,7,4,17,0.5256,105.2858,116.0292
2024-25,CHA,2024-12-19,CHA @ WAS,WAS,False,L,114,123,-9,43,106,0.406,8,43,0.186,20,27,22,30,52,30,12,2,8,0.4434,110.4009,119.1168
2024-25,CHA,2024-12-16,CHA vs. PHI,PHI,True,L,108,121,-13,42,83,0.506,12,38,0.316,12,21,9,29,38,30,12,8,20,0.5783,104.1265,116.6602
2024-25,CHA,2024-12-13,CHA @ CHI,CHI,False,L,95,109,-14,35,98,0.357,8,46,0.174,17,21,17,37,54,22,7,5,17,0.398,89.1015,102.2322
2024-25,CHA,2024-12-08,CHA @ IND,IND,False,W,113,109,4,40,78,0.513,14,29,0.483,19,26,10,35,45,24,11,3,25,0.6026,109.1577,105.2937
2024-25,CHA,2024-12-07,CHA vs. CLE,CLE,True,L,102,116,-14,37,86,0.43,11,39,0.282,17,19,10,27,37,21,6,5,11,0.4942,108.5568,123.4568
2024-25,CHA,2024-12-05,CHA @ NYK,NYK,False,L,101,125,-24,40,89,0.449,15,39,0.385,6,10,10,30,40,27,3,4,11,0.5337,107.7448,133.3476
2024-25,CHA,2024-12-03,CHA vs. PHI,PHI,True,L,104,110,-6,34,77,0.442,13,34,0.382,23,28,15,32,47,22,5,3,19,0.526,110.5677,116.9466
2024-25,CHA,2024-11-30,CHA vs. ATL,ATL,True,L,104,107,-3,35,94,0.372,18,48,0.375,16,19,18,27,45,23,13,6,15,0.4681,105.4553,108.4973
2024-25,CHA,2024-11-29,CHA vs. NYK,NYK,True,L,98,99,-1,36,89,0.404,15,47,0.319,11,15,14,25,39,25,8,6,15,0.4888,100.5334,101.5593
2024-25,CHA,2024-11-27,CHA vs. MIA,MIA,True,L,94,98,-4,37,98,0.378,17,51,0.333,3,8,16,27,43,22,10,5,13,0.4643,94.3775,98.3936
2024-25,CHA,2024-11-25,CHA vs. ORL,ORL,True,L,84,95,-11,31,75,0.413,7,32,0.219,15,19,13,39,52,14,6,5,27,0.46,86.6694,98.019
2024-25,CHA,2024-11-23,CHA @ MIL,MIL,False,L,119,125,-6,41,100,0.41,19,47,0.404,18,21,14,34,48,22,6,5,10,0.505,113.5063,119.2293
2024-25,CHA,2024-11-21,CHA vs. DET,DET,True,W,123,121,2,44,93,0.473,20,44,0.455,15,21,11,32,43,23,12,5,16,0.5806,114.291,112.4326
2024-25,CHA,2024-11-19,CHA @ BKN,BKN,False,L,115,116,-1,38,82,0.463,20,37,0.541,19,22,13,31,44,25,6,8,23,0.5854,114.977,115.9768
2024-25,CHA,2024-11-17,CHA @ CLE,CLE,False,L,114,128,-14,42,103,0.408,20,52,0.385,10,12,17,23,40,34,12,6,10,0.5049,113.0952,126.9841
2024-25,CHA,2024-11-16,CHA vs. MIL,MIL,True,W,115,114,1,41,93,0.441,15,42,0.357,18,21,16,37,53,25,7,4,10,0.5215,118.5078,117.4773
2024-25,CHA,2024-11-12,CHA @ ORL,ORL,False,L,89,114,-25,34,84,0.405,13,38,0.342,8,14,8,40,48,22,7,3,22,0.4821,85.3635,109.342
2024-25,CHA,2024-11-10,CHA @ PHI,PHI,False,L,105,107,-2,36,95,0.379,14,54,0.259,19,22,12,38,50,22,10,5,21,0.4526,96.2773,98.1111
2024-25,CHA,2024-11-08,CHA vs. IND,IND,True,W,103,83,20,38,90,0.422,17,50,0.34,10,12,13,43,56,23,6,7,15,0.5167,106.493,85.8147
2024-25,CHA,2024-11-06,CHA vs. DET,DET,True,W,108,107,1,39,90,0.433,14,44,0.318,16,16,8,39,47,22,5,4,12,0.5111,105.8824,104.902
2024-25,CHA,2024-11-04,CHA @ MIN,MIN,False,L,93,114,-21,35,88,0.398,10,42,0.238,13,16,9,29,38,19,10,1,14,0.4545,94.6661,116.0423
2024-25,CHA,2024-11-02,CHA vs. BOS,BOS,True,L,103,113,-10,40,91,0.44,17,42,0.405,6,9,7,27,34,24,10,1,13,0.533,101.839,111.7263
2024-25,CHA,2024-11-01,CHA vs. BOS,BOS,True,L,109,124,-15,42,91,0.462,19,48,0.396,6,12,12,30,42,20,5,5,16,0.5659,108.6307,123.5798
2024-25,CHA,2024-10-30,CHA vs. TOR,TOR,True,W,138,133,5,49,94,0.521,20,45,0.444,20,25,14,24,38,31,9,8,16,0.6277,130.066,125.3534
2024-25,CHA,2024-10-26,CHA vs. MIA,MIA,True,L,106,114,-8,39,89,0.438,13,41,0.317,15,21,15,31,46,20,6,5,20,0.5112,104.6603,112.5592
2024-25,CHA,2024-10-25,CHA @ ATL,ATL,False,L,120,125,-5,37,96,0.385,21,51,0.412,25,31,22,31,53,22,7,4,18,0.4948,114.0901,118.8439
2024-25,CHA,2024-10-23,CHA @ HOU,HOU,False,W,110,105,5,38,85,0.447,15,39,0.385,19,24,15,41,56,20,6,10,17,0.5353,109.2571,104.2908
2024-25,CHI,2025-04-13,CHI @ PHI,PHI,False,W,122,102,20,47,103,0.456,13,40,0.325,15,20,15,44,59,29,10,4,13,0.5194,111.9061,93.5608
2024-25,CHI,2025-04-11,CHI vs. WAS,WAS,True,W,119,89,30,43,93,0.462,13,41,0.317,20,22,13,41,54,32,8,7,13,0.5323,113.8974,85.1838
2024-25,CHI,2025-04-09,CHI vs. MIA,MIA,True,W,119,111,8,46,89,0.517,14,37,0.378,13,13,10,36,46,33,8,7,16,0.5955,117.7052,109.7923
2024-25,CHI,2025-04-08,CHI @ CLE,CLE,False,L,113,135,-22,41,86,0.477,15,43,0.349,16,19,12,33,45,26,9,3,20,0.564,110.2009,131.6559
2024-25,CHI,2025-04-06,CHI @ CHA,CHA,False,W,131,117,14,46,86,0.535,16,36,0.444,23,29,9,32,41,26,8,1,13,0.6279,126.1313,112.6516
2024-25,CHI,2025-04-04,CHI vs. POR,POR,True,W,118,113,5,41,87,0.471,10,27,0.37,26,31,11,50,61,25,2,8,18,0.5287,108.9767,104.3591
2024-25,CHI,2025-04-01,CHI vs. TOR,TOR,True,W,137,118,19,50,88,0.568,14,34,0.412,23,27,10,39,49,36,10,2,12,0.6477,132.5464,114.1641
2024-25,CHI,2025-03-31,CHI @ OKC,OKC,False,L,117,145,-28,44,98,0.449,16,51,0.314,13,16,10,33,43,29,7,7,20,0.5306,102.5596,127.1038
2024-25,CHI,2025-03-29,CHI vs. DAL,DAL,True,L,119,120,-1,43,91,0.473,14,33,0.424,19,24,12,44,56,31,4,3,19,0.5495,109.7786,110.7011
2024-25,CHI,2025-03-27,CHI vs. LAL,LAL,True,W,119,117,2,43,92,0.467,19,44,0.432,14,22,11,37,48,33,4,2,15,0.5707,113.5496,111.6412
2024-25,CHI,2025-03-24,CHI @ DEN,DEN,False,W,129,119,10,45,91,0.495,17,39,0.436,22,26,12,31,43,31,8,5,10,0.5879,127.0936,117.2414
2024-25,CHI,2025-03-22,CHI @ LAL,LAL,False,W,146,115,31,56,96,0.583,19,41,0.463,15,20,10,32,42,41,17,5,10,0.6823,138.0745,108.7573
2024-25,CHI,2025-03-20,CHI @ SAC,SAC,False,W,128,116,12,45,86,0.523,15,35,0.429,23,26,12,28,40,32,9,2,14,0.6105,128.9283,116.8413
2024-25,CHI,2025-03-19,CHI @ PHX,PHX,False,L,121,127,-6,49,90,0.544,15,38,0.395,8,12,8,32,40,29,7,8,13,0.6278,119.1649,125.0739
2024-25,CHI,2025-03-17,CHI @ UTA,UTA,False,W,111,97,14,42,97,0.433,14,45,0.311,13,16,9,40,49,29,12,3,11,0.5052,103.3905,90.3502
2024-25,CHI,2025-03-15,CHI @ HOU,HOU,False,L,114,117,-3,43,93,0.462,14,38,0.368,14,16,5,31,36,24,6,5,11,0.5376,106.8016,109.6121
2024-25,CHI,2025-03-13,CHI vs. BKN,BKN,True,W,116,110,6,41,90,0.456,11,37,0.297,23,26,13,34,47,24,8,4,8,0.5167,119.3661,113.192
2024-25,CHI,2025-03-10,CHI vs. IND,IND,True,W,121,103,18,49,98,0.5,12,33,0.364,11,14,10,46,56,30,4,6,18,0.5612,108.2677,92.1618
2024-25,CHI,2025-03-08,CHI @ MIA,MIA,False,W,114,109,5,40,88,0.455,11,42,0.262,23,26,5,46,51,27,6,4,10,0.517,107.6487,102.9273
2024-25,CHI,2025-03-06,CHI @ ORL,ORL,False,W,125,123,2,43,86,0.5,15,40,0.375,24,30,13,35,48,25,5,7,19,0.5872,117.4812,115.6015
2024-25,CHI,2025-03-04,CHI vs. CLE,CLE,True,L,117,139,-22,47,106,0.443,11,44,0.25,12,17,10,40,50,32,6,6,7,0.4953,105.8824,125.7919
2024-25,CHI,2025-03-02,CHI @ IND,IND,False,L,112,127,-15,44,88,0.5,10,33,0.303,14,18,12,30,42,24,6,4,14,0.5568,112.0897,127.1017
2024-25,CHI,2025-02-28,CHI vs. TOR,TOR,True,W,125,115,10,45,101,0.446,13,49,0.265,22,25,10,35,45,32,11,4,15,0.5099,108.7903,100.087
2024-25,CHI,2025-02-26,CHI vs. LAC,LAC,True,L,117,122,-5,46,94,0.489,19,42,0.452,6,11,15,26,41,35,9,1,17,0.5904,118.5891,123.657
2024-25,CHI,2025-02-24,CHI @ PHI,PHI,False,W,142,110,32,45,89,0.506,18,40,0.45,34,36,10,34,44,32,11,6,15,0.6067,129.326,100.1821
2024-25,CHI,2025-02-22,CHI vs. PHX,PHX,True,L,117,121,-4,41,98,0.418,18,53,0.34,17,17,11,34,45,29,9,4,9,0.5102,112.6083,116.4581
2024-25,CHI,2025-02-20,CHI @ NYK,NYK,False,L,111,113,-2,41,103,0.398,19,48,0.396,10,12,11,42,53,24,6,6,15,0.4903,97.9354,99.7
2024-25,CHI,2025-02-12,CHI vs. DET,DET,True,L,110,128,-18,37,86,0.43,9,41,0.22,27,30,10,27,37,23,9,7,18,0.4826,102.0408,118.7384
2024-25,CHI,2025-02-11,CHI vs. DET,DET,True,L,92,132,-40,35,100,0.35,10,47,0.213,12,19,14,30,44,22,9,2,16,0.4,83.9876,120.5039
2024-25,CHI,2025-02-08,CHI vs. GSW,GSW,True,L,111,132,-21,35,79,0.443,17,39,0.436,24,31,6,25,31,24,8,4,17,0.5506,108.5468,129.0827
2024-25,CHI,2025-02-05,CHI @ MIN,MIN,False,L,108,127,-19,40,83,0.482,12,36,0.333,16,22,6,28,34,25,9,5,11,0.5542,110.2041,129.5918
2024-25,CHI,2025-02-04,CHI vs. MIA,MIA,True,W,133,124,9,48,91,0.527,19,41,0.463,18,22,7,36,43,35,4,3,10,0.6319,127.8109,119.162
2024-25,CHI,2025-02-02,CHI @ DET,DET,False,L,119,127,-8,41,89,0.461,19,52,0.365,18,20,11,33,44,28,7,4,20,0.5674,110.9454,118.4039
2024-25,CHI,2025-01-31,CHI @ TOR,TOR,False,W,122,106,16,45,89,0.506,18,40,0.45,14,17,9,43,52,34,4,9,11,0.6067,120.5772,104.7638
2024-25,CHI,2025-01-29,CHI @ BOS,BOS,False,L,100,122,-22,37,92,0.402,15,49,0.306,11,12,10,37,47,28,3,7,15,0.4837,97.9624,119.5141
2024-25,CHI,2025-01-27,CHI vs. DEN,DEN,True,W,129,121,8,49,98,0.5,24,53,0.453,7,8,13,34,47,35,11,5,17,0.6224,120.9224,113.4233
2024-25,CHI,2025-01-25,CHI vs. PHI,PHI,True,L,97,109,-12,36,85,0.424,12,38,0.316,13,20,13,41,54,24,6,3,20,0.4941,94.9677,106.7163
2024-25,CHI,2025-01-23,CHI @ GSW,GSW,False,L,106,131,-25,34,87,0.391,16,40,0.4,22,27,10,32,42,22,7,2,13,0.4828,102.3957,126.5456
2024-25,CHI,2025-01-20,CHI @ LAC,LAC,False,W,112,99,13,38,94,0.404,15,46,0.326,21,26,17,37,54,25,7,6,12,0.484,110.935,98.0586
2024-25,CHI,2025-01-19,CHI @ POR,POR,False,L,102,113,-11,36,81,0.444,8,29,0.276,22,26,8,28,36,21,10,7,16,0.4938,99.7848,110.5459
2024-25,CHI,2025-01-17,CHI vs. CHA,CHA,True,L,123,125,-2,48,95,0.505,14,40,0.35,13,14,12,33,45,34,9,3,14,0.5789,118.8635,120.7963
2024-25,CHI,2025-01-15,CHI vs. ATL,ATL,True,L,94,110,-16,39,88,0.443,6,27,0.222,10,10,8,45,53,23,5,5,20,0.4773,89.0658,104.2259
2024-25,CHI,2025-01-14,CHI vs. NOP,NOP,True,L,113,119,-6,45,102,0.441,14,43,0.326,9,12,18,39,57,31,8,6,15,0.5098,108.279,114.0284
2024-25,CHI,2025-01-12,CHI vs. SAC,SAC,True,L,119,124,-5,43,93,0.462,18,37,0.486,15,20,8,37,45,26,4,4,8,0.5591,117.2183,122.1434
2024-25,CHI,2025-01-10,CHI vs. WAS,WAS,True,W,138,105,33,53,95,0.558,23,49,0.469,9,14,11,44,55,39,11,7,15,0.6789,130.2624,99.1127
2024-25,CHI,2025-01-08,CHI @ IND,IND,False,L,113,129,-16,44,86,0.512,12,35,0.343,13,19,9,30,39,23,6,6,18,0.5814,106.644,121.7441
2024-25,CHI,2025-01-06,CHI vs. SAS,SAS,True,W,114,110,4,44,102,0.431,13,39,0.333,13,15,14,33,47,25,12,4,13,0.4951,107.6081,103.8324
2024-25,CHI,2025-01-04,CHI vs. NYK,NYK,True,W,139,126,13,51,94,0.543,20,37,0.541,17,18,9,34,43,36,6,4,13,0.6489,132.2298,119.863
2024-25,CHI,2025-01-01,CHI @ WAS,WAS,False,L,107,125,-18,41,92,0.446,14,47,0.298,11,14,8,36,44,28,11,6,20,0.5217,95.7752,111.8869
2024-25,CHI,2024-12-30,CHI @ CHA,CHA,False,W,115,108,7,39,104,0.375,18,60,0.3,19,27,14,49,63,31,11,4,15,0.4615,99.2749,93.232
2024-25,CHI,2024-12-28,CHI vs. MIL,MIL,True,W,116,111,5,45,95,0.474,14,36,0.389,12,17,11,41,52,33,4,6,11,0.5474,109.1046,104.4018
2024-25,CHI,2024-12-26,CHI @ ATL,ATL,False,L,133,141,-8,53,98,0.541,22,43,0.512,5,6,9,27,36,36,8,1,16,0.6531,124.5318,132.0225
2024-25,CHI,2024-12-23,CHI vs. MIL,MIL,True,L,91,112,-21,36,90,0.4,10,48,0.208,9,12,9,37,46,27,9,1,15,0.4556,90.2062,111.023
2024-25,CHI,2024-12-21,CHI vs. BOS,BOS,True,L,98,123,-25,37,98,0.378,14,41,0.341,10,11,10,33,43,28,8,4,13,0.449,94.686,118.8406
2024-25,CHI,2024-12-19,CHI @ BOS,BOS,False,W,117,108,9,42,94,0.447,19,52,0.365,14,16,11,45,56,23,2,2,12,0.5479,116.256,107.3132
2024-25,CHI,2024-12-16,CHI @ TOR,TOR,False,W,122,121,1,43,93,0.462,14,40,0.35,22,28,8,33,41,33,12,8,12,0.5376,109.6531,108.7543
2024-25,CHI,2024-12-13,CHI vs. CHA,CHA,True,W,109,95,14,37,93,0.398,14,51,0.275,21,25,14,38,52,27,12,11,16,0.4731,102.2322,89.1015
2024-25,CHI,2024-12-08,CHI vs. PHI,PHI,True,L,100,108,-8,35,86,0.407,19,54,0.352,11,12,2,33,35,29,9,3,15,0.5174,95.9509,103.6269
2024-25,CHI,2024-12-06,CHI vs. IND,IND,True,L,123,132,-9,46,97,0.474,21,50,0.42,10,12,8,30,38,33,8,6,12,0.5825,117.3888,125.9782
2024-25,CHI,2024-12-05,CHI @ SAS,SAS,False,W,139,124,15,52,90,0.578,17,37,0.459,18,23,11,39,50,36,6,5,19,0.6722,128.5371,114.6662
2024-25,CHI,2024-12-02,CHI vs. BKN,BKN,True,W,128,102,26,48,92,0.522,16,47,0.34,16,19,11,43,54,33,8,5,17,0.6087,121.35,96.7008
2024-25,CHI,2024-11-29,CHI vs. BOS,BOS,True,L,129,138,-9,48,93,0.516,20,51,0.392,13,16,5,38,43,28,7,2,8,0.6237,123.3505,131.9564
2024-25,CHI,2024-11-27,CHI @ ORL,ORL,False,L,119,133,-14,46,87,0.529,16,42,0.381,11,16,7,30,37,30,9,6,18,0.6207,111.5486,124.6719
2024-25,CHI,2024-11-26,CHI @ WAS,WAS,False,W,127,108,19,47,94,0.5,14,40,0.35,19,22,8,42,50,29,6,4,11,0.5745,115.2869,98.0392
2024-25,CHI,2024-11-23,CHI vs. MEM,MEM,True,L,131,142,-11,49,97,0.505,19,42,0.452,14,19,10,25,35,29,4,8,11,0.6031,123.4917,133.8612
2024-25,CHI,2024-11-22,CHI vs. ATL,ATL,True,W,136,122,14,49,86,0.57,19,43,0.442,19,21,5,36,41,36,8,10,19,0.6802,122.7437,110.1083
2024-25,CHI,2024-11-20,CHI @ MIL,MIL,False,L,106,122,-16,41,88,0.466,17,45,0.378,7,7,5,28,33,25,7,2,14,0.5625,108.318,124.6679
2024-25,CHI,2024-11-18,CHI @ DET,DET,False,W,122,112,10,44,91,0.484,23,46,0.5,11,14,10,36,46,28,3,5,11,0.6099,123.5318,113.4062
2024-25,CHI,2024-11-17,CHI vs. HOU,HOU,True,L,107,143,-36,36,107,0.336,14,56,0.25,21,22,13,34,47,26,8,7,15,0.4019,91.1569,121.8265
2024-25,CHI,2024-11-15,CHI @ CLE,CLE,False,L,126,144,-18,45,88,0.511,20,42,0.476,16,20,3,33,36,32,7,4,17,0.625,112.8223,128.9398
2024-25,CHI,2024-11-13,CHI @ NYK,NYK,False,W,124,123,1,44,82,0.537,14,36,0.389,22,27,7,33,40,31,10,6,18,0.622,117.0916,116.1473
2024-25,CHI,2024-11-11,CHI vs. CLE,CLE,True,L,113,119,-6,43,87,0.494,14,38,0.368,13,16,8,43,51,26,7,5,21,0.5747,106.8053,112.4764
2024-25,CHI,2024-11-09,CHI @ ATL,ATL,False,W,125,113,12,46,92,0.5,13,39,0.333,20,23,13,34,47,30,12,6,18,0.5707,117.1948,105.9441
2024-25,CHI,2024-11-07,CHI vs. MIN,MIN,True,L,119,135,-16,47,88,0.534,15,36,0.417,10,15,10,22,32,30,9,4,13,0.6193,117.7751,133.6105
2024-25,CHI,2024-11-06,CHI @ DAL,DAL,False,L,99,119,-20,36,86,0.419,12,42,0.286,15,23,14,37,51,25,8,2,23,0.4884,92.8009,111.5486
2024-25,CHI,2024-11-04,CHI vs. UTA,UTA,True,L,126,135,-9,45,95,0.474,14,37,0.378,22,25,10,26,36,36,7,7,9,0.5474,121.0375,129.683
2024-25,CHI,2024-11-01,CHI @ BKN,BKN,False,L,112,120,-8,38,88,0.432,17,44,0.386,19,24,10,34,44,24,5,3,16,0.5284,108.5903,116.3467
2024-25,CHI,2024-10-30,CHI vs. ORL,ORL,True,W,102,99,3,36,84,0.429,13,34,0.382,17,25,9,45,54,23,6,2,15,0.506,101.0902,98.1169
2024-25,CHI,2024-10-28,CHI @ MEM,MEM,False,W,126,123,3,45,100,0.45,25,53,0.472,11,17,11,39,50,36,5,6,9,0.575,117.6471,114.8459
2024-25,CHI,2024-10-26,CHI vs. OKC,OKC,True,L,95,114,-19,32,92,0.348,15,53,0.283,16,22,11,50,61,23,6,2,26,0.4293,81.3774,97.6529
2024-25,CHI,2024-10-25,CHI @ MIL,MIL,False,W,133,122,11,46,96,0.479,21,47,0.447,20,23,9,37,46,30,10,4,10,0.5885,121.9512,111.865
2024-25,CHI,2024-10-23,CHI @ NOP,NOP,False,L,111,123,-12,42,86,0.488,10,34,0.294,17,25,9,38,47,26,4,2,21,0.5465,100.7991,111.6963
2024-25,CLE,2025-04-13,CLE vs. IND,IND,True,L,118,126,-8,44,115,0.383,18,60,0.3,12,22,18,47,65,21,6,9,22,0.4609,92.058,98.2993
2024-25,CLE,2025-04-11,CLE @ NYK,NYK,False,W,108,102,6,38,77,0.494,11,31,0.355,21,30,13,36,49,23,7,2,15,0.5649,113.6842,107.3684
2024-25,CLE,2025-04-10,CLE @ IND,IND,False,L,112,114,-2,43,98,0.439,17,37,0.459,9,13,11,39,50,24,6,3,11,0.5255,108.9918,110.9381
2024-25,CLE,2025-04-08,CLE vs. CHI,CHI,True,W,135,113,22,51,100,0.51,25,50,0.5,8,13,16,29,45,35,13,3,13,0.635,131.6559,110.2009
2024-25,CLE,2025-04-06,CLE vs. SAC,SAC,True,L,113,120,-7,46,88,0.523,10,38,0.263,11,19,13,26,39,31,11,5,16,0.5795,112.9774,119.976
2024-25,CLE,2025-04-04,CLE @ SAS,SAS,False,W,114,113,1,41,87,0.471,22,51,0.431,10,14,7,37,44,31,6,4,17,0.5977,109.342,108.3829
2024-25,CLE,2025-04-02,CLE vs. NYK,NYK,True,W,124,105,19,50,94,0.532,12,37,0.324,12,14,15,29,44,23,8,5,13,0.5957,126.1188,106.7941
2024-25,CLE,2025-03-30,CLE vs. LAC,LAC,True,W,127,122,5,47,93,0.505,15,45,0.333,18,23,10,35,45,33,11,3,10,0.586,121.0677,116.3012
2024-25,CLE,2025-03-28,CLE @ DET,DET,False,L,122,133,-11,39,84,0.464,15,40,0.375,29,38,11,30,41,16,9,3,15,0.5536,116.6794,127.1997
2024-25,CLE,2025-03-27,CLE vs. SAS,SAS,True,W,124,116,8,46,99,0.465,17,48,0.354,15,18,14,42,56,33,7,5,14,0.5505,116.3445,108.8384
2024-25,CLE,2025-03-25,CLE @ POR,POR,False,W,122,111,11,48,88,0.545,12,27,0.444,14,17,9,32,41,28,4,6,14,0.6136,121.2965,110.3599
2024-25,CLE,2025-03-23,CLE @ UTA,UTA,False,W,120,91,29,44,96,0.458,11,48,0.229,21,31,14,37,51,28,9,7,7,0.5156,115.6292,87.6855
2024-25,CLE,2025-03-21,CLE @ PHX,PHX,False,L,112,123,-11,42,94,0.447,17,45,0.378,11,14,16,28,44,24,11,5,11,0.5372,115.6547,127.0136
2024-25,CLE,2025-03-19,CLE @ SAC,SAC,False,L,119,123,-4,46,84,0.548,13,34,0.382,14,18,8,29,37,24,7,1,12,0.625,123.3416,127.4876
2024-25,CLE,2025-03-18,CLE @ LAC,LAC,False,L,119,132,-13,44,90,0.489,14,41,0.341,17,26,10,19,29,29,6,0,9,0.5667,121.5774,134.859
2024-25,CLE,2025-03-16,CLE vs. ORL,ORL,True,L,103,108,-5,40,96,0.417,10,40,0.25,13,20,16,32,48,21,7,1,14,0.4688,101.0993,106.0071
2024-25,CLE,2025-03-14,CLE @ MEM,MEM,False,W,133,124,9,44,88,0.5,19,51,0.373,26,33,8,35,43,32,9,4,16,0.608,120.4928,112.3392
2024-25,CLE,2025-03-11,CLE vs. BKN,BKN,True,W,109,104,5,39,89,0.438,10,42,0.238,21,25,12,36,48,23,7,4,15,0.4944,108.9129,103.9169
2024-25,CLE,2025-03-09,CLE @ MIL,MIL,False,W,112,100,12,39,88,0.443,19,47,0.404,15,19,13,31,44,25,11,2,15,0.5511,111.8434,99.8602
2024-25,CLE,2025-03-07,CLE @ CHA,CHA,False,W,118,117,1,32,76,0.421,11,34,0.324,43,51,9,36,45,16,7,4,14,0.4934,114.1862,113.2185
2024-25,CLE,2025-03-05,CLE vs. MIA,MIA,True,W,112,107,5,41,87,0.471,14,40,0.35,16,22,10,37,47,26,7,4,13,0.5517,112.7441,107.7109
2024-25,CLE,2025-03-04,CLE @ CHI,CHI,False,W,139,117,22,46,98,0.469,17,48,0.354,30,33,11,42,53,27,4,4,9,0.5561,125.7919,105.8824
2024-25,CLE,2025-03-02,CLE vs. POR,POR,True,W,133,129,4,42,97,0.433,19,46,0.413,30,35,13,34,47,27,12,5,15,0.5309,114.2612,110.8247
2024-25,CLE,2025-02-28,CLE @ BOS,BOS,False,W,123,116,7,45,94,0.479,17,39,0.436,16,19,14,30,44,23,4,3,8,0.5691,129.5828,122.2082
2024-25,CLE,2025-02-25,CLE @ ORL,ORL,False,W,122,82,40,45,80,0.563,19,32,0.594,13,16,9,38,47,25,5,5,12,0.6812,131.0419,88.0773
2024-25,CLE,2025-02-23,CLE vs. MEM,MEM,True,W,129,123,6,46,99,0.465,13,47,0.277,24,35,22,35,57,25,5,5,14,0.5303,120.5382,114.9318
2024-25,CLE,2025-02-21,CLE vs. NYK,NYK,True,W,142,105,37,56,92,0.609,19,37,0.514,11,15,11,36,47,38,12,2,15,0.712,136.8543,101.1951
2024-25,CLE,2025-02-20,CLE @ BKN,BKN,False,W,110,97,13,40,94,0.426,11,39,0.282,19,27,17,35,52,19,8,5,17,0.484,104.1469,91.8387
2024-25,CLE,2025-02-12,CLE @ TOR,TOR,False,W,131,108,23,48,99,0.485,18,53,0.34,17,20,13,40,53,34,11,4,13,0.5758,122.407,100.9157
2024-25,CLE,2025-02-10,CLE vs. MIN,MIN,True,W,128,107,21,48,94,0.511,17,43,0.395,15,20,14,35,49,27,10,5,17,0.6011,121.9048,101.9048
2024-25,CLE,2025-02-07,CLE @ WAS,WAS,False,W,134,124,10,48,94,0.511,16,38,0.421,22,24,15,31,46,32,9,3,14,0.5957,129.1193,119.4835
2024-25,CLE,2025-02-05,CLE @ DET,DET,False,W,118,115,3,41,85,0.482,16,38,0.421,20,24,11,35,46,28,6,7,24,0.5765,110.3422,107.5369
2024-25,CLE,2025-02-04,CLE vs. BOS,BOS,True,L,105,112,-7,36,91,0.396,11,39,0.282,22,26,14,37,51,18,6,1,13,0.456,102.7598,109.6105
2024-25,CLE,2025-02-02,CLE vs. DAL,DAL,True,W,144,101,43,53,93,0.57,26,45,0.578,12,16,3,48,51,39,7,8,9,0.7097,134.1782,94.1111
2024-25,CLE,2025-01-30,CLE vs. ATL,ATL,True,W,137,115,22,53,91,0.582,13,39,0.333,18,20,10,39,49,34,9,3,12,0.6538,133.8675,112.3705
2024-25,CLE,2025-01-29,CLE @ MIA,MIA,False,W,126,106,20,54,100,0.54,13,42,0.31,5,6,13,34,47,29,10,2,7,0.605,129.7364,109.1433
2024-25,CLE,2025-01-27,CLE vs. DET,DET,True,W,110,91,19,40,91,0.44,12,44,0.273,18,23,12,41,53,28,5,4,10,0.5055,111.1336,91.9378
2024-25,CLE,2025-01-25,CLE vs. HOU,HOU,True,L,131,135,-4,47,91,0.516,17,39,0.436,20,26,10,30,40,28,4,5,11,0.6099,129.5491,133.5047
2024-25,CLE,2025-01-24,CLE @ PHI,PHI,False,L,129,132,-3,45,90,0.5,25,52,0.481,14,19,10,27,37,30,10,5,16,0.6389,125.7065,128.6299
2024-25,CLE,2025-01-22,CLE @ HOU,HOU,False,L,108,109,-1,41,97,0.423,13,41,0.317,13,19,20,25,45,25,12,5,13,0.4897,107.9137,108.9129
2024-25,CLE,2025-01-20,CLE vs. PHX,PHX,True,W,118,92,26,41,95,0.432,19,46,0.413,17,23,15,35,50,27,10,1,9,0.5316,119.2883,93.0044
2024-25,CLE,2025-01-18,CLE @ MIN,MIN,False,W,124,117,7,42,92,0.457,17,48,0.354,23,25,13,34,47,27,4,1,8,0.5489,126.9451,119.7789
2024-25,CLE,2025-01-16,CLE @ OKC,OKC,False,L,114,134,-20,42,90,0.467,13,42,0.31,17,21,11,38,49,32,2,5,21,0.5389,104.5488,122.8907
2024-25,CLE,2025-01-14,CLE @ IND,IND,False,W,127,117,10,43,89,0.483,15,44,0.341,26,31,14,35,49,25,8,6,15,0.5674,121.3453,111.7906
2024-25,CLE,2025-01-12,CLE vs. IND,IND,True,L,93,108,-15,33,83,0.398,11,41,0.268,16,18,6,38,44,24,4,5,13,0.4639,92.611,107.5483
2024-25,CLE,2025-01-09,CLE vs. TOR,TOR,True,W,132,126,6,47,89,0.528,18,45,0.4,20,25,16,26,42,31,8,3,11,0.6292,136.2792,130.0847
2024-25,CLE,2025-01-08,CLE vs. OKC,OKC,True,W,129,122,7,47,90,0.522,15,36,0.417,20,27,12,28,40,36,7,2,15,0.6056,125.0242,118.24
2024-25,CLE,2025-01-05,CLE vs. CHA,CHA,True,W,115,105,10,44,92,0.478,15,43,0.349,12,16,9,32,41,29,5,5,12,0.5598,112.5245,102.7397
2024-25,CLE,2025-01-03,CLE @ DAL,DAL,False,W,134,122,12,52,98,0.531,15,40,0.375,15,20,10,36,46,38,5,7,8,0.6071,128.2297,116.7464
2024-25,CLE,2024-12-31,CLE @ LAL,LAL,False,W,122,110,12,45,93,0.484,18,46,0.391,14,17,10,38,48,32,5,8,11,0.5806,118.5387,106.8791
2024-25,CLE,2024-12-30,CLE @ GSW,GSW,False,W,113,95,18,44,96,0.458,18,47,0.383,7,10,11,43,54,25,10,6,16,0.5521,104.2243,87.6222
2024-25,CLE,2024-12-27,CLE @ DEN,DEN,False,W,149,135,14,54,96,0.563,23,48,0.479,18,22,9,29,38,40,10,7,11,0.6823,138.863,125.8155
2024-25,CLE,2024-12-23,CLE vs. UTA,UTA,True,W,124,113,11,43,91,0.473,20,46,0.435,18,23,10,30,40,33,10,3,9,0.5824,122.4329,111.5719
2024-25,CLE,2024-12-21,CLE vs. PHI,PHI,True,W,126,99,27,48,90,0.533,22,43,0.512,8,15,13,36,49,31,8,1,13,0.6556,128.9134,101.2891
2024-25,CLE,2024-12-20,CLE vs. MIL,MIL,True,W,124,101,23,46,91,0.505,20,47,0.426,12,14,9,39,48,30,11,0,18,0.6154,118.6149,96.6137
2024-25,CLE,2024-12-16,CLE @ BKN,BKN,False,W,130,101,29,43,81,0.531,19,47,0.404,25,29,12,30,42,33,14,6,17,0.6481,127.8772,99.3508
2024-25,CLE,2024-12-13,CLE vs. WAS,WAS,True,W,115,105,10,36,91,0.396,15,50,0.3,28,40,16,34,50,27,10,5,11,0.478,111.4125,101.7245
2024-25,CLE,2024-12-08,CLE @ MIA,MIA,False,L,113,122,-9,41,86,0.477,14,33,0.424,17,18,5,31,36,25,5,1,9,0.5581,114.5116,123.6319
2024-25,CLE,2024-12-07,CLE @ CHA,CHA,False,W,116,102,14,42,84,0.5,14,38,0.368,18,24,14,33,47,28,6,6,12,0.5833,123.4568,108.5568
2024-25,CLE,2024-12-05,CLE vs. DEN,DEN,True,W,126,114,12,47,94,0.5,22,48,0.458,10,16,9,38,47,32,9,3,17,0.617,113.6569,102.8324
2024-25,CLE,2024-12-03,CLE vs. WAS,WAS,True,W,118,87,31,43,89,0.483,16,46,0.348,16,25,7,38,45,31,11,4,11,0.573,114.5631,84.466
2024-25,CLE,2024-12-01,CLE vs. BOS,BOS,True,W,115,111,4,39,80,0.488,17,36,0.472,20,25,6,38,44,22,5,7,18,0.5938,110.9182,107.0602
2024-25,CLE,2024-11-29,CLE @ ATL,ATL,False,L,101,117,-16,38,93,0.409,11,38,0.289,14,17,11,29,40,21,9,0,13,0.4677,97.8682,113.3721
2024-25,CLE,2024-11-27,CLE vs. ATL,ATL,True,L,124,135,-11,44,95,0.463,15,48,0.313,21,28,12,32,44,31,11,5,13,0.5421,114.1174,124.2408
2024-25,CLE,2024-11-24,CLE vs. TOR,TOR,True,W,122,108,14,48,97,0.495,16,41,0.39,10,14,14,35,49,27,11,4,14,0.5773,117.8061,104.2874
2024-25,CLE,2024-11-20,CLE vs. NOP,NOP,True,W,128,100,28,49,93,0.527,18,42,0.429,12,14,16,36,52,29,10,9,14,0.6237,132.0677,103.1779
2024-25,CLE,2024-11-19,CLE @ BOS,BOS,False,L,117,120,-3,46,93,0.495,10,29,0.345,15,17,12,29,41,30,4,3,7,0.5484,122.1039,125.2348
2024-25,CLE,2024-11-17,CLE vs. CHA,CHA,True,W,128,114,14,44,77,0.571,13,30,0.433,27,28,9,39,48,26,3,4,20,0.6558,126.9841,113.0952
2024-25,CLE,2024-11-15,CLE vs. CHI,CHI,True,W,144,126,18,51,93,0.548,21,43,0.488,21,24,4,36,40,33,11,6,13,0.6613,128.9398,112.8223
2024-25,CLE,2024-11-13,CLE @ PHI,PHI,False,W,114,106,8,42,85,0.494,16,40,0.4,14,17,9,37,46,25,8,1,11,0.5882,119.1721,110.8091
2024-25,CLE,2024-11-11,CLE @ CHI,CHI,False,W,119,113,6,43,97,0.443,15,45,0.333,18,24,12,31,43,26,14,3,9,0.5206,112.4764,106.8053
2024-25,CLE,2024-11-09,CLE vs. BKN,BKN,True,W,105,100,5,40,74,0.541,10,28,0.357,15,19,4,29,33,24,12,5,16,0.6081,111.536,106.2248
2024-25,CLE,2024-11-08,CLE vs. GSW,GSW,True,W,136,117,19,46,85,0.541,20,42,0.476,24,28,9,34,43,33,7,7,20,0.6588,124.4965,107.1036
2024-25,CLE,2024-11-06,CLE @ NOP,NOP,False,W,131,122,9,52,96,0.542,17,35,0.486,10,13,12,34,46,33,6,10,13,0.6302,127.7799,119.0012
2024-25,CLE,2024-11-04,CLE vs. MIL,MIL,True,W,116,114,2,46,91,0.505,17,37,0.459,7,13,5,34,39,28,10,4,10,0.5989,114.6698,112.6928
2024-25,CLE,2024-11-02,CLE @ MIL,MIL,False,W,114,113,1,44,91,0.484,15,38,0.395,11,15,10,35,45,31,3,2,7,0.5659,118.0124,116.9772
2024-25,CLE,2024-11-01,CLE vs. ORL,ORL,True,W,120,109,11,44,87,0.506,15,38,0.395,17,20,7,42,49,25,6,4,13,0.592,114.6351,104.1269
2024-25,CLE,2024-10-30,CLE vs. LAL,LAL,True,W,134,110,24,56,97,0.577,17,41,0.415,5,8,6,30,36,37,14,2,12,0.6649,125.2102,102.7845
2024-25,CLE,2024-10-28,CLE @ NYK,NYK,False,W,110,104,6,39,82,0.476,12,36,0.333,20,24,9,32,41,21,10,5,14,0.5488,110.8424,104.7965
2024-25,CLE,2024-10-26,CLE @ WAS,WAS,False,W,135,116,19,47,88,0.534,18,39,0.462,23,34,11,37,48,27,13,10,17,0.6364,124.9769,107.3875
2024-25,CLE,2024-10-25,CLE vs. DET,DET,True,W,113,101,12,42,82,0.512,13,34,0.382,16,23,5,34,39,28,13,4,13,0.5915,111.5499,99.7038
2024-25,CLE,2024-10-23,CLE @ TOR,TOR,False,W,136,106,30,51,87,0.586,14,30,0.467,20,26,8,28,36,29,10,9,13,0.6667,131.2741,102.3166
2024-25,DAL,2025-04-13,DAL @ MEM,MEM,False,L,97,132,-35,38,87,0.437,5,28,0.179,16,22,10,28,38,20,6,3,18,0.4655,93.1438,126.7524
2024-25,DAL,2025-04-11,DAL vs. TOR,TOR,True,W,124,102,22,49,89,0.551,15,34,0.441,11,17,12,44,56,34,8,10,20,0.6348,119.5757,98.3607
2024-25,DAL,2025-04-09,DAL vs. LAL,LAL,True,L,97,112,-15,36,72,0.5,9,26,0.346,16,23,9,29,38,30,6,6,20,0.5625,102.4504,118.2932
2024-25,DAL,2025-04-05,DAL @ LAC,LAC,False,L,104,135,-31,34,78,0.436,7,27,0.259,29,38,10,31,41,18,5,8,16,0.4808,102.7059,133.3202
2024-25,DAL,2025-04-04,DAL @ LAC,LAC,False,L,91,114,-23,35,77,0.455,4,20,0.2,17,26,6,33,39,19,7,0,18,0.4805,91.6969,114.873
2024-25,DAL,2025-04-02,DAL vs. ATL,ATL,True,W,120,118,2,44,83,0.53,15,33,0.455,17,21,4,38,42,27,7,8,15,0.6205,114.8765,112.9619
2024-25,DAL,2025-03-31,DAL vs. BKN,BKN,True,L,109,113,-4,41,86,0.477,10,30,0.333,17,29,12,37,49,29,4,3,10,0.5349,110.9076,114.9776
2024-25,DAL,2025-03-29,DAL @ CHI,CHI,False,W,120,119,1,47,101,0.465,9,30,0.3,17,21,8,33,41,28,9,8,6,0.5099,110.7011,109.7786
2024-25,DAL,2025-03-27,DAL @ ORL,ORL,False,W,101,92,9,37,78,0.474,11,22,0.5,16,22,5,35,40,21,10,1,15,0.5449,103.4624,94.243
2024-25,DAL,2025-03-25,DAL @ NYK,NYK,False,L,113,128,-15,43,80,0.538,6,19,0.316,21,25,5,28,33,19,9,3,16,0.575,108.1754,122.5349
2024-25,DAL,2025-03-24,DAL @ BKN,BKN,False,W,120,101,19,49,87,0.563,10,31,0.323,12,16,11,30,41,34,10,1,11,0.6207,127.5239,107.3326
2024-25,DAL,2025-03-21,DAL vs. DET,DET,True,W,123,117,6,42,80,0.525,12,34,0.353,27,36,10,34,44,25,10,7,20,0.6,116.4773,110.7955
2024-25,DAL,2025-03-19,DAL @ IND,IND,False,L,131,135,-4,48,88,0.545,11,27,0.407,24,32,7,34,41,23,6,0,13,0.608,123.9591,127.7441
2024-25,DAL,2025-03-16,DAL vs. PHI,PHI,True,L,125,130,-5,46,87,0.529,10,34,0.294,23,30,10,35,45,26,4,3,15,0.5862,119.1838,123.9512
2024-25,DAL,2025-03-14,DAL @ HOU,HOU,False,L,96,133,-37,39,94,0.415,8,22,0.364,10,12,6,28,34,14,4,6,8,0.4574,93.4034,129.4026
2024-25,DAL,2025-03-12,DAL @ SAS,SAS,False,L,116,126,-10,45,81,0.556,13,32,0.406,13,17,3,28,31,30,8,0,18,0.6358,111.7965,121.4341
2024-25,DAL,2025-03-10,DAL @ SAS,SAS,False,W,133,129,4,47,88,0.534,12,38,0.316,27,30,10,30,40,25,5,2,11,0.6023,130.5457,126.6196
2024-25,DAL,2025-03-09,DAL vs. PHX,PHX,True,L,116,125,-9,43,88,0.489,17,42,0.405,13,16,5,27,32,29,8,2,7,0.5852,118.3915,127.5771
2024-25,DAL,2025-03-07,DAL vs. MEM,MEM,True,L,111,122,-11,37,96,0.385,15,41,0.366,22,24,11,34,45,24,7,7,12,0.4635,103.4483,113.6999
2024-25,DAL,2025-03-05,DAL @ MIL,MIL,False,L,107,137,-30,45,98,0.459,13,39,0.333,4,10,5,25,30,30,13,3,10,0.5255,100.1123,128.1811
2024-25,DAL,2025-03-03,DAL vs. SAC,SAC,True,L,98,122,-24,35,77,0.455,7,26,0.269,21,24,7,30,37,28,5,1,14,0.5,104.3441,129.8978
2024-25,DAL,2025-03-01,DAL vs. MIL,MIL,True,L,117,132,-15,43,91,0.473,11,40,0.275,20,25,8,25,33,25,7,1,11,0.533,113.3721,127.907
2024-25,DAL,2025-02-27,DAL vs. CHA,CHA,True,W,103,96,7,40,97,0.412,11,36,0.306,12,16,10,38,48,23,12,7,9,0.4691,99.1529,92.4143
2024-25,DAL,2025-02-25,DAL @ LAL,LAL,False,L,99,107,-8,35,98,0.357,17,44,0.386,12,13,14,31,45,23,7,11,12,0.4439,98.8616,106.8504
2024-25,DAL,2025-02-23,DAL @ GSW,GSW,False,L,102,126,-24,38,82,0.463,13,32,0.406,13,19,7,34,41,24,7,4,18,0.5427,100.7507,124.4567
2024-25,DAL,2025-02-21,DAL vs. NOP,NOP,True,W,111,103,8,37,86,0.43,16,44,0.364,21,27,8,39,47,28,8,4,14,0.5233,107.3086,99.5746
2024-25,DAL,2025-02-13,DAL vs. MIA,MIA,True,W,118,113,5,46,90,0.511,13,36,0.361,13,16,11,29,40,28,7,2,14,0.5833,118.3076,113.2946
2024-25,DAL,2025-02-12,DAL vs. GSW,GSW,True,W,111,107,4,42,87,0.483,15,36,0.417,12,15,9,30,39,20,9,7,15,0.569,110.1628,106.1929
2024-25,DAL,2025-02-10,DAL vs. SAC,SAC,True,L,128,129,-1,49,95,0.516,15,37,0.405,15,24,5,28,33,31,11,4,13,0.5947,113.3144,114.1997
2024-25,DAL,2025-02-08,DAL vs. HOU,HOU,True,W,116,105,11,39,83,0.47,12,23,0.522,26,34,12,31,43,22,4,18,6,0.5422,121.0603,109.5805
2024-25,DAL,2025-02-06,DAL @ BOS,BOS,False,W,127,120,7,49,88,0.557,15,33,0.455,14,18,8,27,35,32,9,4,11,0.642,128.5946,121.5067
2024-25,DAL,2025-02-04,DAL @ PHI,PHI,False,L,116,118,-2,40,85,0.471,11,33,0.333,25,31,15,29,44,24,8,4,12,0.5353,119.5876,121.6495
2024-25,DAL,2025-02-02,DAL @ CLE,CLE,False,L,101,144,-43,40,103,0.388,9,43,0.209,12,15,10,35,45,22,6,3,9,0.432,94.1111,134.1782
2024-25,DAL,2025-01-31,DAL @ DET,DET,False,L,102,117,-15,37,87,0.425,11,33,0.333,17,21,16,30,46,20,4,13,18,0.4885,101.8574,116.8364
2024-25,DAL,2025-01-29,DAL @ NOP,NOP,False,W,137,136,1,52,96,0.542,20,43,0.465,13,17,16,35,51,30,6,6,19,0.6458,130.3769,129.4252
2024-25,DAL,2025-01-27,DAL vs. WAS,WAS,True,W,130,108,22,49,92,0.533,20,45,0.444,12,17,13,38,51,39,5,7,12,0.6413,127.476,105.9031
2024-25,DAL,2025-01-25,DAL vs. BOS,BOS,True,L,107,122,-15,39,88,0.443,8,22,0.364,21,28,13,36,49,18,2,8,13,0.4886,107.1715,122.1955
2024-25,DAL,2025-01-23,DAL @ OKC,OKC,False,W,121,115,6,39,74,0.527,14,31,0.452,29,36,8,35,43,25,9,3,20,0.6216,118.3258,112.4584
2024-25,DAL,2025-01-22,DAL vs. MIN,MIN,True,L,114,115,-1,45,90,0.5,8,29,0.276,16,19,7,31,38,24,5,4,15,0.5444,111.5897,112.5685
2024-25,DAL,2025-01-20,DAL @ CHA,CHA,False,L,105,110,-5,38,88,0.432,6,32,0.188,23,26,16,35,51,19,10,8,14,0.4659,105.3371,110.3531
2024-25,DAL,2025-01-17,DAL vs. OKC,OKC,True,W,106,98,8,37,75,0.493,16,41,0.39,16,22,6,37,43,25,11,7,17,0.6,109.8673,101.5755
2024-25,DAL,2025-01-15,DAL @ NOP,NOP,False,L,116,119,-3,43,90,0.478,12,35,0.343,18,25,8,37,45,27,9,3,17,0.5444,109.1457,111.9684
2024-25,DAL,2025-01-14,DAL vs. DEN,DEN,True,L,99,118,-19,38,90,0.422,9,32,0.281,14,22,8,22,30,27,14,6,12,0.4722,96.416,114.9201
2024-25,DAL,2025-01-12,DAL vs. DEN,DEN,True,L,101,112,-11,35,85,0.412,12,34,0.353,19,25,8,29,37,27,7,5,12,0.4824,100.0991,111.001
2024-25,DAL,2025-01-09,DAL vs. POR,POR,True,W,117,111,6,40,88,0.455,10,30,0.333,27,30,16,37,53,26,8,7,14,0.5114,117.0,111.0
2024-25,DAL,2025-01-07,DAL vs. LAL,LAL,True,W,118,97,21,45,86,0.523,18,38,0.474,10,14,11,33,44,29,7,0,13,0.6279,127.7609,105.0238
2024-25,DAL,2025-01-06,DAL @ MEM,MEM,False,L,104,119,-15,40,98,0.408,13,36,0.361,11,15,13,37,50,25,7,8,15,0.4745,98.1132,112.2642
2024-25,DAL,2025-01-03,DAL vs. CLE,CLE,True,L,122,134,-12,43,100,0.43,12,44,0.273,24,30,21,32,53,29,3,4,12,0.49,116.7464,128.2297
2024-25,DAL,2025-01-01,DAL @ HOU,HOU,False,L,99,110,-11,40,75,0.533,11,28,0.393,8,16,6,32,38,19,9,12,20,0.6067,96.51,107.2334
2024-25,DAL,2024-12-30,DAL @ SAC,SAC,False,L,100,110,-10,32,76,0.421,12,31,0.387,24,29,2,34,36,17,8,13,18,0.5,94.7329,104.2061
2024-25,DAL,2024-12-28,DAL @ POR,POR,False,L,122,126,-4,43,89,0.483,15,38,0.395,21,26,10,30,40,20,6,10,13,0.5674,117.195,121.0375
2024-25,DAL,2024-12-27,DAL @ PHX,PHX,False,W,98,89,9,35,80,0.438,12,34,0.353,16,17,7,34,41,24,6,5,15,0.5125,102.9412,93.4874
2024-25,DAL,2024-12-25,DAL vs. MIN,MIN,True,L,99,105,-6,36,87,0.414,16,43,0.372,11,11,11,32,43,15,6,8,13,0.5057,105.5662,111.9642
2024-25,DAL,2024-12-23,DAL vs. POR,POR,True,W,132,108,24,48,90,0.533,12,36,0.333,24,34,13,28,41,27,10,4,11,0.6,127.3394,104.1868
2024-25,DAL,2024-12-21,DAL vs. LAC,LAC,True,W,113,97,16,40,88,0.455,14,35,0.4,19,22,11,32,43,25,12,5,13,0.5341,113.3628,97.3114
2024-25,DAL,2024-12-19,DAL vs. LAC,LAC,True,L,95,118,-23,34,86,0.395,7,30,0.233,20,28,8,32,40,21,9,5,13,0.436,93.6884,116.3708
2024-25,DAL,2024-12-15,DAL @ GSW,GSW,False,W,143,133,10,52,87,0.598,21,41,0.512,18,25,10,37,47,36,8,5,16,0.7184,138.2711,128.6018
2024-25,DAL,2024-12-10,DAL @ OKC,OKC,False,L,104,118,-14,38,80,0.475,15,36,0.417,13,19,7,37,44,25,10,2,19,0.5688,103.2566,117.1565
2024-25,DAL,2024-12-07,DAL @ TOR,TOR,False,W,125,118,7,38,81,0.469,17,45,0.378,32,37,14,38,52,21,10,8,18,0.5741,120.6564,113.8996
2024-25,DAL,2024-12-05,DAL @ WAS,WAS,False,W,137,101,36,48,89,0.539,20,38,0.526,21,27,13,45,58,27,8,12,16,0.6517,130.8001,96.4293
2024-25,DAL,2024-12-03,DAL vs. MEM,MEM,True,W,121,116,5,39,81,0.481,13,32,0.406,30,44,14,35,49,24,8,8,25,0.5617,109.7406,105.2059
2024-25,DAL,2024-12-01,DAL @ POR,POR,False,W,137,131,6,48,87,0.552,18,36,0.5,23,29,8,25,33,33,13,0,13,0.6552,131.9337,126.1556
2024-25,DAL,2024-11-30,DAL @ UTA,UTA,False,W,106,94,12,41,90,0.456,15,39,0.385,9,15,12,36,48,30,12,6,15,0.5389,106.0849,94.0753
2024-25,DAL,2024-11-27,DAL vs. NYK,NYK,True,W,129,114,15,48,85,0.565,17,33,0.515,16,21,10,33,43,27,6,4,13,0.6647,130.0141,114.8962
2024-25,DAL,2024-11-25,DAL @ ATL,ATL,False,W,129,119,10,47,94,0.5,16,35,0.457,19,22,10,41,51,24,6,8,18,0.5851,114.8095,105.9096
2024-25,DAL,2024-11-24,DAL @ MIA,MIA,False,L,118,123,-5,44,105,0.419,10,40,0.25,20,25,15,44,59,29,6,9,14,0.4667,102.2176,106.5489
2024-25,DAL,2024-11-22,DAL @ DEN,DEN,False,W,123,120,3,46,91,0.505,10,27,0.37,21,27,12,32,44,24,11,5,13,0.5604,119.0476,116.144
2024-25,DAL,2024-11-19,DAL vs. NOP,NOP,True,W,132,91,41,49,94,0.521,14,31,0.452,20,25,14,34,48,26,12,7,12,0.5957,129.2597,89.1108
2024-25,DAL,2024-11-17,DAL @ OKC,OKC,False,W,121,119,2,40,84,0.476,11,27,0.407,30,36,18,35,53,18,4,5,16,0.5417,122.9425,120.9104
2024-25,DAL,2024-11-16,DAL vs. SAS,SAS,True,W,110,93,17,44,94,0.468,8,31,0.258,14,18,13,40,53,26,9,7,15,0.5106,107.7797,91.1229
2024-25,DAL,2024-11-14,DAL @ UTA,UTA,False,L,113,115,-2,43,85,0.506,12,39,0.308,15,20,11,19,30,25,11,10,17,0.5765,114.1184,116.1382
2024-25,DAL,2024-11-12,DAL @ GSW,GSW,False,L,117,120,-3,44,84,0.524,11,34,0.324,18,24,8,32,40,26,6,1,18,0.5893,113.9019,116.8224
2024-25,DAL,2024-11-10,DAL @ DEN,DEN,False,L,120,122,-2,48,90,0.533,10,33,0.303,14,19,10,32,42,29,7,5,10,0.5889,122.5741,124.617
2024-25,DAL,2024-11-08,DAL vs. PHX,PHX,True,L,113,114,-1,41,80,0.513,11,33,0.333,20,22,8,31,39,18,5,1,11,0.5812,122.4269,123.5103
2024-25,DAL,2024-11-06,DAL vs. CHI,CHI,True,W,119,99,20,45,93,0.484,12,38,0.316,17,21,9,38,47,33,11,4,15,0.5484,111.5486,92.8009
2024-25,DAL,2024-11-04,DAL vs. IND,IND,True,L,127,134,-7,46,89,0.517,15,36,0.417,20,25,5,33,38,29,4,3,9,0.6011,120.4934,127.1347
2024-25,DAL,2024-11-03,DAL vs. ORL,ORL,True,W,108,85,23,42,85,0.494,10,32,0.313,14,23,12,41,53,25,8,5,19,0.5529,105.1197,82.7331
2024-25,DAL,2024-10-31,DAL vs. HOU,HOU,True,L,102,108,-6,39,85,0.459,10,30,0.333,14,20,10,27,37,21,6,7,10,0.5176,104.7873,110.9513
2024-25,DAL,2024-10-29,DAL @ MIN,MIN,False,W,120,114,6,45,93,0.484,16,39,0.41,14,18,12,28,40,25,12,2,10,0.5699,122.2245,116.1133
2024-25,DAL,2024-10-28,DAL vs. UTA,UTA,True,W,110,102,8,43,95,0.453,11,39,0.282,13,17,13,37,50,27,9,12,14,0.5105,105.6473,97.9639
2024-25,DAL,2024-10-26,DAL @ PHX,PHX,False,L,102,114,-12,37,93,0.398,13,41,0.317,15,18,12,34,46,22,6,2,9,0.4677,102.9263,115.0353
2024-25,DAL,2024-10-24,DAL vs. SAS,SAS,True,W,120,109,11,42,102,0.412,19,44,0.432,17,23,17,33,50,27,9,5,10,0.5049,115.0086,104.4662
2024-25,DEN,2025-04-13,DEN @ HOU,HOU,False,W,126,111,15,45,88,0.511,10,29,0.345,26,31,11,36,47,28,7,6,9,0.5682,126.1261,111.1111
2024-25,DEN,2025-04-11,DEN vs. MEM,MEM,True,W,117,109,8,44,91,0.484,5,24,0.208,24,31,11,41,52,32,9,2,13,0.511,110.3774,102.8302
2024-25,DEN,2025-04-09,DEN @ SAC,SAC,False,W,124,116,8,43,86,0.5,13,34,0.382,25,31,12,33,45,30,7,5,7,0.5756,129.7614,121.3897
2024-25,DEN,2025-04-06,DEN vs. IND,IND,True,L,120,125,-5,50,93,0.538,8,31,0.258,12,18,9,38,47,33,2,7,13,0.5806,114.7447,119.5257
2024-25,DEN,2025-04-04,DEN @ GSW,GSW,False,L,104,118,-14,40,74,0.541,12,31,0.387,12,13,7,31,38,28,8,4,26,0.6216,105.2419,119.409
2024-25,DEN,2025-04-02,DEN vs. SAS,SAS,True,L,106,113,-7,38,96,0.396,13,44,0.295,17,25,14,44,58,24,7,4,12,0.4635,101.0872,107.7627
2024-25,DEN,2025-04-01,DEN vs. MIN,MIN,True,L,139,140,-1,47,86,0.547,12,34,0.353,33,44,8,37,45,33,7,7,18,0.6163,120.6807,121.5489
2024-25,DEN,2025-03-28,DEN vs. UTA,UTA,True,W,129,93,36,48,83,0.578,11,29,0.379,22,28,9,36,45,38,12,13,18,0.6446,121.767,87.7855
2024-25,DEN,2025-03-26,DEN vs. MIL,MIL,True,W,127,117,10,49,90,0.544,16,37,0.432,13,22,8,38,46,36,6,4,10,0.6333,127.3821,117.3521
2024-25,DEN,2025-03-24,DEN vs. CHI,CHI,True,L,119,129,-10,46,97,0.474,11,36,0.306,16,24,17,35,52,34,5,9,12,0.5309,117.2414,127.0936
2024-25,DEN,2025-03-23,DEN @ HOU,HOU,False,W,116,111,5,44,87,0.506,10,21,0.476,18,26,10,33,43,28,5,4,9,0.5632,121.2121,115.9875
2024-25,DEN,2025-03-21,DEN @ POR,POR,False,L,109,128,-19,38,76,0.5,9,26,0.346,24,28,11,20,31,24,10,2,21,0.5592,109.9234,129.0843
2024-25,DEN,2025-03-19,DEN @ LAL,LAL,False,L,108,120,-12,41,87,0.471,13,39,0.333,13,21,12,33,45,25,8,4,19,0.546,105.5925,117.325
2024-25,DEN,2025-03-17,DEN @ GSW,GSW,False,W,114,105,9,43,92,0.467,14,39,0.359,14,18,19,34,53,32,12,7,22,0.5435,109.7209,101.0587
2024-25,DEN,2025-03-15,DEN vs. WAS,WAS,True,L,123,126,-3,48,95,0.505,12,34,0.353,15,17,10,32,42,40,12,8,18,0.5684,113.385,116.1504
2024-25,DEN,2025-03-14,DEN vs. LAL,LAL,True,W,131,126,5,44,85,0.518,13,31,0.419,30,38,9,30,39,30,7,5,12,0.5941,126.717,121.8804
2024-25,DEN,2025-03-12,DEN vs. MIN,MIN,True,L,95,115,-20,36,89,0.404,7,30,0.233,16,22,12,30,42,20,9,4,10,0.4438,96.584,116.9174
2024-25,DEN,2025-03-10,DEN @ OKC,OKC,False,W,140,127,13,52,86,0.605,18,32,0.563,18,20,9,34,43,32,6,5,12,0.7093,138.0398,125.2218
2024-25,DEN,2025-03-09,DEN @ OKC,OKC,False,L,103,127,-24,40,97,0.412,12,40,0.3,11,20,14,34,48,22,3,6,8,0.4742,103.1031,127.1271
2024-25,DEN,2025-03-07,DEN vs. PHX,PHX,True,W,149,141,8,57,97,0.588,21,40,0.525,14,18,8,30,38,45,8,3,9,0.6959,138.1677,130.7493
2024-25,DEN,2025-03-05,DEN vs. SAC,SAC,True,W,116,110,6,40,87,0.46,12,35,0.343,24,30,11,35,46,28,5,8,13,0.5287,114.6472,108.7171
2024-25,DEN,2025-03-02,DEN @ BOS,BOS,False,L,103,110,-7,41,86,0.477,12,35,0.343,9,13,8,30,38,27,11,2,12,0.5465,108.6498,116.0338
2024-25,DEN,2025-02-28,DEN @ DET,DET,False,W,134,119,15,47,84,0.56,17,31,0.548,23,31,10,40,50,28,5,8,20,0.6607,125.3743,111.3398
2024-25,DEN,2025-02-27,DEN @ MIL,MIL,False,L,112,121,-9,47,105,0.448,9,34,0.265,9,11,14,41,55,28,8,2,13,0.4905,104.1086,112.4744
2024-25,DEN,2025-02-24,DEN @ IND,IND,False,W,125,116,9,53,94,0.564,8,21,0.381,11,14,14,32,46,39,8,4,20,0.6064,117.3489,108.8997
2024-25,DEN,2025-02-22,DEN vs. LAL,LAL,True,L,100,123,-23,34,85,0.4,16,41,0.39,16,21,12,33,45,28,6,1,22,0.4941,99.3838,122.2421
2024-25,DEN,2025-02-20,DEN vs. CHA,CHA,True,W,129,115,14,49,98,0.5,19,43,0.442,12,16,16,39,55,29,3,3,14,0.5969,125.5352,111.9112
2024-25,DEN,2025-02-12,DEN vs. POR,POR,True,W,132,121,11,49,96,0.51,15,38,0.395,19,24,12,37,49,26,9,7,14,0.5885,123.7577,113.4446
2024-25,DEN,2025-02-10,DEN vs. POR,POR,True,W,146,117,29,60,91,0.659,8,25,0.32,18,20,6,32,38,44,12,2,10,0.7033,139.5527,111.8333
2024-25,DEN,2025-02-08,DEN @ PHX,PHX,False,W,122,105,17,45,92,0.489,16,35,0.457,16,17,15,41,56,28,5,4,10,0.5761,129.732,111.6546
2024-25,DEN,2025-02-06,DEN vs. ORL,ORL,True,W,112,90,22,44,83,0.53,12,30,0.4,12,21,12,40,52,33,7,4,20,0.6024,112.8805,90.7075
2024-25,DEN,2025-02-05,DEN vs. NOP,NOP,True,W,144,119,25,57,100,0.57,16,43,0.372,14,15,13,38,51,40,9,4,9,0.65,138.4349,114.4011
2024-25,DEN,2025-02-03,DEN vs. NOP,NOP,True,W,125,113,12,46,92,0.5,12,33,0.364,21,26,14,32,46,28,7,6,6,0.5652,132.1912,119.5008
2024-25,DEN,2025-02-01,DEN @ CHA,CHA,False,W,107,104,3,41,88,0.466,7,37,0.189,18,20,8,35,43,29,9,9,11,0.5057,106.3196,103.3386
2024-25,DEN,2025-01-31,DEN @ PHI,PHI,False,W,137,134,3,54,82,0.659,12,23,0.522,17,18,9,26,35,39,7,2,19,0.7317,137.0274,134.0268
2024-25,DEN,2025-01-29,DEN @ NYK,NYK,False,L,112,122,-10,41,84,0.488,10,28,0.357,20,23,11,36,47,21,3,5,14,0.5476,113.1085,123.2074
2024-25,DEN,2025-01-27,DEN @ CHI,CHI,False,L,121,129,-8,52,100,0.52,6,27,0.222,11,11,12,30,42,36,13,5,15,0.55,113.4233,120.9224
2024-25,DEN,2025-01-25,DEN @ MIN,MIN,False,L,104,133,-29,43,88,0.489,11,32,0.344,7,13,14,22,36,32,7,3,20,0.5511,104.3548,133.4537
2024-25,DEN,2025-01-23,DEN vs. SAC,SAC,True,W,132,123,9,49,101,0.485,13,37,0.351,21,31,15,41,56,30,10,8,11,0.5495,118.9189,110.8108
2024-25,DEN,2025-01-21,DEN vs. PHI,PHI,True,W,144,109,35,52,85,0.612,16,31,0.516,24,25,14,37,51,39,7,4,14,0.7059,145.808,110.3686
2024-25,DEN,2025-01-19,DEN @ ORL,ORL,False,W,113,100,13,40,77,0.519,7,25,0.28,26,31,13,44,57,24,6,8,21,0.5649,113.7508,100.6644
2024-25,DEN,2025-01-17,DEN @ MIA,MIA,False,W,133,113,20,50,92,0.543,16,33,0.485,17,19,7,34,41,35,5,1,6,0.6304,133.9915,113.8424
2024-25,DEN,2025-01-15,DEN vs. HOU,HOU,True,L,108,128,-20,40,75,0.533,14,29,0.483,14,21,9,27,36,22,4,7,20,0.6267,111.5011,132.1495
2024-25,DEN,2025-01-14,DEN @ DAL,DAL,False,W,118,99,19,43,83,0.518,13,29,0.448,19,22,11,40,51,28,9,7,20,0.5964,114.9201,96.416
2024-25,DEN,2025-01-12,DEN @ DAL,DAL,False,W,112,101,11,46,94,0.489,7,32,0.219,13,20,15,40,55,23,6,5,14,0.5266,111.001,100.0991
2024-25,DEN,2025-01-10,DEN vs. BKN,BKN,True,W,124,105,19,45,87,0.517,9,24,0.375,25,33,12,37,49,34,12,5,15,0.569,118.1628,100.0572
2024-25,DEN,2025-01-08,DEN vs. LAC,LAC,True,W,126,103,23,49,89,0.551,17,35,0.486,11,17,7,38,45,29,7,3,12,0.6461,124.7031,101.9398
2024-25,DEN,2025-01-07,DEN vs. BOS,BOS,True,L,106,118,-12,40,87,0.46,14,36,0.389,12,15,13,26,39,22,6,6,16,0.5402,109.0535,121.3992
2024-25,DEN,2025-01-04,DEN @ SAS,SAS,False,W,122,111,11,47,108,0.435,10,33,0.303,18,23,14,44,58,32,11,7,7,0.4815,108.9091,99.0894
2024-25,DEN,2025-01-03,DEN vs. SAS,SAS,True,L,110,113,-3,42,97,0.433,15,39,0.385,11,16,10,36,46,33,7,7,8,0.5103,106.9207,109.8367
2024-25,DEN,2025-01-01,DEN vs. ATL,ATL,True,W,139,120,19,53,94,0.564,12,30,0.4,21,21,4,39,43,44,8,5,13,0.6277,124.3959,107.3922
2024-25,DEN,2024-12-30,DEN @ UTA,UTA,False,W,132,121,11,53,105,0.505,9,30,0.3,17,19,17,34,51,38,13,3,7,0.5476,126.8987,116.3238
2024-25,DEN,2024-12-28,DEN vs. DET,DET,True,W,134,121,13,46,82,0.561,13,27,0.481,29,36,8,32,40,29,9,6,14,0.6402,130.1224,117.4985
2024-25,DEN,2024-12-27,DEN vs. CLE,CLE,True,L,135,149,-14,53,94,0.564,15,31,0.484,14,18,8,30,38,39,8,3,13,0.6436,125.8155,138.863
2024-25,DEN,2024-12-25,DEN @ PHX,PHX,False,L,100,110,-10,36,78,0.462,8,29,0.276,20,28,14,32,46,20,3,2,16,0.5128,107.4576,118.2033
2024-25,DEN,2024-12-23,DEN vs. PHX,PHX,True,W,117,90,27,46,90,0.511,16,41,0.39,9,11,11,35,46,35,6,4,12,0.6,122.2315,94.0242
2024-25,DEN,2024-12-22,DEN @ NOP,NOP,False,W,132,129,3,49,97,0.505,10,33,0.303,24,32,14,40,54,34,10,8,22,0.5567,108.5526,106.0855
2024-25,DEN,2024-12-19,DEN @ POR,POR,False,L,124,126,-2,47,87,0.54,15,34,0.441,15,21,8,32,40,35,7,3,11,0.6264,122.894,124.8761
2024-25,DEN,2024-12-16,DEN @ SAC,SAC,False,W,130,129,1,51,102,0.5,10,28,0.357,18,24,15,40,55,38,9,4,15,0.549,116.404,115.5086
2024-25,DEN,2024-12-13,DEN vs. LAC,LAC,True,W,120,98,22,42,77,0.545,10,29,0.345,26,32,5,41,46,23,15,2,22,0.6104,112.6761,92.0188
2024-25,DEN,2024-12-08,DEN @ ATL,ATL,False,W,141,111,30,56,89,0.629,12,27,0.444,17,24,7,36,43,43,9,5,20,0.6966,129.0972,101.6297
2024-25,DEN,2024-12-07,DEN @ WAS,WAS,False,L,113,122,-9,46,95,0.484,5,25,0.2,16,27,16,32,48,34,11,6,15,0.5105,107.3328,115.8815
2024-25,DEN,2024-12-05,DEN @ CLE,CLE,False,L,114,126,-12,46,96,0.479,6,24,0.25,16,22,9,40,49,25,12,5,16,0.5104,102.8324,113.6569
2024-25,DEN,2024-12-03,DEN vs. GSW,GSW,True,W,119,115,4,40,79,0.506,11,24,0.458,28,35,4,34,38,32,9,5,15,0.5759,111.4024,107.6577
2024-25,DEN,2024-12-01,DEN @ LAC,LAC,False,L,122,126,-4,51,88,0.58,10,24,0.417,10,19,8,31,39,37,7,3,14,0.6364,118.8852,122.7831
2024-25,DEN,2024-11-27,DEN @ UTA,UTA,False,W,122,103,19,46,84,0.548,11,33,0.333,19,23,10,29,39,30,10,8,11,0.6131,127.7219,107.8308
2024-25,DEN,2024-11-25,DEN vs. NYK,NYK,True,L,118,145,-27,41,92,0.446,11,33,0.333,25,27,10,23,33,23,5,3,11,0.5054,114.0537,140.1508
2024-25,DEN,2024-11-23,DEN @ LAL,LAL,False,W,127,102,25,50,82,0.61,16,32,0.5,11,19,8,40,48,37,7,2,18,0.7073,124.8035,100.2358
2024-25,DEN,2024-11-22,DEN vs. DAL,DAL,True,L,120,123,-3,43,90,0.478,15,29,0.517,19,29,15,27,42,33,4,7,15,0.5611,116.144,119.0476
2024-25,DEN,2024-11-19,DEN @ MEM,MEM,False,W,122,110,12,48,100,0.48,12,36,0.333,14,22,13,40,53,29,15,6,19,0.54,103.6886,93.4897
2024-25,DEN,2024-11-17,DEN @ MEM,MEM,False,L,90,105,-15,35,84,0.417,10,31,0.323,10,14,6,33,39,23,9,5,15,0.4762,90.7075,105.8254
2024-25,DEN,2024-11-15,DEN @ NOP,NOP,False,L,94,101,-7,37,87,0.425,10,37,0.27,10,11,5,33,38,26,10,1,8,0.4828,100.1278,107.5841
2024-25,DEN,2024-11-10,DEN vs. DAL,DAL,True,W,122,120,2,45,89,0.506,14,29,0.483,18,26,13,32,45,35,6,5,10,0.5843,124.617,122.5741
2024-25,DEN,2024-11-08,DEN vs. MIA,MIA,True,W,135,122,13,50,81,0.617,18,35,0.514,17,19,6,33,39,37,5,5,18,0.7284,131.0171,118.4006
2024-25,DEN,2024-11-06,DEN vs. OKC,OKC,True,W,124,122,2,42,89,0.472,16,38,0.421,24,33,13,42,55,34,8,6,18,0.5618,112.912,111.0909
2024-25,DEN,2024-11-04,DEN vs. TOR,TOR,True,W,121,119,2,41,83,0.494,10,31,0.323,29,38,14,30,44,29,9,10,17,0.5542,113.2747,111.4024
2024-25,DEN,2024-11-02,DEN vs. UTA,UTA,True,W,129,103,26,48,99,0.485,16,32,0.5,17,23,19,33,52,33,14,1,18,0.5657,120.1341,95.921
2024-25,DEN,2024-11-01,DEN @ MIN,MIN,False,L,116,119,-3,41,92,0.446,11,32,0.344,23,29,17,29,46,30,11,2,15,0.5054,114.4662,117.4265
2024-25,DEN,2024-10-29,DEN @ BKN,BKN,False,W,144,139,5,46,89,0.517,13,27,0.481,39,47,9,34,43,31,3,4,5,0.5899,133.6055,128.9664
2024-25,DEN,2024-10-28,DEN @ TOR,TOR,False,W,127,125,2,47,96,0.49,9,20,0.45,24,30,15,37,52,29,6,6,16,0.5365,112.6686,110.8943
2024-25,DEN,2024-10-26,DEN vs. LAC,LAC,True,L,104,109,-5,35,87,0.402,14,35,0.4,20,24,10,27,37,20,13,4,10,0.4828,106.7762,111.9097
2024-25,DEN,2024-10-24,DEN vs. OKC,OKC,True,L,87,102,-15,35,98,0.357,7,38,0.184,10,14,17,40,57,29,11,7,16,0.3929,83.4773,97.8699
2024-25,DET,2025-04-13,DET @ MIL,MIL,False,L,133,140,-7,51,107,0.477,22,59,0.373,9,14,14,28,42,35,9,3,13,0.5794,119.3682,125.6507
2024-25,DET,2025-04-11,DET vs. MIL,MIL,True,L,119,125,-6,46,93,0.495,18,39,0.462,9,18,8,34,42,30,1,9,11,0.5914,113.9847,119.7318
2024-25,DET,2025-04-10,DET vs. NYK,NYK,True,W,115,106,9,47,82,0.573,8,22,0.364,13,18,9,26,35,20,5,6,15,0.622,116.1147,107.0275
2024-25,DET,2025-04-07,DET vs. SAC,SAC,True,L,117,127,-10,42,89,0.472,13,39,0.333,20,28,13,24,37,30,8,4,9,0.5449,120.4943,130.793
2024-25,DET,2025-04-05,DET vs. MEM,MEM,True,L,103,109,-6,37,96,0.385,11,42,0.262,18,23,8,36,44,24,9,6,7,0.4427,98.1513,103.8689
2024-25,DET,2025-04-04,DET @ TOR,TOR,False,W,117,105,12,41,89,0.461,12,34,0.353,23,27,12,35,47,27,11,7,14,0.5281,115.4529,103.6116
2024-25,DET,2025-04-02,DET @ OKC,OKC,False,L,103,119,-16,36,89,0.404,10,33,0.303,21,25,11,32,43,20,5,7,19,0.4607,95.9747,110.8833
2024-25,DET,2025-03-30,DET @ MIN,MIN,False,L,104,123,-19,34,95,0.358,12,38,0.316,24,32,16,28,44,22,3,3,7,0.4211,103.1132,121.9512
2024-25,DET,2025-03-28,DET vs. CLE,CLE,True,W,133,122,11,44,92,0.478,15,34,0.441,30,35,16,27,43,25,8,5,13,0.5598,127.1997,116.6794
2024-25,DET,2025-03-25,DET vs. SAS,SAS,True,W,122,96,26,44,78,0.564,15,31,0.484,19,25,6,38,44,33,6,5,11,0.6603,129.2373,101.6949
2024-25,DET,2025-03-23,DET vs. NOP,NOP,True,W,136,130,6,47,86,0.547,13,27,0.481,29,40,11,21,32,26,6,2,8,0.6221,135.5662,129.5853
2024-25,DET,2025-03-21,DET @ DAL,DAL,False,L,117,123,-6,46,98,0.469,11,31,0.355,14,19,15,26,41,24,14,5,14,0.5255,110.7955,116.4773
2024-25,DET,2025-03-19,DET @ MIA,MIA,False,W,116,113,3,46,91,0.505,9,23,0.391,15,18,13,34,47,25,4,10,13,0.5549,116.6767,113.6592
2024-25,DET,2025-03-17,DET @ NOP,NOP,False,W,127,81,46,46,84,0.548,13,35,0.371,22,29,11,39,50,33,10,7,14,0.625,125.1478,79.8187
2024-25,DET,2025-03-15,DET vs. OKC,OKC,True,L,107,113,-6,42,88,0.477,14,33,0.424,9,13,6,33,39,29,8,3,17,0.5568,101.2299,106.9063
2024-25,DET,2025-03-13,DET vs. WAS,WAS,True,L,125,129,-4,39,85,0.459,10,30,0.333,37,43,9,32,41,23,8,6,12,0.5176,116.3873,120.1117
2024-25,DET,2025-03-11,DET vs. WAS,WAS,True,W,123,103,20,48,104,0.462,16,38,0.421,11,15,18,43,61,29,7,5,12,0.5385,119.186,99.8062
2024-25,DET,2025-03-09,DET @ POR,POR,False,W,119,112,7,43,87,0.494,9,28,0.321,24,32,12,42,54,22,7,8,14,0.546,111.6532,105.0854
2024-25,DET,2025-03-08,DET @ GSW,GSW,False,L,110,115,-5,39,85,0.459,5,23,0.217,27,36,13,31,44,17,12,4,20,0.4882,100.973,105.5627
2024-25,DET,2025-03-05,DET @ LAC,LAC,False,L,115,123,-8,45,86,0.523,11,35,0.314,14,19,5,29,34,27,5,2,13,0.5872,116.2791,124.368
2024-25,DET,2025-03-03,DET @ UTA,UTA,False,W,134,106,28,51,92,0.554,11,41,0.268,21,28,8,31,39,32,16,8,13,0.6141,119.4296,94.4742
2024-25,DET,2025-03-01,DET vs. BKN,BKN,True,W,115,94,21,39,72,0.542,12,28,0.429,25,29,6,41,47,31,5,15,27,0.625,106.4027,86.9726
2024-25,DET,2025-02-28,DET vs. DEN,DEN,True,L,119,134,-15,45,99,0.455,12,37,0.324,17,23,14,28,42,32,15,3,11,0.5152,111.3398,125.3743
2024-25,DET,2025-02-26,DET vs. BOS,BOS,True,W,117,97,20,47,89,0.528,13,33,0.394,10,17,14,37,51,29,13,5,14,0.6011,119.9508,99.4464
2024-25,DET,2025-02-24,DET vs. LAC,LAC,True,W,106,97,9,36,79,0.456,9,29,0.31,25,36,8,38,46,22,11,7,16,0.5127,103.3138,94.5419
2024-25,DET,2025-02-23,DET @ ATL,ATL,False,W,148,143,5,55,93,0.591,20,40,0.5,18,25,5,32,37,39,9,5,19,0.6989,127.1259,122.8311
2024-25,DET,2025-02-21,DET @ SAS,SAS,False,W,125,110,15,47,94,0.5,12,35,0.343,19,22,20,33,53,31,8,5,16,0.5638,123.5422,108.7171
2024-25,DET,2025-02-12,DET @ CHI,CHI,False,W,128,110,18,45,88,0.511,10,25,0.4,28,35,12,35,47,30,8,6,17,0.5682,118.7384,102.0408
2024-25,DET,2025-02-11,DET @ CHI,CHI,False,W,132,92,40,51,96,0.531,18,41,0.439,12,13,8,47,55,30,10,8,15,0.625,120.5039,83.9876
2024-25,DET,2025-02-09,DET vs. CHA,CHA,True,W,112,102,10,44,90,0.489,11,37,0.297,13,16,14,32,46,31,11,1,11,0.55,119.6837,108.9976
2024-25,DET,2025-02-07,DET vs. PHI,PHI,True,W,125,112,13,44,97,0.454,17,44,0.386,20,26,21,35,56,32,7,4,15,0.5412,124.8502,111.8658
2024-25,DET,2025-02-05,DET vs. CLE,CLE,True,L,115,118,-3,39,98,0.398,12,37,0.324,25,28,17,28,45,22,13,5,12,0.4592,107.5369,110.3422
2024-25,DET,2025-02-03,DET vs. ATL,ATL,True,L,130,132,-2,43,83,0.518,9,27,0.333,35,38,10,31,41,31,7,2,14,0.5723,123.2929,125.1897
2024-25,DET,2025-02-02,DET vs. CHI,CHI,True,W,127,119,8,54,99,0.545,10,30,0.333,9,13,8,34,42,38,14,5,11,0.596,118.4039,110.9454
2024-25,DET,2025-01-31,DET vs. DAL,DAL,True,W,117,102,15,47,106,0.443,9,35,0.257,14,16,18,29,47,18,13,6,7,0.4858,116.8364,101.8574
2024-25,DET,2025-01-29,DET @ IND,IND,False,L,119,133,-14,44,89,0.494,12,34,0.353,19,26,9,32,41,26,7,3,15,0.5618,113.832,127.224
2024-25,DET,2025-01-27,DET @ CLE,CLE,False,L,91,110,-19,37,96,0.385,10,36,0.278,7,11,12,33,45,24,6,4,10,0.4375,91.9378,111.1336
2024-25,DET,2025-01-25,DET @ ORL,ORL,False,L,113,121,-8,40,86,0.465,10,25,0.4,23,28,11,30,41,22,11,5,16,0.5233,107.5986,115.2161
2024-25,DET,2025-01-22,DET @ ATL,ATL,False,W,114,104,10,42,84,0.5,12,34,0.353,18,19,7,44,51,27,7,10,21,0.5714,103.7307,94.6315
2024-25,DET,2025-01-20,DET @ HOU,HOU,False,W,107,96,11,42,88,0.477,10,27,0.37,13,15,13,39,52,21,12,5,23,0.5341,103.063,92.4677
2024-25,DET,2025-01-18,DET vs. PHX,PHX,True,L,121,125,-4,44,94,0.468,9,33,0.273,24,36,15,28,43,22,5,3,9,0.516,118.3721,122.2853
2024-25,DET,2025-01-16,DET vs. IND,IND,True,L,100,111,-11,36,91,0.396,9,36,0.25,19,22,14,41,55,22,3,7,19,0.4451,94.6253,105.0341
2024-25,DET,2025-01-13,DET @ NYK,NYK,False,W,124,119,5,46,92,0.5,15,34,0.441,17,18,11,28,39,20,8,2,13,0.5815,122.3604,117.4265
2024-25,DET,2025-01-11,DET vs. TOR,TOR,True,W,123,114,9,44,84,0.524,19,33,0.576,16,21,7,39,46,35,8,5,17,0.6369,120.5173,111.699
2024-25,DET,2025-01-09,DET vs. GSW,GSW,True,L,104,107,-3,39,86,0.453,14,39,0.359,12,16,7,33,40,25,7,7,15,0.5349,105.5409,108.5853
2024-25,DET,2025-01-08,DET @ BKN,BKN,False,W,113,98,15,45,86,0.523,15,37,0.405,8,12,7,35,42,30,9,9,15,0.6105,112.707,97.7459
2024-25,DET,2025-01-06,DET vs. POR,POR,True,W,118,115,3,42,94,0.447,15,43,0.349,19,22,17,28,45,23,9,4,15,0.5266,116.3249,113.3675
2024-25,DET,2025-01-04,DET vs. MIN,MIN,True,W,119,105,14,45,93,0.484,13,38,0.342,16,20,13,34,47,26,12,2,14,0.5538,116.5296,102.8202
2024-25,DET,2025-01-03,DET vs. CHA,CHA,True,W,98,94,4,39,93,0.419,12,37,0.324,8,13,14,37,51,21,13,7,15,0.4839,97.0681,93.1062
2024-25,DET,2025-01-01,DET vs. ORL,ORL,True,W,105,96,9,41,79,0.519,12,29,0.414,11,17,9,40,49,25,7,3,24,0.5949,102.2993,93.5308
2024-25,DET,2024-12-28,DET @ DEN,DEN,False,L,121,134,-13,46,95,0.484,12,39,0.308,17,23,15,26,41,29,8,1,12,0.5474,117.4985,130.1224
2024-25,DET,2024-12-26,DET @ SAC,SAC,False,W,114,113,1,38,91,0.418,17,44,0.386,21,25,10,34,44,25,6,4,10,0.511,113.1851,112.1922
2024-25,DET,2024-12-23,DET @ LAL,LAL,False,W,117,114,3,47,92,0.511,11,30,0.367,12,12,10,27,37,24,12,5,12,0.5707,118.0149,114.9889
2024-25,DET,2024-12-21,DET @ PHX,PHX,False,W,133,125,8,49,89,0.551,19,39,0.487,16,22,10,25,35,31,13,4,13,0.6573,131.1637,123.2742
2024-25,DET,2024-12-19,DET vs. UTA,UTA,True,L,119,126,-7,46,105,0.438,13,47,0.277,14,18,13,26,39,26,10,8,10,0.5,108.8946,115.3001
2024-25,DET,2024-12-16,DET vs. MIA,MIA,True,W,125,124,1,44,90,0.489,20,40,0.5,17,23,7,45,52,32,8,4,22,0.6,109.3231,108.4485
2024-25,DET,2024-12-12,DET @ BOS,BOS,False,L,99,123,-24,42,98,0.429,7,37,0.189,8,10,9,34,43,27,8,4,8,0.4643,97.4793,121.1107
2024-25,DET,2024-12-07,DET @ NYK,NYK,False,W,120,111,9,43,83,0.518,18,36,0.5,16,19,9,34,43,28,7,0,19,0.6265,118.087,109.2305
2024-25,DET,2024-12-04,DET @ BOS,BOS,False,L,120,130,-10,43,84,0.512,20,39,0.513,14,18,8,26,34,27,10,5,19,0.631,114.3293,123.8567
2024-25,DET,2024-12-03,DET vs. MIL,MIL,True,L,107,128,-21,40,87,0.46,11,33,0.333,16,22,13,28,41,22,11,7,18,0.523,104.431,124.9268
2024-25,DET,2024-11-30,DET vs. PHI,PHI,True,L,96,111,-15,35,91,0.385,11,40,0.275,15,18,10,32,42,22,6,5,17,0.4451,93.3852,107.9767
2024-25,DET,2024-11-29,DET @ IND,IND,False,W,130,106,24,48,83,0.578,18,38,0.474,16,20,7,37,44,35,9,5,18,0.6867,128.3824,104.681
2024-25,DET,2024-11-27,DET @ MEM,MEM,False,L,111,131,-20,40,85,0.471,13,38,0.342,18,25,9,33,42,24,6,4,20,0.5471,103.7189,122.407
2024-25,DET,2024-11-25,DET vs. TOR,TOR,True,W,102,100,2,34,76,0.447,12,37,0.324,22,31,6,32,38,27,4,7,14,0.5263,105.6776,103.6055
2024-25,DET,2024-11-23,DET @ ORL,ORL,False,L,100,111,-11,35,75,0.467,13,33,0.394,17,22,10,24,34,16,7,8,17,0.5533,107.3192,119.1243
2024-25,DET,2024-11-21,DET @ CHA,CHA,False,L,121,123,-2,42,99,0.424,17,48,0.354,20,25,21,35,56,30,8,3,19,0.5101,112.4326,114.291
2024-25,DET,2024-11-18,DET vs. CHI,CHI,True,L,112,122,-10,42,98,0.429,15,44,0.341,13,19,16,32,48,27,3,3,9,0.5051,113.4062,123.5318
2024-25,DET,2024-11-17,DET @ WAS,WAS,False,W,124,104,20,46,97,0.474,17,38,0.447,15,19,13,38,51,27,11,4,9,0.5619,120.8813,101.3843
2024-25,DET,2024-11-15,DET @ TOR,TOR,False,W,99,95,4,39,95,0.411,8,38,0.211,13,20,14,42,56,24,8,8,14,0.4526,94.9731,91.1358
2024-25,DET,2024-11-13,DET @ MIL,MIL,False,L,120,127,-7,46,100,0.46,18,38,0.474,10,13,11,34,45,29,6,7,15,0.55,109.7293,116.1302
2024-25,DET,2024-11-12,DET vs. MIA,MIA,True,W,123,121,2,43,92,0.467,13,36,0.361,24,28,15,41,56,32,4,4,19,0.538,114.3973,112.5372
2024-25,DET,2024-11-10,DET vs. HOU,HOU,True,L,99,101,-2,36,84,0.429,11,34,0.324,16,23,11,35,46,21,6,6,18,0.494,99.1587,101.1619
2024-25,DET,2024-11-08,DET vs. ATL,ATL,True,W,122,121,1,44,86,0.512,13,33,0.394,21,31,11,34,45,27,7,8,21,0.5872,111.0302,110.1201
2024-25,DET,2024-11-06,DET @ CHA,CHA,False,L,107,108,-1,46,94,0.489,10,32,0.313,5,9,6,40,46,34,5,4,11,0.5426,104.902,105.8824
2024-25,DET,2024-11-04,DET vs. LAL,LAL,True,W,115,103,12,45,96,0.469,8,34,0.235,17,22,17,38,55,22,6,5,12,0.5104,112.9888,101.1987
2024-25,DET,2024-11-03,DET @ BKN,BKN,False,W,106,92,14,37,77,0.481,11,36,0.306,21,26,9,38,47,25,4,6,21,0.5519,108.6734,94.3203
2024-25,DET,2024-11-01,DET vs. NYK,NYK,True,L,98,128,-30,41,81,0.506,11,34,0.324,5,7,6,32,38,23,6,9,22,0.5741,96.324,125.8109
2024-25,DET,2024-10-30,DET @ PHI,PHI,False,W,105,95,10,36,78,0.462,15,36,0.417,18,22,12,37,49,23,4,5,17,0.5577,113.5135,102.7027
2024-25,DET,2024-10-28,DET @ MIA,MIA,False,L,98,106,-8,35,91,0.385,14,38,0.368,14,17,19,35,54,14,6,6,17,0.4615,100.3687,108.5621
2024-25,DET,2024-10-26,DET vs. BOS,BOS,True,L,118,124,-6,43,88,0.489,14,39,0.359,18,22,9,35,44,27,4,7,15,0.5682,115.7544,121.6402
2024-25,DET,2024-10-25,DET @ CLE,CLE,False,L,101,113,-12,38,81,0.469,13,32,0.406,12,17,8,34,42,25,3,5,22,0.5494,99.7038,111.5499
2024-25,DET,2024-10-23,DET vs. IND,IND,True,L,109,115,-6,38,88,0.432,9,33,0.273,24,28,12,26,38,22,6,2,14,0.483,106.6954,112.5685
2024-25,GSW,2025-04-13,GSW vs. LAC,LAC,True,L,119,124,-5,43,79,0.544,15,33,0.455,18,23,3,22,25,31,11,6,16,0.6392,117.2183,122.1434
2024-25,GSW,2025-04-11,GSW @ POR,POR,False,W,103,86,17,33,83,0.398,14,44,0.318,23,28,7,38,45,26,15,7,15,0.4819,99.5169,83.0918
2024-25,GSW,2025-04-09,GSW vs. SAS,SAS,True,L,111,114,-3,36,86,0.419,16,48,0.333,23,28,16,29,45,29,8,2,12,0.5116,117.1133,120.2785
2024-25,GSW,2025-04-08,GSW @ PHX,PHX,False,W,133,95,38,45,93,0.484,15,40,0.375,28,34,19,38,57,31,14,3,15,0.5645,130.0352,92.8823
2024-25,GSW,2025-04-06,GSW vs. HOU,HOU,True,L,96,106,-10,37,89,0.416,16,43,0.372,6,11,15,31,46,28,12,2,20,0.5056,96.5406,106.5969
2024-25,GSW,2025-04-04,GSW vs. DEN,DEN,True,W,118,104,14,43,88,0.489,16,38,0.421,16,18,11,25,36,25,14,2,14,0.5795,119.409,105.2419
2024-25,GSW,2025-04-03,GSW @ LAL,LAL,False,W,123,116,7,39,82,0.476,19,42,0.452,26,31,14,32,46,30,5,2,13,0.5915,131.7199,124.2236
2024-25,GSW,2025-04-01,GSW @ MEM,MEM,False,W,134,125,9,42,99,0.424,22,56,0.393,28,28,15,34,49,29,11,3,11,0.5354,123.5023,115.2074
2024-25,GSW,2025-03-30,GSW @ SAS,SAS,False,W,148,106,42,56,97,0.577,21,44,0.477,15,19,10,34,44,42,17,3,13,0.6856,138.7067,99.344
2024-25,GSW,2025-03-28,GSW @ NOP,NOP,False,W,111,95,16,38,92,0.413,13,55,0.236,22,29,18,32,50,29,10,1,11,0.4837,114.9782,98.4048
2024-25,GSW,2025-03-25,GSW @ MIA,MIA,False,L,86,112,-26,33,83,0.398,9,38,0.237,11,16,14,24,38,20,8,1,16,0.4518,93.316,121.5278
2024-25,GSW,2025-03-22,GSW @ ATL,ATL,False,L,115,124,-9,39,84,0.464,16,38,0.421,21,26,6,32,38,28,8,4,10,0.5595,115.3692,124.3981
2024-25,GSW,2025-03-20,GSW vs. TOR,TOR,True,W,117,114,3,38,90,0.422,19,47,0.404,22,28,11,27,38,30,13,5,15,0.5278,112.1334,109.2582
2024-25,GSW,2025-03-18,GSW vs. MIL,MIL,True,W,104,93,11,32,77,0.416,17,44,0.386,23,26,9,43,52,25,7,6,19,0.526,106.4919,95.2283
2024-25,GSW,2025-03-17,GSW vs. DEN,DEN,True,L,105,114,-9,41,84,0.488,8,33,0.242,15,27,11,27,38,24,16,10,20,0.5357,101.0587,109.7209
2024-25,GSW,2025-03-15,GSW vs. NYK,NYK,True,W,97,94,3,33,83,0.398,13,41,0.317,18,22,10,35,45,25,7,5,11,0.4759,104.6386,101.4024
2024-25,GSW,2025-03-13,GSW vs. SAC,SAC,True,W,130,104,26,45,78,0.577,22,39,0.564,18,24,7,36,43,35,8,5,16,0.7179,132.4908,105.9927
2024-25,GSW,2025-03-10,GSW vs. POR,POR,True,W,130,120,10,45,85,0.529,21,41,0.512,19,21,12,28,40,35,16,5,18,0.6529,128.2557,118.3899
2024-25,GSW,2025-03-08,GSW vs. DET,DET,True,W,115,110,5,35,84,0.417,12,41,0.293,33,41,11,35,46,26,12,4,19,0.4881,105.5627,100.973
2024-25,GSW,2025-03-06,GSW @ BKN,BKN,False,W,121,119,2,40,82,0.488,12,32,0.375,29,32,15,30,45,31,3,4,17,0.561,122.8426,120.8122
2024-25,GSW,2025-03-04,GSW @ NYK,NYK,False,W,114,102,12,43,88,0.489,13,37,0.351,15,19,9,35,44,30,7,7,13,0.5625,114.5959,102.5332
2024-25,GSW,2025-03-03,GSW @ CHA,CHA,False,W,119,101,18,40,95,0.421,18,50,0.36,21,24,12,42,54,33,10,4,9,0.5158,112.2218,95.2471
2024-25,GSW,2025-03-01,GSW @ PHI,PHI,False,L,119,126,-7,46,100,0.46,12,42,0.286,15,19,18,31,49,33,7,4,15,0.52,115.1539,121.9276
2024-25,GSW,2025-02-27,GSW @ ORL,ORL,False,W,121,115,6,36,79,0.456,19,45,0.422,30,34,11,27,38,26,8,7,14,0.5759,122.9175,116.8224
2024-25,GSW,2025-02-25,GSW vs. CHA,CHA,True,W,128,92,36,49,100,0.49,15,42,0.357,15,18,16,35,51,40,16,5,12,0.565,123.1717,88.5296
2024-25,GSW,2025-02-23,GSW vs. DAL,DAL,True,W,126,102,24,47,98,0.48,12,40,0.3,20,23,17,37,54,30,10,6,10,0.5408,124.4567,100.7507
2024-25,GSW,2025-02-21,GSW @ SAC,SAC,False,W,132,108,24,50,93,0.538,20,43,0.465,12,12,11,24,35,40,13,3,12,0.6452,132.5301,108.4337
2024-25,GSW,2025-02-13,GSW @ HOU,HOU,False,W,105,98,7,35,89,0.393,11,41,0.268,24,27,9,33,42,26,13,6,11,0.4551,100.5747,93.8697
2024-25,GSW,2025-02-12,GSW @ DAL,DAL,False,L,107,111,-4,41,96,0.427,10,35,0.286,15,18,18,32,50,29,9,6,16,0.4792,106.1929,110.1628
2024-25,GSW,2025-02-10,GSW @ MIL,MIL,False,W,125,111,14,41,93,0.441,13,45,0.289,30,38,15,33,48,27,16,2,9,0.5108,119.2293,105.8756
2024-25,GSW,2025-02-08,GSW @ CHI,CHI,False,W,132,111,21,45,90,0.5,19,48,0.396,23,27,16,28,44,34,8,7,15,0.6056,129.0827,108.5468
2024-25,GSW,2025-02-06,GSW @ LAL,LAL,False,L,112,120,-8,41,101,0.406,16,53,0.302,14,20,10,30,40,29,8,2,12,0.4851,105.3424,112.8668
2024-25,GSW,2025-02-05,GSW @ UTA,UTA,False,L,128,131,-3,46,100,0.46,17,48,0.354,19,27,12,29,41,33,6,4,9,0.545,119.7605,122.5674
2024-25,GSW,2025-02-03,GSW vs. ORL,ORL,True,W,104,99,5,34,78,0.436,12,39,0.308,24,34,9,35,44,25,9,0,13,0.5128,107.0179,101.8728
2024-25,GSW,2025-01-31,GSW vs. PHX,PHX,True,L,105,130,-25,36,96,0.375,16,44,0.364,17,25,14,35,49,26,11,6,12,0.4583,99.0379,122.6184
2024-25,GSW,2025-01-29,GSW vs. OKC,OKC,True,W,116,109,7,40,81,0.494,13,38,0.342,23,28,7,35,42,30,6,7,15,0.5741,111.3671,104.6467
2024-25,GSW,2025-01-28,GSW vs. UTA,UTA,True,W,114,103,11,36,92,0.391,17,49,0.347,25,31,16,31,47,29,8,4,9,0.4837,116.8033,105.5328
2024-25,GSW,2025-01-25,GSW vs. LAL,LAL,True,L,108,118,-10,41,89,0.461,16,46,0.348,10,16,11,27,38,30,10,0,14,0.5506,110.4746,120.7038
2024-25,GSW,2025-01-23,GSW vs. CHI,CHI,True,W,131,106,25,46,102,0.451,25,57,0.439,14,14,15,37,52,37,3,6,12,0.5735,126.5456,102.3957
2024-25,GSW,2025-01-22,GSW @ SAC,SAC,False,L,117,123,-6,43,92,0.467,22,48,0.458,9,13,12,32,44,31,5,2,19,0.587,115.3846,121.3018
2024-25,GSW,2025-01-20,GSW vs. BOS,BOS,True,L,85,125,-40,32,92,0.348,14,53,0.264,7,11,10,28,38,28,8,3,12,0.4239,86.5757,127.3172
2024-25,GSW,2025-01-18,GSW vs. WAS,WAS,True,W,122,114,8,45,96,0.469,14,41,0.341,18,24,17,38,55,24,6,7,10,0.5417,122.8105,114.7574
2024-25,GSW,2025-01-15,GSW @ MIN,MIN,False,W,116,115,1,40,82,0.488,18,36,0.5,18,21,14,31,45,26,8,5,13,0.5976,127.4725,126.3736
2024-25,GSW,2025-01-13,GSW @ TOR,TOR,False,L,101,104,-3,35,88,0.398,16,46,0.348,15,22,14,32,46,23,11,4,15,0.4886,105.0551,108.1756
2024-25,GSW,2025-01-10,GSW @ IND,IND,False,L,96,108,-12,38,91,0.418,10,38,0.263,10,13,11,31,42,25,11,2,14,0.4725,97.4224,109.6002
2024-25,GSW,2025-01-09,GSW @ DET,DET,False,W,107,104,3,41,89,0.461,15,46,0.326,10,16,15,34,49,32,9,7,15,0.5449,108.5853,105.5409
2024-25,GSW,2025-01-07,GSW vs. MIA,MIA,True,L,98,114,-16,40,98,0.408,14,50,0.28,4,5,11,41,52,28,9,6,12,0.4796,97.6679,113.6137
2024-25,GSW,2025-01-05,GSW vs. SAC,SAC,True,L,99,129,-30,37,81,0.457,12,35,0.343,13,18,9,26,35,22,10,3,22,0.5309,96.7742,126.0997
2024-25,GSW,2025-01-04,GSW vs. MEM,MEM,True,W,121,113,8,44,84,0.524,23,43,0.535,10,16,9,20,29,32,13,5,18,0.6607,117.4301,109.6661
2024-25,GSW,2025-01-02,GSW vs. PHI,PHI,True,W,139,105,34,53,87,0.609,22,39,0.564,11,15,5,38,43,41,5,8,12,0.7356,137.9242,104.1873
2024-25,GSW,2024-12-30,GSW vs. CLE,CLE,True,L,95,113,-18,33,99,0.333,9,38,0.237,20,26,14,41,55,20,5,8,15,0.3788,87.6222,104.2243
2024-25,GSW,2024-12-28,GSW vs. PHX,PHX,True,W,109,105,4,41,98,0.418,12,45,0.267,15,19,18,31,49,26,8,7,12,0.4796,107.8994,103.9398
2024-25,GSW,2024-12-27,GSW @ LAC,LAC,False,L,92,102,-10,35,95,0.368,7,38,0.184,15,20,19,28,47,24,14,2,14,0.4053,93.2118,103.3435
2024-25,GSW,2024-12-25,GSW vs. LAL,LAL,True,L,113,115,-2,41,89,0.461,18,45,0.4,13,17,12,32,44,26,2,8,13,0.5618,116.2551,118.3128
2024-25,GSW,2024-12-23,GSW vs. IND,IND,True,L,105,111,-6,39,90,0.433,12,38,0.316,15,21,11,33,44,29,7,7,11,0.5,104.958,110.9556
2024-25,GSW,2024-12-21,GSW @ MIN,MIN,False,W,113,103,10,40,87,0.46,16,42,0.381,17,23,11,34,45,30,9,6,11,0.5517,114.0723,103.9774
2024-25,GSW,2024-12-19,GSW @ MEM,MEM,False,L,93,144,-51,32,90,0.356,12,36,0.333,17,24,10,26,36,20,11,5,18,0.4222,86.4473,133.8539
2024-25,GSW,2024-12-15,GSW vs. DAL,DAL,True,L,133,143,-10,49,103,0.476,27,54,0.5,8,11,15,22,37,39,8,2,10,0.6068,128.6018,138.2711
2024-25,GSW,2024-12-11,GSW @ HOU,HOU,False,L,90,91,-1,37,84,0.44,12,38,0.316,4,9,11,28,39,22,13,8,22,0.5119,91.6684,92.6869
2024-25,GSW,2024-12-08,GSW vs. MIN,MIN,True,W,114,106,8,42,90,0.467,16,41,0.39,14,20,14,31,45,28,8,6,13,0.5556,117.1634,108.9414
2024-25,GSW,2024-12-06,GSW vs. MIN,MIN,True,L,90,107,-17,32,82,0.39,11,39,0.282,15,17,10,31,41,21,9,4,22,0.4573,86.6885,103.063
2024-25,GSW,2024-12-05,GSW vs. HOU,HOU,True,W,99,93,6,36,86,0.419,9,28,0.321,18,27,11,43,54,19,5,3,10,0.4709,101.8728,95.6987
2024-25,GSW,2024-12-03,GSW @ DEN,DEN,False,L,115,119,-4,44,95,0.463,12,38,0.316,15,21,11,37,48,36,12,3,15,0.5263,107.6577,111.4024
2024-25,GSW,2024-11-30,GSW @ PHX,PHX,False,L,105,113,-8,38,92,0.413,14,40,0.35,15,18,9,34,43,28,8,5,9,0.4891,106.8159,114.9542
2024-25,GSW,2024-11-27,GSW vs. OKC,OKC,True,L,101,105,-4,35,98,0.357,16,50,0.32,15,21,18,39,57,25,7,6,16,0.4388,97.265,101.1171
2024-25,GSW,2024-11-25,GSW vs. BKN,BKN,True,L,120,128,-8,45,93,0.484,19,46,0.413,11,17,11,32,43,32,8,5,13,0.586,117.8319,125.6874
2024-25,GSW,2024-11-23,GSW @ SAS,SAS,False,L,94,104,-10,36,95,0.379,14,44,0.318,8,13,17,32,49,29,4,3,10,0.4526,100.4918,111.1824
2024-25,GSW,2024-11-22,GSW @ NOP,NOP,False,W,112,108,4,39,87,0.448,12,37,0.324,22,29,14,38,52,27,5,5,17,0.5172,111.1994,107.228
2024-25,GSW,2024-11-20,GSW vs. ATL,ATL,True,W,120,97,23,47,101,0.465,14,40,0.35,12,18,9,45,54,36,10,7,15,0.5347,105.9696,85.6588
2024-25,GSW,2024-11-18,GSW @ LAC,LAC,False,L,99,102,-3,37,84,0.44,16,44,0.364,9,19,9,36,45,27,12,4,19,0.5357,95.523,98.4176
2024-25,GSW,2024-11-15,GSW vs. MEM,MEM,True,W,123,118,5,43,98,0.439,19,46,0.413,18,25,14,42,56,33,9,5,19,0.5357,107.6492,103.2732
2024-25,GSW,2024-11-12,GSW vs. DAL,DAL,True,W,120,117,3,45,94,0.479,14,41,0.341,16,27,18,32,50,29,13,7,13,0.5532,116.8224,113.9019
2024-25,GSW,2024-11-10,GSW @ OKC,OKC,False,W,127,116,11,45,89,0.506,21,43,0.488,16,23,13,33,46,35,8,3,15,0.6236,124.7789,113.9713
2024-25,GSW,2024-11-08,GSW @ CLE,CLE,False,L,117,136,-19,47,98,0.48,13,42,0.31,10,14,11,29,40,32,14,4,17,0.5459,107.1036,124.4965
2024-25,GSW,2024-11-06,GSW @ BOS,BOS,False,W,118,112,6,42,91,0.462,14,34,0.412,20,24,15,38,53,22,6,5,11,0.5385,120.5312,114.4025
2024-25,GSW,2024-11-04,GSW @ WAS,WAS,False,W,125,112,13,44,97,0.454,12,37,0.324,25,34,16,40,56,29,5,7,7,0.5155,118.9343,106.5652
2024-25,GSW,2024-11-02,GSW @ HOU,HOU,False,W,127,121,6,40,78,0.513,15,32,0.469,32,50,9,38,47,26,5,4,14,0.609,117.8326,112.2657
2024-25,GSW,2024-10-30,GSW vs. NOP,NOP,True,W,104,89,15,41,87,0.471,13,38,0.342,9,13,13,29,42,32,5,9,14,0.546,109.7509,93.9215
2024-25,GSW,2024-10-29,GSW vs. NOP,NOP,True,W,124,106,18,46,97,0.474,21,46,0.457,11,13,11,23,34,34,15,9,8,0.5825,124.448,106.383
2024-25,GSW,2024-10-27,GSW vs. LAC,LAC,True,L,104,112,-8,38,88,0.432,14,43,0.326,14,22,14,33,47,19,10,5,21,0.5114,99.6169,107.2797
2024-25,GSW,2024-10-25,GSW @ UTA,UTA,False,W,127,86,41,51,106,0.481,20,50,0.4,5,6,19,41,60,35,15,6,15,0.5755,117.5491,79.6001
2024-25,GSW,2024-10-23,GSW @ POR,POR,False,W,140,104,36,48,93,0.516,20,48,0.417,24,30,15,42,57,38,13,5,18,0.6237,127.6208,94.804
2024-25,HOU,2025-04-13,HOU vs. DEN,DEN,True,L,111,126,-15,45,100,0.45,12,34,0.353,9,14,16,29,45,32,5,4,10,0.51,111.1111,126.1261
2024-25,HOU,2025-04-11,HOU @ LAL,LAL,False,L,109,140,-31,41,90,0.456,18,51,0.353,9,12,7,30,37,22,8,5,19,0.5556,101.736,130.6702
2024-25,HOU,2025-04-09,HOU @ LAC,LAC,False,L,117,134,-17,45,88,0.511,20,40,0.5,7,10,7,29,36,24,7,4,14,0.625,117.7299,134.836
2024-25,HOU,2025-04-06,HOU @ GSW,GSW,False,W,106,96,10,45,93,0.484,10,30,0.333,6,16,16,33,49,26,11,7,16,0.5376,106.5969,96.5406
2024-25,HOU,2025-04-04,HOU vs. OKC,OKC,True,W,125,111,14,45,92,0.489,13,29,0.448,22,26,14,34,48,24,10,5,15,0.5598,120.1692,106.7102
2024-25,HOU,2025-04-02,HOU vs. UTA,UTA,True,W,143,105,38,56,104,0.538,19,45,0.422,12,19,18,45,63,30,4,6,10,0.6298,137.1834,100.7291
2024-25,HOU,2025-03-31,HOU @ LAL,LAL,False,L,98,104,-6,37,89,0.416,10,32,0.313,14,17,10,41,51,26,7,5,15,0.4719,97.863,103.8546
2024-25,HOU,2025-03-30,HOU @ PHX,PHX,False,W,148,109,39,56,98,0.571,18,31,0.581,18,25,13,32,45,37,14,4,10,0.6633,141.3023,104.0672
2024-25,HOU,2025-03-27,HOU @ UTA,UTA,False,W,121,110,11,47,102,0.461,12,37,0.324,15,19,18,33,51,26,7,5,9,0.5196,120.4939,109.5399
2024-25,HOU,2025-03-25,HOU vs. ATL,ATL,True,W,121,114,7,42,93,0.452,11,39,0.282,26,29,14,37,51,17,8,2,16,0.5108,113.4233,106.8616
2024-25,HOU,2025-03-23,HOU vs. DEN,DEN,True,L,111,116,-5,39,89,0.438,11,34,0.324,22,34,16,29,45,25,4,7,6,0.5,115.9875,121.2121
2024-25,HOU,2025-03-21,HOU @ MIA,MIA,False,W,102,98,4,39,84,0.464,14,28,0.5,10,21,15,31,46,14,17,4,17,0.5476,107.1429,102.9412
2024-25,HOU,2025-03-19,HOU @ ORL,ORL,False,W,116,108,8,38,81,0.469,11,35,0.314,29,32,12,34,46,18,10,5,16,0.537,117.2428,109.1571
2024-25,HOU,2025-03-17,HOU vs. PHI,PHI,True,W,144,137,7,51,107,0.477,22,53,0.415,20,24,23,35,58,35,8,5,15,0.5794,128.8245,122.5622
2024-25,HOU,2025-03-15,HOU vs. CHI,CHI,True,W,117,114,3,44,98,0.449,14,44,0.318,15,26,16,38,54,24,4,6,14,0.5204,109.6121,106.8016
2024-25,HOU,2025-03-14,HOU vs. DAL,DAL,True,W,133,96,37,54,105,0.514,15,31,0.484,10,12,17,50,67,27,5,6,11,0.5857,129.4026,93.4034
2024-25,HOU,2025-03-12,HOU vs. PHX,PHX,True,W,111,104,7,40,88,0.455,12,38,0.316,19,25,11,27,38,25,11,3,9,0.5227,116.3522,109.0147
2024-25,HOU,2025-03-10,HOU vs. ORL,ORL,True,W,97,84,13,35,89,0.393,16,43,0.372,11,18,20,43,63,20,4,4,20,0.4831,102.3855,88.6637
2024-25,HOU,2025-03-08,HOU vs. NOP,NOP,True,W,146,117,29,55,99,0.556,17,40,0.425,19,21,15,33,48,32,9,7,11,0.6414,141.5552,113.438
2024-25,HOU,2025-03-06,HOU @ NOP,NOP,False,W,109,97,12,46,81,0.568,9,29,0.31,8,18,9,32,41,33,10,6,19,0.6235,110.9754,98.7579
2024-25,HOU,2025-03-04,HOU @ IND,IND,False,L,102,115,-13,40,98,0.408,9,30,0.3,13,26,24,34,58,22,6,0,14,0.4541,103.1136,116.2556
2024-25,HOU,2025-03-03,HOU @ OKC,OKC,False,L,128,137,-9,49,101,0.485,16,35,0.457,14,17,15,34,49,20,8,7,16,0.5644,117.777,126.0582
2024-25,HOU,2025-03-01,HOU vs. SAC,SAC,True,L,103,113,-10,37,86,0.43,13,35,0.371,16,23,13,30,43,18,7,2,16,0.5058,104.9094,115.0947
2024-25,HOU,2025-02-26,HOU vs. SAS,SAS,True,W,118,106,12,48,102,0.471,11,38,0.289,11,14,20,40,60,22,4,5,16,0.5245,112.703,101.2416
2024-25,HOU,2025-02-25,HOU vs. MIL,MIL,True,W,100,97,3,37,91,0.407,12,35,0.343,14,18,16,37,53,18,6,9,17,0.4725,97.0685,94.1565
2024-25,HOU,2025-02-22,HOU @ UTA,UTA,False,L,115,124,-9,44,100,0.44,17,43,0.395,10,18,8,33,41,33,3,2,7,0.525,110.1533,118.7739
2024-25,HOU,2025-02-21,HOU vs. MIN,MIN,True,W,121,115,6,42,84,0.5,13,26,0.5,24,32,9,39,48,18,5,6,20,0.5774,112.81,107.2161
2024-25,HOU,2025-02-13,HOU vs. GSW,GSW,True,L,98,105,-7,38,93,0.409,12,36,0.333,10,18,15,37,52,24,7,5,20,0.4731,93.8697,100.5747
2024-25,HOU,2025-02-12,HOU vs. PHX,PHX,True,W,119,111,8,46,97,0.474,13,42,0.31,14,24,17,30,47,32,10,4,11,0.5412,117.5889,109.6838
2024-25,HOU,2025-02-09,HOU vs. TOR,TOR,True,W,94,87,7,31,86,0.36,10,38,0.263,22,28,10,48,58,17,8,3,15,0.4186,92.2473,85.3778
2024-25,HOU,2025-02-08,HOU @ DAL,DAL,False,L,105,116,-11,40,100,0.4,8,28,0.286,17,22,19,29,48,21,2,5,9,0.44,109.5805,121.0603
2024-25,HOU,2025-02-06,HOU @ MIN,MIN,False,L,114,127,-13,41,84,0.488,12,31,0.387,20,28,12,27,39,26,12,7,12,0.5595,116.3978,129.6712
2024-25,HOU,2025-02-04,HOU @ BKN,BKN,False,L,97,99,-2,34,83,0.41,11,32,0.344,18,27,16,29,45,23,6,6,18,0.4759,101.9122,104.0134
2024-25,HOU,2025-02-03,HOU @ NYK,NYK,False,L,118,124,-6,48,104,0.462,8,28,0.286,14,15,20,30,50,27,8,6,17,0.5,109.3605,114.9212
2024-25,HOU,2025-02-01,HOU vs. BKN,BKN,True,L,98,110,-12,38,95,0.4,12,39,0.308,10,15,14,30,44,18,6,6,11,0.4632,101.6387,114.0842
2024-25,HOU,2025-01-30,HOU @ MEM,MEM,False,L,119,120,-1,42,97,0.433,13,32,0.406,22,28,19,26,45,22,6,5,12,0.5,115.4667,116.437
2024-25,HOU,2025-01-28,HOU @ ATL,ATL,False,W,100,96,4,37,79,0.468,7,30,0.233,19,20,6,38,44,19,12,4,21,0.5127,96.2279,92.3788
2024-25,HOU,2025-01-27,HOU @ BOS,BOS,False,W,114,112,2,41,92,0.446,17,41,0.415,15,21,12,27,39,29,7,1,8,0.538,117.5015,115.4401
2024-25,HOU,2025-01-25,HOU @ CLE,CLE,False,W,135,131,4,45,82,0.549,13,28,0.464,32,45,14,31,45,26,5,4,11,0.628,133.5047,129.5491
2024-25,HOU,2025-01-22,HOU vs. CLE,CLE,True,W,109,108,1,40,91,0.44,15,34,0.441,14,20,20,33,53,25,8,5,22,0.522,108.9129,107.9137
2024-25,HOU,2025-01-20,HOU vs. DET,DET,True,L,96,107,-11,37,94,0.394,11,39,0.282,11,16,15,24,39,19,18,1,17,0.4521,92.4677,103.063
2024-25,HOU,2025-01-18,HOU @ POR,POR,False,W,125,103,22,48,108,0.444,14,31,0.452,15,22,23,38,61,25,13,4,14,0.5093,117.0412,96.4419
2024-25,HOU,2025-01-16,HOU @ SAC,SAC,False,L,127,132,-5,49,93,0.527,12,33,0.364,17,24,12,34,46,24,10,6,14,0.5914,119.1146,123.8042
2024-25,HOU,2025-01-15,HOU @ DEN,DEN,False,W,128,108,20,49,94,0.521,17,38,0.447,13,17,14,26,40,28,14,6,11,0.6117,132.1495,111.5011
2024-25,HOU,2025-01-13,HOU vs. MEM,MEM,True,W,120,118,2,41,81,0.506,16,31,0.516,22,31,15,25,40,28,13,8,23,0.6049,116.5728,114.6299
2024-25,HOU,2025-01-09,HOU @ MEM,MEM,False,W,119,115,4,41,96,0.427,13,34,0.382,24,41,16,28,44,21,13,3,13,0.4948,109.0543,105.3886
2024-25,HOU,2025-01-07,HOU @ WAS,WAS,False,W,135,112,23,50,97,0.515,15,38,0.395,20,23,19,30,49,31,15,2,10,0.5928,136.4188,113.177
2024-25,HOU,2025-01-05,HOU vs. LAL,LAL,True,W,119,115,4,47,99,0.475,14,40,0.35,11,19,18,31,49,19,3,4,6,0.5455,128.1775,123.869
2024-25,HOU,2025-01-03,HOU vs. BOS,BOS,True,L,86,109,-23,32,88,0.364,10,36,0.278,12,12,14,23,37,9,6,4,14,0.4205,95.4495,120.9767
2024-25,HOU,2025-01-01,HOU vs. DAL,DAL,True,W,110,99,11,42,89,0.472,8,25,0.32,18,23,4,31,35,16,17,1,14,0.5169,107.2334,96.51
2024-25,HOU,2024-12-29,HOU vs. MIA,MIA,True,L,100,104,-4,38,97,0.392,13,40,0.325,11,13,19,33,52,24,5,4,13,0.4588,103.6055,107.7497
2024-25,HOU,2024-12-27,HOU vs. MIN,MIN,True,L,112,113,-1,45,92,0.489,10,30,0.333,12,19,16,31,47,19,7,3,14,0.5435,115.2263,116.2551
2024-25,HOU,2024-12-26,HOU @ NOP,NOP,False,W,128,111,17,46,97,0.474,18,47,0.383,18,23,18,36,54,19,7,9,16,0.567,121.304,105.1933
2024-25,HOU,2024-12-23,HOU @ CHA,CHA,False,W,114,101,13,43,99,0.434,13,42,0.31,15,19,21,39,60,23,4,8,12,0.5,115.1981,102.0614
2024-25,HOU,2024-12-22,HOU @ TOR,TOR,False,W,114,110,4,40,89,0.449,7,28,0.25,27,33,18,35,53,18,12,6,21,0.4888,106.4227,102.6886
2024-25,HOU,2024-12-19,HOU vs. NOP,NOP,True,W,133,113,20,50,87,0.575,17,39,0.436,16,19,6,36,42,34,7,6,12,0.6724,129.5286,110.0506
2024-25,HOU,2024-12-14,HOU @ OKC,OKC,False,L,96,111,-15,35,96,0.365,11,46,0.239,15,25,19,30,49,17,7,3,16,0.4219,93.1677,107.7252
2024-25,HOU,2024-12-11,HOU vs. GSW,GSW,True,W,91,90,1,38,83,0.458,6,27,0.222,9,10,7,29,36,23,10,5,17,0.494,92.6869,91.6684
2024-25,HOU,2024-12-08,HOU @ LAC,LAC,False,W,117,106,11,40,82,0.488,15,41,0.366,22,26,12,38,50,23,4,4,15,0.5793,119.0961,107.899
2024-25,HOU,2024-12-05,HOU @ GSW,GSW,False,L,93,99,-6,35,93,0.376,10,38,0.263,13,17,11,34,45,20,9,9,8,0.4301,95.6987,101.8728
2024-25,HOU,2024-12-03,HOU @ SAC,SAC,False,L,111,120,-9,41,93,0.441,14,39,0.359,15,21,18,35,53,14,6,1,16,0.5161,110.9778,119.976
2024-25,HOU,2024-12-01,HOU vs. OKC,OKC,True,W,119,116,3,38,92,0.413,13,37,0.351,30,39,15,36,51,20,3,6,10,0.4837,116.007,113.0825
2024-25,HOU,2024-11-27,HOU @ PHI,PHI,False,W,122,115,7,40,88,0.455,10,31,0.323,32,38,14,37,51,23,10,14,21,0.5114,109.0064,102.752
2024-25,HOU,2024-11-26,HOU @ MIN,MIN,False,W,117,111,6,45,99,0.455,15,37,0.405,12,13,7,37,44,31,12,9,12,0.5303,106.5962,101.1297
2024-25,HOU,2024-11-23,HOU vs. POR,POR,True,L,98,104,-6,32,90,0.356,8,32,0.25,26,33,14,29,43,17,8,5,10,0.4,96.7233,102.6451
2024-25,HOU,2024-11-22,HOU vs. POR,POR,True,W,116,88,28,42,93,0.452,15,39,0.385,17,25,13,38,51,27,14,5,17,0.5323,107.0703,81.2258
2024-25,HOU,2024-11-20,HOU vs. IND,IND,True,W,130,113,17,47,102,0.461,12,36,0.333,24,33,13,34,47,25,16,2,14,0.5196,112.3013,97.6158
2024-25,HOU,2024-11-18,HOU @ MIL,MIL,False,L,100,101,-1,40,100,0.4,9,32,0.281,11,13,16,37,53,19,9,6,13,0.445,97.0497,98.0202
2024-25,HOU,2024-11-17,HOU @ CHI,CHI,False,W,143,107,36,55,105,0.524,10,34,0.294,23,32,14,52,66,34,8,9,11,0.5714,121.8265,91.1569
2024-25,HOU,2024-11-15,HOU vs. LAC,LAC,True,W,125,104,21,46,95,0.484,19,44,0.432,14,18,9,39,48,31,11,3,12,0.5842,117.6803,97.91
2024-25,HOU,2024-11-13,HOU vs. LAC,LAC,True,W,111,103,8,42,97,0.433,15,40,0.375,12,17,18,41,59,28,8,11,14,0.5103,108.0187,100.2336
2024-25,HOU,2024-11-11,HOU vs. WAS,WAS,True,W,107,92,15,40,87,0.46,5,23,0.217,22,25,17,41,58,13,12,10,21,0.4885,103.5217,89.0093
2024-25,HOU,2024-11-10,HOU @ DET,DET,False,W,101,99,2,38,93,0.409,7,34,0.206,18,24,17,36,53,19,10,5,12,0.4462,101.1619,99.1587
2024-25,HOU,2024-11-08,HOU @ OKC,OKC,False,L,107,126,-19,39,90,0.433,11,30,0.367,18,26,14,34,48,19,7,3,17,0.4944,102.6084,120.8285
2024-25,HOU,2024-11-06,HOU vs. SAS,SAS,True,W,127,100,27,54,96,0.563,10,27,0.37,9,15,11,34,45,28,10,5,12,0.6146,123.5168,97.2573
2024-25,HOU,2024-11-04,HOU vs. NYK,NYK,True,W,109,97,12,43,88,0.489,8,33,0.242,15,18,11,39,50,21,4,6,11,0.5341,114.6403,102.0194
2024-25,HOU,2024-11-02,HOU vs. GSW,GSW,True,L,121,127,-6,44,107,0.411,15,45,0.333,18,24,18,31,49,27,10,6,11,0.4813,112.2657,117.8326
2024-25,HOU,2024-10-31,HOU @ DAL,DAL,False,W,108,102,6,40,97,0.412,8,34,0.235,20,27,18,32,50,21,4,4,10,0.4536,110.9513,104.7873
2024-25,HOU,2024-10-28,HOU @ SAS,SAS,False,W,106,101,5,35,85,0.412,15,37,0.405,21,24,13,30,43,20,6,2,12,0.5,111.1111,105.87
2024-25,HOU,2024-10-26,HOU @ SAS,SAS,False,L,106,109,-3,38,92,0.413,13,41,0.317,17,21,8,26,34,21,10,3,11,0.4837,104.6603,107.6224
2024-25,HOU,2024-10-25,HOU vs. MEM,MEM,True,W,128,108,20,43,98,0.439,17,43,0.395,25,36,23,41,64,20,10,4,19,0.5255,115.4818,97.4377
2024-25,HOU,2024-10-23,HOU vs. CHA,CHA,True,L,105,110,-5,38,103,0.369,13,43,0.302,16,20,16,27,43,19,8,4,8,0.432,104.2908,109.2571
2024-25,IND,2025-04-13,IND @ CLE,CLE,False,W,126,118,8,48,119,0.403,10,42,0.238,20,22,14,47,61,27,15,10,13,0.4454,98.2993,92.058
2024-25,IND,2025-04-11,IND vs. ORL,ORL,True,L,115,129,-14,40,89,0.449,12,29,0.414,23,35,17,27,44,24,8,7,20,0.5169,107.6577,120.7639
2024-25,IND,2025-04-10,IND vs. CLE,CLE,True,W,114,112,2,43,93,0.462,14,41,0.341,14,20,10,36,46,28,3,11,10,0.5376,110.9381,108.9918
2024-25,IND,2025-04-08,IND vs. WAS,WAS,True,W,104,98,6,33,87,0.379,9,35,0.257,29,37,13,36,49,21,7,5,9,0.431,105.1142,99.0499
2024-25,IND,2025-04-06,IND @ DEN,DEN,False,W,125,120,5,46,96,0.479,15,44,0.341,18,21,7,34,41,34,10,7,6,0.5573,119.5257,114.7447
2024-25,IND,2025-04-04,IND vs. UTA,UTA,True,W,140,112,28,51,89,0.573,12,32,0.375,26,38,11,40,51,38,8,17,7,0.6404,133.9969,107.1975
2024-25,IND,2025-04-02,IND vs. CHA,CHA,True,W,119,105,14,47,95,0.495,18,44,0.409,7,10,11,27,38,29,10,6,6,0.5895,125.7131,110.9233
2024-25,IND,2025-03-31,IND vs. SAC,SAC,True,W,111,109,2,42,90,0.467,14,41,0.341,13,13,6,34,40,28,6,5,13,0.5444,106.6282,104.707
2024-25,IND,2025-03-29,IND @ OKC,OKC,False,L,111,132,-21,39,87,0.448,14,42,0.333,19,26,8,35,43,27,6,6,13,0.5287,105.9362,125.9782
2024-25,IND,2025-03-27,IND @ WAS,WAS,False,W,162,109,53,59,92,0.641,27,47,0.574,17,19,13,37,50,48,8,2,15,0.788,160.555,108.0278
2024-25,IND,2025-03-26,IND vs. LAL,LAL,True,L,119,120,-1,44,87,0.506,15,36,0.417,16,19,7,29,36,31,9,4,10,0.592,122.1014,123.1274
2024-25,IND,2025-03-24,IND vs. MIN,MIN,True,W,119,103,16,46,94,0.489,13,35,0.371,14,14,9,37,46,30,9,5,12,0.5585,115.2208,99.7289
2024-25,IND,2025-03-22,IND vs. BKN,BKN,True,W,108,103,5,40,84,0.476,11,35,0.314,17,21,6,38,44,32,5,6,15,0.5417,106.0279,101.1192
2024-25,IND,2025-03-20,IND vs. BKN,BKN,True,W,105,99,6,35,81,0.432,8,31,0.258,27,31,10,47,57,18,10,8,25,0.4815,95.2122,89.7715
2024-25,IND,2025-03-19,IND vs. DAL,DAL,True,W,135,131,4,45,82,0.549,16,35,0.457,29,37,6,32,38,29,4,5,11,0.6463,127.7441,123.9591
2024-25,IND,2025-03-17,IND @ MIN,MIN,False,W,132,130,2,48,97,0.495,17,37,0.459,19,23,14,34,48,28,7,6,20,0.5825,113.8127,112.0883
2024-25,IND,2025-03-15,IND @ MIL,MIL,False,L,119,126,-7,46,96,0.479,17,43,0.395,10,13,10,22,32,29,9,4,12,0.5677,116.5752,123.4326
2024-25,IND,2025-03-14,IND @ PHI,PHI,False,W,112,100,12,44,89,0.494,10,35,0.286,14,18,12,33,45,31,6,4,11,0.5506,116.3032,103.8422
2024-25,IND,2025-03-11,IND vs. MIL,MIL,True,W,115,114,1,44,87,0.506,13,39,0.333,14,18,5,33,38,30,11,3,10,0.5805,114.2687,113.275
2024-25,IND,2025-03-10,IND @ CHI,CHI,False,L,103,121,-18,40,101,0.396,10,40,0.25,13,19,8,31,39,30,14,4,10,0.4455,92.1618,108.2677
2024-25,IND,2025-03-08,IND @ ATL,ATL,False,L,118,120,-2,41,94,0.436,10,33,0.303,26,30,15,26,41,29,12,6,16,0.4894,109.5433,111.3999
2024-25,IND,2025-03-06,IND @ ATL,ATL,False,L,118,124,-6,44,91,0.484,14,39,0.359,16,17,10,32,42,27,5,5,11,0.5604,118.3551,124.3731
2024-25,IND,2025-03-04,IND vs. HOU,HOU,True,W,115,102,13,44,86,0.512,17,42,0.405,10,10,5,30,35,34,9,6,13,0.6105,116.2556,103.1136
2024-25,IND,2025-03-02,IND vs. CHI,CHI,True,W,127,112,15,48,87,0.552,19,44,0.432,12,18,5,31,36,34,7,4,12,0.6609,127.1017,112.0897
2024-25,IND,2025-02-28,IND @ MIA,MIA,False,L,120,125,-5,47,88,0.534,21,39,0.538,5,8,9,21,30,35,10,3,10,0.6534,129.5616,134.9601
2024-25,IND,2025-02-26,IND vs. TOR,TOR,True,W,111,91,20,43,81,0.531,15,37,0.405,10,16,4,37,41,28,10,7,20,0.6235,106.6897,87.4664
2024-25,IND,2025-02-24,IND vs. DEN,DEN,True,L,116,125,-9,40,85,0.471,14,43,0.326,22,27,8,24,32,29,11,3,18,0.5529,108.8997,117.3489
2024-25,IND,2025-02-23,IND vs. LAC,LAC,True,W,129,111,18,46,84,0.548,12,36,0.333,25,27,8,38,46,31,7,5,14,0.619,125.0,107.5581
2024-25,IND,2025-02-20,IND vs. MEM,MEM,True,W,127,113,14,46,91,0.505,17,45,0.378,18,22,9,37,46,29,6,12,11,0.5989,119.6082,106.4231
2024-25,IND,2025-02-12,IND @ WAS,WAS,False,W,134,130,4,50,107,0.467,16,35,0.457,18,20,10,32,42,38,7,5,9,0.5421,116.6029,113.1222
2024-25,IND,2025-02-11,IND vs. NYK,NYK,True,L,115,128,-13,43,89,0.483,9,31,0.29,20,26,9,27,36,32,8,3,10,0.5337,111.8895,124.5378
2024-25,IND,2025-02-08,IND @ LAL,LAL,False,L,117,124,-7,37,87,0.425,12,38,0.316,31,32,11,27,38,27,10,2,11,0.4943,114.0351,120.8577
2024-25,IND,2025-02-06,IND @ LAC,LAC,False,W,119,112,7,43,95,0.453,13,39,0.333,20,24,12,34,46,31,13,3,8,0.5211,115.8264,109.013
2024-25,IND,2025-02-04,IND @ POR,POR,False,L,89,112,-23,34,81,0.42,5,24,0.208,16,21,14,25,39,25,11,6,19,0.4506,90.0263,113.2915
2024-25,IND,2025-02-03,IND @ UTA,UTA,False,W,112,111,1,43,91,0.473,10,42,0.238,16,20,6,31,37,32,13,10,9,0.5275,107.177,106.2201
2024-25,IND,2025-02-01,IND vs. ATL,ATL,True,W,132,127,5,49,90,0.544,12,33,0.364,22,25,7,34,41,35,6,5,12,0.6111,124.4813,119.7661
2024-25,IND,2025-01-29,IND vs. DET,DET,True,W,133,119,14,46,81,0.568,19,38,0.5,22,31,5,31,36,28,7,5,13,0.6852,127.224,113.832
2024-25,IND,2025-01-25,IND @ SAS,SAS,False,W,136,98,38,53,102,0.52,17,39,0.436,13,14,16,34,50,32,14,9,10,0.6029,131.2995,94.6129
2024-25,IND,2025-01-23,IND @ SAS,SAS,False,L,110,140,-30,44,97,0.454,13,43,0.302,9,12,9,22,31,31,10,2,11,0.5206,105.8099,134.6672
2024-25,IND,2025-01-18,IND vs. PHI,PHI,True,W,115,102,13,44,83,0.53,11,34,0.324,16,23,14,36,50,30,4,4,18,0.5964,118.0698,104.7228
2024-25,IND,2025-01-16,IND @ DET,DET,False,W,111,100,11,41,89,0.461,13,30,0.433,16,22,3,37,40,28,13,8,10,0.5337,105.0341,94.6253
2024-25,IND,2025-01-14,IND vs. CLE,CLE,True,L,117,127,-10,44,91,0.484,12,28,0.429,17,22,9,28,37,30,10,3,14,0.5495,111.7906,121.3453
2024-25,IND,2025-01-12,IND @ CLE,CLE,False,W,108,93,15,43,92,0.467,11,35,0.314,11,18,9,41,50,30,11,7,12,0.5272,107.5483,92.611
2024-25,IND,2025-01-10,IND vs. GSW,GSW,True,W,108,96,12,43,82,0.524,9,27,0.333,13,19,8,40,48,27,8,8,15,0.5793,109.6002,97.4224
2024-25,IND,2025-01-08,IND vs. CHI,CHI,True,W,129,113,16,52,100,0.52,10,29,0.345,15,24,15,31,46,37,11,1,13,0.57,121.7441,106.644
2024-25,IND,2025-01-06,IND @ BKN,BKN,False,W,113,99,14,40,79,0.506,12,31,0.387,21,23,5,30,35,22,8,5,12,0.5823,117.1227,102.6119
2024-25,IND,2025-01-04,IND vs. PHX,PHX,True,W,126,108,18,46,96,0.479,15,40,0.375,19,21,13,34,47,35,7,4,8,0.5573,128.9134,110.4972
2024-25,IND,2025-01-02,IND @ MIA,MIA,False,W,128,115,13,51,96,0.531,17,40,0.425,9,16,13,26,39,35,9,4,8,0.6198,132.4503,118.9983
2024-25,IND,2024-12-31,IND vs. MIL,MIL,True,L,112,120,-8,40,90,0.444,13,37,0.351,19,30,9,41,50,26,8,7,18,0.5167,102.3953,109.7093
2024-25,IND,2024-12-29,IND @ BOS,BOS,False,W,123,114,9,46,87,0.529,9,23,0.391,22,27,11,39,50,27,6,2,9,0.5805,124.092,115.0121
2024-25,IND,2024-12-27,IND @ BOS,BOS,False,L,105,142,-37,38,91,0.418,11,39,0.282,18,25,13,26,39,27,5,3,12,0.478,106.1893,143.6084
2024-25,IND,2024-12-26,IND vs. OKC,OKC,True,L,114,120,-6,42,89,0.472,14,36,0.389,16,22,11,40,51,28,1,8,11,0.5506,115.0121,121.0654
2024-25,IND,2024-12-23,IND @ GSW,GSW,False,W,111,105,6,45,92,0.489,11,35,0.314,10,11,8,35,43,26,7,4,12,0.5489,110.9556,104.958
2024-25,IND,2024-12-22,IND @ SAC,SAC,False,W,122,95,27,50,86,0.581,17,39,0.436,5,8,6,44,50,36,7,5,12,0.6802,125.7732,97.9381
2024-25,IND,2024-12-19,IND @ PHX,PHX,False,W,120,111,9,39,89,0.438,16,41,0.39,26,31,9,38,47,30,9,7,9,0.5281,116.5275,107.7879
2024-25,IND,2024-12-15,IND vs. NOP,NOP,True,W,119,104,15,41,81,0.506,16,38,0.421,21,24,7,36,43,33,10,9,17,0.6049,114.5994,100.1541
2024-25,IND,2024-12-13,IND @ PHI,PHI,False,W,121,107,14,47,91,0.516,14,38,0.368,13,17,8,33,41,35,9,4,10,0.5934,121.2668,107.2359
2024-25,IND,2024-12-08,IND vs. CHA,CHA,True,L,109,113,-4,42,82,0.512,12,36,0.333,13,15,3,26,29,23,9,7,17,0.5854,105.2937,109.1577
2024-25,IND,2024-12-06,IND @ CHI,CHI,False,W,132,123,9,52,92,0.565,18,30,0.6,10,12,7,39,46,33,9,4,13,0.663,125.9782,117.3888
2024-25,IND,2024-12-04,IND @ BKN,BKN,False,L,90,99,-9,32,75,0.427,8,33,0.242,18,22,5,34,39,20,6,10,16,0.48,91.4634,100.6098
2024-25,IND,2024-12-03,IND @ TOR,TOR,False,L,111,122,-11,38,84,0.452,12,30,0.4,23,28,9,25,34,21,8,6,21,0.5238,102.2664,112.401
2024-25,IND,2024-12-01,IND @ MEM,MEM,False,L,121,136,-15,43,90,0.478,14,42,0.333,21,26,6,35,41,28,8,3,15,0.5556,111.3565,125.1611
2024-25,IND,2024-11-29,IND vs. DET,DET,True,L,106,130,-24,41,85,0.482,12,33,0.364,12,13,7,25,32,23,9,4,16,0.5529,104.681,128.3824
2024-25,IND,2024-11-27,IND vs. POR,POR,True,W,121,114,7,46,94,0.489,13,32,0.406,16,20,19,28,47,27,10,10,12,0.5585,126.5161,119.197
2024-25,IND,2024-11-25,IND vs. NOP,NOP,True,W,114,110,4,43,91,0.473,17,47,0.362,11,16,7,34,41,30,10,2,15,0.5659,109.405,105.5662
2024-25,IND,2024-11-24,IND vs. WAS,WAS,True,W,115,103,12,41,86,0.477,12,27,0.444,21,27,12,33,45,31,8,3,12,0.5465,116.8224,104.6323
2024-25,IND,2024-11-22,IND @ MIL,MIL,False,L,117,129,-12,43,91,0.473,11,34,0.324,20,27,14,32,46,30,11,6,16,0.533,110.5442,121.8821
2024-25,IND,2024-11-20,IND @ HOU,HOU,False,L,113,130,-17,44,83,0.53,5,22,0.227,20,25,3,33,36,19,7,9,23,0.5602,97.6158,112.3013
2024-25,IND,2024-11-18,IND @ TOR,TOR,False,L,119,130,-11,44,99,0.444,15,40,0.375,16,20,12,20,32,29,17,5,11,0.5202,111.1526,121.4272
2024-25,IND,2024-11-17,IND vs. MIA,MIA,True,W,119,110,9,44,85,0.518,13,29,0.448,18,20,10,35,45,30,6,6,11,0.5941,125.5274,116.0338
2024-25,IND,2024-11-15,IND vs. MIA,MIA,True,L,111,124,-13,44,86,0.512,14,35,0.4,9,11,8,31,39,28,8,4,20,0.593,107.7879,120.4117
2024-25,IND,2024-11-13,IND @ ORL,ORL,False,L,90,94,-4,32,84,0.381,10,30,0.333,16,18,7,34,41,22,10,6,17,0.4405,91.5937,95.6646
2024-25,IND,2024-11-10,IND vs. NYK,NYK,True,W,132,121,11,45,88,0.511,21,46,0.457,21,25,5,27,32,27,6,4,10,0.6307,128.8559,118.1179
2024-25,IND,2024-11-08,IND @ CHA,CHA,False,L,83,103,-20,33,83,0.398,9,29,0.31,8,14,7,30,37,24,10,4,14,0.4518,85.8147,106.493
2024-25,IND,2024-11-06,IND vs. ORL,ORL,True,W,118,111,7,41,76,0.539,12,26,0.462,24,26,4,32,36,21,7,3,11,0.6184,121.7248,114.5038
2024-25,IND,2024-11-04,IND @ DAL,DAL,False,W,134,127,7,54,95,0.568,13,32,0.406,13,20,7,39,46,30,5,3,10,0.6368,127.1347,120.4934
2024-25,IND,2024-11-01,IND @ NOP,NOP,False,L,118,125,-7,46,89,0.517,16,38,0.421,10,13,6,33,39,35,3,3,14,0.6067,115.077,121.9036
2024-25,IND,2024-10-30,IND vs. BOS,BOS,True,W,135,132,3,50,104,0.481,15,38,0.395,20,24,16,41,57,33,10,5,19,0.5529,114.3099,111.7697
2024-25,IND,2024-10-28,IND @ ORL,ORL,False,L,115,119,-4,41,88,0.466,13,29,0.448,20,30,15,29,44,25,7,4,13,0.5398,113.3452,117.2876
2024-25,IND,2024-10-27,IND vs. PHI,PHI,True,L,114,118,-4,39,84,0.464,13,32,0.406,23,34,7,30,37,28,8,4,20,0.5417,101.9678,105.5456
2024-25,IND,2024-10-25,IND @ NYK,NYK,False,L,98,123,-25,41,83,0.494,3,30,0.1,13,20,9,24,33,28,8,6,16,0.512,99.7151,125.1526
2024-25,IND,2024-10-23,IND @ DET,DET,False,W,115,109,6,42,83,0.506,9,31,0.29,22,25,7,32,39,32,10,8,15,0.5602,112.5685,106.6954
2024-25,LAC,2025-04-13,LAC @ GSW,GSW,False,W,124,119,5,48,86,0.558,14,30,0.467,14,18,9,33,42,28,11,3,16,0.6395,122.1434,117.2183
2024-25,LAC,2025-04-11,LAC @ SAC,SAC,False,W,101,100,1,40,78,0.513,7,21,0.333,14,18,7,30,37,19,6,2,12,0.5577,110.1418,109.0513
2024-25,LAC,2025-04-09,LAC vs. HOU,HOU,True,W,134,117,17,48,90,0.533,19,37,0.514,19,19,11,32,43,33,10,3,12,0.6389,134.836,117.7299
2024-25,LAC,2025-04-08,LAC vs. SAS,SAS,True,W,122,117,5,48,93,0.516,14,30,0.467,12,16,14,36,50,30,6,0,17,0.5914,119.561,114.6609
2024-25,LAC,2025-04-05,LAC vs. DAL,DAL,True,W,135,104,31,54,96,0.563,11,28,0.393,16,20,10,35,45,31,11,3,7,0.6198,133.3202,102.7059
2024-25,LAC,2025-04-04,LAC vs. DAL,DAL,True,W,114,91,23,44,89,0.494,14,30,0.467,12,16,11,37,48,23,11,4,13,0.573,114.873,91.6969
2024-25,LAC,2025-04-02,LAC vs. NOP,NOP,True,W,114,98,16,40,76,0.526,13,32,0.406,21,26,2,28,30,27,9,4,13,0.6118,114.9889,98.8501
2024-25,LAC,2025-03-31,LAC @ ORL,ORL,False,W,96,87,9,36,82,0.439,8,31,0.258,16,19,11,36,47,18,12,5,16,0.4878,101.0314,91.5597
2024-25,LAC,2025-03-30,LAC @ CLE,CLE,False,L,122,127,-5,45,93,0.484,16,41,0.39,16,22,10,34,44,25,6,4,14,0.5699,116.3012,121.0677
2024-25,LAC,2025-03-28,LAC @ BKN,BKN,False,W,132,100,32,44,80,0.55,19,37,0.514,25,28,2,46,48,29,11,4,13,0.6688,126.461,95.8038
2024-25,LAC,2025-03-26,LAC @ NYK,NYK,False,W,126,113,13,45,88,0.511,16,30,0.533,20,24,13,32,45,27,4,8,5,0.6023,134.5866,120.7007
2024-25,LAC,2025-03-23,LAC vs. OKC,OKC,True,L,101,103,-2,35,82,0.427,8,26,0.308,23,28,11,37,48,20,6,8,14,0.4756,102.4756,104.5049
2024-25,LAC,2025-03-21,LAC vs. MEM,MEM,True,W,128,108,20,45,78,0.577,17,34,0.5,21,26,2,41,43,29,7,9,15,0.6859,126.0091,106.3201
2024-25,LAC,2025-03-18,LAC vs. CLE,CLE,True,W,132,119,13,46,84,0.548,16,35,0.457,24,28,14,35,49,28,7,5,13,0.6429,134.859,121.5774
2024-25,LAC,2025-03-16,LAC vs. CHA,CHA,True,W,123,88,35,45,93,0.484,13,26,0.5,20,23,17,41,58,30,10,5,11,0.5538,126.1021,90.2194
2024-25,LAC,2025-03-14,LAC @ ATL,ATL,False,W,121,98,23,47,86,0.547,12,27,0.444,15,20,7,33,40,27,14,5,14,0.6163,119.6361,96.8954
2024-25,LAC,2025-03-12,LAC @ MIA,MIA,False,W,119,104,15,45,76,0.592,13,27,0.481,16,24,11,34,45,24,7,0,18,0.6776,128.1499,111.9966
2024-25,LAC,2025-03-11,LAC @ NOP,NOP,False,L,120,127,-7,46,92,0.5,14,42,0.333,14,18,11,23,34,34,10,8,11,0.5761,120.0961,127.1017
2024-25,LAC,2025-03-09,LAC vs. SAC,SAC,True,W,111,110,1,43,81,0.531,10,31,0.323,15,25,3,35,38,23,4,5,10,0.5926,112.6904,111.6751
2024-25,LAC,2025-03-07,LAC vs. NYK,NYK,True,W,105,95,10,37,88,0.42,15,38,0.395,16,19,9,38,47,23,7,8,12,0.5057,105.3794,95.3432
2024-25,LAC,2025-03-05,LAC vs. DET,DET,True,W,123,115,8,44,80,0.55,13,24,0.542,22,26,6,27,33,18,8,6,10,0.6312,124.368,116.2791
2024-25,LAC,2025-03-04,LAC @ PHX,PHX,False,L,117,119,-2,43,83,0.518,8,30,0.267,23,27,7,30,37,29,8,3,7,0.5663,122.6672,124.7641
2024-25,LAC,2025-03-02,LAC @ LAL,LAL,False,L,102,108,-6,38,88,0.432,12,39,0.308,14,17,10,30,40,24,9,1,12,0.5,107.7768,114.1167
2024-25,LAC,2025-02-28,LAC @ LAL,LAL,False,L,102,106,-4,39,87,0.448,9,37,0.243,15,21,15,29,44,25,11,1,18,0.5,105.198,109.3234
2024-25,LAC,2025-02-26,LAC @ CHI,CHI,False,W,122,117,5,44,85,0.518,19,37,0.514,15,17,11,33,44,33,9,10,15,0.6294,123.657,118.5891
2024-25,LAC,2025-02-24,LAC @ DET,DET,False,L,97,106,-9,37,92,0.402,11,41,0.268,12,19,15,33,48,24,12,3,17,0.462,94.5419,103.3138
2024-25,LAC,2025-02-23,LAC @ IND,IND,False,L,111,129,-18,38,85,0.447,10,40,0.25,25,33,6,26,32,23,9,3,11,0.5059,107.5581,125.0
2024-25,LAC,2025-02-20,LAC @ MIL,MIL,False,L,110,116,-6,41,88,0.466,12,30,0.4,16,19,11,32,43,28,14,7,14,0.5341,109.3222,115.2852
2024-25,LAC,2025-02-13,LAC @ UTA,UTA,False,W,120,116,4,39,94,0.415,14,38,0.368,28,36,13,30,43,22,16,5,12,0.4894,111.4827,107.7666
2024-25,LAC,2025-02-12,LAC vs. MEM,MEM,True,W,128,114,14,47,93,0.505,13,35,0.371,21,22,13,33,46,29,17,2,17,0.5753,118.9149,105.9086
2024-25,LAC,2025-02-08,LAC vs. UTA,UTA,True,W,130,110,20,51,88,0.58,11,26,0.423,17,21,8,29,37,36,8,2,15,0.642,127.9779,108.289
2024-25,LAC,2025-02-06,LAC vs. IND,IND,True,L,112,119,-7,41,88,0.466,17,40,0.425,13,18,11,37,48,25,5,4,19,0.5625,109.013,115.8264
2024-25,LAC,2025-02-04,LAC vs. LAL,LAL,True,L,97,122,-25,34,89,0.382,12,41,0.293,17,19,10,26,36,30,9,5,10,0.4494,100.2688,126.1112
2024-25,LAC,2025-02-02,LAC @ TOR,TOR,False,L,108,115,-7,41,88,0.466,9,28,0.321,17,21,13,28,41,21,6,7,10,0.517,113.5169,120.8745
2024-25,LAC,2025-01-31,LAC @ CHA,CHA,False,W,112,104,8,44,81,0.543,11,28,0.393,13,20,9,36,45,26,7,4,18,0.6111,113.4752,105.3698
2024-25,LAC,2025-01-29,LAC @ SAS,SAS,False,W,128,116,12,48,91,0.527,12,24,0.5,20,23,17,40,57,26,7,3,17,0.5934,126.6574,114.7833
2024-25,LAC,2025-01-27,LAC @ PHX,PHX,False,L,109,111,-2,41,83,0.494,10,32,0.313,17,20,10,32,42,22,12,5,15,0.5542,113.1645,115.2409
2024-25,LAC,2025-01-25,LAC vs. MIL,MIL,True,W,127,117,10,44,97,0.454,11,34,0.324,28,28,12,35,47,19,8,3,7,0.5103,123.1336,113.438
2024-25,LAC,2025-01-23,LAC vs. WAS,WAS,True,W,110,93,17,40,88,0.455,13,38,0.342,17,18,11,44,55,29,10,7,18,0.5284,105.6879,89.3543
2024-25,LAC,2025-01-22,LAC vs. BOS,BOS,True,L,113,117,-4,47,90,0.522,9,28,0.321,10,13,9,31,40,24,11,6,23,0.5722,102.9519,106.5962
2024-25,LAC,2025-01-20,LAC vs. CHI,CHI,True,L,99,112,-13,37,94,0.394,9,42,0.214,16,17,10,30,40,24,4,7,10,0.4415,98.0586,110.935
2024-25,LAC,2025-01-19,LAC vs. LAL,LAL,True,W,116,102,14,47,89,0.528,11,30,0.367,11,14,11,27,38,27,12,4,13,0.5899,119.8842,105.4155
2024-25,LAC,2025-01-16,LAC @ POR,POR,False,W,118,89,29,44,78,0.564,10,23,0.435,20,27,8,42,50,23,9,4,18,0.6282,118.8318,89.6274
2024-25,LAC,2025-01-15,LAC vs. BKN,BKN,True,W,126,67,59,43,79,0.544,12,32,0.375,28,30,6,40,46,26,13,3,16,0.6203,124.8266,66.3761
2024-25,LAC,2025-01-13,LAC vs. MIA,MIA,True,W,109,98,11,45,93,0.484,13,36,0.361,6,10,7,41,48,28,11,6,12,0.5538,107.7501,96.8762
2024-25,LAC,2025-01-08,LAC @ DEN,DEN,False,L,103,126,-23,30,80,0.375,11,38,0.289,32,40,9,31,40,14,8,6,12,0.4438,101.9398,124.7031
2024-25,LAC,2025-01-06,LAC @ MIN,MIN,False,L,106,108,-2,37,89,0.416,12,35,0.343,20,25,14,35,49,23,9,10,13,0.4831,107.899,109.9349
2024-25,LAC,2025-01-04,LAC vs. ATL,ATL,True,W,131,105,26,53,96,0.552,13,36,0.361,12,17,7,41,48,36,15,3,17,0.6198,116.9852,93.7667
2024-25,LAC,2025-01-02,LAC @ OKC,OKC,False,L,98,116,-18,38,81,0.469,11,32,0.344,11,17,10,35,45,25,6,1,20,0.537,98.3541,116.4191
2024-25,LAC,2024-12-31,LAC @ SAS,SAS,False,L,86,122,-36,30,87,0.345,11,41,0.268,15,18,10,31,41,17,7,3,14,0.408,86.3107,122.4408
2024-25,LAC,2024-12-30,LAC @ NOP,NOP,False,W,116,113,3,41,86,0.477,13,37,0.351,21,27,14,26,40,24,11,2,17,0.5523,116.5595,113.545
2024-25,LAC,2024-12-27,LAC vs. GSW,GSW,True,W,102,92,10,40,75,0.533,10,32,0.313,12,15,6,33,39,19,6,10,23,0.6,103.3435,93.2118
2024-25,LAC,2024-12-23,LAC @ MEM,MEM,False,W,114,110,4,42,96,0.438,9,27,0.333,21,26,15,38,53,22,15,6,17,0.4844,103.2235,99.6016
2024-25,LAC,2024-12-21,LAC @ DAL,DAL,False,L,97,113,-16,34,81,0.42,10,37,0.27,19,22,8,32,40,18,8,7,17,0.4815,97.3114,113.3628
2024-25,LAC,2024-12-19,LAC @ DAL,DAL,False,W,118,95,23,44,85,0.518,14,33,0.424,16,17,8,39,47,30,9,3,15,0.6,116.3708,93.6884
2024-25,LAC,2024-12-16,LAC vs. UTA,UTA,True,W,144,107,37,49,82,0.598,21,39,0.538,25,32,7,34,41,28,13,6,16,0.7256,136.312,101.2874
2024-25,LAC,2024-12-13,LAC @ DEN,DEN,False,L,98,120,-22,37,83,0.446,14,41,0.341,10,18,5,26,31,24,18,2,19,0.5301,92.0188,112.6761
2024-25,LAC,2024-12-08,LAC vs. HOU,HOU,True,L,106,117,-11,41,92,0.446,11,34,0.324,13,16,7,26,33,21,11,3,8,0.5054,107.899,119.0961
2024-25,LAC,2024-12-04,LAC vs. MIN,MIN,True,L,80,108,-28,29,83,0.349,11,40,0.275,11,13,10,36,46,13,7,2,23,0.4157,78.9578,106.593
2024-25,LAC,2024-12-03,LAC vs. POR,POR,True,W,127,105,22,47,85,0.553,19,37,0.514,14,17,11,24,35,29,8,8,14,0.6647,134.0228,110.8062
2024-25,LAC,2024-12-01,LAC vs. DEN,DEN,True,W,126,122,4,43,90,0.478,18,39,0.462,22,27,13,29,42,28,8,4,14,0.5778,122.7831,118.8852
2024-25,LAC,2024-11-29,LAC @ MIN,MIN,False,L,92,93,-1,36,84,0.429,10,31,0.323,10,13,8,31,39,20,17,3,15,0.4881,96.0735,97.1178
2024-25,LAC,2024-11-27,LAC @ WAS,WAS,False,W,121,96,25,45,89,0.506,12,33,0.364,19,25,13,34,47,27,18,4,16,0.573,117.0892,92.8972
2024-25,LAC,2024-11-25,LAC @ BOS,BOS,False,L,94,126,-32,39,90,0.433,7,26,0.269,9,13,10,34,44,18,8,3,14,0.4722,94.2261,126.3031
2024-25,LAC,2024-11-24,LAC @ PHI,PHI,False,W,125,99,26,47,81,0.58,12,30,0.4,19,25,10,34,44,31,9,5,17,0.6543,126.6207,100.2836
2024-25,LAC,2024-11-22,LAC vs. SAC,SAC,True,W,104,88,16,39,94,0.415,10,42,0.238,16,16,11,43,54,27,13,3,12,0.4681,102.6654,86.8707
2024-25,LAC,2024-11-20,LAC vs. ORL,ORL,True,W,104,93,11,38,77,0.494,11,22,0.5,17,21,15,34,49,22,10,1,25,0.5649,107.3271,95.9752
2024-25,LAC,2024-11-18,LAC vs. GSW,GSW,True,W,102,99,3,35,82,0.427,16,34,0.471,16,18,5,39,44,29,10,6,20,0.5244,98.4176,95.523
2024-25,LAC,2024-11-17,LAC vs. UTA,UTA,True,W,116,105,11,46,94,0.489,11,40,0.275,13,17,14,27,41,30,11,5,9,0.5479,119.9586,108.5832
2024-25,LAC,2024-11-15,LAC @ HOU,HOU,False,L,104,125,-21,34,90,0.378,10,40,0.25,26,33,13,38,51,12,6,6,15,0.4333,97.91,117.6803
2024-25,LAC,2024-11-13,LAC @ HOU,HOU,False,L,103,111,-8,38,96,0.396,14,38,0.368,13,16,10,32,42,27,10,3,12,0.4688,100.2336,108.0187
2024-25,LAC,2024-11-11,LAC @ OKC,OKC,False,L,128,134,-6,44,80,0.55,20,37,0.541,20,29,15,32,47,31,5,5,24,0.675,124.9512,130.8083
2024-25,LAC,2024-11-09,LAC vs. TOR,TOR,True,W,105,103,2,35,76,0.461,10,26,0.385,25,32,7,40,47,18,6,8,14,0.5263,105.3582,103.3514
2024-25,LAC,2024-11-08,LAC @ SAC,SAC,False,W,107,98,9,36,81,0.444,14,30,0.467,21,23,12,36,48,20,7,2,21,0.5309,108.2558,99.1501
2024-25,LAC,2024-11-06,LAC vs. PHI,PHI,True,W,110,98,12,41,72,0.569,12,28,0.429,16,19,8,21,29,27,12,1,19,0.6528,120.4028,107.268
2024-25,LAC,2024-11-04,LAC vs. SAS,SAS,True,W,113,104,9,41,90,0.456,19,37,0.514,12,17,16,28,44,25,6,7,11,0.5611,119.678,110.1462
2024-25,LAC,2024-11-02,LAC vs. OKC,OKC,True,L,92,105,-13,32,79,0.405,11,35,0.314,17,26,10,40,50,23,10,7,22,0.4747,90.2846,103.0422
2024-25,LAC,2024-10-31,LAC vs. PHX,PHX,True,L,119,125,-6,45,93,0.484,12,35,0.343,17,21,15,33,48,27,8,8,14,0.5484,119.2624,125.2756
2024-25,LAC,2024-10-30,LAC vs. POR,POR,True,L,105,106,-1,41,90,0.456,13,36,0.361,10,18,13,36,49,26,10,5,14,0.5278,106.4909,107.5051
2024-25,LAC,2024-10-27,LAC @ GSW,GSW,False,W,112,104,8,42,90,0.467,10,32,0.313,18,23,14,34,48,27,11,2,18,0.5222,107.2797,99.6169
2024-25,LAC,2024-10-26,LAC @ DEN,DEN,False,W,109,104,5,40,82,0.488,12,33,0.364,17,21,11,33,44,30,4,5,17,0.561,111.9097,106.7762
2024-25,LAC,2024-10-23,LAC vs. PHX,PHX,True,L,113,116,-3,42,92,0.457,8,29,0.276,21,30,13,38,51,27,9,1,22,0.5,100.3731,103.0378
2024-25,LAL,2025-04-13,LAL @ POR,POR,False,L,81,109,-28,31,80,0.388,9,28,0.321,10,14,13,29,42,21,9,11,21,0.4438,85.9873,115.7113
2024-25,LAL,2025-04-11,LAL vs. HOU,HOU,True,W,140,109,31,53,87,0.609,19,37,0.514,15,25,4,38,42,28,11,1,13,0.7184,130.6702,101.736
2024-25,LAL,2025-04-09,LAL @ DAL,DAL,False,W,112,97,15,42,90,0.467,12,36,0.333,16,21,15,24,39,22,14,0,12,0.5333,118.2932,102.4504
2024-25,LAL,2025-04-08,LAL @ OKC,OKC,False,L,120,136,-16,37,80,0.463,18,40,0.45,28,37,12,33,45,21,2,6,19,0.575,115.3403,130.719
2024-25,LAL,2025-04-06,LAL @ OKC,OKC,False,W,126,99,27,46,84,0.548,22,40,0.55,12,17,8,35,43,25,6,2,17,0.6786,130.0578,102.1883
2024-25,LAL,2025-04-04,LAL vs. NOP,NOP,True,W,124,108,16,41,79,0.519,16,41,0.39,26,28,8,28,36,26,7,2,13,0.6203,130.5263,113.6842
2024-25,LAL,2025-04-03,LAL vs. GSW,GSW,True,L,116,123,-7,39,86,0.453,18,47,0.383,20,23,14,25,39,23,5,3,10,0.5581,124.2236,131.7199
2024-25,LAL,2025-03-31,LAL vs. HOU,HOU,True,W,104,98,6,35,89,0.393,16,46,0.348,18,20,10,35,45,22,11,6,11,0.4831,103.8546,97.863
2024-25,LAL,2025-03-29,LAL @ MEM,MEM,False,W,134,127,7,45,89,0.506,19,43,0.442,25,27,8,34,42,30,7,3,13,0.6124,126.5345,119.9245
2024-25,LAL,2025-03-27,LAL @ CHI,CHI,False,L,117,119,-2,45,91,0.495,12,41,0.293,15,18,6,34,40,30,8,7,11,0.5604,111.6412,113.5496
2024-25,LAL,2025-03-26,LAL @ IND,IND,False,W,120,119,1,41,79,0.519,17,38,0.447,21,24,8,35,43,26,5,3,15,0.6266,123.1274,122.1014
2024-25,LAL,2025-03-24,LAL @ ORL,ORL,False,L,106,118,-12,37,80,0.463,10,32,0.313,22,28,11,28,39,19,7,1,11,0.525,114.9425,127.9549
2024-25,LAL,2025-03-22,LAL vs. CHI,CHI,True,L,115,146,-31,41,85,0.482,17,41,0.415,16,22,9,26,35,23,8,1,21,0.5824,108.7573,138.0745
2024-25,LAL,2025-03-20,LAL vs. MIL,MIL,True,L,89,118,-29,34,82,0.415,11,32,0.344,10,16,14,36,50,26,5,4,22,0.4817,91.2821,121.0256
2024-25,LAL,2025-03-19,LAL vs. DEN,DEN,True,W,120,108,12,42,83,0.506,16,38,0.421,20,28,8,30,38,25,13,3,14,0.6024,117.325,105.5925
2024-25,LAL,2025-03-17,LAL vs. SAS,SAS,True,W,125,109,16,44,90,0.489,19,48,0.396,18,24,8,34,42,34,13,4,9,0.5944,122.7175,107.0096
2024-25,LAL,2025-03-16,LAL vs. PHX,PHX,True,W,107,96,11,35,81,0.432,14,39,0.359,23,32,7,33,40,22,7,5,10,0.5185,109.0057,97.7995
2024-25,LAL,2025-03-14,LAL @ DEN,DEN,False,L,126,131,-5,49,105,0.467,15,40,0.375,13,16,19,28,47,32,10,2,9,0.5381,121.8804,126.717
2024-25,LAL,2025-03-13,LAL @ MIL,MIL,False,L,106,126,-20,38,87,0.437,15,40,0.375,15,18,5,33,38,18,3,4,14,0.523,101.2223,120.3209
2024-25,LAL,2025-03-10,LAL @ BKN,BKN,False,L,108,111,-3,37,85,0.435,19,40,0.475,15,19,8,35,43,31,4,4,15,0.5471,111.0197,114.1036
2024-25,LAL,2025-03-08,LAL @ BOS,BOS,False,L,101,111,-10,39,87,0.448,14,40,0.35,9,14,9,36,45,18,6,1,14,0.5287,105.1207,115.5287
2024-25,LAL,2025-03-06,LAL vs. NYK,NYK,True,W,113,109,4,38,89,0.427,14,42,0.333,23,28,12,37,49,25,7,4,17,0.5056,104.4362,100.7394
2024-25,LAL,2025-03-04,LAL vs. NOP,NOP,True,W,136,115,21,48,90,0.533,19,52,0.365,21,27,17,34,51,32,7,5,15,0.6389,135.2426,114.3596
2024-25,LAL,2025-03-02,LAL vs. LAC,LAC,True,W,108,102,6,38,77,0.494,18,42,0.429,14,20,11,30,41,21,8,6,17,0.6104,114.1167,107.7768
2024-25,LAL,2025-02-28,LAL vs. LAC,LAC,True,W,106,102,4,39,80,0.488,11,33,0.333,17,22,10,29,39,19,14,5,15,0.5562,109.3234,105.198
2024-25,LAL,2025-02-27,LAL vs. MIN,MIN,True,W,111,102,9,34,82,0.415,11,41,0.268,32,46,16,36,52,21,7,2,13,0.4817,112.8737,103.7218
2024-25,LAL,2025-02-25,LAL vs. DAL,DAL,True,W,107,99,8,39,87,0.448,11,40,0.275,18,24,13,44,57,24,7,8,14,0.5115,106.8504,98.8616
2024-25,LAL,2025-02-22,LAL @ DEN,DEN,False,W,123,100,23,43,86,0.5,16,41,0.39,21,25,9,30,39,27,15,9,9,0.593,122.2421,99.3838
2024-25,LAL,2025-02-20,LAL @ POR,POR,False,W,110,102,8,39,82,0.476,9,32,0.281,23,25,11,37,48,20,7,6,24,0.5305,103.6562,96.1176
2024-25,LAL,2025-02-19,LAL vs. CHA,CHA,True,L,97,100,-3,37,90,0.411,15,51,0.294,8,12,12,38,50,29,7,4,18,0.4944,92.4867,95.3471
2024-25,LAL,2025-02-12,LAL @ UTA,UTA,False,L,119,131,-12,41,92,0.446,20,50,0.4,17,30,14,31,45,31,5,3,14,0.5543,115.1316,126.7415
2024-25,LAL,2025-02-10,LAL vs. UTA,UTA,True,W,132,113,19,50,92,0.543,15,42,0.357,17,18,10,34,44,28,11,2,13,0.625,127.6596,109.2843
2024-25,LAL,2025-02-08,LAL vs. IND,IND,True,W,124,117,7,46,88,0.523,11,33,0.333,21,23,9,37,46,29,6,3,15,0.5852,120.8577,114.0351
2024-25,LAL,2025-02-06,LAL vs. GSW,GSW,True,W,120,112,8,39,78,0.5,13,35,0.371,29,36,7,40,47,26,9,5,14,0.5833,112.8668,105.3424
2024-25,LAL,2025-02-04,LAL @ LAC,LAC,False,W,122,97,25,45,81,0.556,18,37,0.486,14,23,10,40,50,33,7,3,15,0.6667,126.1112,100.2688
2024-25,LAL,2025-02-01,LAL @ NYK,NYK,False,W,128,112,16,47,81,0.58,19,40,0.475,15,18,3,34,37,26,9,4,15,0.6975,126.5572,110.7376
2024-25,LAL,2025-01-30,LAL @ WAS,WAS,False,W,134,96,38,49,90,0.544,15,32,0.469,21,22,9,39,48,31,9,6,11,0.6278,127.2313,91.1508
2024-25,LAL,2025-01-28,LAL @ PHI,PHI,False,L,104,118,-14,37,72,0.514,10,33,0.303,20,23,4,35,39,25,5,3,22,0.5833,104.4596,118.5215
2024-25,LAL,2025-01-27,LAL @ CHA,CHA,False,W,112,107,5,44,86,0.512,6,28,0.214,18,24,12,36,48,22,9,5,19,0.5465,110.6282,105.6895
2024-25,LAL,2025-01-25,LAL @ GSW,GSW,False,W,118,108,10,47,86,0.547,10,29,0.345,14,17,10,32,42,29,8,2,13,0.6047,120.7038,110.4746
2024-25,LAL,2025-01-23,LAL vs. BOS,BOS,True,W,117,96,21,42,89,0.472,15,35,0.429,18,20,10,43,53,27,4,3,10,0.5562,121.4197,99.6264
2024-25,LAL,2025-01-21,LAL vs. WAS,WAS,True,W,111,88,23,43,90,0.478,11,34,0.324,14,18,7,43,50,30,6,10,11,0.5389,107.4332,85.1723
2024-25,LAL,2025-01-19,LAL @ LAC,LAC,False,L,102,116,-14,38,76,0.5,9,27,0.333,17,19,5,28,33,26,6,6,17,0.5592,105.4155,119.8842
2024-25,LAL,2025-01-17,LAL vs. BKN,BKN,True,W,102,101,1,38,82,0.463,12,34,0.353,14,18,6,28,34,24,6,7,10,0.5366,109.3013,108.2297
2024-25,LAL,2025-01-15,LAL vs. MIA,MIA,True,W,117,108,9,47,90,0.522,13,34,0.382,10,14,6,28,34,33,12,4,7,0.5944,120.768,111.4781
2024-25,LAL,2025-01-13,LAL vs. SAS,SAS,True,L,102,126,-24,39,87,0.448,14,44,0.318,10,16,15,25,40,24,9,4,19,0.5287,104.1667,128.6765
2024-25,LAL,2025-01-07,LAL @ DAL,DAL,False,L,97,118,-21,34,75,0.453,11,35,0.314,18,24,5,28,33,20,7,6,10,0.5267,105.0238,127.7609
2024-25,LAL,2025-01-05,LAL @ HOU,HOU,False,L,115,119,-4,38,78,0.487,16,36,0.444,23,28,10,29,39,26,4,5,10,0.5897,123.869,128.1775
2024-25,LAL,2025-01-03,LAL vs. ATL,ATL,True,W,119,102,17,43,88,0.489,13,30,0.433,20,25,17,39,56,28,4,6,19,0.5625,116.7124,100.0392
2024-25,LAL,2025-01-02,LAL vs. POR,POR,True,W,114,106,8,43,94,0.457,15,43,0.349,13,14,15,28,43,30,8,3,13,0.5372,115.5015,107.3961
2024-25,LAL,2024-12-31,LAL vs. CLE,CLE,True,L,110,122,-12,42,95,0.442,9,35,0.257,17,19,8,35,43,26,7,3,9,0.4895,106.8791,118.5387
2024-25,LAL,2024-12-28,LAL vs. SAC,SAC,True,W,132,122,10,46,77,0.597,14,26,0.538,26,33,4,29,33,33,4,3,11,0.6883,131.9208,121.9268
2024-25,LAL,2024-12-25,LAL @ GSW,GSW,False,W,115,113,2,41,91,0.451,15,42,0.357,18,18,11,30,41,30,6,4,9,0.533,118.3128,116.2551
2024-25,LAL,2024-12-23,LAL vs. DET,DET,True,L,114,117,-3,40,74,0.541,14,30,0.467,20,25,6,32,38,28,8,3,20,0.6351,114.9889,118.0149
2024-25,LAL,2024-12-21,LAL @ SAC,SAC,False,W,103,99,4,40,83,0.482,9,35,0.257,14,21,9,39,48,23,10,6,14,0.5361,104.888,100.8147
2024-25,LAL,2024-12-19,LAL @ SAC,SAC,False,W,113,100,13,38,94,0.404,12,33,0.364,25,30,14,39,53,22,8,10,13,0.4681,107.6806,95.2925
2024-25,LAL,2024-12-15,LAL vs. MEM,MEM,True,W,116,110,6,39,82,0.476,10,34,0.294,28,39,10,34,44,23,10,7,23,0.5366,102.4916,97.1903
2024-25,LAL,2024-12-13,LAL @ MIN,MIN,False,L,87,97,-10,33,86,0.384,10,35,0.286,11,17,15,38,53,17,7,6,22,0.4419,86.5499,96.4982
2024-25,LAL,2024-12-08,LAL vs. POR,POR,True,W,107,98,9,38,83,0.458,13,34,0.382,18,21,8,32,40,25,14,7,11,0.5361,110.037,100.7816
2024-25,LAL,2024-12-06,LAL @ ATL,ATL,False,L,132,134,-2,51,99,0.515,16,35,0.457,14,16,6,34,40,33,11,10,15,0.596,114.4244,116.1581
2024-25,LAL,2024-12-04,LAL @ MIA,MIA,False,L,93,134,-41,37,88,0.42,5,22,0.227,14,19,12,24,36,29,9,4,13,0.4489,95.7184,137.9168
2024-25,LAL,2024-12-02,LAL @ MIN,MIN,False,L,80,109,-29,32,79,0.405,6,31,0.194,10,14,9,30,39,19,8,2,21,0.443,83.0048,113.094
2024-25,LAL,2024-12-01,LAL @ UTA,UTA,False,W,105,104,1,39,88,0.443,7,33,0.212,20,25,10,32,42,23,7,4,5,0.483,112.2754,111.2062
2024-25,LAL,2024-11-29,LAL vs. OKC,OKC,True,L,93,101,-8,33,73,0.452,11,38,0.289,16,21,8,39,47,25,4,6,17,0.5274,99.8497,108.4389
2024-25,LAL,2024-11-27,LAL @ SAS,SAS,False,W,119,101,18,48,90,0.533,13,34,0.382,10,10,11,35,46,31,8,3,13,0.6056,123.6749,104.9678
2024-25,LAL,2024-11-26,LAL @ PHX,PHX,False,L,100,127,-27,37,85,0.435,8,34,0.235,18,25,7,35,42,25,7,6,12,0.4824,97.371,123.6611
2024-25,LAL,2024-11-23,LAL vs. DEN,DEN,True,L,102,127,-25,39,88,0.443,13,36,0.361,11,14,6,26,32,27,11,3,15,0.517,100.2358,124.8035
2024-25,LAL,2024-11-21,LAL vs. ORL,ORL,True,L,118,119,-1,44,87,0.506,13,31,0.419,17,26,9,27,36,21,4,6,10,0.5805,117.0171,118.0087
2024-25,LAL,2024-11-19,LAL vs. UTA,UTA,True,W,124,118,6,42,76,0.553,14,31,0.452,26,36,6,28,34,30,9,5,14,0.6447,122.0472,116.1417
2024-25,LAL,2024-11-16,LAL @ NOP,NOP,False,W,104,99,5,39,89,0.438,12,40,0.3,14,18,17,26,43,24,10,3,11,0.5056,113.6364,108.1731
2024-25,LAL,2024-11-15,LAL @ SAS,SAS,False,W,120,115,5,44,88,0.5,14,31,0.452,18,23,10,31,41,27,10,3,12,0.5795,121.7285,116.6565
2024-25,LAL,2024-11-13,LAL vs. MEM,MEM,True,W,128,123,5,43,85,0.506,20,41,0.488,22,32,7,35,42,31,7,5,18,0.6235,118.7384,114.1002
2024-25,LAL,2024-11-10,LAL vs. TOR,TOR,True,W,123,103,20,44,86,0.512,12,37,0.324,23,28,10,23,33,30,9,4,5,0.5814,128.7958,107.8534
2024-25,LAL,2024-11-08,LAL vs. PHI,PHI,True,W,116,106,10,44,85,0.518,16,35,0.457,12,14,5,40,45,28,1,13,13,0.6118,115.8378,105.8518
2024-25,LAL,2024-11-06,LAL @ MEM,MEM,False,L,114,131,-17,41,93,0.441,15,48,0.313,17,21,9,28,37,23,10,1,11,0.5215,106.8616,122.7972
2024-25,LAL,2024-11-04,LAL @ DET,DET,False,L,103,115,-12,37,85,0.435,9,25,0.36,20,27,7,30,37,28,8,1,13,0.4882,101.1987,112.9888
2024-25,LAL,2024-11-01,LAL @ TOR,TOR,False,W,131,125,6,42,88,0.477,11,32,0.344,36,41,9,34,43,29,6,5,10,0.5398,121.4312,115.8695
2024-25,LAL,2024-10-30,LAL @ CLE,CLE,False,L,110,134,-24,38,77,0.494,6,28,0.214,28,33,5,32,37,21,6,0,21,0.5325,102.7845,125.2102
2024-25,LAL,2024-10-28,LAL @ PHX,PHX,False,L,105,109,-4,39,94,0.415,14,32,0.438,13,18,11,35,46,25,5,6,12,0.4894,104.6234,108.609
2024-25,LAL,2024-10-26,LAL vs. SAC,SAC,True,W,131,127,4,48,92,0.522,14,34,0.412,21,24,13,32,45,32,8,3,19,0.5978,120.9826,117.2885
2024-25,LAL,2024-10-25,LAL vs. PHX,PHX,True,W,123,116,7,40,75,0.533,14,27,0.519,29,39,6,31,37,33,10,5,13,0.6267,122.6077,115.63
2024-25,LAL,2024-10-22,LAL vs. MIN,MIN,True,W,110,103,7,42,95,0.442,5,30,0.167,21,25,15,31,46,22,7,8,7,0.4684,110.6195,103.58
2024-25,MEM,2025-04-13,MEM vs. DAL,DAL,True,W,132,97,35,52,104,0.5,15,40,0.375,13,15,19,34,53,31,13,7,12,0.5721,126.7524,93.1438
2024-25,MEM,2025-04-11,MEM @ DEN,DEN,False,L,109,117,-8,41,91,0.451,14,43,0.326,13,19,7,34,41,26,8,5,13,0.5275,102.8302,110.3774
2024-25,MEM,2025-04-10,MEM vs. MIN,MIN,True,L,125,141,-16,46,89,0.517,18,36,0.5,15,21,8,25,33,26,5,2,15,0.618,117.6139,132.6684
2024-25,MEM,2025-04-08,MEM @ CHA,CHA,False,W,124,100,24,42,93,0.452,18,55,0.327,22,26,14,38,52,23,12,3,14,0.5484,121.2358,97.7708
2024-25,MEM,2025-04-05,MEM @ DET,DET,False,W,109,103,6,39,94,0.415,9,32,0.281,22,29,17,47,64,19,4,3,15,0.4628,103.8689,98.1513
2024-25,MEM,2025-04-03,MEM @ MIA,MIA,False,W,110,108,2,40,85,0.471,16,38,0.421,14,17,12,37,49,24,8,4,18,0.5647,111.201,109.1791
2024-25,MEM,2025-04-01,MEM vs. GSW,GSW,True,L,125,134,-9,44,92,0.478,18,44,0.409,19,22,8,35,43,22,7,6,16,0.5761,115.2074,123.5023
2024-25,MEM,2025-03-31,MEM vs. BOS,BOS,True,L,103,117,-14,41,92,0.446,11,44,0.25,10,16,5,40,45,21,9,3,11,0.5054,97.9087,111.2167
2024-25,MEM,2025-03-29,MEM vs. LAL,LAL,True,L,127,134,-7,50,95,0.526,14,32,0.438,13,18,9,32,41,33,7,4,12,0.6,119.9245,126.5345
2024-25,MEM,2025-03-27,MEM @ OKC,OKC,False,L,104,125,-21,33,79,0.418,16,42,0.381,22,23,5,31,36,28,9,4,19,0.519,98.8405,118.7987
2024-25,MEM,2025-03-25,MEM @ UTA,UTA,False,W,140,103,37,52,98,0.531,20,45,0.444,16,18,17,35,52,38,7,4,9,0.6327,143.1493,105.317
2024-25,MEM,2025-03-21,MEM @ LAC,LAC,False,L,108,128,-20,40,95,0.421,19,49,0.388,9,13,10,30,40,28,8,3,10,0.5211,106.3201,126.0091
2024-25,MEM,2025-03-19,MEM @ POR,POR,False,L,99,115,-16,37,92,0.402,8,30,0.267,17,21,10,30,40,23,11,4,10,0.4457,98.2728,114.1553
2024-25,MEM,2025-03-17,MEM @ SAC,SAC,False,L,122,132,-10,44,90,0.489,13,30,0.433,21,21,15,33,48,24,8,7,18,0.5611,117.6244,127.2657
2024-25,MEM,2025-03-15,MEM vs. MIA,MIA,True,W,125,91,34,51,92,0.554,12,31,0.387,11,12,11,40,51,31,7,6,11,0.6196,127.6292,92.914
2024-25,MEM,2025-03-14,MEM vs. CLE,CLE,True,L,124,133,-9,48,97,0.495,11,36,0.306,17,21,10,35,45,25,11,3,14,0.5515,112.3392,120.4928
2024-25,MEM,2025-03-12,MEM vs. UTA,UTA,True,W,122,115,7,43,94,0.457,20,44,0.455,16,21,5,34,39,30,15,6,9,0.5638,113.1935,106.6988
2024-25,MEM,2025-03-10,MEM vs. PHX,PHX,True,W,120,118,2,40,86,0.465,17,46,0.37,23,27,11,28,39,26,9,7,15,0.564,118.4834,116.5087
2024-25,MEM,2025-03-09,MEM @ NOP,NOP,False,W,107,104,3,41,99,0.414,13,49,0.265,12,19,23,34,57,24,11,6,14,0.4798,107.4082,104.3967
2024-25,MEM,2025-03-07,MEM @ DAL,DAL,False,W,122,111,11,50,106,0.472,8,21,0.381,14,16,17,42,59,28,9,12,11,0.5094,113.6999,103.4483
2024-25,MEM,2025-03-05,MEM vs. OKC,OKC,True,L,103,120,-17,37,91,0.407,9,34,0.265,20,22,11,38,49,21,9,1,16,0.456,98.5457,114.8106
2024-25,MEM,2025-03-03,MEM vs. ATL,ATL,True,L,130,132,-2,47,93,0.505,13,33,0.394,23,25,17,26,43,36,7,3,20,0.5753,124.7122,126.6309
2024-25,MEM,2025-03-01,MEM vs. SAS,SAS,True,L,128,130,-2,50,95,0.526,11,38,0.289,17,20,12,29,41,31,7,8,13,0.5842,121.6268,123.5272
2024-25,MEM,2025-02-28,MEM vs. NYK,NYK,True,L,113,114,-1,44,94,0.468,4,31,0.129,21,22,19,39,58,26,2,4,19,0.4894,109.3266,110.2941
2024-25,MEM,2025-02-25,MEM vs. PHX,PHX,True,W,151,148,3,52,99,0.525,20,48,0.417,27,30,7,31,38,36,10,4,12,0.6263,128.1616,125.6153
2024-25,MEM,2025-02-23,MEM @ CLE,CLE,False,L,123,129,-6,42,92,0.457,15,39,0.385,24,31,12,25,37,28,8,5,14,0.538,114.9318,120.5382
2024-25,MEM,2025-02-21,MEM @ ORL,ORL,False,W,105,104,1,38,92,0.413,7,33,0.212,22,29,15,38,53,22,7,7,15,0.4511,100.8258,99.8656
2024-25,MEM,2025-02-20,MEM @ IND,IND,False,L,113,127,-14,41,99,0.414,12,39,0.308,19,22,12,34,46,28,6,7,13,0.4747,106.4231,119.6082
2024-25,MEM,2025-02-12,MEM @ LAC,LAC,False,L,114,128,-14,44,89,0.494,18,36,0.5,8,15,9,31,40,24,5,4,22,0.5955,105.9086,118.9149
2024-25,MEM,2025-02-11,MEM @ PHX,PHX,False,W,119,112,7,43,100,0.43,12,39,0.308,21,27,20,40,60,22,8,3,13,0.49,112.4976,105.8801
2024-25,MEM,2025-02-08,MEM vs. OKC,OKC,True,L,112,125,-13,36,81,0.444,12,28,0.429,28,39,10,30,40,21,7,9,13,0.5185,110.1278,122.9105
2024-25,MEM,2025-02-05,MEM @ TOR,TOR,False,W,138,107,31,47,89,0.528,16,38,0.421,28,38,24,37,61,22,7,5,18,0.618,136.5796,105.8987
2024-25,MEM,2025-02-03,MEM vs. SAS,SAS,True,W,128,109,19,48,99,0.485,14,36,0.389,18,20,10,37,47,33,17,5,15,0.5556,112.9744,96.2048
2024-25,MEM,2025-02-02,MEM @ MIL,MIL,False,W,132,119,13,52,107,0.486,14,39,0.359,14,22,22,39,61,37,9,5,12,0.5514,125.0948,112.7748
2024-25,MEM,2025-01-30,MEM vs. HOU,HOU,True,W,120,119,1,48,93,0.516,9,28,0.321,15,20,9,28,37,23,7,6,11,0.5645,116.437,115.4667
2024-25,MEM,2025-01-27,MEM @ NYK,NYK,False,L,106,143,-37,41,91,0.451,9,24,0.375,15,17,18,29,47,21,5,9,26,0.5,97.9667,132.1627
2024-25,MEM,2025-01-25,MEM vs. UTA,UTA,True,W,125,103,22,43,84,0.512,14,38,0.368,25,34,13,32,45,28,10,9,17,0.5952,121.9512,100.4878
2024-25,MEM,2025-01-24,MEM vs. NOP,NOP,True,W,139,126,13,56,101,0.554,19,42,0.452,8,8,16,27,43,38,8,4,13,0.6485,136.5422,123.7721
2024-25,MEM,2025-01-22,MEM vs. CHA,CHA,True,W,132,120,12,49,98,0.5,21,47,0.447,13,14,13,27,40,36,9,6,16,0.6071,124.3875,113.0795
2024-25,MEM,2025-01-20,MEM vs. MIN,MIN,True,W,108,106,2,37,86,0.43,7,33,0.212,27,34,13,34,47,19,9,4,13,0.4709,105.4482,103.4954
2024-25,MEM,2025-01-17,MEM @ SAS,SAS,False,W,140,112,28,55,97,0.567,19,44,0.432,11,15,10,31,41,39,9,0,9,0.6649,137.4435,109.9548
2024-25,MEM,2025-01-15,MEM @ SAS,SAS,False,W,129,115,14,51,103,0.495,16,38,0.421,11,17,14,38,52,28,7,5,8,0.5728,123.2327,109.8586
2024-25,MEM,2025-01-13,MEM @ HOU,HOU,False,L,118,120,-2,45,84,0.536,14,32,0.438,14,21,8,23,31,15,17,2,18,0.619,114.6299,116.5728
2024-25,MEM,2025-01-11,MEM @ MIN,MIN,False,W,127,125,2,48,108,0.444,16,41,0.39,15,19,21,25,46,25,13,3,13,0.5185,119.9698,118.0805
2024-25,MEM,2025-01-09,MEM vs. HOU,HOU,True,L,115,119,-4,42,84,0.5,10,32,0.313,21,30,10,33,43,20,9,8,20,0.5595,105.3886,109.0543
2024-25,MEM,2025-01-06,MEM vs. DAL,DAL,True,W,119,104,15,40,88,0.455,12,35,0.343,27,35,13,42,55,24,11,5,15,0.5227,112.2642,98.1132
2024-25,MEM,2025-01-04,MEM @ GSW,GSW,False,L,113,121,-8,46,88,0.523,9,27,0.333,12,16,12,31,43,29,9,7,23,0.5739,109.6661,117.4301
2024-25,MEM,2025-01-03,MEM @ SAC,SAC,False,L,133,138,-5,43,89,0.483,17,37,0.459,30,36,14,37,51,31,5,4,17,0.5787,122.6032,127.2124
2024-25,MEM,2024-12-31,MEM @ PHX,PHX,False,W,117,112,5,40,94,0.426,15,44,0.341,22,33,16,35,51,27,10,6,17,0.5053,106.5962,102.0408
2024-25,MEM,2024-12-29,MEM @ OKC,OKC,False,L,106,130,-24,37,97,0.381,14,51,0.275,18,21,16,35,51,30,6,4,21,0.4536,96.1364,117.9031
2024-25,MEM,2024-12-27,MEM @ NOP,NOP,False,W,132,124,8,42,89,0.472,17,41,0.415,31,35,9,33,42,30,12,7,17,0.5674,116.7315,109.6569
2024-25,MEM,2024-12-26,MEM vs. TOR,TOR,True,W,155,126,29,58,109,0.532,18,45,0.4,21,29,24,39,63,36,8,8,18,0.6147,132.66,107.8398
2024-25,MEM,2024-12-23,MEM vs. LAC,LAC,True,L,110,114,-4,38,99,0.384,16,42,0.381,18,26,19,37,56,26,8,6,20,0.4646,99.6016,103.2235
2024-25,MEM,2024-12-21,MEM @ ATL,ATL,False,W,128,112,16,50,97,0.515,18,41,0.439,10,13,8,32,40,35,13,1,18,0.6082,115.1701,100.7738
2024-25,MEM,2024-12-19,MEM vs. GSW,GSW,True,W,144,93,51,53,98,0.541,27,48,0.563,11,15,15,45,60,38,11,8,17,0.6786,133.8539,86.4473
2024-25,MEM,2024-12-15,MEM @ LAL,LAL,False,L,110,116,-6,38,97,0.392,9,28,0.321,25,30,17,33,50,25,10,3,21,0.4381,97.1903,102.4916
2024-25,MEM,2024-12-13,MEM vs. BKN,BKN,True,W,135,119,16,52,99,0.525,17,36,0.472,14,21,12,37,49,33,9,4,13,0.6111,122.9508,108.3789
2024-25,MEM,2024-12-08,MEM @ WAS,WAS,False,W,140,112,28,50,96,0.521,17,43,0.395,23,29,12,34,46,34,12,8,18,0.6094,124.2016,99.3612
2024-25,MEM,2024-12-07,MEM @ BOS,BOS,False,W,127,121,6,47,94,0.5,15,33,0.455,18,23,11,41,52,25,13,7,13,0.5798,114.7038,109.2847
2024-25,MEM,2024-12-05,MEM vs. SAC,SAC,True,W,115,110,5,38,80,0.475,13,38,0.342,26,32,9,40,49,27,9,5,22,0.5562,106.2847,101.6636
2024-25,MEM,2024-12-03,MEM @ DAL,DAL,False,L,116,121,-5,45,97,0.464,13,40,0.325,13,14,13,26,39,27,15,3,19,0.5309,105.2059,109.7406
2024-25,MEM,2024-12-01,MEM vs. IND,IND,True,W,136,121,15,49,93,0.527,16,46,0.348,22,27,8,32,40,36,9,6,10,0.6129,125.1611,111.3565
2024-25,MEM,2024-11-29,MEM vs. NOP,NOP,True,W,120,109,11,47,96,0.49,12,41,0.293,14,17,14,37,51,36,9,5,16,0.5521,113.9168,103.4745
2024-25,MEM,2024-11-27,MEM vs. DET,DET,True,W,131,111,20,51,93,0.548,17,46,0.37,12,16,10,32,42,31,13,4,17,0.6398,122.407,103.7189
2024-25,MEM,2024-11-25,MEM vs. POR,POR,True,W,123,98,25,43,87,0.494,12,28,0.429,25,34,16,44,60,35,7,13,19,0.5632,116.4332,92.7679
2024-25,MEM,2024-11-23,MEM @ CHI,CHI,False,W,142,131,11,55,96,0.573,19,42,0.452,13,20,13,36,49,38,5,4,14,0.6719,133.8612,123.4917
2024-25,MEM,2024-11-20,MEM vs. PHI,PHI,True,W,117,111,6,41,85,0.482,19,43,0.442,16,16,9,32,41,29,5,6,20,0.5941,116.65,110.668
2024-25,MEM,2024-11-19,MEM vs. DEN,DEN,True,L,110,122,-12,41,103,0.398,9,38,0.237,19,31,19,36,55,24,9,10,22,0.4417,93.4897,103.6886
2024-25,MEM,2024-11-17,MEM vs. DEN,DEN,True,W,105,90,15,41,91,0.451,13,39,0.333,10,12,10,35,45,31,10,10,13,0.522,105.8254,90.7075
2024-25,MEM,2024-11-15,MEM @ GSW,GSW,False,L,118,123,-5,42,103,0.408,7,42,0.167,27,33,18,36,54,22,8,11,15,0.4417,103.2732,107.6492
2024-25,MEM,2024-11-13,MEM @ LAL,LAL,False,L,123,128,-5,42,89,0.472,12,33,0.364,27,33,12,29,41,28,11,6,14,0.5393,114.1002,118.7384
2024-25,MEM,2024-11-10,MEM @ POR,POR,False,W,134,89,45,47,85,0.553,16,43,0.372,24,28,10,41,51,32,15,13,23,0.6471,117.7711,78.2211
2024-25,MEM,2024-11-08,MEM vs. WAS,WAS,True,W,128,104,24,46,97,0.474,14,43,0.326,22,25,13,37,50,30,10,10,19,0.5464,114.2245,92.8074
2024-25,MEM,2024-11-06,MEM vs. LAL,LAL,True,W,131,114,17,48,93,0.516,17,34,0.5,18,23,12,38,50,28,5,6,18,0.6075,122.7972,106.8616
2024-25,MEM,2024-11-04,MEM @ BKN,BKN,False,L,104,106,-2,43,91,0.473,8,30,0.267,10,13,13,31,44,29,5,8,15,0.5165,107.9734,110.0498
2024-25,MEM,2024-11-02,MEM @ PHI,PHI,False,W,124,107,17,48,87,0.552,12,27,0.444,16,21,11,41,52,35,9,6,17,0.6207,120.365,103.8633
2024-25,MEM,2024-10-31,MEM vs. MIL,MIL,True,W,122,99,23,43,82,0.524,8,28,0.286,28,31,7,49,56,26,6,3,17,0.5732,115.6398,93.8389
2024-25,MEM,2024-10-30,MEM vs. BKN,BKN,True,L,106,119,-13,38,81,0.469,8,27,0.296,22,29,12,26,38,27,9,3,22,0.5185,103.0327,115.6687
2024-25,MEM,2024-10-28,MEM vs. CHI,CHI,True,L,123,126,-3,51,111,0.459,14,43,0.326,7,13,18,42,60,37,5,9,10,0.5225,114.8459,117.6471
2024-25,MEM,2024-10-26,MEM vs. ORL,ORL,True,W,124,111,13,46,86,0.535,13,34,0.382,19,24,6,36,42,38,10,5,18,0.6105,115.4133,103.3135
2024-25,MEM,2024-10-25,MEM @ HOU,HOU,False,L,108,128,-20,38,91,0.418,10,28,0.357,22,36,14,29,43,24,8,8,19,0.4725,97.4377,115.4818
2024-25,MEM,2024-10-23,MEM @ UTA,UTA,False,W,126,124,2,43,91,0.473,17,45,0.378,23,32,13,28,41,28,7,5,13,0.5659,118.3766,116.4976
2024-25,MIA,2025-04-13,MIA vs. WAS,WAS,True,L,118,119,-1,49,98,0.5,10,32,0.313,10,12,9,37,46,28,8,6,8,0.551,115.2569,116.2336
2024-25,MIA,2025-04-11,MIA @ NOP,NOP,False,W,153,104,49,58,104,0.558,20,45,0.444,17,22,16,44,60,36,12,5,9,0.6538,143.339,97.433
2024-25,MIA,2025-04-09,MIA @ CHI,CHI,False,L,111,119,-8,44,92,0.478,12,33,0.364,11,17,11,28,39,28,11,3,13,0.5435,109.7923,117.7052
2024-25,MIA,2025-04-07,MIA vs. PHI,PHI,True,W,117,105,12,45,89,0.506,16,36,0.444,11,15,10,37,47,26,7,6,13,0.5955,119.0234,106.8159
2024-25,MIA,2025-04-05,MIA vs. MIL,MIL,True,L,115,121,-6,43,102,0.422,15,46,0.326,14,16,12,40,52,24,4,1,10,0.4951,108.0827,113.7218
2024-25,MIA,2025-04-03,MIA vs. MEM,MEM,True,L,108,110,-2,39,95,0.411,14,33,0.424,16,19,15,32,47,24,11,8,11,0.4842,109.1791,111.201
2024-25,MIA,2025-04-02,MIA @ BOS,BOS,False,W,124,103,21,43,83,0.518,14,30,0.467,24,27,11,23,34,28,9,2,5,0.6024,140.1764,116.4368
2024-25,MIA,2025-03-31,MIA @ WAS,WAS,False,W,120,94,26,47,93,0.505,9,32,0.281,17,24,15,47,62,29,12,2,19,0.5538,111.8985,87.6539
2024-25,MIA,2025-03-29,MIA @ PHI,PHI,False,W,118,95,23,44,93,0.473,20,43,0.465,10,13,16,31,47,33,12,4,11,0.5806,125.6121,101.1284
2024-25,MIA,2025-03-27,MIA vs. ATL,ATL,True,W,122,112,10,44,82,0.537,18,33,0.545,16,20,7,30,37,26,10,1,14,0.6463,124.7189,114.496
2024-25,MIA,2025-03-25,MIA vs. GSW,GSW,True,W,112,86,26,43,77,0.558,17,25,0.68,9,12,8,34,42,26,8,5,18,0.6688,121.5278,93.316
2024-25,MIA,2025-03-23,MIA vs. CHA,CHA,True,W,122,105,17,47,82,0.573,12,29,0.414,16,20,7,25,32,27,10,4,12,0.6463,124.1604,106.8594
2024-25,MIA,2025-03-21,MIA vs. HOU,HOU,True,L,98,102,-4,38,73,0.521,10,24,0.417,12,14,5,29,34,25,8,5,21,0.589,102.9412,107.1429
2024-25,MIA,2025-03-19,MIA vs. DET,DET,True,L,113,116,-3,44,90,0.489,10,32,0.313,15,18,11,26,37,24,7,5,13,0.5444,113.6592,116.6767
2024-25,MIA,2025-03-17,MIA @ NYK,NYK,False,L,95,116,-21,39,82,0.476,6,23,0.261,11,12,9,30,39,23,9,6,21,0.5122,95.9984,117.2191
2024-25,MIA,2025-03-15,MIA @ MEM,MEM,False,L,91,125,-34,35,88,0.398,9,37,0.243,12,15,10,27,37,24,6,4,14,0.4489,92.914,127.6292
2024-25,MIA,2025-03-14,MIA vs. BOS,BOS,True,L,91,103,-12,34,75,0.453,13,34,0.382,10,17,7,31,38,18,10,4,18,0.54,96.7056,109.458
2024-25,MIA,2025-03-12,MIA vs. LAC,LAC,True,L,104,119,-15,40,84,0.476,14,37,0.378,10,14,9,20,29,27,14,3,11,0.5595,111.9966,128.1499
2024-25,MIA,2025-03-10,MIA vs. CHA,CHA,True,L,102,105,-3,39,85,0.459,10,31,0.323,14,20,11,35,46,24,7,3,16,0.5176,104.1241,107.1866
2024-25,MIA,2025-03-08,MIA vs. CHI,CHI,True,L,109,114,-5,41,97,0.423,13,43,0.302,14,19,7,37,44,25,7,5,9,0.4897,102.9273,107.6487
2024-25,MIA,2025-03-07,MIA vs. MIN,MIN,True,L,104,106,-2,41,89,0.461,14,34,0.412,8,11,7,34,41,29,7,2,9,0.5393,109.4737,111.5789
2024-25,MIA,2025-03-05,MIA @ CLE,CLE,False,L,107,112,-5,36,83,0.434,13,36,0.361,22,25,9,33,42,29,7,2,14,0.512,107.7109,112.7441
2024-25,MIA,2025-03-03,MIA vs. WAS,WAS,True,W,106,90,16,39,82,0.476,13,37,0.351,15,18,5,43,48,31,10,4,12,0.5549,107.8332,91.5565
2024-25,MIA,2025-03-02,MIA vs. NYK,NYK,True,L,112,116,-4,45,84,0.536,11,35,0.314,11,16,3,31,34,29,5,6,13,0.6012,109.4605,113.3698
2024-25,MIA,2025-02-28,MIA vs. IND,IND,True,W,125,120,5,48,84,0.571,17,32,0.531,12,13,12,27,39,34,7,4,15,0.6726,134.9601,129.5616
2024-25,MIA,2025-02-26,MIA vs. ATL,ATL,True,W,131,109,22,45,76,0.592,23,42,0.548,18,22,8,27,35,39,10,2,17,0.7434,136.4299,113.518
2024-25,MIA,2025-02-24,MIA @ ATL,ATL,False,L,86,98,-12,27,84,0.321,7,40,0.175,25,27,14,31,45,15,8,4,18,0.3631,86.7985,98.91
2024-25,MIA,2025-02-23,MIA @ MIL,MIL,False,L,113,120,-7,41,88,0.466,9,31,0.29,22,26,10,36,46,25,3,3,11,0.517,114.651,121.7532
2024-25,MIA,2025-02-21,MIA @ TOR,TOR,False,W,120,111,9,46,90,0.511,13,36,0.361,15,18,8,36,44,20,8,3,14,0.5833,117.0503,108.2716
2024-25,MIA,2025-02-13,MIA @ DAL,DAL,False,L,113,118,-5,43,91,0.473,10,36,0.278,17,26,16,26,42,23,9,4,13,0.5275,113.2946,118.3076
2024-25,MIA,2025-02-12,MIA @ OKC,OKC,False,L,101,115,-14,36,79,0.456,11,34,0.324,18,25,10,35,45,24,7,5,16,0.5253,103.6961,118.0698
2024-25,MIA,2025-02-10,MIA vs. BOS,BOS,True,L,85,103,-18,31,92,0.337,11,45,0.244,12,13,12,39,51,21,2,2,4,0.3967,92.7745,112.4209
2024-25,MIA,2025-02-07,MIA @ BKN,BKN,False,L,86,102,-16,32,90,0.356,12,40,0.3,10,12,11,28,39,23,9,5,14,0.4222,88.1148,104.5082
2024-25,MIA,2025-02-05,MIA @ PHI,PHI,False,W,108,101,7,39,83,0.47,14,34,0.412,16,20,13,41,54,25,3,4,22,0.5542,108.2164,101.2024
2024-25,MIA,2025-02-04,MIA @ CHI,CHI,False,L,124,133,-9,43,90,0.478,17,44,0.386,21,26,11,33,44,29,4,3,14,0.5722,119.162,127.8109
2024-25,MIA,2025-02-01,MIA @ SAS,SAS,False,W,105,103,2,41,89,0.461,13,42,0.31,10,17,12,40,52,30,7,5,14,0.5337,106.7507,104.7174
2024-25,MIA,2025-01-29,MIA vs. CLE,CLE,True,L,106,126,-20,39,83,0.47,15,43,0.349,13,15,6,29,35,27,4,4,14,0.5602,109.1433,129.7364
2024-25,MIA,2025-01-27,MIA vs. ORL,ORL,True,W,125,119,6,48,92,0.522,15,41,0.366,14,21,5,38,43,34,9,2,18,0.6033,110.5021,105.198
2024-25,MIA,2025-01-25,MIA @ BKN,BKN,False,W,106,97,9,35,79,0.443,13,28,0.464,23,24,12,39,51,22,9,6,22,0.5253,107.0707,97.9798
2024-25,MIA,2025-01-23,MIA @ MIL,MIL,False,L,96,125,-29,34,92,0.37,12,51,0.235,16,21,13,37,50,26,3,3,11,0.4348,95.0307,123.7379
2024-25,MIA,2025-01-21,MIA vs. POR,POR,True,L,107,116,-9,41,93,0.441,14,42,0.333,11,12,12,33,45,26,2,3,10,0.5161,112.395,121.8487
2024-25,MIA,2025-01-19,MIA vs. SAS,SAS,True,W,128,107,21,50,95,0.526,18,33,0.545,10,10,12,37,49,35,8,6,11,0.6211,129.0062,107.8412
2024-25,MIA,2025-01-17,MIA vs. DEN,DEN,True,L,113,133,-20,45,91,0.495,9,33,0.273,14,14,6,35,41,30,2,0,8,0.544,113.8424,133.9915
2024-25,MIA,2025-01-15,MIA @ LAL,LAL,False,L,108,117,-9,39,73,0.534,16,36,0.444,14,15,3,34,37,25,3,6,20,0.6438,111.4781,120.768
2024-25,MIA,2025-01-13,MIA @ LAC,LAC,False,L,98,109,-11,33,85,0.388,17,52,0.327,15,18,9,40,49,22,7,3,16,0.4882,96.8762,107.7501
2024-25,MIA,2025-01-11,MIA @ POR,POR,False,W,119,98,21,44,92,0.478,19,44,0.432,12,16,8,35,43,31,13,5,11,0.5815,115.3101,94.9612
2024-25,MIA,2025-01-09,MIA @ UTA,UTA,False,W,97,92,5,36,91,0.396,14,50,0.28,11,15,13,36,49,26,10,7,14,0.4725,99.4464,94.3203
2024-25,MIA,2025-01-07,MIA @ GSW,GSW,False,W,114,98,16,43,91,0.473,16,40,0.4,12,17,9,39,48,32,6,3,10,0.5604,113.6137,97.6679
2024-25,MIA,2025-01-06,MIA @ SAC,SAC,False,L,118,123,-5,43,102,0.422,11,42,0.262,21,27,12,41,53,25,14,6,14,0.4755,101.584,105.8884
2024-25,MIA,2025-01-04,MIA vs. UTA,UTA,True,L,100,136,-36,35,80,0.438,9,35,0.257,21,30,5,27,32,25,9,7,15,0.4938,96.043,130.6185
2024-25,MIA,2025-01-02,MIA vs. IND,IND,True,L,115,128,-13,43,75,0.573,11,26,0.423,18,21,5,34,39,34,6,6,16,0.6467,118.9983,132.4503
2024-25,MIA,2025-01-01,MIA vs. NOP,NOP,True,W,119,108,11,44,83,0.53,14,34,0.412,17,21,5,33,38,34,6,1,13,0.6145,121.4782,110.2491
2024-25,MIA,2024-12-29,MIA @ HOU,HOU,False,W,104,100,4,37,84,0.44,10,33,0.303,20,28,15,37,52,21,6,3,15,0.5,107.7497,103.6055
2024-25,MIA,2024-12-28,MIA @ ATL,ATL,False,L,110,120,-10,40,90,0.444,13,41,0.317,17,18,8,34,42,23,9,4,9,0.5167,110.7754,120.8459
2024-25,MIA,2024-12-26,MIA @ ORL,ORL,False,W,89,88,1,31,76,0.408,15,30,0.5,12,14,7,28,35,21,14,6,21,0.5066,91.2446,90.2194
2024-25,MIA,2024-12-23,MIA vs. BKN,BKN,True,W,110,95,15,36,73,0.493,17,41,0.415,21,24,5,39,44,27,6,3,16,0.6096,114.9666,99.2893
2024-25,MIA,2024-12-21,MIA @ ORL,ORL,False,L,114,121,-7,36,75,0.48,9,32,0.281,33,42,7,31,38,16,7,2,15,0.54,112.1164,119.0008
2024-25,MIA,2024-12-20,MIA vs. OKC,OKC,True,L,97,104,-7,36,83,0.434,12,40,0.3,13,20,7,34,41,20,9,3,19,0.506,97.3505,104.3758
2024-25,MIA,2024-12-16,MIA @ DET,DET,False,L,124,125,-1,45,99,0.455,12,43,0.279,22,24,9,35,44,30,16,2,13,0.5152,108.4485,109.3231
2024-25,MIA,2024-12-12,MIA vs. TOR,TOR,True,W,114,104,10,40,83,0.482,13,32,0.406,21,32,11,41,52,21,4,3,17,0.5602,111.3934,101.622
2024-25,MIA,2024-12-08,MIA vs. CLE,CLE,True,W,122,113,9,41,86,0.477,16,37,0.432,24,26,10,37,47,27,4,4,12,0.5698,123.6319,114.5116
2024-25,MIA,2024-12-07,MIA vs. PHX,PHX,True,W,121,111,10,45,86,0.523,13,32,0.406,18,23,11,30,41,30,9,4,12,0.5988,126.622,116.1574
2024-25,MIA,2024-12-04,MIA vs. LAL,LAL,True,W,134,93,41,52,90,0.578,24,47,0.511,6,9,13,39,52,42,11,5,16,0.7111,137.9168,95.7184
2024-25,MIA,2024-12-02,MIA @ BOS,BOS,False,L,89,108,-19,31,87,0.356,8,35,0.229,19,23,11,33,44,24,6,1,10,0.4023,91.8283,111.4321
2024-25,MIA,2024-12-01,MIA @ TOR,TOR,False,L,116,119,-3,39,88,0.443,15,40,0.375,23,28,12,33,45,25,11,4,14,0.5284,113.1045,116.0296
2024-25,MIA,2024-11-29,MIA vs. TOR,TOR,True,W,121,111,10,43,94,0.457,21,54,0.389,14,17,9,24,33,32,10,0,10,0.5691,121.6325,111.5802
2024-25,MIA,2024-11-27,MIA @ CHA,CHA,False,W,98,94,4,33,73,0.452,14,37,0.378,18,22,4,40,44,21,6,5,22,0.5479,98.3936,94.3775
2024-25,MIA,2024-11-26,MIA vs. MIL,MIL,True,L,103,106,-3,35,77,0.455,10,29,0.345,23,30,9,29,38,26,6,2,8,0.5195,115.9388,119.3156
2024-25,MIA,2024-11-24,MIA vs. DAL,DAL,True,W,123,118,5,46,107,0.43,14,41,0.341,17,27,12,45,57,27,6,6,9,0.4953,106.5489,102.2176
2024-25,MIA,2024-11-18,MIA vs. PHI,PHI,True,W,106,89,17,36,87,0.414,13,44,0.295,21,23,9,44,53,26,10,2,15,0.4885,103.2132,86.6602
2024-25,MIA,2024-11-17,MIA @ IND,IND,False,L,110,119,-9,36,90,0.4,19,43,0.442,19,20,15,23,38,21,4,1,11,0.5056,116.0338,125.5274
2024-25,MIA,2024-11-15,MIA @ IND,IND,False,W,124,111,13,45,87,0.517,15,42,0.357,19,23,4,32,36,27,16,1,10,0.6034,120.4117,107.7879
2024-25,MIA,2024-11-12,MIA @ DET,DET,False,L,121,123,-2,47,101,0.465,17,45,0.378,10,13,12,31,43,25,14,3,12,0.5495,112.5372,114.3973
2024-25,MIA,2024-11-10,MIA @ MIN,MIN,False,W,95,94,1,34,77,0.442,11,31,0.355,16,22,6,37,43,18,14,9,23,0.513,94.3396,93.3466
2024-25,MIA,2024-11-08,MIA @ DEN,DEN,False,L,122,135,-13,46,94,0.489,20,43,0.465,10,13,9,24,33,33,11,1,14,0.5957,118.4006,131.0171
2024-25,MIA,2024-11-06,MIA @ PHX,PHX,False,L,112,115,-3,40,92,0.435,13,34,0.382,19,20,13,30,43,27,12,3,10,0.5054,114.4492,117.5148
2024-25,MIA,2024-11-04,MIA vs. SAC,SAC,True,L,110,111,-1,37,85,0.435,15,36,0.417,21,30,8,28,36,24,9,6,11,0.5235,111.7886,112.8049
2024-25,MIA,2024-11-02,MIA @ WAS,WAS,False,W,118,98,20,43,102,0.422,15,37,0.405,17,24,21,44,65,19,6,3,14,0.4951,112.4881,93.4223
2024-25,MIA,2024-10-30,MIA vs. NYK,NYK,True,L,107,116,-9,37,81,0.457,17,40,0.425,16,24,7,32,39,27,6,3,10,0.5617,113.0123,122.518
2024-25,MIA,2024-10-28,MIA vs. DET,DET,True,W,106,98,8,38,88,0.432,15,47,0.319,15,20,10,34,44,24,14,3,12,0.517,108.5621,100.3687
2024-25,MIA,2024-10-26,MIA @ CHA,CHA,False,W,114,106,8,40,86,0.465,14,34,0.412,20,28,13,30,43,33,8,6,14,0.5465,112.5592,104.6603
2024-25,MIA,2024-10-23,MIA vs. ORL,ORL,True,L,97,116,-19,32,82,0.39,11,34,0.324,22,29,9,32,41,24,5,8,11,0.4573,97.7625,116.9119
2024-25,MIL,2025-04-13,MIL vs. DET,DET,True,W,140,133,7,50,86,0.581,23,44,0.523,17,22,6,32,38,30,5,7,21,0.7151,125.6507,119.3682
2024-25,MIL,2025-04-11,MIL @ DET,DET,False,W,125,119,6,43,94,0.457,17,39,0.436,22,27,8,36,44,30,7,8,7,0.5479,119.7318,113.9847
2024-25,MIL,2025-04-10,MIL vs. NOP,NOP,True,W,136,111,25,49,90,0.544,18,45,0.4,20,30,7,36,43,27,13,4,12,0.6444,127.3647,103.9521
2024-25,MIL,2025-04-08,MIL vs. MIN,MIN,True,W,110,103,7,40,84,0.476,12,36,0.333,18,25,11,32,43,27,8,2,12,0.5476,114.0133,106.7579
2024-25,MIL,2025-04-06,MIL @ NOP,NOP,False,W,111,107,4,43,92,0.467,11,32,0.344,14,22,10,41,51,29,10,4,7,0.5272,109.4459,105.5019
2024-25,MIL,2025-04-05,MIL @ MIA,MIA,False,W,121,115,6,45,87,0.517,8,24,0.333,23,29,3,44,47,29,6,3,9,0.5632,113.7218,108.0827
2024-25,MIL,2025-04-03,MIL @ PHI,PHI,False,W,126,113,13,46,82,0.561,16,31,0.516,18,27,8,32,40,32,7,7,11,0.6585,127.1186,114.0032
2024-25,MIL,2025-04-01,MIL vs. PHX,PHX,True,W,133,123,10,51,74,0.689,17,29,0.586,14,15,3,26,29,32,6,5,20,0.8041,134.4521,124.3429
2024-25,MIL,2025-03-30,MIL vs. ATL,ATL,True,L,124,145,-21,39,82,0.476,12,35,0.343,34,43,6,30,36,21,5,2,14,0.5488,116.8048,136.5863
2024-25,MIL,2025-03-28,MIL vs. NYK,NYK,True,L,107,116,-9,41,75,0.547,13,33,0.394,12,19,3,29,32,24,2,3,16,0.6333,111.8077,121.2121
2024-25,MIL,2025-03-26,MIL @ DEN,DEN,False,L,117,127,-10,46,89,0.517,16,37,0.432,9,13,8,31,39,30,4,6,11,0.6067,117.3521,127.3821
2024-25,MIL,2025-03-24,MIL @ PHX,PHX,False,L,106,108,-2,37,83,0.446,12,39,0.308,20,29,9,27,36,24,12,0,7,0.5181,114.1749,116.3292
2024-25,MIL,2025-03-22,MIL @ SAC,SAC,False,W,114,108,6,44,84,0.524,13,31,0.419,13,20,11,31,42,22,6,3,10,0.6012,122.2651,115.8301
2024-25,MIL,2025-03-20,MIL @ LAL,LAL,False,W,118,89,29,40,84,0.476,11,35,0.314,27,34,10,31,41,24,12,4,9,0.5417,121.0256,91.2821
2024-25,MIL,2025-03-18,MIL @ GSW,GSW,False,L,93,104,-11,31,79,0.392,12,38,0.316,19,27,4,30,34,19,9,4,10,0.4684,95.2283,106.4919
2024-25,MIL,2025-03-16,MIL vs. OKC,OKC,True,L,105,121,-16,33,83,0.398,13,34,0.382,26,33,9,25,34,21,7,8,9,0.4759,105.2526,121.2911
2024-25,MIL,2025-03-15,MIL vs. IND,IND,True,W,126,119,7,43,79,0.544,15,37,0.405,25,26,7,38,45,28,9,4,17,0.6392,123.4326,116.5752
2024-25,MIL,2025-03-13,MIL vs. LAL,LAL,True,W,126,106,20,41,86,0.477,17,40,0.425,27,33,7,41,48,30,9,8,12,0.5756,120.3209,101.2223
2024-25,MIL,2025-03-11,MIL @ IND,IND,False,L,114,115,-1,43,84,0.512,14,36,0.389,14,19,6,38,44,32,4,2,15,0.5952,113.275,114.2687
2024-25,MIL,2025-03-09,MIL vs. CLE,CLE,True,L,100,112,-12,39,91,0.429,9,31,0.29,13,18,15,35,50,17,9,2,18,0.478,99.8602,111.8434
2024-25,MIL,2025-03-08,MIL vs. ORL,ORL,True,L,109,111,-2,41,75,0.547,11,23,0.478,16,23,4,34,38,17,8,4,13,0.62,115.0517,117.1628
2024-25,MIL,2025-03-05,MIL vs. DAL,DAL,True,W,137,107,30,52,89,0.584,16,35,0.457,17,19,8,47,55,29,6,4,17,0.6742,128.1811,100.1123
2024-25,MIL,2025-03-04,MIL @ ATL,ATL,False,W,127,121,6,49,96,0.51,11,37,0.297,18,23,9,42,51,27,8,1,15,0.5677,114.6209,109.2058
2024-25,MIL,2025-03-01,MIL @ DAL,DAL,False,W,132,117,15,44,87,0.506,13,39,0.333,31,35,14,38,52,33,6,6,13,0.5805,127.907,113.3721
2024-25,MIL,2025-02-27,MIL vs. DEN,DEN,True,W,121,112,9,42,90,0.467,14,34,0.412,23,28,7,41,48,25,8,4,11,0.5444,112.4744,104.1086
2024-25,MIL,2025-02-25,MIL @ HOU,HOU,False,L,97,100,-3,34,85,0.4,12,37,0.324,17,23,4,33,37,19,11,5,15,0.4706,94.1565,97.0685
2024-25,MIL,2025-02-23,MIL vs. MIA,MIA,True,W,120,113,7,44,86,0.512,14,39,0.359,18,22,8,32,40,25,4,3,9,0.593,121.7532,114.651
2024-25,MIL,2025-02-21,MIL @ WAS,WAS,False,W,104,101,3,39,82,0.476,9,32,0.281,17,26,8,36,44,24,11,6,17,0.5305,100.328,97.4339
2024-25,MIL,2025-02-20,MIL vs. LAC,LAC,True,W,116,110,6,38,80,0.475,17,43,0.395,23,27,8,33,41,22,5,5,18,0.5812,115.2852,109.3222
2024-25,MIL,2025-02-12,MIL @ MIN,MIN,False,W,103,101,2,39,88,0.443,12,30,0.4,13,16,6,42,48,24,7,1,13,0.5114,97.7972,95.8982
2024-25,MIL,2025-02-10,MIL vs. GSW,GSW,True,L,111,125,-14,38,76,0.5,10,33,0.303,25,34,5,32,37,18,5,4,20,0.5658,105.8756,119.2293
2024-25,MIL,2025-02-09,MIL vs. PHI,PHI,True,W,135,127,8,46,105,0.438,24,55,0.436,19,20,19,34,53,29,7,3,12,0.5524,128.4735,120.8603
2024-25,MIL,2025-02-07,MIL @ ATL,ATL,False,L,110,115,-5,41,96,0.427,19,50,0.38,9,10,7,36,43,28,5,3,10,0.526,108.2038,113.1222
2024-25,MIL,2025-02-05,MIL @ CHA,CHA,False,W,112,102,10,41,81,0.506,18,42,0.429,12,13,6,38,44,26,6,4,11,0.6173,119.4539,108.7884
2024-25,MIL,2025-02-03,MIL @ OKC,OKC,False,L,96,125,-29,35,93,0.376,13,39,0.333,13,21,9,28,37,24,12,3,15,0.4462,89.8204,116.9536
2024-25,MIL,2025-02-02,MIL vs. MEM,MEM,True,L,119,132,-13,44,91,0.484,20,45,0.444,11,19,8,28,36,32,7,5,13,0.5934,112.7748,125.0948
2024-25,MIL,2025-01-31,MIL @ SAS,SAS,False,L,118,144,-26,43,100,0.43,12,37,0.324,20,26,17,30,47,24,3,8,10,0.49,112.146,136.8561
2024-25,MIL,2025-01-28,MIL @ POR,POR,False,L,112,125,-13,44,87,0.506,11,35,0.314,13,18,9,27,36,26,8,2,11,0.569,114.7306,128.0475
2024-25,MIL,2025-01-27,MIL @ UTA,UTA,False,W,125,110,15,52,86,0.605,12,34,0.353,9,17,5,41,46,33,6,5,12,0.6744,123.64,108.8032
2024-25,MIL,2025-01-25,MIL @ LAC,LAC,False,L,117,127,-10,37,79,0.468,13,35,0.371,30,34,5,37,42,24,2,5,13,0.5506,113.438,123.1336
2024-25,MIL,2025-01-23,MIL vs. MIA,MIA,True,W,125,96,29,46,98,0.469,18,40,0.45,15,20,11,44,55,32,5,6,7,0.5612,123.7379,95.0307
2024-25,MIL,2025-01-19,MIL vs. PHI,PHI,True,W,123,109,14,43,87,0.494,14,37,0.378,23,30,7,41,48,31,2,3,7,0.5747,123.0738,109.0654
2024-25,MIL,2025-01-17,MIL vs. TOR,TOR,True,W,130,112,18,42,81,0.519,13,31,0.419,33,41,11,33,44,25,7,5,14,0.5988,127.0772,109.4819
2024-25,MIL,2025-01-15,MIL vs. ORL,ORL,True,W,122,93,29,45,72,0.625,7,12,0.583,25,35,3,46,49,24,10,10,21,0.6736,114.2108,87.0623
2024-25,MIL,2025-01-14,MIL vs. SAC,SAC,True,W,130,115,15,49,99,0.495,17,45,0.378,15,18,11,41,52,32,2,4,9,0.5808,125.0962,110.662
2024-25,MIL,2025-01-12,MIL @ NYK,NYK,False,L,106,140,-34,43,94,0.457,10,34,0.294,10,17,15,24,39,22,6,3,14,0.5106,105.4517,139.2758
2024-25,MIL,2025-01-10,MIL @ ORL,ORL,False,W,109,106,3,43,83,0.518,9,25,0.36,14,23,7,36,43,18,10,5,13,0.5723,111.4747,108.4066
2024-25,MIL,2025-01-08,MIL vs. SAS,SAS,True,W,121,105,16,44,92,0.478,19,42,0.452,14,20,10,47,57,26,7,4,11,0.5815,119.4472,103.6525
2024-25,MIL,2025-01-06,MIL @ TOR,TOR,False,W,128,104,24,47,82,0.573,22,44,0.5,12,15,7,39,46,37,7,8,21,0.7073,123.1717,100.077
2024-25,MIL,2025-01-04,MIL vs. POR,POR,True,L,102,105,-3,41,95,0.432,13,41,0.317,7,9,7,36,43,25,14,3,11,0.5,100.1571,103.1029
2024-25,MIL,2025-01-02,MIL vs. BKN,BKN,True,L,110,113,-3,40,90,0.444,11,37,0.297,19,28,13,33,46,21,6,6,14,0.5056,108.0338,110.9802
2024-25,MIL,2024-12-31,MIL @ IND,IND,False,W,120,112,8,45,97,0.464,12,33,0.364,18,24,13,38,51,27,10,0,12,0.5258,109.7093,102.3953
2024-25,MIL,2024-12-28,MIL @ CHI,CHI,False,L,111,116,-5,41,102,0.402,15,45,0.333,14,14,6,37,43,27,6,7,8,0.4755,104.4018,109.1046
2024-25,MIL,2024-12-26,MIL vs. BKN,BKN,True,L,105,111,-6,41,83,0.494,15,38,0.395,8,12,8,31,39,23,12,3,23,0.5843,101.4689,107.2671
2024-25,MIL,2024-12-23,MIL @ CHI,CHI,False,W,112,91,21,40,87,0.46,18,43,0.419,14,17,7,42,49,24,7,1,13,0.5632,111.023,90.2062
2024-25,MIL,2024-12-21,MIL vs. WAS,WAS,True,W,112,101,11,44,98,0.449,20,48,0.417,4,5,10,34,44,35,12,2,13,0.551,110.7595,99.8813
2024-25,MIL,2024-12-20,MIL @ CLE,CLE,False,L,101,124,-23,40,85,0.471,10,27,0.37,11,18,10,35,45,23,14,4,20,0.5294,96.6137,118.6149
2024-25,MIL,2024-12-14,MIL @ ATL,ATL,False,W,110,102,8,39,86,0.453,14,45,0.311,18,27,6,41,47,28,8,8,13,0.5349,105.8507,98.1524
2024-25,MIL,2024-12-10,MIL vs. ORL,ORL,True,W,114,109,5,42,77,0.545,11,30,0.367,19,25,5,32,37,27,9,6,16,0.6169,112.3817,107.4527
2024-25,MIL,2024-12-08,MIL @ BKN,BKN,False,W,118,113,5,39,68,0.574,15,31,0.484,25,32,3,28,31,26,6,7,16,0.6838,124.7885,119.5008
2024-25,MIL,2024-12-06,MIL @ BOS,BOS,False,L,105,111,-6,40,94,0.426,11,29,0.379,14,17,12,39,51,16,4,2,9,0.484,109.6491,115.9148
2024-25,MIL,2024-12-04,MIL vs. ATL,ATL,True,L,104,119,-15,33,78,0.423,15,45,0.333,23,35,8,32,40,23,7,4,18,0.5192,97.1599,111.1734
2024-25,MIL,2024-12-03,MIL @ DET,DET,False,W,128,107,21,45,80,0.563,23,41,0.561,15,21,4,32,36,26,10,6,18,0.7062,124.9268,104.431
2024-25,MIL,2024-11-30,MIL vs. WAS,WAS,True,W,124,114,10,44,86,0.512,16,35,0.457,20,25,7,31,38,31,5,6,12,0.6047,121.8314,112.0063
2024-25,MIL,2024-11-26,MIL @ MIA,MIA,False,W,106,103,3,36,77,0.468,20,42,0.476,14,17,9,32,41,23,5,7,13,0.5974,119.3156,115.9388
2024-25,MIL,2024-11-23,MIL vs. CHA,CHA,True,W,125,119,6,43,89,0.483,18,37,0.486,21,26,10,41,51,20,3,9,14,0.5843,119.2293,113.5063
2024-25,MIL,2024-11-22,MIL vs. IND,IND,True,W,129,117,12,48,90,0.533,17,36,0.472,16,20,10,34,44,33,10,4,18,0.6278,121.8821,110.5442
2024-25,MIL,2024-11-20,MIL vs. CHI,CHI,True,W,122,106,16,44,80,0.55,13,36,0.361,21,31,10,35,45,30,7,2,12,0.6312,124.6679,108.318
2024-25,MIL,2024-11-18,MIL vs. HOU,HOU,True,W,101,100,1,38,83,0.458,13,33,0.394,12,19,4,39,43,21,8,8,16,0.5361,98.0202,97.0497
2024-25,MIL,2024-11-16,MIL @ CHA,CHA,False,L,114,115,-1,47,92,0.511,15,36,0.417,5,11,8,32,40,31,6,6,9,0.5924,117.4773,118.5078
2024-25,MIL,2024-11-13,MIL vs. DET,DET,True,W,127,120,7,45,95,0.474,15,35,0.429,22,25,9,38,47,26,10,9,12,0.5526,116.1302,109.7293
2024-25,MIL,2024-11-12,MIL vs. TOR,TOR,True,W,99,85,14,38,94,0.404,16,56,0.286,7,12,12,35,47,25,16,9,17,0.4894,97.0208,83.3007
2024-25,MIL,2024-11-10,MIL vs. BOS,BOS,True,L,107,113,-6,39,81,0.481,13,32,0.406,16,21,5,36,41,21,9,8,13,0.5617,106.9358,112.9322
2024-25,MIL,2024-11-08,MIL @ NYK,NYK,False,L,94,116,-22,36,83,0.434,7,30,0.233,15,23,11,30,41,20,1,5,12,0.4759,98.698,121.7976
2024-25,MIL,2024-11-07,MIL vs. UTA,UTA,True,W,123,100,23,43,84,0.512,15,35,0.429,22,30,11,30,41,20,13,3,11,0.6012,125.4334,101.9784
2024-25,MIL,2024-11-04,MIL @ CLE,CLE,False,L,114,116,-2,42,86,0.488,17,35,0.486,13,15,7,42,49,21,6,6,15,0.5872,112.6928,114.6698
2024-25,MIL,2024-11-02,MIL vs. CLE,CLE,True,L,113,114,-1,43,89,0.483,18,39,0.462,9,15,10,35,45,24,3,3,13,0.5843,116.9772,118.0124
2024-25,MIL,2024-10-31,MIL @ MEM,MEM,False,L,99,122,-23,41,96,0.427,9,42,0.214,8,19,9,29,38,20,10,4,10,0.474,93.8389,115.6398
2024-25,MIL,2024-10-28,MIL @ BOS,BOS,False,L,108,119,-11,37,82,0.451,8,31,0.258,26,31,8,35,43,18,7,6,17,0.5,102.8571,113.3333
2024-25,MIL,2024-10-27,MIL @ BKN,BKN,False,L,102,115,-13,33,74,0.446,10,33,0.303,26,31,7,36,43,20,7,3,18,0.5135,102.1225,115.1382
2024-25,MIL,2024-10-25,MIL vs. CHI,CHI,True,L,122,133,-11,46,93,0.495,13,40,0.325,17,25,8,39,47,24,5,3,15,0.5645,111.865,121.9512
2024-25,MIL,2024-10-23,MIL @ PHI,PHI,False,W,124,109,15,43,80,0.538,16,37,0.432,22,31,8,38,46,27,4,9,14,0.6375,122.457,107.6437
2024-25,MIN,2025-04-13,MIN vs. UTA,UTA,True,W,116,105,11,46,98,0.469,13,43,0.302,11,16,17,37,54,23,9,9,13,0.5357,116.0696,105.063
2024-25,MIN,2025-04-11,MIN vs. BKN,BKN,True,W,117,91,26,42,77,0.545,11,31,0.355,22,29,7,41,48,27,5,5,12,0.6169,124.9733,97.2015
2024-25,MIN,2025-04-10,MIN @ MEM,MEM,False,W,141,125,16,48,87,0.552,20,44,0.455,25,28,8,33,41,29,6,3,16,0.6667,132.6684,117.6139
2024-25,MIN,2025-04-08,MIN @ MIL,MIL,False,L,103,110,-7,41,89,0.461,13,40,0.325,8,9,10,32,42,25,4,3,14,0.5337,106.7579,114.0133
2024-25,MIN,2025-04-05,MIN @ PHI,PHI,False,W,114,109,5,41,81,0.506,11,34,0.324,21,29,14,33,47,22,5,7,15,0.5741,118.5278,113.3292
2024-25,MIN,2025-04-03,MIN @ BKN,BKN,False,W,105,90,15,39,78,0.5,13,42,0.31,14,21,10,35,45,27,6,10,18,0.5833,110.5263,94.7368
2024-25,MIN,2025-04-01,MIN @ DEN,DEN,False,W,140,139,1,52,111,0.468,19,50,0.38,17,25,21,31,52,35,5,2,14,0.5541,121.5489,120.6807
2024-25,MIN,2025-03-30,MIN vs. DET,DET,True,W,123,104,19,44,93,0.473,12,31,0.387,23,31,15,44,59,24,3,9,10,0.5376,121.9512,103.1132
2024-25,MIN,2025-03-28,MIN vs. PHX,PHX,True,W,124,109,15,47,89,0.528,19,39,0.487,11,13,12,31,43,31,12,4,13,0.6348,131.6069,115.6867
2024-25,MIN,2025-03-24,MIN @ IND,IND,False,L,103,119,-16,44,91,0.484,9,35,0.257,6,10,9,36,45,26,5,3,17,0.533,99.7289,115.2208
2024-25,MIN,2025-03-21,MIN vs. NOP,NOP,True,W,134,93,41,48,89,0.539,19,44,0.432,19,20,10,26,36,40,14,1,14,0.6461,135.0262,93.7122
2024-25,MIN,2025-03-19,MIN vs. NOP,NOP,True,L,115,119,-4,35,77,0.455,16,39,0.41,29,36,9,31,40,21,7,6,14,0.5584,114.7018,118.6914
2024-25,MIN,2025-03-17,MIN vs. IND,IND,True,L,130,132,-2,44,97,0.454,13,42,0.31,29,36,9,35,44,25,11,7,15,0.5206,112.0883,113.8127
2024-25,MIN,2025-03-16,MIN vs. UTA,UTA,True,W,128,102,26,48,97,0.495,14,43,0.326,18,26,16,33,49,30,14,6,10,0.567,121.304,96.6641
2024-25,MIN,2025-03-14,MIN vs. ORL,ORL,True,W,118,111,7,42,80,0.525,14,33,0.424,20,28,6,39,45,26,8,6,16,0.6125,114.5631,107.767
2024-25,MIN,2025-03-12,MIN @ DEN,DEN,False,W,115,95,20,43,90,0.478,17,40,0.425,12,16,12,36,48,31,7,5,15,0.5722,116.9174,96.584
2024-25,MIN,2025-03-09,MIN vs. SAS,SAS,True,W,141,124,17,53,95,0.558,21,42,0.5,14,15,14,28,42,38,7,4,13,0.6684,143.031,125.7862
2024-25,MIN,2025-03-07,MIN @ MIA,MIA,False,W,106,104,2,40,81,0.494,18,45,0.4,8,14,7,36,43,28,6,6,14,0.6049,111.5789,109.4737
2024-25,MIN,2025-03-05,MIN @ CHA,CHA,False,W,125,110,15,44,90,0.489,21,49,0.429,16,22,10,33,43,27,9,3,6,0.6056,129.1322,113.6364
2024-25,MIN,2025-03-04,MIN vs. PHI,PHI,True,W,126,112,14,46,81,0.568,18,40,0.45,16,17,7,30,37,29,7,5,19,0.679,126.4045,112.3596
2024-25,MIN,2025-03-02,MIN @ PHX,PHX,False,W,116,98,18,39,92,0.424,21,52,0.404,17,21,5,30,35,28,18,2,8,0.538,113.392,95.7967
2024-25,MIN,2025-02-28,MIN @ UTA,UTA,False,L,116,117,-1,44,101,0.436,20,52,0.385,8,14,11,29,40,35,17,4,7,0.5347,112.4467,113.4161
2024-25,MIN,2025-02-27,MIN @ LAL,LAL,False,L,102,111,-9,35,84,0.417,12,41,0.293,20,26,10,31,41,25,9,3,12,0.4881,103.7218,112.8737
2024-25,MIN,2025-02-24,MIN @ OKC,OKC,False,W,131,128,3,44,97,0.454,9,32,0.281,34,39,11,43,54,29,6,5,13,0.5,113.9527,111.3431
2024-25,MIN,2025-02-23,MIN vs. OKC,OKC,True,L,123,130,-7,39,89,0.438,18,45,0.4,27,28,15,29,44,23,6,5,13,0.5393,122.9262,129.922
2024-25,MIN,2025-02-21,MIN @ HOU,HOU,False,L,115,121,-6,41,92,0.446,11,38,0.289,22,26,7,28,35,22,10,6,9,0.5054,107.2161,112.81
2024-25,MIN,2025-02-13,MIN vs. OKC,OKC,True,W,116,101,15,42,99,0.424,12,46,0.261,20,22,20,34,54,28,5,2,10,0.4848,118.8281,103.4624
2024-25,MIN,2025-02-12,MIN vs. MIL,MIL,True,L,101,103,-2,39,103,0.379,10,44,0.227,13,15,15,44,59,27,4,6,14,0.4272,95.8982,97.7972
2024-25,MIN,2025-02-10,MIN @ CLE,CLE,False,L,107,128,-21,36,90,0.4,12,39,0.308,23,30,15,26,41,17,10,6,16,0.4667,101.9048,121.9048
2024-25,MIN,2025-02-08,MIN vs. POR,POR,True,W,114,98,16,43,82,0.524,10,28,0.357,18,28,8,35,43,23,8,2,14,0.5854,112.3153,96.5517
2024-25,MIN,2025-02-06,MIN vs. HOU,HOU,True,W,127,114,13,45,94,0.479,16,39,0.41,21,24,18,29,47,23,5,6,13,0.5638,129.6712,116.3978
2024-25,MIN,2025-02-05,MIN vs. CHI,CHI,True,W,127,108,19,42,98,0.429,20,47,0.426,23,28,23,36,59,27,6,8,11,0.5306,129.5918,110.2041
2024-25,MIN,2025-02-03,MIN vs. SAC,SAC,True,L,114,116,-2,43,94,0.457,12,40,0.3,16,16,11,25,36,28,5,8,8,0.5213,114.0913,116.0929
2024-25,MIN,2025-02-01,MIN vs. WAS,WAS,True,L,103,105,-2,38,93,0.409,12,40,0.3,15,18,11,36,47,29,10,3,16,0.4731,99.8062,101.7442
2024-25,MIN,2025-01-30,MIN @ UTA,UTA,False,W,138,113,25,49,82,0.598,21,38,0.553,19,24,9,30,39,38,5,9,13,0.7256,140.4151,114.9776
2024-25,MIN,2025-01-29,MIN @ PHX,PHX,False,W,121,113,8,42,75,0.56,13,29,0.448,24,27,4,30,34,26,8,6,16,0.6467,121.8039,113.7508
2024-25,MIN,2025-01-27,MIN vs. ATL,ATL,True,W,100,92,8,34,86,0.395,12,40,0.3,20,29,14,37,51,18,13,4,18,0.4651,97.7135,89.8964
2024-25,MIN,2025-01-25,MIN vs. DEN,DEN,True,W,133,104,29,53,95,0.558,14,30,0.467,13,15,18,27,45,38,14,4,16,0.6316,133.4537,104.3548
2024-25,MIN,2025-01-22,MIN @ DAL,DAL,False,W,115,114,1,37,81,0.457,11,29,0.379,30,34,9,30,39,26,10,8,11,0.5247,112.5685,111.5897
2024-25,MIN,2025-01-20,MIN @ MEM,MEM,False,L,106,108,-2,36,93,0.387,14,43,0.326,20,27,17,35,52,25,5,6,16,0.4624,103.4954,105.4482
2024-25,MIN,2025-01-18,MIN vs. CLE,CLE,True,L,117,124,-7,43,90,0.478,15,38,0.395,16,19,9,33,42,27,4,4,8,0.5611,119.7789,126.9451
2024-25,MIN,2025-01-17,MIN @ NYK,NYK,False,W,116,99,17,42,79,0.532,22,40,0.55,10,14,11,35,46,23,5,2,16,0.6709,127.7252,109.0068
2024-25,MIN,2025-01-15,MIN vs. GSW,GSW,True,L,115,116,-1,38,86,0.442,17,37,0.459,22,29,16,25,41,21,4,7,9,0.5407,126.3736,127.4725
2024-25,MIN,2025-01-13,MIN @ WAS,WAS,False,W,120,106,14,41,83,0.494,14,37,0.378,24,31,14,39,53,20,8,6,19,0.5783,118.6709,104.8259
2024-25,MIN,2025-01-11,MIN vs. MEM,MEM,True,L,125,127,-2,47,83,0.566,17,42,0.405,14,19,7,34,41,37,7,5,19,0.6687,118.0805,119.9698
2024-25,MIN,2025-01-09,MIN @ ORL,ORL,False,W,104,89,15,34,85,0.4,12,34,0.353,24,31,14,36,50,21,9,4,10,0.4706,107.772,92.228
2024-25,MIN,2025-01-07,MIN @ NOP,NOP,False,W,104,97,7,38,89,0.427,15,44,0.341,13,19,11,42,53,26,9,8,17,0.5112,99.5596,92.8585
2024-25,MIN,2025-01-06,MIN vs. LAC,LAC,True,W,108,106,2,41,92,0.446,16,39,0.41,10,17,17,38,55,24,6,5,15,0.5326,109.9349,107.899
2024-25,MIN,2025-01-04,MIN @ DET,DET,False,L,105,119,-14,34,80,0.425,16,40,0.4,21,26,7,26,33,20,7,4,17,0.525,102.8202,116.5296
2024-25,MIN,2025-01-02,MIN vs. BOS,BOS,True,L,115,118,-3,37,74,0.5,21,39,0.538,20,22,11,30,41,24,1,2,16,0.6419,129.709,133.0927
2024-25,MIN,2024-12-31,MIN @ OKC,OKC,False,L,105,113,-8,39,79,0.494,15,38,0.395,12,12,10,33,43,21,3,7,24,0.5886,104.7904,112.7745
2024-25,MIN,2024-12-29,MIN vs. SAS,SAS,True,W,112,110,2,43,100,0.43,11,44,0.25,15,19,18,38,56,23,4,5,10,0.485,111.067,109.0837
2024-25,MIN,2024-12-27,MIN @ HOU,HOU,False,W,113,112,1,42,83,0.506,21,43,0.488,8,16,10,30,40,25,8,6,16,0.6325,116.2551,115.2263
2024-25,MIN,2024-12-25,MIN @ DAL,DAL,False,W,105,99,6,40,86,0.465,14,32,0.438,11,13,8,38,46,23,8,5,10,0.5465,111.9642,105.5662
2024-25,MIN,2024-12-23,MIN @ ATL,ATL,False,L,104,117,-13,39,91,0.429,14,43,0.326,12,13,16,27,43,31,12,3,21,0.5055,102.3824,115.1802
2024-25,MIN,2024-12-21,MIN vs. GSW,GSW,True,L,103,113,-10,36,86,0.419,14,38,0.368,17,25,11,34,45,27,5,2,15,0.5,103.9774,114.0723
2024-25,MIN,2024-12-19,MIN vs. NYK,NYK,True,L,107,133,-26,41,89,0.461,17,42,0.405,8,13,6,31,37,29,10,5,13,0.5562,104.5126,129.9082
2024-25,MIN,2024-12-15,MIN @ SAS,SAS,False,W,106,92,14,40,100,0.4,12,35,0.343,14,16,14,37,51,26,11,4,12,0.46,102.4155,88.8889
2024-25,MIN,2024-12-13,MIN vs. LAL,LAL,True,W,97,87,10,35,87,0.402,9,32,0.281,18,24,11,37,48,18,12,5,14,0.454,96.4982,86.5499
2024-25,MIN,2024-12-08,MIN @ GSW,GSW,False,L,106,114,-8,36,79,0.456,19,42,0.452,15,20,7,32,39,22,6,8,16,0.5759,108.9414,117.1634
2024-25,MIN,2024-12-06,MIN @ GSW,GSW,False,W,107,90,17,40,88,0.455,14,42,0.333,13,14,9,39,48,32,12,6,21,0.5341,103.063,86.6885
2024-25,MIN,2024-12-04,MIN @ LAC,LAC,False,W,108,80,28,41,85,0.482,16,44,0.364,10,18,7,43,50,31,15,5,15,0.5765,106.593,78.9578
2024-25,MIN,2024-12-02,MIN vs. LAL,LAL,True,W,109,80,29,41,81,0.506,15,35,0.429,12,15,7,36,43,31,11,2,15,0.5988,113.094,83.0048
2024-25,MIN,2024-11-29,MIN vs. LAC,LAC,True,W,93,92,1,31,75,0.413,15,39,0.385,16,20,11,38,49,25,8,5,22,0.5133,97.1178,96.0735
2024-25,MIN,2024-11-27,MIN vs. SAC,SAC,True,L,104,115,-11,33,74,0.446,14,39,0.359,24,27,4,29,33,25,11,9,15,0.5405,102.7262,113.5915
2024-25,MIN,2024-11-26,MIN vs. HOU,HOU,True,L,111,117,-6,42,98,0.429,9,38,0.237,18,20,14,38,52,21,6,4,17,0.4745,101.1297,106.5962
2024-25,MIN,2024-11-24,MIN @ BOS,BOS,False,L,105,107,-2,37,88,0.42,15,41,0.366,16,21,11,38,49,19,2,1,8,0.5057,112.3956,114.5365
2024-25,MIN,2024-11-21,MIN @ TOR,TOR,False,L,105,110,-5,33,80,0.413,12,35,0.343,27,33,10,30,40,16,12,5,17,0.4875,106.2323,111.291
2024-25,MIN,2024-11-17,MIN vs. PHX,PHX,True,W,120,117,3,42,80,0.525,17,39,0.436,19,26,9,23,32,27,8,6,14,0.6312,121.8027,118.7576
2024-25,MIN,2024-11-15,MIN @ SAC,SAC,False,W,130,126,4,48,101,0.475,20,49,0.408,14,16,10,31,41,26,9,4,11,0.5743,120.4596,116.7532
2024-25,MIN,2024-11-13,MIN @ POR,POR,False,L,98,106,-8,37,94,0.394,7,39,0.179,17,22,13,28,41,16,12,3,14,0.4309,94.7776,102.5145
2024-25,MIN,2024-11-12,MIN @ POR,POR,False,L,108,122,-14,37,73,0.507,13,35,0.371,21,23,4,28,32,22,13,4,23,0.5959,105.9239,119.6548
2024-25,MIN,2024-11-10,MIN vs. MIA,MIA,True,L,94,95,-1,35,88,0.398,13,45,0.289,11,13,16,31,47,22,13,5,20,0.4716,93.3466,94.3396
2024-25,MIN,2024-11-08,MIN vs. POR,POR,True,W,127,102,25,47,97,0.485,22,50,0.44,11,14,10,39,49,32,9,7,20,0.5979,115.6017,92.8454
2024-25,MIN,2024-11-07,MIN @ CHI,CHI,False,W,135,119,16,51,93,0.548,16,38,0.421,17,17,10,30,40,29,7,4,14,0.6344,133.6105,117.7751
2024-25,MIN,2024-11-04,MIN vs. CHA,CHA,True,W,114,93,21,39,79,0.494,18,38,0.474,18,26,9,36,45,23,7,8,15,0.6076,116.0423,94.6661
2024-25,MIN,2024-11-02,MIN @ SAS,SAS,False,L,103,113,-10,39,82,0.476,11,37,0.297,14,20,6,26,32,21,7,2,13,0.5427,106.0325,116.327
2024-25,MIN,2024-11-01,MIN vs. DEN,DEN,True,W,119,116,3,43,83,0.518,18,42,0.429,15,18,8,30,38,34,8,9,17,0.6265,117.4265,114.4662
2024-25,MIN,2024-10-29,MIN vs. DAL,DAL,True,L,114,120,-6,39,77,0.506,19,39,0.487,17,26,11,31,42,33,5,2,20,0.6299,116.1133,122.2245
2024-25,MIN,2024-10-26,MIN vs. TOR,TOR,True,W,112,101,11,39,83,0.47,14,37,0.378,20,26,9,32,41,29,9,8,13,0.5542,110.8033,99.9209
2024-25,MIN,2024-10-24,MIN @ SAC,SAC,False,W,117,115,2,41,86,0.477,20,50,0.4,15,17,6,36,42,24,3,2,17,0.593,113.109,111.1756
2024-25,MIN,2024-10-22,MIN @ LAL,LAL,False,L,103,110,-7,35,85,0.412,13,41,0.317,20,27,12,35,47,17,4,1,16,0.4882,103.58,110.6195
2024-25,NOP,2025-04-13,NOP vs. OKC,OKC,True,L,100,115,-15,35,91,0.385,7,38,0.184,23,30,11,36,47,22,6,4,13,0.4231,95.6572,110.0057
2024-25,NOP,2025-04-11,NOP vs. MIA,MIA,True,L,104,153,-49,38,95,0.4,14,37,0.378,14,20,12,30,42,27,6,2,15,0.4737,97.433,143.339
2024-25,NOP,2025-04-10,NOP @ MIL,MIL,False,L,111,136,-25,41,96,0.427,15,47,0.319,14,19,15,38,53,28,8,0,16,0.5052,103.9521,127.3647
2024-25,NOP,2025-04-08,NOP @ BKN,BKN,False,L,114,119,-5,39,82,0.476,12,33,0.364,24,31,9,33,42,26,10,6,17,0.5488,110.5723,115.4219
2024-25,NOP,2025-04-06,NOP vs. MIL,MIL,True,L,107,111,-4,43,95,0.453,12,33,0.364,9,14,9,39,48,31,4,6,12,0.5158,105.5019,109.4459
2024-25,NOP,2025-04-04,NOP @ LAL,LAL,False,L,108,124,-16,40,82,0.488,14,34,0.412,14,22,15,23,38,27,10,2,17,0.5732,113.6842,130.5263
2024-25,NOP,2025-04-02,NOP @ LAC,LAC,False,L,98,114,-16,43,85,0.506,4,22,0.182,8,11,7,32,39,29,9,4,17,0.5294,98.8501,114.9889
2024-25,NOP,2025-03-30,NOP vs. CHA,CHA,True,W,98,94,4,38,92,0.413,9,31,0.29,13,17,14,43,57,24,9,8,17,0.462,94.4669,90.6111
2024-25,NOP,2025-03-28,NOP vs. GSW,GSW,True,L,95,111,-16,33,81,0.407,7,23,0.304,22,28,14,32,46,24,6,5,16,0.4506,98.4048,114.9782
2024-25,NOP,2025-03-24,NOP vs. PHI,PHI,True,W,112,99,13,43,87,0.494,15,35,0.429,11,13,13,38,51,36,11,5,17,0.5805,116.6181,103.082
2024-25,NOP,2025-03-23,NOP @ DET,DET,False,L,130,136,-6,49,85,0.576,20,40,0.5,12,16,10,27,37,35,3,5,18,0.6941,129.5853,135.5662
2024-25,NOP,2025-03-21,NOP @ MIN,MIN,False,L,93,134,-41,34,68,0.5,11,31,0.355,14,22,7,26,33,20,11,4,26,0.5809,93.7122,135.0262
2024-25,NOP,2025-03-19,NOP @ MIN,MIN,False,W,119,115,4,47,89,0.528,13,29,0.448,12,22,11,35,46,28,5,6,15,0.6011,118.6914,114.7018
2024-25,NOP,2025-03-17,NOP vs. DET,DET,True,L,81,127,-46,28,86,0.326,5,32,0.156,20,30,13,26,39,18,7,6,17,0.3547,79.8187,125.1478
2024-25,NOP,2025-03-15,NOP @ SAS,SAS,False,L,115,119,-4,46,92,0.5,12,35,0.343,11,11,12,40,52,34,2,3,18,0.5652,113.0999,117.0338
2024-25,NOP,2025-03-13,NOP vs. ORL,ORL,True,L,93,113,-20,35,79,0.443,7,25,0.28,16,21,11,29,40,23,3,4,13,0.4873,100.9991,122.7194
2024-25,NOP,2025-03-11,NOP vs. LAC,LAC,True,W,127,120,7,47,85,0.553,17,31,0.548,16,18,12,34,46,34,7,7,19,0.6529,127.1017,120.0961
2024-25,NOP,2025-03-09,NOP vs. MEM,MEM,True,L,104,107,-3,35,85,0.412,13,34,0.382,21,27,10,29,39,24,5,6,14,0.4882,104.3967,107.4082
2024-25,NOP,2025-03-08,NOP @ HOU,HOU,False,L,117,146,-29,48,99,0.485,12,34,0.353,9,16,18,26,44,29,7,3,14,0.5455,113.438,141.5552
2024-25,NOP,2025-03-06,NOP vs. HOU,HOU,True,L,97,109,-12,31,83,0.373,9,27,0.333,26,33,15,26,41,17,9,7,15,0.4277,98.7579,110.9754
2024-25,NOP,2025-03-04,NOP @ LAL,LAL,False,L,115,136,-21,46,93,0.495,9,34,0.265,14,21,10,25,35,29,11,3,9,0.543,114.3596,135.2426
2024-25,NOP,2025-03-02,NOP @ UTA,UTA,False,W,128,121,7,53,102,0.52,15,44,0.341,7,13,13,35,48,35,8,5,11,0.5931,120.075,113.5084
2024-25,NOP,2025-02-28,NOP @ PHX,PHX,False,L,108,125,-17,44,87,0.506,11,28,0.393,9,15,13,22,35,28,10,3,15,0.569,112.3128,129.9917
2024-25,NOP,2025-02-27,NOP @ PHX,PHX,False,W,124,116,8,50,104,0.481,17,47,0.362,7,12,16,34,50,25,3,6,6,0.5625,127.3885,119.1699
2024-25,NOP,2025-02-25,NOP vs. SAS,SAS,True,W,109,103,6,41,94,0.436,7,31,0.226,20,25,20,34,54,25,11,6,19,0.4734,102.869,97.2065
2024-25,NOP,2025-02-23,NOP vs. SAS,SAS,True,W,114,96,18,42,94,0.447,11,33,0.333,19,26,17,52,69,27,3,3,17,0.5053,108.3444,91.2374
2024-25,NOP,2025-02-21,NOP @ DAL,DAL,False,L,103,111,-8,38,92,0.413,8,27,0.296,19,25,14,39,53,25,8,6,14,0.4565,99.5746,107.3086
2024-25,NOP,2025-02-13,NOP vs. SAC,SAC,True,W,140,133,7,46,92,0.5,21,50,0.42,27,34,7,38,45,32,11,7,10,0.6141,124.3339,118.1172
2024-25,NOP,2025-02-12,NOP vs. SAC,SAC,True,L,111,119,-8,44,94,0.468,8,32,0.25,15,18,12,28,40,28,7,5,9,0.5106,112.3027,120.3966
2024-25,NOP,2025-02-10,NOP @ OKC,OKC,False,L,101,137,-36,36,82,0.439,10,27,0.37,19,28,12,30,42,19,4,4,23,0.5,96.9476,131.5032
2024-25,NOP,2025-02-08,NOP @ SAC,SAC,False,L,118,123,-5,43,90,0.478,14,36,0.389,18,25,5,34,39,27,12,8,16,0.5556,105.1131,109.5671
2024-25,NOP,2025-02-05,NOP @ DEN,DEN,False,L,119,144,-25,43,93,0.462,10,29,0.345,23,26,10,28,38,26,5,3,11,0.5161,114.4011,138.4349
2024-25,NOP,2025-02-03,NOP @ DEN,DEN,False,L,113,125,-12,38,88,0.432,18,38,0.474,19,22,14,27,41,27,5,4,10,0.5341,119.5008,132.1912
2024-25,NOP,2025-01-31,NOP vs. BOS,BOS,True,L,116,118,-2,44,90,0.489,15,37,0.405,13,19,10,38,48,16,7,2,20,0.5722,109.5373,111.4259
2024-25,NOP,2025-01-29,NOP vs. DAL,DAL,True,L,136,137,-1,51,96,0.531,15,31,0.484,19,22,10,26,36,31,13,6,8,0.6094,129.4252,130.3769
2024-25,NOP,2025-01-27,NOP @ TOR,TOR,False,L,104,113,-9,39,89,0.438,6,28,0.214,20,30,6,40,46,21,9,11,13,0.4719,94.8386,103.0458
2024-25,NOP,2025-01-25,NOP @ CHA,CHA,False,L,92,123,-31,32,84,0.381,8,31,0.258,20,26,9,30,39,21,8,5,13,0.4286,91.798,122.73
2024-25,NOP,2025-01-24,NOP @ MEM,MEM,False,L,126,139,-13,45,83,0.542,14,34,0.412,22,32,8,27,35,30,6,3,13,0.6265,123.7721,136.5422
2024-25,NOP,2025-01-20,NOP vs. UTA,UTA,True,W,123,119,4,41,92,0.446,15,41,0.366,26,29,6,39,45,28,12,8,14,0.5272,108.3891,104.8643
2024-25,NOP,2025-01-17,NOP vs. UTA,UTA,True,W,136,123,13,47,100,0.47,22,50,0.44,20,31,21,35,56,34,9,8,13,0.58,127.1979,115.0393
2024-25,NOP,2025-01-15,NOP vs. DAL,DAL,True,W,119,116,3,43,97,0.443,13,39,0.333,20,24,15,34,49,24,11,8,10,0.5103,111.9684,109.1457
2024-25,NOP,2025-01-14,NOP @ CHI,CHI,False,W,119,113,6,42,96,0.438,14,50,0.28,21,26,13,33,46,32,11,5,10,0.5104,114.0284,108.279
2024-25,NOP,2025-01-12,NOP @ BOS,BOS,False,L,119,120,-1,40,86,0.465,17,37,0.459,22,26,6,36,42,24,8,3,10,0.564,115.2208,116.189
2024-25,NOP,2025-01-10,NOP @ PHI,PHI,False,W,123,115,8,44,91,0.484,18,40,0.45,17,26,12,32,44,31,7,8,12,0.5824,123.1231,115.1151
2024-25,NOP,2025-01-08,NOP vs. POR,POR,True,L,100,119,-19,40,90,0.444,12,37,0.324,8,11,18,23,41,19,11,3,19,0.5111,105.5075,125.5539
2024-25,NOP,2025-01-07,NOP vs. MIN,MIN,True,L,97,104,-7,35,94,0.372,12,41,0.293,15,24,13,33,46,23,12,5,14,0.4362,92.8585,99.5596
2024-25,NOP,2025-01-05,NOP @ WAS,WAS,False,W,110,98,12,37,90,0.411,18,49,0.367,18,20,11,38,49,26,7,8,12,0.5111,108.9325,97.0489
2024-25,NOP,2025-01-03,NOP vs. WAS,WAS,True,W,132,120,12,48,96,0.5,18,41,0.439,18,22,13,24,37,36,10,6,8,0.5938,129.6915,117.9014
2024-25,NOP,2025-01-01,NOP @ MIA,MIA,False,L,108,119,-11,40,80,0.5,9,34,0.265,19,22,5,26,31,25,4,7,11,0.5562,110.2491,121.4782
2024-25,NOP,2024-12-30,NOP vs. LAC,LAC,True,L,113,116,-3,42,82,0.512,18,37,0.486,11,14,6,29,35,30,13,5,16,0.622,113.545,116.5595
2024-25,NOP,2024-12-27,NOP vs. MEM,MEM,True,L,124,132,-8,43,96,0.448,11,38,0.289,27,29,12,33,45,30,13,10,17,0.5052,109.6569,116.7315
2024-25,NOP,2024-12-26,NOP vs. HOU,HOU,True,L,111,128,-17,43,99,0.434,12,37,0.324,13,18,17,27,44,29,12,2,16,0.4949,105.1933,121.304
2024-25,NOP,2024-12-22,NOP vs. DEN,DEN,True,L,129,132,-3,50,108,0.463,12,40,0.3,17,23,9,34,43,37,16,9,15,0.5185,106.0855,108.5526
2024-25,NOP,2024-12-21,NOP vs. NYK,NYK,True,L,93,104,-11,34,83,0.41,12,34,0.353,13,19,16,29,45,23,8,5,19,0.4819,97.9154,109.4967
2024-25,NOP,2024-12-19,NOP @ HOU,HOU,False,L,113,133,-20,41,92,0.446,13,28,0.464,18,25,11,26,37,25,6,2,12,0.5163,110.0506,129.5286
2024-25,NOP,2024-12-15,NOP @ IND,IND,False,L,104,119,-15,38,97,0.392,10,33,0.303,18,23,19,30,49,18,11,4,18,0.4433,100.1541,114.5994
2024-25,NOP,2024-12-12,NOP vs. SAC,SAC,True,L,109,111,-2,39,83,0.47,14,37,0.378,17,20,10,33,43,22,6,4,17,0.5542,110.3462,112.3709
2024-25,NOP,2024-12-08,NOP @ SAS,SAS,False,L,116,121,-5,43,99,0.434,13,38,0.342,17,21,13,30,43,26,9,8,8,0.5,112.1423,116.976
2024-25,NOP,2024-12-07,NOP vs. OKC,OKC,True,L,109,119,-10,38,79,0.481,11,37,0.297,22,27,8,27,35,25,15,6,18,0.5506,106.2793,116.0296
2024-25,NOP,2024-12-05,NOP vs. PHX,PHX,True,W,126,124,2,47,95,0.495,14,36,0.389,18,25,12,32,44,23,13,4,13,0.5684,119.7491,117.8483
2024-25,NOP,2024-12-02,NOP @ ATL,ATL,False,L,112,124,-12,44,100,0.44,13,42,0.31,11,17,15,26,41,21,15,5,16,0.505,101.6888,112.584
2024-25,NOP,2024-12-01,NOP @ NYK,NYK,False,L,85,118,-33,35,94,0.372,4,27,0.148,11,17,13,29,42,20,14,9,14,0.3936,83.1215,115.3921
2024-25,NOP,2024-11-29,NOP @ MEM,MEM,False,L,109,120,-11,38,91,0.418,9,29,0.31,24,30,14,32,46,16,9,7,15,0.467,103.4745,113.9168
2024-25,NOP,2024-11-27,NOP vs. TOR,TOR,True,L,93,119,-26,36,93,0.387,11,35,0.314,10,16,10,37,47,24,12,4,17,0.4462,88.0182,112.6254
2024-25,NOP,2024-11-25,NOP @ IND,IND,False,L,110,114,-4,45,87,0.517,9,33,0.273,11,19,8,36,44,35,9,3,15,0.569,105.5662,109.405
2024-25,NOP,2024-11-22,NOP vs. GSW,GSW,True,L,108,112,-4,41,92,0.446,12,39,0.308,14,22,13,30,43,28,10,9,10,0.5109,107.228,111.1994
2024-25,NOP,2024-11-20,NOP @ CLE,CLE,False,L,100,128,-28,39,92,0.424,8,31,0.258,14,22,16,24,40,23,9,3,11,0.4674,103.1779,132.0677
2024-25,NOP,2024-11-19,NOP @ DAL,DAL,False,L,91,132,-41,31,78,0.397,11,32,0.344,18,21,7,30,37,19,9,4,21,0.4679,89.1108,129.2597
2024-25,NOP,2024-11-16,NOP vs. LAL,LAL,True,L,99,104,-5,35,83,0.422,11,29,0.379,18,23,18,32,50,24,7,4,17,0.488,108.1731,113.6364
2024-25,NOP,2024-11-15,NOP vs. DEN,DEN,True,W,101,94,7,37,87,0.425,11,35,0.314,16,18,17,39,56,21,4,5,15,0.4885,107.5841,100.1278
2024-25,NOP,2024-11-13,NOP @ OKC,OKC,False,L,88,106,-18,34,86,0.395,9,37,0.243,11,17,21,37,58,21,3,4,24,0.4477,90.9467,109.5494
2024-25,NOP,2024-11-11,NOP vs. BKN,BKN,True,L,105,107,-2,42,94,0.447,10,30,0.333,11,12,14,31,45,31,13,4,11,0.5,109.5805,111.6677
2024-25,NOP,2024-11-08,NOP @ ORL,ORL,False,L,88,115,-27,32,84,0.381,10,31,0.323,14,17,6,25,31,18,10,1,16,0.4405,87.6843,114.5875
2024-25,NOP,2024-11-06,NOP vs. CLE,CLE,True,L,122,131,-9,42,88,0.477,13,27,0.481,25,28,8,25,33,21,8,8,10,0.5511,119.0012,127.7799
2024-25,NOP,2024-11-04,NOP vs. POR,POR,True,L,100,118,-18,38,84,0.452,10,35,0.286,14,16,10,24,34,24,5,3,16,0.5119,103.8422,122.5337
2024-25,NOP,2024-11-03,NOP vs. ATL,ATL,True,L,111,126,-15,39,90,0.433,16,38,0.421,17,20,18,25,43,22,6,3,18,0.5222,112.0759,127.2213
2024-25,NOP,2024-11-01,NOP vs. IND,IND,True,W,125,118,7,49,101,0.485,12,31,0.387,15,19,15,31,46,28,8,4,8,0.5446,121.9036,115.077
2024-25,NOP,2024-10-30,NOP @ GSW,GSW,False,L,89,104,-15,33,90,0.367,11,36,0.306,12,20,18,31,49,24,7,6,15,0.4278,93.9215,109.7509
2024-25,NOP,2024-10-29,NOP @ GSW,GSW,False,L,106,124,-18,40,74,0.541,9,22,0.409,17,24,9,35,44,23,4,6,24,0.6014,106.383,124.448
2024-25,NOP,2024-10-27,NOP @ POR,POR,False,L,103,125,-22,38,88,0.432,8,29,0.276,19,24,15,24,39,24,9,8,17,0.4773,102.1623,123.9833
2024-25,NOP,2024-10-25,NOP @ POR,POR,False,W,105,103,2,36,86,0.419,12,32,0.375,21,31,11,33,44,25,12,8,14,0.4884,99.319,97.4272
2024-25,NOP,2024-10-23,NOP vs. CHI,CHI,True,W,123,111,12,45,97,0.464,14,37,0.378,19,21,7,35,42,29,15,10,12,0.5361,111.6963,100.7991
2024-25,NYK,2025-04-13,NYK @ BKN,BKN,False,W,113,105,8,37,86,0.43,16,42,0.381,23,26,10,30,40,27,10,3,12,0.5233,114.4652,106.3614
2024-25,NYK,2025-04-11,NYK vs. CLE,CLE,True,L,102,108,-6,36,88,0.409,16,41,0.39,14,20,10,25,35,22,11,2,11,0.5,107.3684,113.6842
2024-25,NYK,2025-04-10,NYK @ DET,DET,False,L,106,115,-9,42,90,0.467,11,34,0.324,11,14,11,23,34,32,11,6,17,0.5278,107.0275,116.1147
2024-25,NYK,2025-04-08,NYK vs. BOS,BOS,True,L,117,119,-2,48,101,0.475,11,38,0.289,10,16,17,35,52,28,8,6,11,0.5297,113.5702,115.5116
2024-25,NYK,2025-04-06,NYK vs. PHX,PHX,True,W,112,98,14,40,74,0.541,12,28,0.429,20,24,6,35,41,28,6,3,15,0.6216,117.3266,102.6608
2024-25,NYK,2025-04-05,NYK @ ATL,ATL,False,W,121,105,16,45,84,0.536,15,29,0.517,16,19,6,32,38,32,8,5,14,0.625,121.2182,105.1893
2024-25,NYK,2025-04-02,NYK @ CLE,CLE,False,L,105,124,-19,40,90,0.444,11,36,0.306,14,17,15,24,39,24,7,2,16,0.5056,106.7941,126.1188
2024-25,NYK,2025-04-01,NYK vs. PHI,PHI,True,W,105,91,14,36,85,0.424,12,31,0.387,21,26,14,30,44,23,10,4,19,0.4941,105.464,91.4022
2024-25,NYK,2025-03-30,NYK vs. POR,POR,True,W,110,93,17,45,84,0.536,10,25,0.4,10,13,9,35,44,27,10,10,15,0.5952,115.8627,97.9566
2024-25,NYK,2025-03-28,NYK @ MIL,MIL,False,W,116,107,9,45,93,0.484,12,33,0.364,14,16,14,30,44,28,12,1,9,0.5484,121.2121,111.8077
2024-25,NYK,2025-03-26,NYK vs. LAC,LAC,True,L,113,126,-13,42,84,0.5,13,34,0.382,16,22,7,31,38,35,4,1,10,0.5774,120.7007,134.5866
2024-25,NYK,2025-03-25,NYK vs. DAL,DAL,True,W,128,113,15,53,89,0.596,10,26,0.385,12,18,5,31,36,40,9,4,15,0.6517,122.5349,108.1754
2024-25,NYK,2025-03-22,NYK vs. WAS,WAS,True,W,122,103,19,44,91,0.484,13,35,0.371,21,27,14,35,49,29,13,3,16,0.5549,115.5084,97.5194
2024-25,NYK,2025-03-20,NYK @ CHA,CHA,False,L,98,115,-17,36,90,0.4,10,39,0.256,16,20,9,29,38,26,9,2,7,0.4556,101.4073,118.9983
2024-25,NYK,2025-03-19,NYK @ SAS,SAS,False,L,105,120,-15,39,92,0.424,11,37,0.297,16,21,17,27,44,28,7,7,11,0.4837,108.2251,123.6858
2024-25,NYK,2025-03-17,NYK vs. MIA,MIA,True,W,116,95,21,47,95,0.495,16,34,0.471,6,6,13,28,41,30,12,6,14,0.5789,117.2191,95.9984
2024-25,NYK,2025-03-15,NYK @ GSW,GSW,False,L,94,97,-3,37,86,0.43,9,24,0.375,11,13,13,36,49,20,6,6,13,0.4826,101.4024,104.6386
2024-25,NYK,2025-03-12,NYK @ POR,POR,False,W,114,113,1,44,94,0.468,12,31,0.387,14,20,11,27,38,27,12,7,15,0.5319,107.6487,106.7044
2024-25,NYK,2025-03-10,NYK @ SAC,SAC,False,W,133,104,29,45,84,0.536,22,40,0.55,21,26,6,34,40,34,13,1,16,0.6667,128.577,100.5414
2024-25,NYK,2025-03-07,NYK @ LAC,LAC,False,L,95,105,-10,35,91,0.385,9,34,0.265,16,18,14,39,53,25,6,4,15,0.4341,95.3432,105.3794
2024-25,NYK,2025-03-06,NYK @ LAL,LAL,False,L,109,113,-4,37,94,0.394,10,43,0.233,25,32,14,32,46,20,10,2,16,0.4468,100.7394,104.4362
2024-25,NYK,2025-03-04,NYK vs. GSW,GSW,True,L,102,114,-12,41,92,0.446,8,33,0.242,12,15,14,28,42,26,4,2,14,0.4891,102.5332,114.5959
2024-25,NYK,2025-03-02,NYK @ MIA,MIA,False,W,116,112,4,46,95,0.484,14,44,0.318,10,15,11,35,46,27,5,6,13,0.5579,113.3698,109.4605
2024-25,NYK,2025-02-28,NYK @ MEM,MEM,False,W,114,113,1,44,95,0.463,13,38,0.342,13,16,8,27,35,29,10,7,9,0.5316,110.2941,109.3266
2024-25,NYK,2025-02-26,NYK vs. PHI,PHI,True,W,110,105,5,40,77,0.519,7,19,0.368,23,29,7,36,43,22,6,8,16,0.5649,110.2425,105.2315
2024-25,NYK,2025-02-23,NYK @ BOS,BOS,False,L,105,118,-13,40,92,0.435,14,36,0.389,11,11,7,33,40,21,4,1,11,0.5109,106.7724,119.9919
2024-25,NYK,2025-02-21,NYK @ CLE,CLE,False,L,105,142,-37,42,89,0.472,10,28,0.357,11,18,9,23,32,25,8,3,17,0.5281,101.1951,136.8543
2024-25,NYK,2025-02-20,NYK vs. CHI,CHI,True,W,113,111,2,46,107,0.43,14,46,0.304,7,10,10,44,54,28,10,7,13,0.4953,99.7,97.9354
2024-25,NYK,2025-02-12,NYK vs. ATL,ATL,True,W,149,148,1,54,94,0.574,11,26,0.423,30,37,8,31,39,28,6,5,18,0.633,123.8159,122.9849
2024-25,NYK,2025-02-11,NYK @ IND,IND,False,W,128,115,13,49,91,0.538,10,27,0.37,20,23,13,35,48,37,6,2,16,0.5934,124.5378,111.8895
2024-25,NYK,2025-02-08,NYK vs. BOS,BOS,True,L,104,131,-27,35,83,0.422,9,24,0.375,25,29,7,23,30,16,9,1,9,0.4759,107.5936,135.5266
2024-25,NYK,2025-02-04,NYK @ TOR,TOR,False,W,121,115,6,47,94,0.5,8,25,0.32,19,23,17,26,43,26,10,4,13,0.5426,124.4344,118.2641
2024-25,NYK,2025-02-03,NYK vs. HOU,HOU,True,W,124,118,6,47,93,0.505,6,26,0.231,24,30,12,28,40,24,9,5,14,0.5376,114.9212,109.3605
2024-25,NYK,2025-02-01,NYK vs. LAL,LAL,True,L,112,128,-16,44,95,0.463,10,28,0.357,14,19,16,28,44,33,7,3,14,0.5158,110.7376,126.5572
2024-25,NYK,2025-01-29,NYK vs. DEN,DEN,True,W,122,112,10,48,93,0.516,14,34,0.412,12,18,6,29,35,33,7,2,6,0.5914,123.2074,113.1085
2024-25,NYK,2025-01-27,NYK vs. MEM,MEM,True,W,143,106,37,56,108,0.519,17,44,0.386,14,18,17,29,46,32,20,7,11,0.5972,132.1627,97.9667
2024-25,NYK,2025-01-25,NYK vs. SAC,SAC,True,W,143,120,23,52,105,0.495,17,36,0.472,22,23,17,36,53,40,9,4,11,0.5762,133.545,112.0657
2024-25,NYK,2025-01-21,NYK @ BKN,BKN,False,W,99,95,4,40,87,0.46,8,28,0.286,11,14,9,33,42,29,11,3,12,0.5057,100.938,96.8597
2024-25,NYK,2025-01-20,NYK vs. ATL,ATL,True,W,119,110,9,47,90,0.522,9,26,0.346,16,21,12,27,39,31,8,1,16,0.5722,115.5789,106.8376
2024-25,NYK,2025-01-17,NYK vs. MIN,MIN,True,L,99,116,-17,35,90,0.389,14,34,0.412,15,17,15,26,41,19,10,4,9,0.4667,109.0068,127.7252
2024-25,NYK,2025-01-15,NYK @ PHI,PHI,False,W,125,119,6,46,86,0.535,16,37,0.432,17,24,15,30,45,28,10,3,16,0.6279,127.0842,120.9841
2024-25,NYK,2025-01-13,NYK vs. DET,DET,True,L,119,124,-5,40,80,0.5,15,37,0.405,24,29,10,32,42,26,5,2,18,0.5938,117.4265,122.3604
2024-25,NYK,2025-01-12,NYK vs. MIL,MIL,True,W,140,106,34,51,88,0.58,18,41,0.439,20,24,10,39,49,29,6,4,12,0.6818,139.2758,105.4517
2024-25,NYK,2025-01-10,NYK vs. OKC,OKC,True,L,101,126,-25,37,96,0.385,4,31,0.129,23,23,16,27,43,18,7,3,12,0.4062,98.0392,122.3063
2024-25,NYK,2025-01-08,NYK vs. TOR,TOR,True,W,112,98,14,42,88,0.477,12,33,0.364,16,20,15,28,43,24,9,4,16,0.5455,117.6471,102.9412
2024-25,NYK,2025-01-06,NYK vs. ORL,ORL,True,L,94,103,-9,36,81,0.444,4,22,0.182,18,22,11,27,38,16,4,3,12,0.4691,104.0975,114.0642
2024-25,NYK,2025-01-04,NYK @ CHI,CHI,False,L,126,139,-13,48,97,0.495,8,30,0.267,22,28,18,31,49,27,7,3,13,0.5361,119.863,132.2298
2024-25,NYK,2025-01-03,NYK @ OKC,OKC,False,L,107,117,-10,43,90,0.478,9,32,0.281,12,17,11,31,42,22,7,2,12,0.5278,108.2339,118.3492
2024-25,NYK,2025-01-01,NYK vs. UTA,UTA,True,W,119,103,16,47,85,0.553,9,23,0.391,16,23,6,41,47,31,10,6,13,0.6059,114.5773,99.172
2024-25,NYK,2024-12-30,NYK @ WAS,WAS,False,W,126,106,20,45,98,0.459,15,44,0.341,21,25,15,39,54,34,9,2,8,0.5357,123.119,103.5763
2024-25,NYK,2024-12-28,NYK @ WAS,WAS,False,W,136,132,4,51,97,0.526,10,40,0.25,24,26,10,33,43,26,7,3,15,0.5773,120.8674,117.3125
2024-25,NYK,2024-12-27,NYK @ ORL,ORL,False,W,108,85,23,40,75,0.533,4,15,0.267,24,34,12,32,44,18,10,3,18,0.56,111.2026,87.5206
2024-25,NYK,2024-12-25,NYK vs. SAS,SAS,True,W,117,114,3,45,100,0.45,13,39,0.333,14,16,17,30,47,26,7,3,5,0.515,121.5458,118.4293
2024-25,NYK,2024-12-23,NYK vs. TOR,TOR,True,W,139,125,14,51,86,0.593,17,37,0.459,20,29,8,27,35,34,9,1,17,0.6919,131.1073,117.9023
2024-25,NYK,2024-12-21,NYK @ NOP,NOP,False,W,104,93,11,38,87,0.437,15,37,0.405,13,15,15,27,42,24,11,3,17,0.523,109.4967,97.9154
2024-25,NYK,2024-12-19,NYK @ MIN,MIN,False,W,133,107,26,50,97,0.515,20,45,0.444,13,16,16,41,57,39,10,2,15,0.6186,129.9082,104.5126
2024-25,NYK,2024-12-15,NYK @ ORL,ORL,False,W,100,91,9,33,71,0.465,10,24,0.417,24,30,7,38,45,20,8,3,19,0.5352,103.6699,94.3396
2024-25,NYK,2024-12-11,NYK vs. ATL,ATL,True,L,100,108,-8,40,93,0.43,11,42,0.262,9,15,12,37,49,27,8,11,15,0.4892,97.8474,105.6751
2024-25,NYK,2024-12-09,NYK @ TOR,TOR,False,W,113,108,5,42,82,0.512,17,40,0.425,12,19,6,34,40,32,7,7,10,0.6159,118.2008,112.9707
2024-25,NYK,2024-12-07,NYK vs. DET,DET,True,L,111,120,-9,42,79,0.532,11,34,0.324,16,27,4,27,31,27,11,5,15,0.6013,109.2305,118.087
2024-25,NYK,2024-12-05,NYK vs. CHA,CHA,True,W,125,101,24,41,76,0.539,18,33,0.545,25,32,6,37,43,29,7,4,9,0.6579,133.3476,107.7448
2024-25,NYK,2024-12-03,NYK vs. ORL,ORL,True,W,121,106,15,43,85,0.506,15,35,0.429,20,20,5,34,39,30,6,4,19,0.5941,113.7218,99.6241
2024-25,NYK,2024-12-01,NYK vs. NOP,NOP,True,W,118,85,33,42,92,0.457,20,45,0.444,14,16,14,46,60,30,10,9,17,0.5652,115.3921,83.1215
2024-25,NYK,2024-11-29,NYK @ CHA,CHA,False,W,99,98,1,36,81,0.444,12,32,0.375,15,19,12,32,44,20,7,5,21,0.5185,101.5593,100.5334
2024-25,NYK,2024-11-27,NYK @ DAL,DAL,False,L,114,129,-15,40,86,0.465,7,29,0.241,27,30,7,26,33,20,9,3,9,0.5058,114.8962,130.0141
2024-25,NYK,2024-11-25,NYK @ DEN,DEN,False,W,145,118,27,56,92,0.609,19,36,0.528,14,16,8,35,43,45,5,4,11,0.712,140.1508,114.0537
2024-25,NYK,2024-11-23,NYK @ UTA,UTA,False,L,106,121,-15,39,100,0.39,17,51,0.333,11,12,11,29,40,25,10,10,9,0.475,102.0998,116.5479
2024-25,NYK,2024-11-20,NYK @ PHX,PHX,False,W,138,122,16,50,86,0.581,19,39,0.487,19,21,10,31,41,30,10,0,15,0.6919,136.1484,120.3631
2024-25,NYK,2024-11-18,NYK vs. WAS,WAS,True,W,134,106,28,51,91,0.56,20,40,0.5,12,13,7,34,41,37,4,1,8,0.6703,138.3154,109.4137
2024-25,NYK,2024-11-17,NYK vs. BKN,BKN,True,W,114,104,10,43,88,0.489,13,40,0.325,15,19,10,37,47,33,4,5,8,0.5625,122.8713,112.0931
2024-25,NYK,2024-11-15,NYK vs. BKN,BKN,True,W,124,122,2,44,83,0.53,13,38,0.342,23,28,8,37,45,25,7,6,13,0.6084,123.6045,121.6108
2024-25,NYK,2024-11-13,NYK vs. CHI,CHI,True,L,123,124,-1,48,94,0.511,15,37,0.405,12,18,10,30,40,31,7,3,15,0.5904,116.1473,117.0916
2024-25,NYK,2024-11-12,NYK @ PHI,PHI,False,W,111,99,12,44,89,0.494,9,31,0.29,14,15,8,39,47,31,8,5,15,0.5449,109.814,97.9422
2024-25,NYK,2024-11-10,NYK @ IND,IND,False,L,121,132,-11,46,83,0.554,7,25,0.28,22,27,8,31,39,23,5,3,14,0.5964,118.1179,128.8559
2024-25,NYK,2024-11-08,NYK vs. MIL,MIL,True,W,116,94,22,43,91,0.473,14,46,0.304,16,19,14,34,48,35,7,3,11,0.5495,121.7976,98.698
2024-25,NYK,2024-11-06,NYK @ ATL,ATL,False,L,116,121,-5,41,84,0.488,22,47,0.468,12,15,7,34,41,29,5,5,16,0.619,115.2623,120.2305
2024-25,NYK,2024-11-04,NYK @ HOU,HOU,False,L,97,109,-12,34,88,0.386,11,28,0.393,18,21,13,26,39,20,6,4,10,0.4489,102.0194,114.6403
2024-25,NYK,2024-11-01,NYK @ DET,DET,False,W,128,98,30,52,101,0.515,18,38,0.474,6,10,12,33,45,31,16,3,10,0.604,125.8109,96.324
2024-25,NYK,2024-10-30,NYK @ MIA,MIA,False,W,116,107,9,40,82,0.488,18,40,0.45,18,20,7,35,42,30,8,4,11,0.5976,122.518,113.0123
2024-25,NYK,2024-10-28,NYK vs. CLE,CLE,True,L,104,110,-6,40,90,0.444,9,28,0.321,15,18,13,30,43,22,8,3,16,0.4944,104.7965,110.8424
2024-25,NYK,2024-10-25,NYK vs. IND,IND,True,W,123,98,25,44,84,0.524,12,27,0.444,23,29,11,32,43,19,5,4,12,0.5952,125.1526,99.7151
2024-25,NYK,2024-10-22,NYK @ BOS,BOS,False,L,109,132,-23,43,78,0.551,11,30,0.367,12,16,5,29,34,20,2,3,12,0.6218,118.7623,143.8222
2024-25,OKC,2025-04-13,OKC @ NOP,NOP,False,W,115,100,15,41,98,0.418,9,47,0.191,24,27,17,37,54,16,8,4,10,0.4643,110.0057,95.6572
2024-25,OKC,2025-04-11,OKC @ UTA,UTA,False,W,145,111,34,56,100,0.56,24,53,0.453,9,13,5,42,47,41,12,4,10,0.68,132.1064,101.1297
2024-25,OKC,2025-04-09,OKC @ PHX,PHX,False,W,125,112,13,45,86,0.523,12,30,0.4,23,27,8,36,44,24,11,2,12,0.593,123.0073,110.2145
2024-25,OKC,2025-04-08,OKC vs. LAL,LAL,True,W,136,120,16,52,104,0.5,18,37,0.486,14,20,15,29,44,26,9,5,7,0.5865,130.719,115.3403
2024-25,OKC,2025-04-06,OKC vs. LAL,LAL,True,L,99,126,-27,39,90,0.433,12,37,0.324,9,12,9,25,34,20,9,3,7,0.5,102.1883,130.0578
2024-25,OKC,2025-04-04,OKC @ HOU,HOU,False,L,111,125,-14,43,89,0.483,13,35,0.371,12,15,7,26,33,24,7,6,15,0.5562,106.7102,120.1692
2024-25,OKC,2025-04-02,OKC vs. DET,DET,True,W,119,103,16,42,96,0.438,10,38,0.263,25,31,13,33,46,25,12,11,10,0.4896,110.8833,95.9747
2024-25,OKC,2025-03-31,OKC vs. CHI,CHI,True,W,145,117,28,52,98,0.531,23,43,0.535,18,23,9,35,44,39,11,6,14,0.648,127.1038,102.5596
2024-25,OKC,2025-03-29,OKC vs. IND,IND,True,W,132,111,21,48,94,0.511,17,36,0.472,19,23,8,39,47,26,9,4,10,0.6011,125.9782,105.9362
2024-25,OKC,2025-03-27,OKC vs. MEM,MEM,True,W,125,104,21,44,90,0.489,13,31,0.419,24,28,7,38,45,28,9,4,12,0.5611,118.7987,98.8405
2024-25,OKC,2025-03-25,OKC @ SAC,SAC,False,W,121,105,16,43,82,0.524,19,32,0.594,16,20,6,46,52,30,7,6,17,0.6402,118.5809,102.9008
2024-25,OKC,2025-03-23,OKC @ LAC,LAC,False,W,103,101,2,37,92,0.402,12,35,0.343,17,20,10,32,42,28,9,8,9,0.4674,104.5049,102.4756
2024-25,OKC,2025-03-21,OKC vs. CHA,CHA,True,W,141,106,35,54,94,0.574,21,39,0.538,12,17,10,33,43,29,10,7,9,0.6862,143.7309,108.053
2024-25,OKC,2025-03-19,OKC vs. PHI,PHI,True,W,133,100,33,47,90,0.522,24,52,0.462,15,20,11,44,55,36,10,5,14,0.6556,130.4945,98.1162
2024-25,OKC,2025-03-16,OKC @ MIL,MIL,False,W,121,105,16,46,89,0.517,10,29,0.345,19,25,8,42,50,30,3,3,10,0.573,121.2911,105.2526
2024-25,OKC,2025-03-15,OKC @ DET,DET,False,W,113,107,6,43,89,0.483,10,34,0.294,17,22,10,34,44,17,11,8,18,0.5393,106.9063,101.2299
2024-25,OKC,2025-03-12,OKC @ BOS,BOS,False,W,118,112,6,40,82,0.488,13,37,0.351,25,35,11,33,44,19,7,2,12,0.5671,120.6051,114.4726
2024-25,OKC,2025-03-10,OKC vs. DEN,DEN,True,L,127,140,-13,47,100,0.47,19,47,0.404,14,16,13,24,37,29,9,6,11,0.565,125.2218,138.0398
2024-25,OKC,2025-03-09,OKC vs. DEN,DEN,True,W,127,103,24,46,94,0.489,13,38,0.342,22,25,10,46,56,25,5,14,5,0.5585,127.1271,103.1031
2024-25,OKC,2025-03-07,OKC vs. POR,POR,True,W,107,89,18,39,84,0.464,14,38,0.368,15,17,4,39,43,25,12,8,13,0.5476,103.6822,86.2403
2024-25,OKC,2025-03-05,OKC @ MEM,MEM,False,W,120,103,17,44,87,0.506,15,36,0.417,17,19,3,36,39,27,10,4,11,0.592,114.8106,98.5457
2024-25,OKC,2025-03-03,OKC vs. HOU,HOU,True,W,137,128,9,48,97,0.495,17,37,0.459,24,27,14,35,49,31,11,6,13,0.5825,126.0582,117.777
2024-25,OKC,2025-03-02,OKC @ SAS,SAS,False,W,146,132,14,55,101,0.545,19,44,0.432,17,20,12,33,45,34,7,6,7,0.6386,139.1536,125.8101
2024-25,OKC,2025-02-28,OKC @ ATL,ATL,False,W,135,119,16,51,101,0.505,23,50,0.46,10,12,9,34,43,37,10,1,12,0.6188,124.7689,109.9815
2024-25,OKC,2025-02-26,OKC @ BKN,BKN,False,W,129,121,8,48,90,0.533,9,30,0.3,24,29,11,34,45,27,10,4,12,0.5833,126.0012,118.1871
2024-25,OKC,2025-02-24,OKC vs. MIN,MIN,True,L,128,131,-3,45,106,0.425,15,49,0.306,23,29,16,37,53,27,10,8,11,0.4953,111.3431,113.9527
2024-25,OKC,2025-02-23,OKC @ MIN,MIN,False,W,130,123,7,48,86,0.558,19,35,0.543,15,20,7,30,37,32,9,8,13,0.6686,129.922,122.9262
2024-25,OKC,2025-02-21,OKC @ UTA,UTA,False,W,130,107,23,46,97,0.474,19,43,0.442,19,20,17,34,51,38,10,10,12,0.5722,126.3854,104.0249
2024-25,OKC,2025-02-13,OKC @ MIN,MIN,False,L,101,116,-15,37,88,0.42,7,29,0.241,20,24,12,37,49,25,4,7,10,0.4602,103.4624,118.8281
2024-25,OKC,2025-02-12,OKC vs. MIA,MIA,True,W,115,101,14,43,88,0.489,15,39,0.385,14,20,11,30,41,22,10,3,13,0.5739,118.0698,103.6961
2024-25,OKC,2025-02-10,OKC vs. NOP,NOP,True,W,137,101,36,49,95,0.516,27,55,0.491,12,16,10,35,45,29,15,8,11,0.6579,131.5032,96.9476
2024-25,OKC,2025-02-08,OKC @ MEM,MEM,False,W,125,112,13,45,105,0.429,18,42,0.429,17,21,21,34,55,29,5,5,9,0.5143,122.9105,110.1278
2024-25,OKC,2025-02-07,OKC vs. TOR,TOR,True,W,121,109,12,43,84,0.512,9,31,0.29,26,31,11,33,44,26,10,7,12,0.5655,123.4694,111.2245
2024-25,OKC,2025-02-05,OKC vs. PHX,PHX,True,W,140,109,31,52,102,0.51,12,42,0.286,24,27,17,29,46,24,15,4,6,0.5686,135.6589,105.6202
2024-25,OKC,2025-02-03,OKC vs. MIL,MIL,True,W,125,96,29,51,99,0.515,16,41,0.39,7,8,14,41,55,28,9,5,17,0.596,116.9536,89.8204
2024-25,OKC,2025-02-01,OKC vs. SAC,SAC,True,W,144,110,34,57,107,0.533,19,46,0.413,11,16,20,50,70,37,5,6,12,0.6215,133.0377,101.626
2024-25,OKC,2025-01-29,OKC @ GSW,GSW,False,L,109,116,-7,40,99,0.404,9,39,0.231,20,25,17,33,50,21,8,3,14,0.4495,104.6467,111.3671
2024-25,OKC,2025-01-26,OKC @ POR,POR,False,W,118,108,10,42,89,0.472,10,30,0.333,24,29,14,29,43,24,7,3,9,0.5281,122.8655,112.4531
2024-25,OKC,2025-01-23,OKC vs. DAL,DAL,True,L,115,121,-6,42,88,0.477,15,37,0.405,16,22,8,25,33,26,9,4,13,0.5625,112.4584,118.3258
2024-25,OKC,2025-01-22,OKC vs. UTA,UTA,True,W,123,114,9,44,95,0.463,12,39,0.308,23,25,13,26,39,20,15,4,11,0.5263,117.9517,109.3211
2024-25,OKC,2025-01-19,OKC vs. BKN,BKN,True,W,127,101,26,48,87,0.552,19,43,0.442,12,13,8,35,43,37,8,5,12,0.6609,128.8817,102.4964
2024-25,OKC,2025-01-17,OKC @ DAL,DAL,False,L,98,106,-8,35,91,0.385,20,46,0.435,8,12,14,32,46,24,7,2,15,0.4945,101.5755,109.8673
2024-25,OKC,2025-01-16,OKC vs. CLE,CLE,True,W,134,114,20,53,105,0.505,18,53,0.34,10,11,8,31,39,25,12,5,7,0.5905,122.8907,104.5488
2024-25,OKC,2025-01-14,OKC @ PHI,PHI,False,W,118,102,16,45,81,0.556,12,36,0.333,16,18,10,28,38,32,10,4,18,0.6296,117.5767,101.6341
2024-25,OKC,2025-01-12,OKC @ WAS,WAS,False,W,136,95,41,45,95,0.474,13,35,0.371,33,35,15,41,56,26,11,4,13,0.5421,125.9726,87.9956
2024-25,OKC,2025-01-10,OKC @ NYK,NYK,False,W,126,101,25,48,89,0.539,14,27,0.519,16,18,8,38,46,20,9,9,15,0.618,122.3063,98.0392
2024-25,OKC,2025-01-08,OKC @ CLE,CLE,False,L,122,129,-7,48,90,0.533,11,31,0.355,15,17,9,29,38,35,9,5,13,0.5944,118.24,125.0242
2024-25,OKC,2025-01-05,OKC vs. BOS,BOS,True,W,105,92,13,39,87,0.448,16,38,0.421,11,13,9,37,46,22,11,6,16,0.5402,105.3794,92.3324
2024-25,OKC,2025-01-03,OKC vs. NYK,NYK,True,W,117,107,10,43,84,0.512,14,27,0.519,17,21,7,34,41,27,9,7,13,0.5952,118.3492,108.2339
2024-25,OKC,2025-01-02,OKC vs. LAC,LAC,True,W,116,98,18,43,86,0.5,14,38,0.368,16,20,4,31,35,29,11,3,10,0.5814,116.4191,98.3541
2024-25,OKC,2024-12-31,OKC vs. MIN,MIN,True,W,113,105,8,42,89,0.472,12,36,0.333,17,23,9,28,37,25,16,2,12,0.5393,112.7745,104.7904
2024-25,OKC,2024-12-29,OKC vs. MEM,MEM,True,W,130,106,24,52,103,0.505,14,44,0.318,12,12,9,36,45,35,10,9,10,0.5728,117.9031,96.1364
2024-25,OKC,2024-12-28,OKC @ CHA,CHA,False,W,106,94,12,42,88,0.477,10,38,0.263,12,14,9,40,49,29,9,1,17,0.5341,103.6776,91.9405
2024-25,OKC,2024-12-26,OKC @ IND,IND,False,W,120,114,6,44,95,0.463,13,37,0.351,19,24,9,36,45,20,4,4,3,0.5316,121.0654,115.0121
2024-25,OKC,2024-12-23,OKC vs. WAS,WAS,True,W,123,105,18,47,106,0.443,10,38,0.263,19,22,19,40,59,25,15,9,12,0.4906,114.696,97.9112
2024-25,OKC,2024-12-20,OKC @ MIA,MIA,False,W,104,97,7,39,86,0.453,14,34,0.412,12,17,12,36,48,24,8,5,14,0.5349,104.3758,97.3505
2024-25,OKC,2024-12-19,OKC @ ORL,ORL,False,W,105,99,6,40,83,0.482,10,31,0.323,15,16,4,28,32,23,15,6,13,0.5422,106.0392,99.9798
2024-25,OKC,2024-12-14,OKC @ HOU,HOU,False,W,111,96,15,36,80,0.45,11,30,0.367,28,32,4,39,43,19,12,4,12,0.5188,107.7252,93.1677
2024-25,OKC,2024-12-10,OKC vs. DAL,DAL,True,W,118,104,14,46,101,0.455,20,50,0.4,6,7,17,35,52,29,14,5,14,0.5545,117.1565,103.2566
2024-25,OKC,2024-12-07,OKC @ NOP,NOP,False,W,119,109,10,45,85,0.529,12,32,0.375,17,21,10,35,45,27,13,3,20,0.6,116.0296,106.2793
2024-25,OKC,2024-12-05,OKC @ TOR,TOR,False,W,129,92,37,49,102,0.48,17,47,0.362,14,17,13,42,55,28,15,11,6,0.5637,123.2798,87.9205
2024-25,OKC,2024-12-03,OKC vs. UTA,UTA,True,W,133,106,27,53,102,0.52,17,47,0.362,10,11,15,19,34,32,18,3,8,0.6029,134.6699,107.3309
2024-25,OKC,2024-12-01,OKC @ HOU,HOU,False,L,116,119,-3,42,94,0.447,13,39,0.333,19,25,11,35,46,30,5,4,7,0.516,113.0825,116.007
2024-25,OKC,2024-11-29,OKC @ LAL,LAL,False,W,101,93,8,38,93,0.409,13,40,0.325,12,16,15,32,47,20,12,3,10,0.4785,108.4389,99.8497
2024-25,OKC,2024-11-27,OKC @ GSW,GSW,False,W,105,101,4,39,85,0.459,11,37,0.297,16,26,8,40,48,26,10,9,14,0.5235,101.1171,97.265
2024-25,OKC,2024-11-25,OKC @ SAC,SAC,False,W,130,109,21,48,86,0.558,14,31,0.452,20,25,11,33,44,28,6,3,15,0.6395,129.2761,108.393
2024-25,OKC,2024-11-20,OKC vs. POR,POR,True,W,109,99,10,40,91,0.44,9,31,0.29,20,23,15,31,46,24,14,8,14,0.489,109.3061,99.278
2024-25,OKC,2024-11-19,OKC @ SAS,SAS,False,L,104,110,-6,41,100,0.41,16,53,0.302,6,7,13,34,47,24,16,4,14,0.49,99.7889,105.546
2024-25,OKC,2024-11-17,OKC vs. DAL,DAL,True,L,119,121,-2,43,87,0.494,14,42,0.333,19,25,7,22,29,29,11,5,8,0.5747,120.9104,122.9425
2024-25,OKC,2024-11-15,OKC vs. PHX,PHX,True,W,99,83,16,36,91,0.396,10,40,0.25,17,18,13,40,53,21,6,11,11,0.4505,101.2684,84.9018
2024-25,OKC,2024-11-13,OKC vs. NOP,NOP,True,W,106,88,18,39,88,0.443,15,39,0.385,13,16,5,26,31,20,16,7,7,0.5284,109.5494,90.9467
2024-25,OKC,2024-11-11,OKC vs. LAC,LAC,True,W,134,128,6,47,91,0.516,18,46,0.391,22,23,9,20,29,31,16,5,11,0.6154,130.8083,124.9512
2024-25,OKC,2024-11-10,OKC vs. GSW,GSW,True,L,116,127,-11,42,94,0.447,11,33,0.333,21,26,14,27,41,25,4,6,11,0.5053,113.9713,124.7789
2024-25,OKC,2024-11-08,OKC vs. HOU,HOU,True,W,126,107,19,46,90,0.511,14,37,0.378,20,23,7,34,41,24,9,8,11,0.5889,120.8285,102.6084
2024-25,OKC,2024-11-06,OKC @ DEN,DEN,False,L,122,124,-2,44,100,0.44,16,40,0.4,18,23,13,34,47,29,15,6,14,0.52,111.0909,112.912
2024-25,OKC,2024-11-04,OKC vs. ORL,ORL,True,W,102,86,16,39,85,0.459,12,31,0.387,12,16,5,37,42,23,12,4,17,0.5294,97.1799,81.936
2024-25,OKC,2024-11-02,OKC @ LAC,LAC,False,W,105,92,13,36,84,0.429,16,39,0.41,17,19,3,38,41,25,11,3,12,0.5238,103.0422,90.2846
2024-25,OKC,2024-11-01,OKC @ POR,POR,False,W,137,114,23,51,95,0.537,19,49,0.388,16,19,14,31,45,31,14,9,13,0.6368,132.3671,110.1449
2024-25,OKC,2024-10-30,OKC vs. SAS,SAS,True,W,105,93,12,41,89,0.461,17,41,0.415,6,8,5,34,39,28,18,6,14,0.5562,104.353,92.427
2024-25,OKC,2024-10-27,OKC vs. ATL,ATL,True,W,128,104,24,44,89,0.494,16,40,0.4,24,32,11,34,45,26,13,12,10,0.5843,122.5819,99.5978
2024-25,OKC,2024-10-26,OKC @ CHI,CHI,False,W,114,95,19,45,107,0.421,8,40,0.2,16,20,9,45,54,21,15,5,10,0.4579,97.6529,81.3774
2024-25,OKC,2024-10-24,OKC @ DEN,DEN,False,W,102,87,15,43,101,0.426,8,36,0.222,8,12,13,36,49,23,9,13,12,0.4653,97.8699,83.4773
2024-25,ORL,2025-04-13,ORL @ ATL,ATL,False,L,105,117,-12,40,88,0.455,15,35,0.429,10,15,12,31,43,25,11,5,15,0.5398,106.599,118.7817
2024-25,ORL,2025-04-11,ORL @ IND,IND,False,W,129,115,14,49,85,0.576,13,32,0.406,18,21,8,27,35,32,14,11,20,0.6529,120.7639,107.6577
2024-25,ORL,2025-04-09,ORL vs. BOS,BOS,True,W,96,76,20,37,91,0.407,16,45,0.356,6,8,12,37,49,23,5,3,10,0.4945,104.2572,82.5369
2024-25,ORL,2025-04-08,ORL vs. ATL,ATL,True,W,119,112,7,42,84,0.5,14,34,0.412,21,31,13,30,43,23,13,6,14,0.5833,118.8099,111.8211
2024-25,ORL,2025-04-03,ORL @ WAS,WAS,False,W,109,97,12,38,82,0.463,11,30,0.367,22,25,13,34,47,27,7,8,12,0.5305,116.6774,103.8322
2024-25,ORL,2025-04-01,ORL @ SAS,SAS,False,W,116,105,11,43,90,0.478,18,47,0.383,12,12,10,31,41,28,12,7,13,0.5778,119.121,107.825
2024-25,ORL,2025-03-31,ORL vs. LAC,LAC,True,L,87,96,-9,30,76,0.395,7,26,0.269,20,22,6,26,32,18,10,4,15,0.4408,91.5597,101.0314
2024-25,ORL,2025-03-29,ORL vs. SAC,SAC,True,W,121,91,30,44,89,0.494,18,39,0.462,15,24,13,36,49,31,10,2,14,0.5955,122.6186,92.2173
2024-25,ORL,2025-03-27,ORL vs. DAL,DAL,True,L,92,101,-9,34,80,0.425,5,30,0.167,19,24,10,34,44,14,5,5,17,0.4562,94.243,103.4624
2024-25,ORL,2025-03-25,ORL @ CHA,CHA,False,W,111,104,7,41,90,0.456,13,42,0.31,16,19,13,37,50,22,5,4,11,0.5278,112.9196,105.7986
2024-25,ORL,2025-03-24,ORL vs. LAL,LAL,True,W,118,106,12,42,85,0.494,15,40,0.375,19,23,12,31,43,25,6,4,9,0.5824,127.9549,114.9425
2024-25,ORL,2025-03-21,ORL @ WAS,WAS,False,W,120,105,15,46,96,0.479,17,42,0.405,11,13,13,42,55,25,9,8,13,0.5677,117.6009,102.9008
2024-25,ORL,2025-03-19,ORL vs. HOU,HOU,True,L,108,116,-8,41,92,0.446,9,35,0.257,17,20,14,27,41,23,7,4,12,0.4946,109.1571,117.2428
2024-25,ORL,2025-03-16,ORL @ CLE,CLE,False,W,108,103,5,34,81,0.42,13,31,0.419,27,34,13,34,47,21,11,3,18,0.5,106.0071,101.0993
2024-25,ORL,2025-03-14,ORL @ MIN,MIN,False,L,111,118,-7,40,89,0.449,12,28,0.429,19,22,6,25,31,18,9,5,11,0.5169,107.767,114.5631
2024-25,ORL,2025-03-13,ORL @ NOP,NOP,False,W,113,93,20,43,83,0.518,13,33,0.394,14,18,8,31,39,25,7,7,11,0.5964,122.7194,100.9991
2024-25,ORL,2025-03-10,ORL @ HOU,HOU,False,L,84,97,-13,28,86,0.326,8,32,0.25,20,24,13,29,42,15,10,5,9,0.3721,88.6637,102.3855
2024-25,ORL,2025-03-08,ORL @ MIL,MIL,False,W,111,109,2,42,82,0.512,12,32,0.375,15,19,5,29,34,19,5,5,10,0.5854,117.1628,115.0517
2024-25,ORL,2025-03-06,ORL vs. CHI,CHI,True,L,123,125,-2,40,87,0.46,9,33,0.273,34,40,9,24,33,26,10,5,12,0.5115,115.6015,117.4812
2024-25,ORL,2025-03-04,ORL vs. TOR,TOR,True,L,113,114,-1,40,83,0.482,15,36,0.417,18,23,7,28,35,28,12,5,14,0.5723,111.5939,112.5815
2024-25,ORL,2025-03-02,ORL vs. TOR,TOR,True,L,102,104,-2,30,67,0.448,7,21,0.333,35,42,7,28,35,17,3,5,14,0.5,108.1196,110.2396
2024-25,ORL,2025-02-27,ORL vs. GSW,GSW,True,L,115,121,-6,45,89,0.506,11,28,0.393,14,18,15,31,46,23,9,4,18,0.5674,116.8224,122.9175
2024-25,ORL,2025-02-25,ORL vs. CLE,CLE,True,L,82,122,-40,33,90,0.367,5,28,0.179,11,14,12,23,35,21,7,8,12,0.3944,88.0773,131.0419
2024-25,ORL,2025-02-23,ORL vs. WAS,WAS,True,W,110,90,20,40,90,0.444,11,32,0.344,19,22,14,33,47,25,9,5,16,0.5056,107.1289,87.651
2024-25,ORL,2025-02-21,ORL vs. MEM,MEM,True,L,104,105,-1,36,88,0.409,9,31,0.29,23,33,13,37,50,23,7,9,14,0.4602,99.8656,100.8258
2024-25,ORL,2025-02-20,ORL @ ATL,ATL,False,W,114,108,6,41,85,0.482,6,25,0.24,26,38,11,42,53,15,6,7,8,0.5176,111.7428,105.8616
2024-25,ORL,2025-02-12,ORL vs. CHA,CHA,True,W,102,86,16,37,90,0.411,14,43,0.326,14,19,13,39,52,22,4,9,11,0.4889,107.391,90.5454
2024-25,ORL,2025-02-10,ORL vs. ATL,ATL,True,L,106,112,-6,37,78,0.474,12,30,0.4,20,24,7,29,36,22,10,8,18,0.5513,106.0636,112.0672
2024-25,ORL,2025-02-08,ORL vs. SAS,SAS,True,W,112,111,1,45,88,0.511,10,30,0.333,12,20,13,32,45,19,10,1,15,0.5682,115.1079,114.0802
2024-25,ORL,2025-02-06,ORL @ DEN,DEN,False,L,90,112,-22,31,84,0.369,5,31,0.161,23,30,13,27,40,21,10,8,14,0.3988,90.7075,112.8805
2024-25,ORL,2025-02-05,ORL @ SAC,SAC,False,W,130,111,19,50,88,0.568,16,31,0.516,14,15,9,26,35,30,8,3,11,0.6591,134.0759,114.4802
2024-25,ORL,2025-02-03,ORL @ GSW,GSW,False,L,99,104,-5,43,99,0.434,8,32,0.25,5,10,18,34,52,23,8,2,12,0.4747,101.8728,107.0179
2024-25,ORL,2025-02-01,ORL @ UTA,UTA,False,L,99,113,-14,30,91,0.33,9,41,0.22,30,35,11,32,43,19,9,7,8,0.3791,96.1352,109.73
2024-25,ORL,2025-01-30,ORL @ POR,POR,False,L,90,119,-29,34,81,0.42,5,26,0.192,17,20,13,20,33,14,8,6,16,0.4506,95.0169,125.6334
2024-25,ORL,2025-01-27,ORL @ MIA,MIA,False,L,119,125,-6,45,98,0.459,14,39,0.359,15,25,12,35,47,32,9,4,15,0.5306,105.198,110.5021
2024-25,ORL,2025-01-25,ORL vs. DET,DET,True,W,121,113,8,40,83,0.482,15,33,0.455,26,38,8,32,40,22,8,4,15,0.5723,115.2161,107.5986
2024-25,ORL,2025-01-23,ORL vs. POR,POR,True,L,79,101,-22,26,76,0.342,6,25,0.24,21,31,14,30,44,17,9,6,22,0.3816,81.0256,103.5897
2024-25,ORL,2025-01-21,ORL @ TOR,TOR,False,L,93,109,-16,35,85,0.412,9,31,0.29,14,19,14,34,48,16,5,2,14,0.4647,100.1723,117.4063
2024-25,ORL,2025-01-19,ORL vs. DEN,DEN,True,L,100,113,-13,38,102,0.373,12,41,0.293,12,16,16,23,39,30,15,6,7,0.4314,100.6644,113.7508
2024-25,ORL,2025-01-17,ORL @ BOS,BOS,False,L,94,121,-27,34,82,0.415,5,32,0.156,21,31,12,25,37,15,3,3,12,0.4451,101.9965,131.2934
2024-25,ORL,2025-01-15,ORL @ MIL,MIL,False,L,93,122,-29,33,95,0.347,12,46,0.261,15,21,9,23,32,24,13,1,13,0.4105,87.0623,114.2108
2024-25,ORL,2025-01-12,ORL vs. PHI,PHI,True,W,104,99,5,39,80,0.488,7,30,0.233,19,28,12,29,41,23,10,9,17,0.5312,107.2165,102.0619
2024-25,ORL,2025-01-10,ORL vs. MIL,MIL,True,L,106,109,-3,37,86,0.43,14,40,0.35,18,26,12,32,44,20,8,5,11,0.5116,108.4066,111.4747
2024-25,ORL,2025-01-09,ORL vs. MIN,MIN,True,L,89,104,-15,33,87,0.379,10,40,0.25,13,19,13,34,47,21,4,10,16,0.4368,92.228,107.772
2024-25,ORL,2025-01-06,ORL @ NYK,NYK,False,W,103,94,9,39,78,0.5,11,31,0.355,14,18,9,30,39,23,7,5,12,0.5705,114.0642,104.0975
2024-25,ORL,2025-01-05,ORL vs. UTA,UTA,True,L,92,105,-13,35,98,0.357,14,47,0.298,8,13,14,29,43,25,8,4,11,0.4286,91.7065,104.6651
2024-25,ORL,2025-01-03,ORL @ TOR,TOR,False,W,106,97,9,37,79,0.468,19,44,0.432,13,17,12,30,42,32,10,8,14,0.5886,118.9675,108.8664
2024-25,ORL,2025-01-01,ORL @ DET,DET,False,L,96,105,-9,37,91,0.407,8,35,0.229,14,20,9,24,33,18,18,5,13,0.4505,93.5308,102.2993
2024-25,ORL,2024-12-29,ORL vs. BKN,BKN,True,W,102,101,1,37,83,0.446,12,36,0.333,16,25,16,26,42,30,7,3,13,0.5181,110.6771,109.592
2024-25,ORL,2024-12-27,ORL vs. NYK,NYK,True,L,85,108,-23,32,87,0.368,10,33,0.303,11,12,11,22,33,20,7,3,17,0.4253,87.5206,111.2026
2024-25,ORL,2024-12-26,ORL vs. MIA,MIA,True,L,88,89,-1,34,77,0.442,5,29,0.172,15,18,9,33,42,14,12,6,23,0.474,90.2194,91.2446
2024-25,ORL,2024-12-23,ORL vs. BOS,BOS,True,W,108,104,4,37,83,0.446,13,33,0.394,21,21,7,35,42,26,11,9,20,0.5241,101.8292,98.0577
2024-25,ORL,2024-12-21,ORL vs. MIA,MIA,True,W,121,114,7,43,87,0.494,11,37,0.297,24,27,10,31,41,24,5,9,13,0.5575,119.0008,112.1164
2024-25,ORL,2024-12-19,ORL vs. OKC,OKC,True,L,99,105,-6,35,78,0.449,11,35,0.314,18,25,10,30,40,25,6,6,20,0.5192,99.9798,106.0392
2024-25,ORL,2024-12-15,ORL vs. NYK,NYK,True,L,91,100,-9,36,86,0.419,9,30,0.3,10,13,10,29,39,24,8,10,15,0.4709,94.3396,103.6699
2024-25,ORL,2024-12-10,ORL @ MIL,MIL,False,L,109,114,-5,41,93,0.441,6,27,0.222,21,27,15,31,46,19,11,4,14,0.4731,107.4527,112.3817
2024-25,ORL,2024-12-08,ORL vs. PHX,PHX,True,W,115,110,5,42,88,0.477,12,36,0.333,19,30,14,30,44,17,11,6,13,0.5455,112.2608,107.3799
2024-25,ORL,2024-12-06,ORL @ PHI,PHI,False,L,94,102,-8,33,78,0.423,13,46,0.283,15,17,8,30,38,21,8,6,21,0.5064,95.8011,103.9543
2024-25,ORL,2024-12-04,ORL @ PHI,PHI,False,W,106,102,4,41,84,0.488,8,29,0.276,16,21,16,26,42,21,13,7,14,0.5357,114.2241,109.9138
2024-25,ORL,2024-12-03,ORL @ NYK,NYK,False,L,106,121,-15,38,87,0.437,9,39,0.231,21,25,9,29,38,20,9,4,16,0.4885,99.6241,113.7218
2024-25,ORL,2024-12-01,ORL @ BKN,BKN,False,W,100,92,8,34,74,0.459,7,28,0.25,25,32,14,38,52,23,10,11,22,0.5068,101.1531,93.0609
2024-25,ORL,2024-11-29,ORL @ BKN,BKN,False,W,123,100,23,44,83,0.53,18,35,0.514,17,22,11,29,40,29,13,13,17,0.6386,124.9746,101.6054
2024-25,ORL,2024-11-27,ORL vs. CHI,CHI,True,W,133,119,14,46,90,0.511,15,39,0.385,26,28,7,32,39,30,10,8,13,0.5944,124.6719,111.5486
2024-25,ORL,2024-11-25,ORL @ CHA,CHA,False,W,95,84,11,37,94,0.394,12,46,0.261,9,17,13,26,39,21,12,6,8,0.4574,98.019,86.6694
2024-25,ORL,2024-11-23,ORL vs. DET,DET,True,W,111,100,11,40,87,0.46,12,39,0.308,19,22,17,27,44,25,13,9,15,0.5287,119.1243,107.3192
2024-25,ORL,2024-11-21,ORL @ LAL,LAL,False,W,119,118,1,43,91,0.473,15,40,0.375,18,21,15,33,48,31,8,5,17,0.5549,118.0087,117.0171
2024-25,ORL,2024-11-20,ORL @ LAC,LAC,False,L,93,104,-11,33,75,0.44,8,35,0.229,19,24,2,22,24,21,11,7,14,0.4933,95.9752,107.3271
2024-25,ORL,2024-11-18,ORL @ PHX,PHX,False,W,109,99,10,39,76,0.513,11,29,0.379,20,25,8,30,38,28,5,7,11,0.5855,120.442,109.3923
2024-25,ORL,2024-11-15,ORL vs. PHI,PHI,True,W,98,86,12,34,78,0.436,11,37,0.297,19,22,11,32,43,15,11,6,18,0.5064,104.2997,91.5283
2024-25,ORL,2024-11-13,ORL vs. IND,IND,True,W,94,90,4,34,84,0.405,13,38,0.342,13,15,13,37,50,26,8,10,17,0.4821,95.6646,91.5937
2024-25,ORL,2024-11-12,ORL vs. CHA,CHA,True,W,114,89,25,43,93,0.462,13,44,0.295,15,19,8,35,43,25,12,7,11,0.5323,109.342,85.3635
2024-25,ORL,2024-11-10,ORL vs. WAS,WAS,True,W,121,94,27,41,91,0.451,17,48,0.354,22,25,15,29,44,25,6,5,12,0.544,126.0417,97.9167
2024-25,ORL,2024-11-08,ORL vs. NOP,NOP,True,W,115,88,27,45,86,0.523,8,32,0.25,17,21,11,32,43,28,9,8,15,0.5698,114.5875,87.6843
2024-25,ORL,2024-11-06,ORL @ IND,IND,False,L,111,118,-7,42,82,0.512,7,25,0.28,20,26,10,28,38,26,6,5,16,0.5549,114.5038,121.7248
2024-25,ORL,2024-11-04,ORL @ OKC,OKC,False,L,86,102,-16,29,82,0.354,5,34,0.147,23,27,7,34,41,20,12,5,19,0.3841,81.936,97.1799
2024-25,ORL,2024-11-03,ORL @ DAL,DAL,False,L,85,108,-23,31,93,0.333,8,41,0.195,15,19,13,30,43,19,8,4,15,0.3763,82.7331,105.1197
2024-25,ORL,2024-11-01,ORL @ CLE,CLE,False,L,109,120,-11,41,90,0.456,11,33,0.333,16,24,7,32,39,26,10,4,14,0.5167,104.1269,114.6351
2024-25,ORL,2024-10-30,ORL @ CHI,CHI,False,L,99,102,-3,35,86,0.407,11,46,0.239,18,20,6,36,42,25,9,8,12,0.4709,98.1169,101.0902
2024-25,ORL,2024-10-28,ORL vs. IND,IND,True,W,119,115,4,39,83,0.47,13,41,0.317,28,38,11,35,46,26,7,6,15,0.5482,117.2876,113.3452
2024-25,ORL,2024-10-26,ORL @ MEM,MEM,False,L,111,124,-13,37,87,0.425,17,48,0.354,20,28,12,29,41,21,10,6,19,0.523,103.3135,115.4133
2024-25,ORL,2024-10-25,ORL vs. BKN,BKN,True,W,116,101,15,39,75,0.52,15,30,0.5,23,33,5,34,39,28,10,7,13,0.62,115.5609,100.6177
2024-25,ORL,2024-10-23,ORL @ MIA,MIA,False,W,116,97,19,41,96,0.427,18,49,0.367,16,22,18,39,57,28,8,8,14,0.5208,116.9119,97.7625
2024-25,PHI,2025-04-13,PHI vs. CHI,CHI,True,L,102,122,-20,36,94,0.383,12,44,0.273,18,21,10,38,48,20,7,6,15,0.4468,93.5608,111.9061
2024-25,PHI,2025-04-11,PHI vs. ATL,ATL,True,L,110,124,-14,43,97,0.443,12,35,0.343,12,15,14,31,45,29,6,6,15,0.5052,106.7132,120.2949
2024-25,PHI,2025-04-09,PHI @ WAS,WAS,False,W,122,103,19,39,91,0.429,16,50,0.32,28,38,18,37,55,20,10,8,17,0.5165,115.6837,97.6674
2024-25,PHI,2025-04-07,PHI @ MIA,MIA,False,L,105,117,-12,38,88,0.432,12,38,0.316,17,25,14,31,45,20,7,4,13,0.5,106.8159,119.0234
2024-25,PHI,2025-04-05,PHI vs. MIN,MIN,True,L,109,114,-5,44,91,0.484,12,35,0.343,9,15,11,23,34,26,9,4,11,0.5495,113.3292,118.5278
2024-25,PHI,2025-04-03,PHI vs. MIL,MIL,True,L,113,126,-13,43,89,0.483,12,39,0.308,15,19,11,29,40,30,8,4,15,0.5506,114.0032,127.1186
2024-25,PHI,2025-04-01,PHI @ NYK,NYK,False,L,91,105,-14,34,81,0.42,6,31,0.194,17,22,13,29,42,23,11,5,20,0.4568,91.4022,105.464
2024-25,PHI,2025-03-30,PHI vs. TOR,TOR,True,L,109,127,-18,42,89,0.472,8,29,0.276,17,19,8,38,46,25,6,10,18,0.5169,100.7953,117.4404
2024-25,PHI,2025-03-29,PHI vs. MIA,MIA,True,L,95,118,-23,38,76,0.5,13,32,0.406,6,14,6,31,37,28,7,7,18,0.5855,101.1284,125.6121
2024-25,PHI,2025-03-26,PHI vs. WAS,WAS,True,L,114,119,-5,42,98,0.429,14,46,0.304,16,20,13,34,47,22,7,5,5,0.5,115.6891,120.7631
2024-25,PHI,2025-03-24,PHI @ NOP,NOP,False,L,99,112,-13,34,87,0.391,14,42,0.333,17,19,12,25,37,19,11,6,12,0.4713,103.082,116.6181
2024-25,PHI,2025-03-23,PHI @ ATL,ATL,False,L,119,132,-13,40,91,0.44,11,34,0.324,28,37,13,24,37,24,8,4,13,0.5,112.8176,125.1422
2024-25,PHI,2025-03-21,PHI @ SAS,SAS,False,L,120,128,-8,46,81,0.568,14,37,0.378,14,20,5,27,32,30,10,4,20,0.6543,115.5402,123.2428
2024-25,PHI,2025-03-19,PHI @ OKC,OKC,False,L,100,133,-33,35,95,0.368,18,57,0.316,12,16,12,29,41,24,8,3,12,0.4632,98.1162,130.4945
2024-25,PHI,2025-03-17,PHI @ HOU,HOU,False,L,137,144,-7,48,95,0.505,24,49,0.49,17,25,8,27,35,21,8,4,16,0.6316,122.5622,128.8245
2024-25,PHI,2025-03-16,PHI @ DAL,DAL,False,W,130,125,5,48,92,0.522,14,36,0.389,20,24,9,30,39,21,13,3,11,0.5978,123.9512,119.1838
2024-25,PHI,2025-03-14,PHI vs. IND,IND,True,L,100,112,-12,37,82,0.451,11,38,0.289,15,22,11,32,43,13,7,9,16,0.5183,103.8422,116.3032
2024-25,PHI,2025-03-12,PHI @ TOR,TOR,False,L,105,118,-13,41,96,0.427,7,35,0.2,16,22,10,30,40,19,13,11,9,0.4635,96.5074,108.4559
2024-25,PHI,2025-03-10,PHI @ ATL,ATL,False,L,123,132,-9,46,91,0.505,16,42,0.381,15,20,6,25,31,29,8,3,11,0.5934,117.1652,125.7382
2024-25,PHI,2025-03-09,PHI vs. UTA,UTA,True,W,126,122,4,43,96,0.448,16,47,0.34,24,25,14,36,50,27,11,9,18,0.5312,111.6823,108.1369
2024-25,PHI,2025-03-06,PHI @ BOS,BOS,False,L,105,123,-18,40,95,0.421,15,39,0.385,10,12,18,27,45,29,6,5,16,0.5,110.5263,129.4737
2024-25,PHI,2025-03-04,PHI @ MIN,MIN,False,L,112,126,-14,42,86,0.488,9,32,0.281,19,27,12,24,36,22,10,2,13,0.5407,112.3596,126.4045
2024-25,PHI,2025-03-03,PHI vs. POR,POR,True,L,102,119,-17,41,95,0.432,11,35,0.314,9,13,14,29,43,27,6,3,8,0.4895,106.7616,124.5552
2024-25,PHI,2025-03-01,PHI vs. GSW,GSW,True,W,126,119,7,45,85,0.529,19,33,0.576,17,28,10,30,40,27,8,3,14,0.6412,121.9276,115.1539
2024-25,PHI,2025-02-26,PHI @ NYK,NYK,False,L,105,110,-5,39,88,0.443,11,34,0.324,16,20,9,26,35,21,13,6,13,0.5057,105.2315,110.2425
2024-25,PHI,2025-02-24,PHI vs. CHI,CHI,True,L,110,142,-32,37,95,0.389,10,40,0.25,26,29,15,32,47,19,11,5,17,0.4421,100.1821,129.326
2024-25,PHI,2025-02-22,PHI vs. BKN,BKN,True,L,103,105,-2,36,85,0.424,10,39,0.256,21,24,15,28,43,21,8,5,13,0.4824,108.4667,110.5729
2024-25,PHI,2025-02-20,PHI vs. BOS,BOS,True,L,104,124,-20,40,93,0.43,8,39,0.205,16,17,10,34,44,23,7,0,10,0.4731,106.0792,126.479
2024-25,PHI,2025-02-12,PHI @ BKN,BKN,False,L,96,100,-4,35,81,0.432,8,33,0.242,18,22,9,29,38,25,10,9,15,0.4815,100.9039,105.1083
2024-25,PHI,2025-02-11,PHI vs. TOR,TOR,True,L,103,106,-3,37,91,0.407,9,38,0.237,20,24,14,32,46,22,10,2,14,0.456,101.6381,104.5984
2024-25,PHI,2025-02-09,PHI @ MIL,MIL,False,L,127,135,-8,47,89,0.528,18,45,0.4,15,19,8,34,42,28,9,5,14,0.6292,120.8603,128.4735
2024-25,PHI,2025-02-07,PHI @ DET,DET,False,L,112,125,-13,41,83,0.494,13,31,0.419,17,20,7,31,38,26,7,7,13,0.5723,111.8658,124.8502
2024-25,PHI,2025-02-05,PHI vs. MIA,MIA,True,L,101,108,-7,37,96,0.385,12,40,0.3,15,20,11,28,39,22,14,4,5,0.4479,101.2024,108.2164
2024-25,PHI,2025-02-04,PHI vs. DAL,DAL,True,W,118,116,2,47,86,0.547,11,33,0.333,13,19,9,25,34,37,5,4,13,0.6105,121.6495,119.5876
2024-25,PHI,2025-02-02,PHI vs. BOS,BOS,True,L,110,118,-8,37,82,0.451,15,32,0.469,21,28,8,38,46,20,7,2,10,0.5427,114.9666,123.3278
2024-25,PHI,2025-01-31,PHI vs. DEN,DEN,True,L,134,137,-3,50,90,0.556,21,40,0.525,13,16,11,16,27,29,12,3,14,0.6722,134.0268,137.0274
2024-25,PHI,2025-01-29,PHI vs. SAC,SAC,True,W,117,104,13,43,82,0.524,12,29,0.414,19,22,5,30,35,30,8,1,10,0.5976,121.7735,108.2431
2024-25,PHI,2025-01-28,PHI vs. LAL,LAL,True,W,118,104,14,43,91,0.473,11,34,0.324,21,25,12,31,43,20,14,4,9,0.533,118.5215,104.4596
2024-25,PHI,2025-01-25,PHI @ CHI,CHI,False,W,109,97,12,42,92,0.457,13,45,0.289,12,17,6,34,40,23,10,4,10,0.5272,106.7163,94.9677
2024-25,PHI,2025-01-24,PHI vs. CLE,CLE,True,W,132,129,3,44,87,0.506,21,39,0.538,23,27,16,27,43,23,9,6,18,0.6264,128.6299,125.7065
2024-25,PHI,2025-01-21,PHI @ DEN,DEN,False,L,109,144,-35,44,96,0.458,15,38,0.395,6,8,8,17,25,34,7,4,10,0.5365,110.3686,145.808
2024-25,PHI,2025-01-19,PHI @ MIL,MIL,False,L,109,123,-14,39,86,0.453,16,45,0.356,15,22,5,33,38,26,4,4,9,0.5465,109.0654,123.0738
2024-25,PHI,2025-01-18,PHI @ IND,IND,False,L,102,115,-13,38,89,0.427,10,34,0.294,16,22,10,22,32,21,8,1,9,0.4831,104.7228,118.0698
2024-25,PHI,2025-01-15,PHI vs. NYK,NYK,True,L,119,125,-6,46,92,0.5,13,35,0.371,14,14,11,24,35,27,8,2,12,0.5707,120.9841,127.0842
2024-25,PHI,2025-01-14,PHI vs. OKC,OKC,True,L,102,118,-16,37,84,0.44,13,44,0.295,15,20,11,24,35,23,10,1,22,0.5179,101.6341,117.5767
2024-25,PHI,2025-01-12,PHI @ ORL,ORL,False,L,99,104,-5,33,72,0.458,12,29,0.414,21,22,3,26,29,17,10,4,18,0.5417,102.0619,107.2165
2024-25,PHI,2025-01-10,PHI vs. NOP,NOP,True,L,115,123,-8,42,91,0.462,14,38,0.368,17,19,11,31,42,23,7,3,9,0.5385,115.1151,123.1231
2024-25,PHI,2025-01-08,PHI vs. WAS,WAS,True,W,109,103,6,40,88,0.455,15,44,0.341,14,19,10,26,36,21,8,11,9,0.5398,112.7664,106.5591
2024-25,PHI,2025-01-06,PHI vs. PHX,PHX,True,L,99,109,-10,34,87,0.391,15,40,0.375,16,26,12,34,46,20,6,4,10,0.477,102.1672,112.4871
2024-25,PHI,2025-01-04,PHI @ BKN,BKN,False,W,123,94,29,42,82,0.512,15,40,0.375,24,30,8,42,50,31,11,2,18,0.6037,116.2791,88.8637
2024-25,PHI,2025-01-02,PHI @ GSW,GSW,False,L,105,139,-34,34,81,0.42,9,31,0.29,28,34,6,27,33,17,11,6,11,0.4753,104.1873,137.9242
2024-25,PHI,2025-01-01,PHI @ SAC,SAC,False,L,107,113,-6,40,84,0.476,15,40,0.375,12,14,8,26,34,24,10,5,19,0.5655,107.6892,113.7279
2024-25,PHI,2024-12-30,PHI @ POR,POR,False,W,125,103,22,43,75,0.573,11,24,0.458,28,31,8,24,32,20,12,3,19,0.6467,122.6452,101.0597
2024-25,PHI,2024-12-28,PHI @ UTA,UTA,False,W,114,111,3,36,83,0.434,13,36,0.361,29,37,10,22,32,22,15,8,8,0.512,113.5006,110.5137
2024-25,PHI,2024-12-25,PHI @ BOS,BOS,False,W,118,114,4,41,88,0.466,17,40,0.425,19,19,5,34,39,28,10,5,6,0.5625,119.1438,115.105
2024-25,PHI,2024-12-23,PHI vs. SAS,SAS,True,W,111,106,5,39,93,0.419,16,44,0.364,17,23,9,38,47,22,11,2,11,0.5054,106.1998,101.416
2024-25,PHI,2024-12-21,PHI @ CLE,CLE,False,L,99,126,-27,34,85,0.4,11,34,0.324,20,27,11,30,41,13,7,3,13,0.4647,101.2891,128.9134
2024-25,PHI,2024-12-20,PHI vs. CHA,CHA,True,W,108,98,10,41,83,0.494,12,33,0.364,14,18,11,28,39,30,14,6,15,0.5663,116.0292,105.2858
2024-25,PHI,2024-12-16,PHI @ CHA,CHA,False,W,121,108,13,41,80,0.513,16,38,0.421,23,30,9,33,42,21,14,4,20,0.6125,116.6602,104.1265
2024-25,PHI,2024-12-13,PHI vs. IND,IND,True,L,107,121,-14,37,85,0.435,10,25,0.4,23,32,15,32,47,18,5,4,15,0.4941,107.2359,121.2668
2024-25,PHI,2024-12-08,PHI @ CHI,CHI,False,W,108,100,8,43,92,0.467,9,36,0.25,13,14,10,46,56,25,8,5,16,0.5163,103.6269,95.9509
2024-25,PHI,2024-12-06,PHI vs. ORL,ORL,True,W,102,94,8,38,79,0.481,7,26,0.269,19,29,10,27,37,23,11,0,16,0.5253,103.9543,95.8011
2024-25,PHI,2024-12-04,PHI vs. ORL,ORL,True,L,102,106,-4,40,82,0.488,11,30,0.367,11,19,10,25,35,23,9,1,14,0.5549,109.9138,114.2241
2024-25,PHI,2024-12-03,PHI @ CHA,CHA,False,W,110,104,6,38,82,0.463,16,40,0.4,18,20,8,23,31,26,9,3,12,0.561,116.9466,110.5677
2024-25,PHI,2024-11-30,PHI @ DET,DET,False,W,111,96,15,42,85,0.494,11,31,0.355,16,22,12,38,50,19,9,8,17,0.5588,107.9767,93.3852
2024-25,PHI,2024-11-27,PHI vs. HOU,HOU,True,L,115,122,-7,43,96,0.448,12,33,0.364,17,23,10,32,42,19,12,7,16,0.5104,102.752,109.0064
2024-25,PHI,2024-11-24,PHI vs. LAC,LAC,True,L,99,125,-26,34,86,0.395,9,39,0.231,22,26,13,20,33,22,8,5,14,0.4477,100.2836,126.6207
2024-25,PHI,2024-11-22,PHI vs. BKN,BKN,True,W,113,98,15,41,92,0.446,16,43,0.372,15,20,15,25,40,25,13,9,12,0.5326,117.7819,102.1472
2024-25,PHI,2024-11-20,PHI @ MEM,MEM,False,L,111,117,-6,39,87,0.448,11,33,0.333,22,24,14,27,41,21,12,6,14,0.5115,110.668,116.65
2024-25,PHI,2024-11-18,PHI @ MIA,MIA,False,L,89,106,-17,35,84,0.417,10,41,0.244,9,12,2,40,42,25,10,3,15,0.4762,86.6602,103.2132
2024-25,PHI,2024-11-15,PHI @ ORL,ORL,False,L,86,98,-12,29,72,0.403,10,31,0.323,18,21,6,28,34,19,10,3,18,0.4722,91.5283,104.2997
2024-25,PHI,2024-11-13,PHI vs. CLE,CLE,True,L,106,114,-8,41,92,0.446,14,43,0.326,10,11,12,33,45,24,8,2,12,0.5217,110.8091,119.1721
2024-25,PHI,2024-11-12,PHI vs. NYK,NYK,True,L,99,111,-12,31,83,0.373,14,42,0.333,23,24,9,31,40,19,10,6,15,0.4578,97.9422,109.814
2024-25,PHI,2024-11-10,PHI vs. CHA,CHA,True,W,107,105,2,39,84,0.464,9,33,0.273,20,26,8,32,40,24,8,1,17,0.5179,98.1111,96.2773
2024-25,PHI,2024-11-08,PHI @ LAL,LAL,False,L,106,116,-10,39,96,0.406,13,39,0.333,15,23,13,31,44,28,6,4,8,0.474,105.8518,115.8378
2024-25,PHI,2024-11-06,PHI @ LAC,LAC,False,L,98,110,-12,40,73,0.548,7,25,0.28,11,19,10,22,32,19,10,2,20,0.5959,107.268,120.4028
2024-25,PHI,2024-11-04,PHI @ PHX,PHX,False,L,116,118,-2,40,87,0.46,20,51,0.392,16,18,9,29,38,27,10,4,15,0.5747,116.3724,118.3788
2024-25,PHI,2024-11-02,PHI vs. MEM,MEM,True,L,107,124,-17,36,89,0.404,19,46,0.413,16,20,8,25,33,22,11,5,14,0.5112,103.8633,120.365
2024-25,PHI,2024-10-30,PHI vs. DET,DET,True,L,95,105,-10,33,79,0.418,8,28,0.286,21,28,8,29,37,17,7,4,9,0.4684,102.7027,113.5135
2024-25,PHI,2024-10-27,PHI @ IND,IND,False,W,118,114,4,42,98,0.429,11,42,0.262,23,31,20,34,54,15,9,4,20,0.4847,105.5456,101.9678
2024-25,PHI,2024-10-25,PHI @ TOR,TOR,False,L,107,115,-8,29,76,0.382,9,29,0.31,40,53,10,18,28,19,11,5,16,0.4408,101.6337,109.2325
2024-25,PHI,2024-10-23,PHI vs. MIL,MIL,True,L,109,124,-15,41,98,0.418,8,31,0.258,19,27,17,32,49,18,4,2,10,0.4592,107.6437,122.457
2024-25,PHX,2025-04-13,PHX @ SAC,SAC,False,L,98,109,-11,40,84,0.476,15,44,0.341,3,6,9,28,37,28,6,1,13,0.5655,107.1272,119.1517
2024-25,PHX,2025-04-11,PHX vs. SAS,SAS,True,W,117,98,19,44,95,0.463,19,47,0.404,10,11,13,39,52,27,9,10,11,0.5632,115.7041,96.9146
2024-25,PHX,2025-04-09,PHX vs. OKC,OKC,True,L,112,125,-13,42,87,0.483,15,42,0.357,13,19,9,29,38,31,10,3,15,0.569,110.2145,123.0073
2024-25,PHX,2025-04-08,PHX vs. GSW,GSW,True,L,95,133,-38,35,88,0.398,12,43,0.279,13,15,13,28,41,22,12,4,19,0.4659,92.8823,130.0352
2024-25,PHX,2025-04-06,PHX @ NYK,NYK,False,L,98,112,-14,39,92,0.424,4,34,0.118,16,19,15,20,35,20,11,3,12,0.4457,102.6608,117.3266
2024-25,PHX,2025-04-04,PHX @ BOS,BOS,False,L,103,123,-20,41,93,0.441,12,37,0.324,9,11,11,29,40,24,7,2,8,0.5054,109.2722,130.4901
2024-25,PHX,2025-04-01,PHX @ MIL,MIL,False,L,123,133,-10,44,92,0.478,18,45,0.4,17,21,15,18,33,26,6,0,14,0.5761,124.3429,134.4521
2024-25,PHX,2025-03-30,PHX vs. HOU,HOU,True,L,109,148,-39,42,87,0.483,10,32,0.313,15,17,10,29,39,25,8,5,19,0.5402,104.0672,141.3023
2024-25,PHX,2025-03-28,PHX @ MIN,MIN,False,L,109,124,-15,41,79,0.519,18,37,0.486,9,13,8,26,34,28,6,4,16,0.6329,115.6867,131.6069
2024-25,PHX,2025-03-26,PHX vs. BOS,BOS,True,L,102,132,-30,36,87,0.414,13,41,0.317,17,21,11,27,38,22,7,3,14,0.4885,103.0719,133.3872
2024-25,PHX,2025-03-24,PHX vs. MIL,MIL,True,W,108,106,2,39,82,0.476,14,36,0.389,16,18,14,38,52,25,2,4,16,0.561,116.3292,114.1749
2024-25,PHX,2025-03-21,PHX vs. CLE,CLE,True,W,123,112,11,48,92,0.522,19,42,0.452,8,8,12,34,46,33,6,3,15,0.625,127.0136,115.6547
2024-25,PHX,2025-03-19,PHX vs. CHI,CHI,True,W,127,121,6,47,96,0.49,15,40,0.375,18,20,13,33,46,34,9,6,11,0.5677,125.0739,119.1649
2024-25,PHX,2025-03-17,PHX vs. TOR,TOR,True,W,129,89,40,47,92,0.511,20,39,0.513,15,15,12,42,54,34,7,4,10,0.6196,133.1819,91.8852
2024-25,PHX,2025-03-16,PHX @ LAL,LAL,False,L,96,107,-11,35,89,0.393,9,41,0.22,17,21,14,37,51,25,4,4,14,0.4438,97.7995,109.0057
2024-25,PHX,2025-03-14,PHX vs. SAC,SAC,True,W,122,106,16,41,79,0.519,24,43,0.558,16,19,7,27,34,33,12,3,14,0.6709,127.6418,110.9019
2024-25,PHX,2025-03-12,PHX @ HOU,HOU,False,L,104,111,-7,39,73,0.534,10,28,0.357,16,20,5,32,37,22,7,8,17,0.6027,109.0147,116.3522
2024-25,PHX,2025-03-10,PHX @ MEM,MEM,False,L,118,120,-2,41,90,0.456,20,38,0.526,16,22,15,31,46,31,6,2,16,0.5667,116.5087,118.4834
2024-25,PHX,2025-03-09,PHX @ DAL,DAL,False,W,125,116,9,49,84,0.583,10,28,0.357,17,18,6,40,46,33,4,4,13,0.6429,127.5771,118.3915
2024-25,PHX,2025-03-07,PHX @ DEN,DEN,False,L,141,149,-8,51,91,0.56,16,38,0.421,23,29,7,32,39,36,6,2,13,0.6484,130.7493,138.1677
2024-25,PHX,2025-03-04,PHX vs. LAC,LAC,True,W,119,117,2,41,80,0.513,14,34,0.412,23,27,7,30,37,31,5,3,11,0.6,124.7641,122.6672
2024-25,PHX,2025-03-02,PHX vs. MIN,MIN,True,L,98,116,-18,35,80,0.438,13,42,0.31,15,19,10,47,57,24,2,7,22,0.5188,95.7967,113.392
2024-25,PHX,2025-02-28,PHX vs. NOP,NOP,True,W,125,108,17,47,79,0.595,21,40,0.525,10,13,5,30,35,35,6,3,17,0.7278,129.9917,112.3128
2024-25,PHX,2025-02-27,PHX vs. NOP,NOP,True,L,116,124,-8,44,94,0.468,20,53,0.377,8,10,14,38,52,29,4,6,11,0.5745,119.1699,127.3885
2024-25,PHX,2025-02-25,PHX @ MEM,MEM,False,L,148,151,-3,53,99,0.535,21,37,0.568,21,26,8,38,46,39,6,6,16,0.6414,125.6153,128.1616
2024-25,PHX,2025-02-23,PHX @ TOR,TOR,False,L,109,127,-18,43,85,0.506,7,28,0.25,16,22,4,33,37,22,9,7,12,0.5471,106.9256,124.5831
2024-25,PHX,2025-02-22,PHX @ CHI,CHI,False,W,121,117,4,43,89,0.483,10,30,0.333,25,28,8,41,49,29,7,3,11,0.5393,116.4581,112.6083
2024-25,PHX,2025-02-20,PHX @ SAS,SAS,False,L,109,120,-11,38,81,0.469,16,44,0.364,17,20,5,34,39,28,6,4,18,0.5679,103.5728,114.0251
2024-25,PHX,2025-02-12,PHX @ HOU,HOU,False,L,111,119,-8,46,89,0.517,10,26,0.385,9,11,11,32,43,25,7,5,18,0.573,109.6838,117.5889
2024-25,PHX,2025-02-11,PHX vs. MEM,MEM,True,L,112,119,-7,41,92,0.446,12,44,0.273,18,22,7,35,42,35,8,9,12,0.5109,105.8801,112.4976
2024-25,PHX,2025-02-08,PHX vs. DEN,DEN,True,L,105,122,-17,38,98,0.388,17,50,0.34,12,15,17,26,43,25,5,6,6,0.4745,111.6546,129.732
2024-25,PHX,2025-02-07,PHX vs. UTA,UTA,True,W,135,127,8,47,104,0.452,22,56,0.393,19,21,12,37,49,31,6,15,8,0.5577,121.5997,114.3938
2024-25,PHX,2025-02-05,PHX @ OKC,OKC,False,L,109,140,-31,33,70,0.471,14,36,0.389,29,33,3,32,35,24,3,2,22,0.5714,105.6202,135.6589
2024-25,PHX,2025-02-03,PHX @ POR,POR,False,L,119,121,-2,40,85,0.471,15,42,0.357,24,28,10,33,43,28,12,5,15,0.5588,116.9418,118.9072
2024-25,PHX,2025-02-01,PHX @ POR,POR,False,L,108,127,-19,38,84,0.452,10,33,0.303,22,26,11,26,37,21,5,2,19,0.5119,104.8137,123.2531
2024-25,PHX,2025-01-31,PHX @ GSW,GSW,False,W,130,105,25,50,89,0.562,19,39,0.487,11,16,4,44,48,41,7,7,15,0.6685,122.6184,99.0379
2024-25,PHX,2025-01-29,PHX vs. MIN,MIN,True,L,113,121,-8,43,85,0.506,12,32,0.375,15,20,10,26,36,30,7,6,16,0.5765,113.7508,121.8039
2024-25,PHX,2025-01-27,PHX vs. LAC,LAC,True,W,111,109,2,40,85,0.471,22,47,0.468,9,11,11,28,39,23,10,5,17,0.6,115.2409,113.1645
2024-25,PHX,2025-01-25,PHX vs. WAS,WAS,True,W,119,109,10,40,90,0.444,13,40,0.325,26,28,12,41,53,23,4,4,11,0.5167,120.0323,109.9455
2024-25,PHX,2025-01-22,PHX @ BKN,BKN,False,W,108,84,24,42,88,0.477,14,41,0.341,10,13,11,37,48,28,9,1,11,0.5568,114.967,89.4188
2024-25,PHX,2025-01-20,PHX @ CLE,CLE,False,L,92,118,-26,36,77,0.468,10,26,0.385,10,13,1,33,34,22,3,5,17,0.5325,93.0044,119.2883
2024-25,PHX,2025-01-18,PHX @ DET,DET,False,W,125,121,4,43,86,0.5,7,25,0.28,32,40,13,37,50,25,6,3,10,0.5407,122.2853,118.3721
2024-25,PHX,2025-01-16,PHX @ WAS,WAS,False,W,130,123,7,44,85,0.518,16,33,0.485,26,31,10,37,47,33,10,4,16,0.6118,124.0932,117.4112
2024-25,PHX,2025-01-14,PHX @ ATL,ATL,False,L,117,122,-5,43,84,0.512,13,35,0.371,18,27,6,31,37,28,10,4,13,0.5893,113.4161,118.2629
2024-25,PHX,2025-01-12,PHX vs. CHA,CHA,True,W,120,113,7,42,87,0.483,17,41,0.415,19,22,8,31,39,31,9,6,12,0.5805,118.5302,111.616
2024-25,PHX,2025-01-11,PHX vs. UTA,UTA,True,W,114,106,8,44,86,0.512,13,37,0.351,13,19,12,26,38,26,9,4,11,0.5872,120.4565,112.0034
2024-25,PHX,2025-01-09,PHX vs. ATL,ATL,True,W,123,115,8,49,85,0.576,13,33,0.394,12,15,12,30,42,33,7,6,16,0.6529,128.0716,119.7418
2024-25,PHX,2025-01-07,PHX @ CHA,CHA,False,L,104,115,-11,39,92,0.424,8,33,0.242,18,19,8,34,42,27,3,4,11,0.4674,99.9423,110.5132
2024-25,PHX,2025-01-06,PHX @ PHI,PHI,False,W,109,99,10,41,81,0.506,14,31,0.452,13,19,4,40,44,32,7,4,12,0.5926,112.4871,102.1672
2024-25,PHX,2025-01-04,PHX @ IND,IND,False,L,108,126,-18,38,78,0.487,12,30,0.4,20,21,5,31,36,30,3,7,13,0.5641,110.4972,128.9134
2024-25,PHX,2024-12-31,PHX vs. MEM,MEM,True,L,112,117,-5,42,92,0.457,9,30,0.3,19,25,10,33,43,28,9,10,17,0.5054,102.0408,106.5962
2024-25,PHX,2024-12-28,PHX @ GSW,GSW,False,L,105,109,-4,39,92,0.424,9,35,0.257,18,22,14,32,46,21,7,12,14,0.4728,103.9398,107.8994
2024-25,PHX,2024-12-27,PHX vs. DAL,DAL,True,L,89,98,-9,32,83,0.386,13,35,0.371,12,18,12,30,42,23,11,7,16,0.4639,93.4874,102.9412
2024-25,PHX,2024-12-25,PHX vs. DEN,DEN,True,W,110,100,10,41,88,0.466,11,36,0.306,17,20,12,30,42,31,12,4,9,0.5284,118.2033,107.4576
2024-25,PHX,2024-12-23,PHX @ DEN,DEN,False,L,90,117,-27,33,83,0.398,13,33,0.394,11,15,9,30,39,23,6,5,15,0.4759,94.0242,122.2315
2024-25,PHX,2024-12-21,PHX vs. DET,DET,True,L,125,133,-8,45,78,0.577,14,29,0.483,21,23,6,29,35,30,9,1,19,0.6667,123.2742,131.1637
2024-25,PHX,2024-12-19,PHX vs. IND,IND,True,L,111,120,-9,40,82,0.488,9,30,0.3,22,28,7,37,44,28,6,4,16,0.5427,107.7879,116.5275
2024-25,PHX,2024-12-15,PHX vs. POR,POR,True,W,116,109,7,43,89,0.483,15,39,0.385,15,19,12,34,46,23,7,2,11,0.5674,117.7187,110.615
2024-25,PHX,2024-12-13,PHX @ UTA,UTA,False,W,134,126,8,47,89,0.528,22,45,0.489,18,20,9,28,37,36,10,7,8,0.6517,139.2352,130.9227
2024-25,PHX,2024-12-08,PHX @ ORL,ORL,False,L,110,115,-5,39,83,0.47,13,28,0.464,19,22,9,30,39,24,7,6,21,0.5482,107.3799,112.2608
2024-25,PHX,2024-12-07,PHX @ MIA,MIA,False,L,111,121,-10,36,82,0.439,16,41,0.39,23,25,13,28,41,29,8,3,14,0.5366,116.1574,126.622
2024-25,PHX,2024-12-05,PHX @ NOP,NOP,False,L,124,126,-2,43,85,0.506,17,45,0.378,21,26,10,36,46,32,10,3,17,0.6059,117.8483,119.7491
2024-25,PHX,2024-12-03,PHX vs. SAS,SAS,True,W,104,93,11,38,78,0.487,11,32,0.344,17,21,2,42,44,26,10,5,14,0.5577,101.9408,91.1586
2024-25,PHX,2024-11-30,PHX vs. GSW,GSW,True,W,113,105,8,38,79,0.481,18,35,0.514,19,22,6,39,45,31,4,9,14,0.5949,114.9542,106.8159
2024-25,PHX,2024-11-27,PHX vs. BKN,BKN,True,L,117,127,-10,41,77,0.532,12,31,0.387,23,28,3,34,37,25,7,5,17,0.6104,113.5922,123.301
2024-25,PHX,2024-11-26,PHX vs. LAL,LAL,True,W,127,100,27,51,99,0.515,17,42,0.405,8,10,8,38,46,31,9,3,9,0.601,123.6611,97.371
2024-25,PHX,2024-11-20,PHX vs. NYK,NYK,True,L,122,138,-16,45,92,0.489,19,50,0.38,13,17,11,23,34,30,9,2,14,0.5924,120.3631,136.1484
2024-25,PHX,2024-11-18,PHX vs. ORL,ORL,True,L,99,109,-10,35,83,0.422,12,41,0.293,17,25,16,29,45,25,5,2,13,0.494,109.3923,120.442
2024-25,PHX,2024-11-17,PHX @ MIN,MIN,False,L,117,120,-3,46,85,0.541,14,31,0.452,11,15,12,29,41,29,9,2,21,0.6235,118.7576,121.8027
2024-25,PHX,2024-11-15,PHX @ OKC,OKC,False,L,83,99,-16,22,75,0.293,9,37,0.243,30,40,11,39,50,17,6,4,17,0.3533,84.9018,101.2684
2024-25,PHX,2024-11-13,PHX @ SAC,SAC,False,L,104,127,-23,36,97,0.371,13,43,0.302,19,26,19,21,40,23,12,2,10,0.4381,106.1658,129.6448
2024-25,PHX,2024-11-12,PHX @ UTA,UTA,False,W,120,112,8,43,86,0.5,18,39,0.462,16,22,10,32,42,21,6,11,10,0.6047,124.5847,116.2791
2024-25,PHX,2024-11-10,PHX vs. SAC,SAC,True,L,118,127,-9,44,105,0.419,18,57,0.316,12,15,8,40,48,30,11,3,12,0.5048,101.3049,109.0316
2024-25,PHX,2024-11-08,PHX @ DAL,DAL,False,W,114,113,1,43,86,0.5,15,39,0.385,13,18,11,26,37,26,6,2,9,0.5872,123.5103,122.4269
2024-25,PHX,2024-11-06,PHX vs. MIA,MIA,True,W,115,112,3,42,84,0.5,18,43,0.419,13,18,10,36,46,29,5,6,16,0.6071,117.5148,114.4492
2024-25,PHX,2024-11-04,PHX vs. PHI,PHI,True,W,118,116,2,42,82,0.512,11,32,0.344,23,26,9,34,43,24,6,4,14,0.5793,118.3788,116.3724
2024-25,PHX,2024-11-02,PHX vs. POR,POR,True,W,103,97,6,35,93,0.376,17,52,0.327,16,22,13,50,63,29,4,8,14,0.4677,97.3903,91.7171
2024-25,PHX,2024-10-31,PHX @ LAC,LAC,False,W,125,119,6,42,82,0.512,18,39,0.462,23,28,8,31,39,29,12,4,12,0.622,125.2756,119.2624
2024-25,PHX,2024-10-28,PHX vs. LAL,LAL,True,W,109,105,4,40,87,0.46,11,36,0.306,18,20,9,37,46,21,7,11,11,0.523,108.609,104.6234
2024-25,PHX,2024-10-26,PHX vs. DAL,DAL,True,W,114,102,12,36,80,0.45,14,39,0.359,28,37,7,40,47,26,3,4,11,0.5375,115.0353,102.9263
2024-25,PHX,2024-10-25,PHX @ LAL,LAL,False,L,116,123,-7,42,82,0.512,17,37,0.459,15,17,5,29,34,35,8,4,17,0.6159,115.63,122.6077
2024-25,PHX,2024-10-23,PHX @ LAC,LAC,False,W,116,113,3,38,78,0.487,15,38,0.395,25,34,4,38,42,25,12,9,22,0.5833,103.0378,100.3731
2024-25,POR,2025-04-13,POR vs. LAL,LAL,True,W,109,81,28,42,96,0.438,15,42,0.357,10,21,27,29,56,27,7,6,16,0.5156,115.7113,85.9873
2024-25,POR,2025-04-11,POR vs. GSW,GSW,True,L,86,103,-17,32,85,0.376,6,30,0.2,16,22,13,39,52,21,9,5,22,0.4118,83.0918,99.5169
2024-25,POR,2025-04-09,POR @ UTA,UTA,False,L,126,133,-7,48,104,0.462,11,45,0.244,19,28,14,29,43,27,13,5,17,0.5144,107.234,113.1915
2024-25,POR,2025-04-06,POR vs. SAS,SAS,True,W,120,109,11,42,89,0.472,15,41,0.366,21,27,8,36,44,25,10,5,15,0.5562,110.538,100.4053
2024-25,POR,2025-04-04,POR @ CHI,CHI,False,L,113,118,-5,44,115,0.383,11,42,0.262,14,18,19,35,54,23,7,5,5,0.4304,104.3591,108.9767
2024-25,POR,2025-04-03,POR @ TOR,TOR,False,W,112,103,9,42,86,0.488,10,34,0.294,18,20,17,37,54,20,10,6,25,0.5465,108.7379,100.0
2024-25,POR,2025-04-01,POR @ ATL,ATL,False,W,127,113,14,47,103,0.456,13,41,0.317,20,27,19,35,54,30,13,5,17,0.5194,112.7886,100.3552
2024-25,POR,2025-03-30,POR @ NYK,NYK,False,L,93,110,-17,38,87,0.437,9,36,0.25,8,14,13,26,39,19,9,4,14,0.4885,97.9566,115.8627
2024-25,POR,2025-03-27,POR @ SAC,SAC,False,L,107,128,-21,35,88,0.398,16,50,0.32,21,26,15,17,32,23,11,3,12,0.4886,110.1276,131.7415
2024-25,POR,2025-03-25,POR vs. CLE,CLE,True,L,111,122,-11,40,100,0.4,17,52,0.327,14,22,19,26,45,28,9,3,10,0.485,110.3599,121.2965
2024-25,POR,2025-03-23,POR vs. BOS,BOS,True,L,116,129,-13,43,88,0.489,19,47,0.404,11,16,11,27,38,24,6,3,12,0.5966,123.2731,137.0882
2024-25,POR,2025-03-21,POR vs. DEN,DEN,True,W,128,109,19,47,87,0.54,14,35,0.4,20,25,15,23,38,30,12,6,17,0.6207,129.0843,109.9234
2024-25,POR,2025-03-19,POR vs. MEM,MEM,True,W,115,99,16,40,96,0.417,18,46,0.391,17,21,22,43,65,25,3,6,17,0.5104,114.1553,98.2728
2024-25,POR,2025-03-17,POR vs. WAS,WAS,True,W,112,97,15,42,99,0.424,15,46,0.326,13,19,14,36,50,25,15,3,9,0.5,109.4605,94.8006
2024-25,POR,2025-03-16,POR vs. TOR,TOR,True,W,105,102,3,36,88,0.409,18,50,0.36,15,18,19,32,51,21,10,7,22,0.5114,104.6234,101.6341
2024-25,POR,2025-03-12,POR vs. NYK,NYK,True,L,113,114,-1,40,90,0.444,17,42,0.405,16,25,21,31,52,20,6,6,25,0.5389,106.7044,107.6487
2024-25,POR,2025-03-10,POR @ GSW,GSW,False,L,120,130,-10,44,91,0.484,18,42,0.429,14,17,15,28,43,31,9,5,19,0.5824,118.3899,128.2557
2024-25,POR,2025-03-09,POR vs. DET,DET,True,L,112,119,-7,36,93,0.387,15,50,0.3,25,32,10,31,41,17,7,4,13,0.4677,105.0854,111.6532
2024-25,POR,2025-03-07,POR @ OKC,OKC,False,L,89,107,-18,33,95,0.347,8,43,0.186,15,18,14,39,53,15,6,4,17,0.3895,86.2403,103.6822
2024-25,POR,2025-03-05,POR @ BOS,BOS,False,L,118,128,-10,45,90,0.5,16,40,0.4,12,17,8,31,39,19,4,3,8,0.5889,121.6746,131.986
2024-25,POR,2025-03-03,POR @ PHI,PHI,False,W,119,102,17,48,99,0.485,11,35,0.314,12,19,22,39,61,26,6,6,11,0.5404,124.5552,106.7616
2024-25,POR,2025-03-02,POR @ CLE,CLE,False,L,129,133,-4,42,96,0.438,14,40,0.35,31,35,13,33,46,25,8,1,20,0.5104,110.8247,114.2612
2024-25,POR,2025-02-28,POR @ BKN,BKN,False,W,121,102,19,45,78,0.577,15,36,0.417,16,27,9,27,36,31,11,4,22,0.6731,119.9445,101.1102
2024-25,POR,2025-02-26,POR @ WAS,WAS,False,W,129,121,8,45,101,0.446,12,37,0.324,27,35,17,29,46,27,11,4,17,0.505,114.1997,107.1176
2024-25,POR,2025-02-24,POR @ UTA,UTA,False,W,114,112,2,41,98,0.418,14,44,0.318,18,24,16,35,51,26,7,6,13,0.4898,105.5947,103.7421
2024-25,POR,2025-02-22,POR vs. CHA,CHA,True,W,141,88,53,51,87,0.586,20,43,0.465,19,27,11,46,57,37,11,7,19,0.7011,128.6966,80.3213
2024-25,POR,2025-02-20,POR vs. LAL,LAL,True,L,102,110,-8,38,86,0.442,12,37,0.324,14,21,6,27,33,27,16,7,17,0.5116,96.1176,103.6562
2024-25,POR,2025-02-12,POR @ DEN,DEN,False,L,121,132,-11,43,94,0.457,14,38,0.368,21,29,14,31,45,27,7,6,12,0.5319,113.4446,123.7577
2024-25,POR,2025-02-10,POR @ DEN,DEN,False,L,117,146,-29,40,88,0.455,15,37,0.405,22,26,10,23,33,25,4,4,16,0.5398,111.8333,139.5527
2024-25,POR,2025-02-08,POR @ MIN,MIN,False,L,98,114,-16,37,92,0.402,7,35,0.2,17,22,16,29,45,18,11,6,17,0.4402,96.5517,112.3153
2024-25,POR,2025-02-06,POR vs. SAC,SAC,True,W,108,102,6,39,90,0.433,16,40,0.4,14,18,10,37,47,25,5,7,13,0.5222,108.7613,102.719
2024-25,POR,2025-02-04,POR vs. IND,IND,True,W,112,89,23,41,92,0.446,14,37,0.378,16,17,16,35,51,23,8,4,19,0.5217,113.2915,90.0263
2024-25,POR,2025-02-03,POR vs. PHX,PHX,True,W,121,119,2,40,89,0.449,16,40,0.4,25,30,14,34,48,30,6,2,13,0.5393,118.9072,116.9418
2024-25,POR,2025-02-01,POR vs. PHX,PHX,True,W,127,108,19,46,89,0.517,9,31,0.29,26,31,10,33,43,24,11,5,10,0.5674,123.2531,104.8137
2024-25,POR,2025-01-30,POR vs. ORL,ORL,True,W,119,90,29,41,78,0.526,12,25,0.48,25,31,9,29,38,23,7,5,14,0.6026,125.6334,95.0169
2024-25,POR,2025-01-28,POR vs. MIL,MIL,True,W,125,112,13,45,88,0.511,12,28,0.429,23,28,17,35,52,26,6,2,15,0.5795,128.0475,114.7306
2024-25,POR,2025-01-26,POR vs. OKC,OKC,True,L,108,118,-10,33,81,0.407,18,40,0.45,24,28,13,31,44,21,2,6,15,0.5185,112.4531,122.8655
2024-25,POR,2025-01-24,POR @ CHA,CHA,False,W,102,97,5,32,79,0.405,11,38,0.289,27,39,15,32,47,17,12,6,17,0.4747,104.3585,99.2429
2024-25,POR,2025-01-23,POR @ ORL,ORL,False,W,101,79,22,40,82,0.488,9,28,0.321,12,19,8,34,42,23,14,12,15,0.5427,103.5897,81.0256
2024-25,POR,2025-01-21,POR @ MIA,MIA,False,W,116,107,9,43,87,0.494,15,43,0.349,15,23,11,36,47,25,3,5,8,0.5805,121.8487,112.395
2024-25,POR,2025-01-19,POR vs. CHI,CHI,True,W,113,102,11,42,89,0.472,9,31,0.29,20,25,14,36,50,21,7,6,18,0.5225,110.5459,99.7848
2024-25,POR,2025-01-18,POR vs. HOU,HOU,True,L,103,125,-22,39,86,0.453,12,36,0.333,13,18,8,32,40,28,6,10,19,0.5233,96.4419,117.0412
2024-25,POR,2025-01-16,POR vs. LAC,LAC,True,L,89,118,-29,34,91,0.374,9,34,0.265,12,13,14,23,37,24,9,1,16,0.4231,89.6274,118.8318
2024-25,POR,2025-01-14,POR vs. BKN,BKN,True,L,114,132,-18,39,86,0.453,17,38,0.447,19,24,13,25,38,20,8,3,17,0.5523,113.1626,131.0304
2024-25,POR,2025-01-11,POR vs. MIA,MIA,True,L,98,119,-21,36,95,0.379,13,45,0.289,13,19,16,35,51,24,6,6,17,0.4474,94.9612,115.3101
2024-25,POR,2025-01-09,POR @ DAL,DAL,False,L,111,117,-6,39,93,0.419,16,36,0.444,17,20,14,29,43,24,6,7,13,0.5054,111.0,117.0
2024-25,POR,2025-01-08,POR @ NOP,NOP,False,W,119,100,19,48,88,0.545,13,36,0.361,10,13,15,29,44,24,11,7,15,0.6193,125.5539,105.5075
2024-25,POR,2025-01-06,POR @ DET,DET,False,L,115,118,-3,48,90,0.533,16,35,0.457,3,5,7,31,38,32,6,4,16,0.6222,113.3675,116.3249
2024-25,POR,2025-01-04,POR @ MIL,MIL,False,W,105,102,3,41,85,0.482,13,36,0.361,10,13,8,47,55,21,7,3,18,0.5588,103.1029,100.1571
2024-25,POR,2025-01-02,POR @ LAL,LAL,False,L,106,114,-8,40,80,0.5,9,26,0.346,17,21,8,34,42,24,6,4,18,0.5562,107.3961,115.5015
2024-25,POR,2024-12-30,POR vs. PHI,PHI,True,L,103,125,-22,37,77,0.481,8,36,0.222,21,30,12,21,33,23,8,4,26,0.5325,101.0597,122.6452
2024-25,POR,2024-12-28,POR vs. DAL,DAL,True,W,126,122,4,46,92,0.5,11,26,0.423,23,29,14,36,50,27,8,7,14,0.5598,121.0375,117.195
2024-25,POR,2024-12-26,POR vs. UTA,UTA,True,W,122,120,2,45,89,0.506,15,38,0.395,17,22,9,34,43,26,10,8,11,0.5899,122.1955,120.1923
2024-25,POR,2024-12-23,POR @ DAL,DAL,False,L,108,132,-24,43,93,0.462,8,29,0.276,14,19,16,32,48,23,6,1,19,0.5054,104.1868,127.3394
2024-25,POR,2024-12-21,POR @ SAS,SAS,False,L,94,114,-20,38,96,0.396,12,43,0.279,6,9,11,33,44,21,8,3,13,0.4583,92.6656,112.3817
2024-25,POR,2024-12-19,POR vs. DEN,DEN,True,W,126,124,2,45,97,0.464,16,46,0.348,20,24,15,30,45,29,7,7,10,0.5464,124.8761,122.894
2024-25,POR,2024-12-15,POR @ PHX,PHX,False,L,109,116,-7,42,94,0.447,15,49,0.306,10,13,12,36,48,30,6,4,13,0.5266,110.615,117.7187
2024-25,POR,2024-12-13,POR vs. SAS,SAS,True,L,116,118,-2,42,82,0.512,16,41,0.39,16,17,8,28,36,25,9,5,16,0.6098,119.7605,121.8253
2024-25,POR,2024-12-08,POR @ LAL,LAL,False,L,98,107,-9,35,84,0.417,9,36,0.25,19,21,12,37,49,17,4,3,18,0.4702,100.7816,110.037
2024-25,POR,2024-12-06,POR vs. UTA,UTA,True,L,99,141,-42,37,95,0.389,14,47,0.298,11,17,6,28,34,23,4,7,11,0.4632,91.4127,130.1939
2024-25,POR,2024-12-03,POR @ LAC,LAC,False,L,105,127,-22,41,80,0.513,10,29,0.345,13,16,11,18,29,25,6,4,18,0.575,110.8062,134.0228
2024-25,POR,2024-12-01,POR vs. DAL,DAL,True,L,131,137,-6,49,84,0.583,18,31,0.581,15,18,10,29,39,29,7,0,21,0.6905,126.1556,131.9337
2024-25,POR,2024-11-29,POR vs. SAC,SAC,True,W,115,106,9,46,90,0.511,11,37,0.297,12,15,8,32,40,27,10,3,12,0.5722,115.046,106.0424
2024-25,POR,2024-11-27,POR @ IND,IND,False,L,114,121,-7,44,87,0.506,16,35,0.457,10,17,13,25,38,31,6,5,14,0.5977,119.197,126.5161
2024-25,POR,2024-11-25,POR @ MEM,MEM,False,L,98,123,-25,34,102,0.333,8,46,0.174,22,28,19,25,44,22,10,7,11,0.3725,92.7679,116.4332
2024-25,POR,2024-11-23,POR @ HOU,HOU,False,W,104,98,6,34,90,0.378,18,44,0.409,18,23,16,37,53,16,5,12,18,0.4778,102.6451,96.7233
2024-25,POR,2024-11-22,POR @ HOU,HOU,False,L,88,116,-28,30,91,0.33,11,43,0.256,17,22,13,32,45,17,9,8,21,0.3901,81.2258,107.0703
2024-25,POR,2024-11-20,POR @ OKC,OKC,False,L,99,109,-10,32,79,0.405,15,38,0.395,20,28,16,33,49,18,6,7,24,0.5,99.278,109.3061
2024-25,POR,2024-11-17,POR vs. ATL,ATL,True,W,114,110,4,44,95,0.463,14,38,0.368,12,19,18,22,40,31,16,10,20,0.5368,107.3649,103.5977
2024-25,POR,2024-11-13,POR vs. MIN,MIN,True,W,106,98,8,38,83,0.458,9,25,0.36,21,23,11,36,47,17,10,10,20,0.512,102.5145,94.7776
2024-25,POR,2024-11-12,POR vs. MIN,MIN,True,W,122,108,14,43,84,0.512,18,32,0.563,18,20,11,28,39,30,14,7,20,0.619,119.6548,105.9239
2024-25,POR,2024-11-10,POR vs. MEM,MEM,True,L,89,134,-45,34,100,0.34,4,42,0.095,17,21,16,27,43,18,9,3,24,0.36,78.2211,117.7711
2024-25,POR,2024-11-08,POR @ MIN,MIN,False,L,102,127,-25,39,91,0.429,6,25,0.24,18,24,12,25,37,13,11,7,17,0.4615,92.8454,115.6017
2024-25,POR,2024-11-07,POR @ SAS,SAS,False,L,105,118,-13,41,86,0.477,9,32,0.281,14,22,14,27,41,23,7,3,14,0.5291,110.7595,124.4726
2024-25,POR,2024-11-04,POR @ NOP,NOP,False,W,118,100,18,46,84,0.548,10,29,0.345,16,24,11,27,38,21,10,5,12,0.6071,122.5337,103.8422
2024-25,POR,2024-11-02,POR @ PHX,PHX,False,L,97,103,-6,37,111,0.333,14,43,0.326,9,11,14,42,56,17,10,5,6,0.3964,91.7171,97.3903
2024-25,POR,2024-11-01,POR vs. OKC,OKC,True,L,114,137,-23,39,83,0.47,15,35,0.429,21,31,11,25,36,27,8,5,19,0.5602,110.1449,132.3671
2024-25,POR,2024-10-30,POR @ LAC,LAC,False,W,106,105,1,41,92,0.446,14,33,0.424,10,12,12,35,47,19,9,6,13,0.5217,107.5051,106.4909
2024-25,POR,2024-10-28,POR @ SAC,SAC,False,L,98,111,-13,35,83,0.422,4,22,0.182,24,30,12,34,46,17,5,4,18,0.4458,97.4155,110.338
2024-25,POR,2024-10-27,POR vs. NOP,NOP,True,W,125,103,22,43,93,0.462,14,35,0.4,25,32,22,29,51,25,9,8,16,0.5376,123.9833,102.1623
2024-25,POR,2024-10-25,POR vs. NOP,NOP,True,L,103,105,-2,37,90,0.411,13,37,0.351,16,20,10,38,48,26,7,11,20,0.4833,97.4272,99.319
2024-25,POR,2024-10-23,POR vs. GSW,GSW,True,L,104,140,-36,36,92,0.391,8,34,0.235,24,30,13,29,42,21,10,4,18,0.4348,94.804,127.6208
2024-25,SAC,2025-04-13,SAC vs. PHX,PHX,True,W,109,98,11,46,88,0.523,14,34,0.412,3,3,10,33,43,31,6,4,13,0.6023,119.1517,107.1272
2024-25,SAC,2025-04-11,SAC vs. LAC,LAC,True,L,100,101,-1,37,85,0.435,10,31,0.323,16,17,11,32,43,23,5,1,11,0.4941,109.0513,110.1418
2024-25,SAC,2025-04-09,SAC vs. DEN,DEN,True,L,116,124,-8,43,92,0.467,16,36,0.444,14,17,11,29,40,25,2,5,8,0.5543,121.3897,129.7614
2024-25,SAC,2025-04-07,SAC @ DET,DET,False,W,127,117,10,47,91,0.516,11,27,0.407,22,27,18,32,50,20,5,4,12,0.5769,130.793,120.4943
2024-25,SAC,2025-04-06,SAC @ CLE,CLE,False,W,120,113,7,44,82,0.537,14,33,0.424,18,22,8,31,39,25,10,3,17,0.622,119.976,112.9774
2024-25,SAC,2025-04-04,SAC @ CHA,CHA,False,W,125,102,23,45,91,0.495,16,36,0.444,19,23,10,34,44,26,4,3,8,0.5824,125.5777,102.4714
2024-25,SAC,2025-04-02,SAC @ WAS,WAS,False,L,111,116,-5,40,95,0.421,10,39,0.256,21,28,17,31,48,25,10,3,11,0.4737,110.867,115.861
2024-25,SAC,2025-03-31,SAC @ IND,IND,False,L,109,111,-2,43,92,0.467,12,27,0.444,11,17,6,39,45,22,7,2,12,0.5326,104.707,106.6282
2024-25,SAC,2025-03-29,SAC @ ORL,ORL,False,L,91,121,-30,34,81,0.42,7,28,0.25,16,20,9,32,41,17,6,6,16,0.463,92.2173,122.6186
2024-25,SAC,2025-03-27,SAC vs. POR,POR,True,W,128,107,21,48,74,0.649,10,27,0.37,22,27,9,37,46,24,8,3,21,0.7162,131.7415,110.1276
2024-25,SAC,2025-03-25,SAC vs. OKC,OKC,True,L,105,121,-16,37,91,0.407,23,47,0.489,8,12,5,31,36,32,10,7,11,0.533,102.9008,118.5809
2024-25,SAC,2025-03-24,SAC vs. BOS,BOS,True,L,95,113,-18,39,86,0.453,8,24,0.333,9,11,8,37,45,23,7,1,15,0.5,96.6233,114.9308
2024-25,SAC,2025-03-22,SAC vs. MIL,MIL,True,L,108,114,-6,41,91,0.451,9,38,0.237,17,22,14,30,44,21,4,2,8,0.5,115.8301,122.2651
2024-25,SAC,2025-03-20,SAC vs. CHI,CHI,True,L,116,128,-12,41,86,0.477,15,39,0.385,19,23,9,27,36,27,4,5,12,0.564,116.8413,128.9283
2024-25,SAC,2025-03-19,SAC vs. CLE,CLE,True,W,123,119,4,46,91,0.505,16,35,0.457,15,16,14,27,41,28,9,1,13,0.5934,127.4876,123.3416
2024-25,SAC,2025-03-17,SAC vs. MEM,MEM,True,W,132,122,10,46,88,0.523,20,41,0.488,20,30,10,28,38,35,11,7,14,0.6364,127.2657,117.6244
2024-25,SAC,2025-03-14,SAC @ PHX,PHX,False,L,106,122,-16,40,81,0.494,8,32,0.25,18,20,12,28,40,25,7,1,19,0.5432,110.9019,127.6418
2024-25,SAC,2025-03-13,SAC @ GSW,GSW,False,L,104,130,-26,37,79,0.468,14,37,0.378,16,22,5,25,30,25,7,4,15,0.557,105.9927,132.4908
2024-25,SAC,2025-03-10,SAC vs. NYK,NYK,True,L,104,133,-29,36,86,0.419,10,34,0.294,22,26,14,23,37,18,7,4,18,0.4767,100.5414,128.577
2024-25,SAC,2025-03-09,SAC @ LAC,LAC,False,L,110,111,-1,40,87,0.46,9,34,0.265,21,25,8,40,48,27,6,1,8,0.5115,111.6751,112.6904
2024-25,SAC,2025-03-07,SAC vs. SAS,SAS,True,W,127,109,18,49,96,0.51,17,38,0.447,12,19,16,35,51,31,6,4,8,0.599,131.9618,113.2585
2024-25,SAC,2025-03-05,SAC @ DEN,DEN,False,L,110,116,-6,44,96,0.458,11,27,0.407,11,14,14,31,45,22,8,6,12,0.5156,108.7171,114.6472
2024-25,SAC,2025-03-03,SAC @ DAL,DAL,False,W,122,98,24,47,90,0.522,16,34,0.471,12,12,9,28,37,34,4,4,7,0.6111,129.8978,104.3441
2024-25,SAC,2025-03-01,SAC @ HOU,HOU,False,W,113,103,10,44,87,0.506,9,28,0.321,16,21,13,33,46,21,13,5,14,0.5575,115.0947,104.9094
2024-25,SAC,2025-02-26,SAC @ UTA,UTA,False,W,118,101,17,46,87,0.529,15,36,0.417,11,12,7,40,47,28,6,7,16,0.6149,120.5558,103.1876
2024-25,SAC,2025-02-24,SAC vs. CHA,CHA,True,W,130,88,42,47,87,0.54,20,38,0.526,16,18,11,38,49,30,12,4,18,0.6552,129.0451,87.3536
2024-25,SAC,2025-02-21,SAC vs. GSW,GSW,True,L,108,132,-24,40,79,0.506,11,32,0.344,17,18,11,28,39,26,8,3,24,0.5759,108.4337,132.5301
2024-25,SAC,2025-02-13,SAC @ NOP,NOP,False,L,133,140,-7,49,112,0.438,17,47,0.362,18,21,21,37,58,38,8,1,15,0.5134,118.1172,124.3339
2024-25,SAC,2025-02-12,SAC @ NOP,NOP,False,W,119,111,8,41,87,0.471,16,45,0.356,21,29,12,36,48,28,4,7,11,0.5632,120.3966,112.3027
2024-25,SAC,2025-02-10,SAC @ DAL,DAL,False,W,129,128,1,53,96,0.552,9,26,0.346,14,19,13,37,50,28,3,3,21,0.599,114.1997,113.3144
2024-25,SAC,2025-02-08,SAC vs. NOP,NOP,True,W,123,118,5,43,91,0.473,11,41,0.268,26,33,11,40,51,24,10,7,18,0.533,109.5671,105.1131
2024-25,SAC,2025-02-06,SAC @ POR,POR,False,L,102,108,-6,37,88,0.42,10,30,0.333,18,22,11,36,47,21,8,6,11,0.4773,102.719,108.7613
2024-25,SAC,2025-02-05,SAC vs. ORL,ORL,True,L,111,130,-19,40,80,0.5,10,27,0.37,21,28,14,23,37,23,6,4,19,0.5625,114.4802,134.0759
2024-25,SAC,2025-02-03,SAC @ MIN,MIN,False,W,116,114,2,45,92,0.489,10,24,0.417,16,20,11,36,47,23,7,6,12,0.5435,116.0929,114.0913
2024-25,SAC,2025-02-01,SAC @ OKC,OKC,False,L,110,144,-34,40,100,0.4,11,44,0.25,19,26,9,28,37,25,8,5,8,0.455,101.626,133.0377
2024-25,SAC,2025-01-29,SAC @ PHI,PHI,False,L,104,117,-13,40,90,0.444,10,41,0.244,14,17,14,32,46,34,5,1,12,0.5,108.2431,121.7735
2024-25,SAC,2025-01-27,SAC @ BKN,BKN,False,W,110,96,14,45,82,0.549,9,28,0.321,11,17,11,33,44,31,7,4,18,0.6037,114.7746,100.1669
2024-25,SAC,2025-01-25,SAC @ NYK,NYK,False,L,120,143,-23,46,95,0.484,14,36,0.389,14,16,9,29,38,33,5,5,12,0.5579,112.0657,133.545
2024-25,SAC,2025-01-23,SAC @ DEN,DEN,False,L,123,132,-9,47,107,0.439,15,41,0.366,14,19,17,36,53,31,5,3,13,0.5093,110.8108,118.9189
2024-25,SAC,2025-01-22,SAC vs. GSW,GSW,True,W,123,117,6,41,81,0.506,11,30,0.367,30,32,5,33,38,24,9,7,8,0.5741,121.3018,115.3846
2024-25,SAC,2025-01-19,SAC vs. WAS,WAS,True,W,123,100,23,46,95,0.484,12,39,0.308,19,24,10,41,51,28,12,4,12,0.5474,113.0307,91.8949
2024-25,SAC,2025-01-16,SAC vs. HOU,HOU,True,W,132,127,5,49,98,0.5,14,33,0.424,20,22,12,32,44,32,5,3,12,0.5714,123.8042,119.1146
2024-25,SAC,2025-01-14,SAC @ MIL,MIL,False,L,115,130,-15,42,95,0.442,17,42,0.405,14,18,9,36,45,25,4,5,9,0.5316,110.662,125.0962
2024-25,SAC,2025-01-12,SAC @ CHI,CHI,False,W,124,119,5,47,95,0.495,13,39,0.333,17,21,11,42,53,33,4,3,8,0.5632,122.1434,117.2183
2024-25,SAC,2025-01-10,SAC @ BOS,BOS,False,W,114,97,17,44,102,0.431,18,47,0.383,8,9,16,40,56,26,11,8,12,0.5196,112.5148,95.7363
2024-25,SAC,2025-01-06,SAC vs. MIA,MIA,True,W,123,118,5,45,108,0.417,13,38,0.342,20,26,18,42,60,30,7,8,15,0.4769,105.8884,101.584
2024-25,SAC,2025-01-05,SAC @ GSW,GSW,False,W,129,99,30,45,87,0.517,19,43,0.442,20,22,10,33,43,31,15,3,16,0.6264,126.0997,96.7742
2024-25,SAC,2025-01-03,SAC vs. MEM,MEM,True,W,138,133,5,49,99,0.495,21,47,0.447,19,23,10,27,37,32,10,8,10,0.601,127.2124,122.6032
2024-25,SAC,2025-01-01,SAC vs. PHI,PHI,True,W,113,107,6,41,84,0.488,9,31,0.29,22,24,14,31,45,24,11,4,17,0.5417,113.7279,107.6892
2024-25,SAC,2024-12-30,SAC vs. DAL,DAL,True,W,110,100,10,42,100,0.42,10,32,0.313,16,19,18,40,58,25,8,1,16,0.47,104.2061,94.7329
2024-25,SAC,2024-12-28,SAC @ LAL,LAL,False,L,122,132,-10,50,98,0.51,11,40,0.275,11,15,13,26,39,38,7,2,10,0.5663,121.9268,131.9208
2024-25,SAC,2024-12-26,SAC vs. DET,DET,True,L,113,114,-1,39,82,0.476,14,39,0.359,21,26,8,36,44,20,3,6,14,0.561,112.1922,113.1851
2024-25,SAC,2024-12-22,SAC vs. IND,IND,True,L,95,122,-27,35,96,0.365,12,38,0.316,13,17,15,32,47,21,3,3,10,0.4271,97.9381,125.7732
2024-25,SAC,2024-12-21,SAC vs. LAL,LAL,True,L,99,103,-4,39,90,0.433,10,37,0.27,11,14,11,35,46,25,10,1,14,0.4889,100.8147,104.888
2024-25,SAC,2024-12-19,SAC vs. LAL,LAL,True,L,100,113,-13,37,82,0.451,11,29,0.379,15,22,4,39,43,27,7,6,16,0.5183,95.2925,107.6806
2024-25,SAC,2024-12-16,SAC vs. DEN,DEN,True,L,129,130,-1,49,102,0.48,12,35,0.343,19,20,11,31,42,28,10,9,11,0.5392,115.5086,116.404
2024-25,SAC,2024-12-12,SAC @ NOP,NOP,False,W,111,109,2,37,92,0.402,10,33,0.303,27,29,17,33,50,24,12,2,11,0.4565,112.3709,110.3462
2024-25,SAC,2024-12-08,SAC vs. UTA,UTA,True,W,141,97,44,57,100,0.57,22,44,0.5,5,8,9,34,43,39,10,7,8,0.68,139.0807,95.6796
2024-25,SAC,2024-12-06,SAC @ SAS,SAS,False,W,140,113,27,51,90,0.567,16,34,0.471,22,24,7,37,44,33,7,6,11,0.6556,132.8525,107.231
2024-25,SAC,2024-12-05,SAC @ MEM,MEM,False,L,110,115,-5,39,98,0.398,8,35,0.229,24,28,14,32,46,19,11,1,13,0.4388,101.6636,106.2847
2024-25,SAC,2024-12-03,SAC vs. HOU,HOU,True,W,120,111,9,47,91,0.516,14,30,0.467,12,20,10,24,34,33,7,8,10,0.5934,119.976,110.9778
2024-25,SAC,2024-12-01,SAC vs. SAS,SAS,True,L,125,127,-2,47,101,0.465,12,32,0.375,19,24,21,30,51,32,8,5,10,0.5248,124.3039,126.2928
2024-25,SAC,2024-11-29,SAC @ POR,POR,False,L,106,115,-9,35,78,0.449,15,42,0.357,21,28,11,30,41,29,7,4,20,0.5449,106.0424,115.046
2024-25,SAC,2024-11-27,SAC @ MIN,MIN,False,W,115,104,11,46,94,0.489,12,37,0.324,11,15,12,35,47,28,8,3,17,0.5532,113.5915,102.7262
2024-25,SAC,2024-11-25,SAC vs. OKC,OKC,True,L,109,130,-21,42,87,0.483,8,32,0.25,17,23,9,22,31,24,10,4,12,0.5287,108.393,129.2761
2024-25,SAC,2024-11-24,SAC vs. BKN,BKN,True,L,103,108,-5,37,77,0.481,9,25,0.36,20,31,11,33,44,21,6,6,16,0.539,108.6269,113.9
2024-25,SAC,2024-11-22,SAC @ LAC,LAC,False,L,88,104,-16,32,83,0.386,7,35,0.2,17,24,8,40,48,19,5,8,15,0.4277,86.8707,102.6654
2024-25,SAC,2024-11-18,SAC vs. ATL,ATL,True,L,108,109,-1,37,85,0.435,20,46,0.435,14,19,9,36,45,24,9,4,17,0.5529,107.849,108.8476
2024-25,SAC,2024-11-16,SAC vs. UTA,UTA,True,W,121,117,4,42,83,0.506,19,41,0.463,18,25,9,26,35,24,6,3,14,0.6205,122.5441,118.493
2024-25,SAC,2024-11-15,SAC vs. MIN,MIN,True,L,126,130,-4,48,96,0.5,12,37,0.324,18,20,11,40,51,21,6,7,13,0.5625,116.7532,120.4596
2024-25,SAC,2024-11-13,SAC vs. PHX,PHX,True,W,127,104,23,50,78,0.641,15,28,0.536,12,17,6,39,45,38,7,8,17,0.7372,129.6448,106.1658
2024-25,SAC,2024-11-11,SAC @ SAS,SAS,False,L,96,116,-20,39,91,0.429,10,38,0.263,8,9,9,28,37,18,11,4,11,0.4835,98.2198,118.6822
2024-25,SAC,2024-11-10,SAC @ PHX,PHX,False,W,127,118,9,50,102,0.49,11,37,0.297,16,19,8,49,57,23,7,3,15,0.5441,109.0316,101.3049
2024-25,SAC,2024-11-08,SAC vs. LAC,LAC,True,L,98,107,-9,37,78,0.474,3,26,0.115,21,24,5,30,35,19,6,3,14,0.4936,99.1501,108.2558
2024-25,SAC,2024-11-06,SAC vs. TOR,TOR,True,W,122,107,15,42,90,0.467,10,35,0.286,28,32,15,32,47,26,7,5,10,0.5222,123.4318,108.2558
2024-25,SAC,2024-11-04,SAC @ MIA,MIA,False,W,111,110,1,44,86,0.512,10,27,0.37,13,15,11,28,39,23,5,4,14,0.5698,112.8049,111.7886
2024-25,SAC,2024-11-02,SAC @ TOR,TOR,False,L,128,131,-3,46,100,0.46,10,40,0.25,26,32,15,34,49,21,16,3,18,0.51,110.0034,112.5816
2024-25,SAC,2024-11-01,SAC @ ATL,ATL,False,W,123,115,8,43,89,0.483,11,33,0.333,26,30,10,41,51,28,9,4,14,0.5449,116.5214,108.9428
2024-25,SAC,2024-10-29,SAC @ UTA,UTA,False,W,113,96,17,48,92,0.522,8,31,0.258,9,14,9,40,49,26,9,9,12,0.5652,112.2591,95.3706
2024-25,SAC,2024-10-28,SAC vs. POR,POR,True,W,111,98,13,37,81,0.457,14,35,0.4,23,25,9,31,40,25,8,6,16,0.5432,110.338,97.4155
2024-25,SAC,2024-10-26,SAC @ LAL,LAL,False,L,127,131,-4,45,88,0.511,15,44,0.341,22,25,5,27,32,32,12,5,14,0.5966,117.2885,120.9826
2024-25,SAC,2024-10-24,SAC vs. MIN,MIN,True,L,115,117,-2,38,82,0.463,11,29,0.379,28,35,4,34,38,21,7,2,9,0.5305,111.1756,113.109
2024-25,SAS,2025-04-13,SAS vs. TOR,TOR,True,W,125,118,7,43,84,0.512,11,32,0.344,28,32,9,41,50,22,11,2,12,0.5774,121.2886,114.4964
2024-25,SAS,2025-04-11,SAS @ PHX,PHX,False,L,98,117,-19,39,90,0.433,13,34,0.382,7,10,5,35,40,28,7,2,15,0.5056,96.9146,115.7041
2024-25,SAS,2025-04-09,SAS @ GSW,GSW,False,W,114,111,3,39,81,0.481,18,46,0.391,18,21,10,33,43,23,6,5,15,0.5926,120.2785,117.1133
2024-25,SAS,2025-04-08,SAS @ LAC,LAC,False,L,117,122,-5,45,85,0.529,17,42,0.405,10,16,8,26,34,29,8,4,17,0.6294,114.6609,119.561
2024-25,SAS,2025-04-06,SAS @ POR,POR,False,L,109,120,-11,41,95,0.432,11,34,0.324,16,21,13,32,45,26,9,4,18,0.4895,100.4053,110.538
2024-25,SAS,2025-04-04,SAS vs. CLE,CLE,True,L,113,114,-1,41,94,0.436,16,48,0.333,15,19,9,35,44,27,9,4,12,0.5213,108.3829,109.342
2024-25,SAS,2025-04-02,SAS @ DEN,DEN,False,W,113,106,7,43,97,0.443,17,46,0.37,10,13,8,44,52,27,6,5,10,0.5309,107.7627,101.0872
2024-25,SAS,2025-04-01,SAS vs. ORL,ORL,True,L,105,116,-11,40,81,0.494,13,32,0.406,12,17,9,29,38,24,7,4,17,0.5741,107.825,119.121
2024-25,SAS,2025-03-30,SAS vs. GSW,GSW,True,L,106,148,-42,40,84,0.476,16,42,0.381,10,16,7,27,34,30,4,3,21,0.5714,99.344,138.7067
2024-25,SAS,2025-03-29,SAS vs. BOS,BOS,True,L,111,121,-10,38,87,0.437,14,40,0.35,21,27,10,25,35,25,6,1,5,0.5172,115.7456,126.1731
2024-25,SAS,2025-03-27,SAS @ CLE,CLE,False,L,116,124,-8,43,106,0.406,14,43,0.326,16,21,19,31,50,27,10,3,10,0.4717,108.8384,116.3445
2024-25,SAS,2025-03-25,SAS @ DET,DET,False,L,96,122,-26,33,91,0.363,14,44,0.318,16,20,16,25,41,21,7,2,11,0.4396,101.6949,129.2373
2024-25,SAS,2025-03-23,SAS @ TOR,TOR,False,W,123,89,34,41,86,0.477,14,43,0.326,27,32,13,33,46,27,15,6,14,0.5581,120.1172,86.9141
2024-25,SAS,2025-03-21,SAS vs. PHI,PHI,True,W,128,120,8,47,89,0.528,19,39,0.487,15,18,9,25,34,36,11,5,15,0.6348,123.2428,115.5402
2024-25,SAS,2025-03-19,SAS vs. NYK,NYK,True,W,120,105,15,45,90,0.5,16,35,0.457,14,20,15,37,52,28,7,7,15,0.5889,123.6858,108.2251
2024-25,SAS,2025-03-17,SAS @ LAL,LAL,False,L,109,125,-16,41,88,0.466,15,38,0.395,12,14,9,35,44,30,6,5,17,0.5511,107.0096,122.7175
2024-25,SAS,2025-03-15,SAS vs. NOP,NOP,True,W,119,115,4,39,84,0.464,16,39,0.41,25,33,8,29,37,26,10,2,10,0.5595,117.0338,113.0999
2024-25,SAS,2025-03-14,SAS vs. CHA,CHA,True,L,134,145,-11,48,95,0.505,21,46,0.457,17,22,17,19,36,27,14,5,14,0.6158,129.4436,140.0696
2024-25,SAS,2025-03-12,SAS vs. DAL,DAL,True,W,126,116,10,50,94,0.532,11,35,0.314,15,16,13,34,47,32,11,2,16,0.5904,121.4341,111.7965
2024-25,SAS,2025-03-10,SAS vs. DAL,DAL,True,L,129,133,-4,49,94,0.521,17,41,0.415,14,24,12,26,38,29,6,2,9,0.6117,126.6196,130.5457
2024-25,SAS,2025-03-09,SAS @ MIN,MIN,False,L,124,141,-17,47,85,0.553,11,30,0.367,19,24,11,25,36,26,8,3,12,0.6176,125.7862,143.031
2024-25,SAS,2025-03-07,SAS @ SAC,SAC,False,L,109,127,-18,40,87,0.46,16,42,0.381,13,23,9,27,36,27,7,4,8,0.5517,113.2585,131.9618
2024-25,SAS,2025-03-04,SAS vs. BKN,BKN,True,W,127,113,14,52,95,0.547,18,39,0.462,5,10,13,33,46,37,9,4,15,0.6421,127.8695,113.7737
2024-25,SAS,2025-03-02,SAS vs. OKC,OKC,True,L,132,146,-14,51,91,0.56,18,43,0.419,12,16,6,29,35,36,2,3,13,0.6593,125.8101,139.1536
2024-25,SAS,2025-03-01,SAS @ MEM,MEM,False,W,130,128,2,50,96,0.521,14,36,0.389,16,22,13,29,42,33,8,4,13,0.5938,123.5272,121.6268
2024-25,SAS,2025-02-26,SAS @ HOU,HOU,False,L,106,118,-12,42,100,0.42,7,39,0.179,15,21,12,29,41,28,10,5,8,0.455,101.2416,112.703
2024-25,SAS,2025-02-25,SAS @ NOP,NOP,False,L,103,109,-6,38,93,0.409,13,44,0.295,14,18,13,32,45,29,14,4,20,0.4785,97.2065,102.869
2024-25,SAS,2025-02-23,SAS @ NOP,NOP,False,L,96,114,-18,32,97,0.33,15,51,0.294,17,25,13,33,46,29,11,7,10,0.4072,91.2374,108.3444
2024-25,SAS,2025-02-21,SAS vs. DET,DET,True,L,110,125,-15,43,84,0.512,10,29,0.345,14,22,8,24,32,27,12,5,17,0.5714,108.7171,123.5422
2024-25,SAS,2025-02-20,SAS vs. PHX,PHX,True,W,120,109,11,44,93,0.473,15,41,0.366,17,22,6,38,44,30,13,3,11,0.5538,114.0251,103.5728
2024-25,SAS,2025-02-12,SAS @ BOS,BOS,False,L,103,116,-13,42,96,0.438,9,39,0.231,10,12,9,29,38,30,9,2,8,0.4844,101.7183,114.5566
2024-25,SAS,2025-02-10,SAS @ WAS,WAS,False,W,131,121,10,45,88,0.511,17,38,0.447,24,29,11,32,43,28,11,4,12,0.608,126.4967,116.8405
2024-25,SAS,2025-02-08,SAS @ ORL,ORL,False,L,111,112,-1,41,77,0.532,13,30,0.433,16,20,4,30,34,27,10,7,14,0.6169,114.0802,115.1079
2024-25,SAS,2025-02-07,SAS @ CHA,CHA,False,L,116,117,-1,42,92,0.457,12,39,0.308,20,24,13,25,38,25,8,5,8,0.5217,118.2467,119.2661
2024-25,SAS,2025-02-05,SAS @ ATL,ATL,False,W,126,125,1,51,101,0.505,12,37,0.324,12,16,11,30,41,36,16,3,10,0.5644,115.6175,114.6999
2024-25,SAS,2025-02-03,SAS @ MEM,MEM,False,L,109,128,-19,41,91,0.451,12,36,0.333,15,20,9,39,48,31,8,2,23,0.5165,96.2048,112.9744
2024-25,SAS,2025-02-01,SAS vs. MIA,MIA,True,L,103,105,-2,38,91,0.418,12,36,0.333,15,21,13,35,48,27,8,3,11,0.4835,104.7174,106.7507
2024-25,SAS,2025-01-31,SAS vs. MIL,MIL,True,W,144,118,26,50,102,0.49,24,50,0.48,20,25,13,40,53,37,7,11,6,0.6078,136.8561,112.146
2024-25,SAS,2025-01-29,SAS vs. LAC,LAC,True,L,116,128,-12,42,87,0.483,14,42,0.333,18,25,7,23,30,27,11,5,10,0.5632,114.7833,126.6574
2024-25,SAS,2025-01-25,SAS @ IND,IND,False,L,98,136,-38,35,85,0.412,11,32,0.344,17,25,15,29,44,22,9,5,24,0.4765,94.6129,131.2995
2024-25,SAS,2025-01-23,SAS @ IND,IND,False,W,140,110,30,58,96,0.604,18,36,0.5,6,6,15,42,57,43,10,10,20,0.6979,134.6672,105.8099
2024-25,SAS,2025-01-19,SAS @ MIA,MIA,False,L,107,128,-21,41,91,0.451,15,40,0.375,10,16,13,31,44,28,4,5,15,0.533,107.8412,129.0062
2024-25,SAS,2025-01-17,SAS vs. MEM,MEM,True,L,112,140,-28,40,84,0.476,13,36,0.361,19,23,10,30,40,29,4,8,17,0.5536,109.9548,137.4435
2024-25,SAS,2025-01-15,SAS vs. MEM,MEM,True,L,115,129,-14,40,89,0.449,16,43,0.372,19,27,7,37,44,22,5,11,11,0.5393,109.8586,123.2327
2024-25,SAS,2025-01-13,SAS @ LAL,LAL,False,W,126,102,24,48,90,0.533,13,35,0.371,17,20,12,29,41,30,16,5,11,0.6056,128.6765,104.1667
2024-25,SAS,2025-01-08,SAS @ MIL,MIL,False,L,105,121,-16,35,95,0.368,18,52,0.346,17,20,12,34,46,24,8,5,9,0.4632,103.6525,119.4472
2024-25,SAS,2025-01-06,SAS @ CHI,CHI,False,L,110,114,-4,44,95,0.463,15,46,0.326,7,12,13,36,49,31,8,12,17,0.5421,103.8324,107.6081
2024-25,SAS,2025-01-04,SAS vs. DEN,DEN,True,L,111,122,-11,41,104,0.394,13,48,0.271,16,18,13,45,58,28,3,7,14,0.4567,99.0894,108.9091
2024-25,SAS,2025-01-03,SAS @ DEN,DEN,False,W,113,110,3,46,99,0.465,13,36,0.361,8,13,14,42,56,31,4,3,13,0.5303,109.8367,106.9207
2024-25,SAS,2024-12-31,SAS vs. LAC,LAC,True,W,122,86,36,48,98,0.49,9,40,0.225,17,19,15,43,58,37,10,7,9,0.5357,122.4408,86.3107
2024-25,SAS,2024-12-29,SAS @ MIN,MIN,False,L,110,112,-2,38,87,0.437,11,39,0.282,23,28,8,33,41,25,6,4,10,0.5,109.0837,111.067
2024-25,SAS,2024-12-27,SAS @ BKN,BKN,False,W,96,87,9,32,78,0.41,12,28,0.429,20,27,11,32,43,26,10,8,15,0.4872,99.2761,89.969
2024-25,SAS,2024-12-25,SAS @ NYK,NYK,False,L,114,117,-3,42,83,0.506,16,38,0.421,14,17,8,37,45,33,3,6,15,0.6024,118.4293,121.5458
2024-25,SAS,2024-12-23,SAS @ PHI,PHI,False,L,106,111,-5,37,81,0.457,15,45,0.333,17,18,3,39,42,24,4,12,18,0.5494,101.416,106.1998
2024-25,SAS,2024-12-21,SAS vs. POR,POR,True,W,114,94,20,44,93,0.473,10,36,0.278,16,18,12,37,49,33,7,13,12,0.5269,112.3817,92.6656
2024-25,SAS,2024-12-19,SAS vs. ATL,ATL,True,W,133,126,7,49,101,0.485,19,42,0.452,16,23,8,34,42,32,15,8,17,0.5792,112.0661,106.1678
2024-25,SAS,2024-12-15,SAS vs. MIN,MIN,True,L,92,106,-14,37,91,0.407,11,45,0.244,7,9,12,38,50,34,6,8,19,0.467,88.8889,102.4155
2024-25,SAS,2024-12-13,SAS @ POR,POR,False,W,118,116,2,44,85,0.518,14,30,0.467,16,21,13,28,41,32,5,6,15,0.6,121.8253,119.7605
2024-25,SAS,2024-12-08,SAS vs. NOP,NOP,True,W,121,116,5,42,93,0.452,12,39,0.308,25,31,16,39,55,27,7,11,13,0.5161,116.976,112.1423
2024-25,SAS,2024-12-06,SAS vs. SAC,SAC,True,L,113,140,-27,39,91,0.429,14,41,0.341,21,30,12,30,42,28,8,5,14,0.5055,107.231,132.8525
2024-25,SAS,2024-12-05,SAS vs. CHI,CHI,True,L,124,139,-15,44,95,0.463,8,28,0.286,28,39,15,26,41,26,11,4,11,0.5053,114.6662,128.5371
2024-25,SAS,2024-12-03,SAS @ PHX,PHX,False,L,93,104,-11,35,100,0.35,8,44,0.182,15,20,18,35,53,26,9,2,14,0.39,91.1586,101.9408
2024-25,SAS,2024-12-01,SAS @ SAC,SAC,False,W,127,125,2,42,82,0.512,23,46,0.5,20,24,8,30,38,32,6,9,16,0.6524,126.2928,124.3039
2024-25,SAS,2024-11-27,SAS vs. LAL,LAL,True,L,101,119,-18,36,85,0.424,14,40,0.35,15,16,11,27,38,26,7,4,15,0.5059,104.9678,123.6749
2024-25,SAS,2024-11-26,SAS @ UTA,UTA,False,W,128,115,13,45,93,0.484,18,48,0.375,20,26,13,26,39,30,12,5,10,0.5806,124.732,112.0639
2024-25,SAS,2024-11-23,SAS vs. GSW,GSW,True,W,104,94,10,38,85,0.447,13,47,0.277,15,19,9,39,48,29,5,9,9,0.5235,111.1824,100.4918
2024-25,SAS,2024-11-21,SAS vs. UTA,UTA,True,W,126,118,8,41,88,0.466,9,32,0.281,35,46,11,40,51,32,8,9,11,0.517,114.7123,107.429
2024-25,SAS,2024-11-19,SAS vs. OKC,OKC,True,W,110,104,6,39,83,0.47,19,46,0.413,13,19,8,38,46,32,5,5,21,0.5843,105.546,99.7889
2024-25,SAS,2024-11-16,SAS @ DAL,DAL,False,L,93,110,-17,28,88,0.318,11,40,0.275,26,30,13,32,45,21,10,9,12,0.3807,91.1229,107.7797
2024-25,SAS,2024-11-15,SAS vs. LAL,LAL,True,L,115,120,-5,43,88,0.489,17,45,0.378,12,16,11,29,40,32,6,5,13,0.5852,116.6565,121.7285
2024-25,SAS,2024-11-13,SAS vs. WAS,WAS,True,W,139,130,9,48,92,0.522,18,44,0.409,25,32,8,31,39,38,7,7,9,0.6196,128.6322,120.3035
2024-25,SAS,2024-11-11,SAS vs. SAC,SAC,True,W,116,96,20,43,85,0.506,22,46,0.478,8,8,8,36,44,31,5,5,18,0.6353,118.6822,98.2198
2024-25,SAS,2024-11-09,SAS vs. UTA,UTA,True,L,110,111,-1,38,85,0.447,17,47,0.362,17,19,6,31,37,29,8,10,20,0.5471,102.9192,103.8548
2024-25,SAS,2024-11-07,SAS vs. POR,POR,True,W,118,105,13,44,82,0.537,16,39,0.41,14,18,12,33,45,35,9,4,16,0.6341,124.4726,110.7595
2024-25,SAS,2024-11-06,SAS @ HOU,HOU,False,L,100,127,-27,37,83,0.446,14,36,0.389,12,16,8,33,41,20,6,6,20,0.5301,97.2573,123.5168
2024-25,SAS,2024-11-04,SAS @ LAC,LAC,False,L,104,113,-9,38,86,0.442,11,41,0.268,17,19,12,33,45,22,9,10,14,0.5058,110.1462,119.678
2024-25,SAS,2024-11-02,SAS vs. MIN,MIN,True,W,113,103,10,43,83,0.518,13,42,0.31,14,17,7,37,44,32,6,5,13,0.5964,116.327,106.0325
2024-25,SAS,2024-10-31,SAS @ UTA,UTA,False,W,106,88,18,38,92,0.413,12,43,0.279,18,23,11,31,42,25,17,7,11,0.4783,104.1871,86.495
2024-25,SAS,2024-10-30,SAS @ OKC,OKC,False,L,93,105,-12,35,85,0.412,12,36,0.333,11,13,13,39,52,22,6,6,22,0.4824,92.427,104.353
2024-25,SAS,2024-10-28,SAS vs. HOU,HOU,True,L,101,106,-5,37,87,0.425,10,33,0.303,17,21,17,32,49,22,6,6,17,0.4828,105.87,111.1111
2024-25,SAS,2024-10-26,SAS vs. HOU,HOU,True,W,109,106,3,39,79,0.494,8,20,0.4,23,28,10,39,49,23,6,7,17,0.5443,107.6224,104.6603
2024-25,SAS,2024-10-24,SAS @ DAL,DAL,False,L,109,120,-11,39,86,0.453,12,36,0.333,19,24,12,40,52,30,6,5,19,0.5233,104.4662,115.0086
2024-25,TOR,2025-04-13,TOR @ SAS,SAS,False,L,118,125,-7,46,97,0.474,14,39,0.359,12,16,12,30,42,32,8,1,13,0.5464,114.4964,121.2886
2024-25,TOR,2025-04-11,TOR @ DAL,DAL,False,L,102,124,-22,40,100,0.4,11,39,0.282,11,18,16,27,43,22,11,4,11,0.455,98.3607,119.5757
2024-25,TOR,2025-04-09,TOR vs. CHA,CHA,True,W,126,96,30,49,104,0.471,19,52,0.365,9,12,16,39,55,37,8,2,9,0.5625,122.7352,93.5126
2024-25,TOR,2025-04-06,TOR @ BKN,BKN,False,W,120,109,11,47,94,0.5,12,36,0.333,14,22,13,34,47,30,16,4,19,0.5638,109.3095,99.2895
2024-25,TOR,2025-04-04,TOR vs. DET,DET,True,L,105,117,-12,38,91,0.418,13,37,0.351,16,20,16,33,49,24,9,6,16,0.489,103.6116,115.4529
2024-25,TOR,2025-04-03,TOR vs. POR,POR,True,L,103,112,-9,44,96,0.458,12,34,0.353,3,5,13,22,35,29,14,1,18,0.5208,100.0,108.7379
2024-25,TOR,2025-04-01,TOR @ CHI,CHI,False,L,118,137,-19,44,97,0.454,20,45,0.444,10,11,9,26,35,35,7,3,12,0.5567,114.1641,132.5464
2024-25,TOR,2025-03-30,TOR @ PHI,PHI,False,W,127,109,18,49,103,0.476,17,38,0.447,12,18,13,33,46,32,10,4,11,0.5583,117.4404,100.7953
2024-25,TOR,2025-03-28,TOR vs. CHA,CHA,True,W,108,97,11,42,95,0.442,14,44,0.318,10,15,11,34,45,28,9,5,6,0.5158,105.7786,95.0049
2024-25,TOR,2025-03-26,TOR @ BKN,BKN,False,W,116,86,30,43,102,0.422,10,33,0.303,20,23,17,46,63,34,5,3,12,0.4706,109.1867,80.9488
2024-25,TOR,2025-03-24,TOR @ WAS,WAS,False,W,112,104,8,41,101,0.406,10,36,0.278,20,27,17,43,60,28,11,6,12,0.4554,102.8278,95.4829
2024-25,TOR,2025-03-23,TOR vs. SAS,SAS,True,L,89,123,-34,35,92,0.38,10,39,0.256,9,13,16,30,46,27,8,3,22,0.4348,86.9141,120.1172
2024-25,TOR,2025-03-20,TOR @ GSW,GSW,False,L,114,117,-3,44,78,0.564,11,26,0.423,15,19,7,37,44,32,7,4,23,0.6346,109.2582,112.1334
2024-25,TOR,2025-03-17,TOR @ PHX,PHX,False,L,89,129,-40,31,87,0.356,10,35,0.286,17,23,12,28,40,20,4,2,12,0.4138,91.8852,133.1819
2024-25,TOR,2025-03-16,TOR @ POR,POR,False,L,102,105,-3,38,94,0.404,10,31,0.323,16,20,19,28,47,29,12,0,18,0.4574,101.6341,104.6234
2024-25,TOR,2025-03-14,TOR @ UTA,UTA,False,W,126,118,8,44,91,0.484,12,32,0.375,26,35,10,41,51,28,9,6,15,0.5495,111.9801,104.8702
2024-25,TOR,2025-03-12,TOR vs. PHI,PHI,True,W,118,105,13,44,100,0.44,16,40,0.4,14,18,17,42,59,33,7,5,22,0.52,108.4559,96.5074
2024-25,TOR,2025-03-10,TOR vs. WAS,WAS,True,W,119,104,15,43,109,0.394,16,49,0.327,17,29,28,45,73,26,3,2,9,0.4679,115.3324,100.7947
2024-25,TOR,2025-03-08,TOR vs. WAS,WAS,True,L,117,118,-1,40,95,0.421,10,26,0.385,27,30,22,27,49,24,11,6,15,0.4737,113.9684,114.9425
2024-25,TOR,2025-03-07,TOR vs. UTA,UTA,True,W,118,109,9,40,104,0.385,14,46,0.304,24,28,22,26,48,27,13,5,10,0.4519,111.5945,103.083
2024-25,TOR,2025-03-04,TOR @ ORL,ORL,False,W,114,113,1,38,80,0.475,12,30,0.4,26,35,13,35,48,28,7,8,20,0.55,112.5815,111.5939
2024-25,TOR,2025-03-02,TOR @ ORL,ORL,False,W,104,102,2,37,80,0.463,7,22,0.318,23,30,12,28,40,22,8,4,15,0.5062,110.2396,108.1196
2024-25,TOR,2025-02-28,TOR @ CHI,CHI,False,L,115,125,-10,43,103,0.417,13,37,0.351,16,20,16,35,51,30,4,3,17,0.4806,100.087,108.7903
2024-25,TOR,2025-02-26,TOR @ IND,IND,False,L,91,111,-20,37,87,0.425,6,27,0.222,11,16,11,29,40,23,8,2,21,0.4598,87.4664,106.6897
2024-25,TOR,2025-02-25,TOR vs. BOS,BOS,True,L,101,111,-10,42,83,0.506,5,33,0.152,12,16,10,30,40,27,10,1,17,0.5361,102.7676,112.9426
2024-25,TOR,2025-02-23,TOR vs. PHX,PHX,True,W,127,109,18,43,88,0.489,20,35,0.571,21,30,14,35,49,30,6,1,14,0.6023,124.5831,106.9256
2024-25,TOR,2025-02-21,TOR vs. MIA,MIA,True,L,111,120,-9,38,91,0.418,17,43,0.395,18,23,14,32,46,25,8,2,14,0.511,108.2716,117.0503
2024-25,TOR,2025-02-12,TOR vs. CLE,CLE,True,L,108,131,-23,42,91,0.462,10,29,0.345,14,21,9,30,39,26,7,5,15,0.5165,100.9157,122.407
2024-25,TOR,2025-02-11,TOR @ PHI,PHI,False,W,106,103,3,38,82,0.463,11,33,0.333,19,23,10,39,49,23,8,4,19,0.5305,104.5984,101.6381
2024-25,TOR,2025-02-09,TOR @ HOU,HOU,False,L,87,94,-7,33,90,0.367,8,42,0.19,13,17,7,41,48,19,5,6,10,0.4111,85.3778,92.2473
2024-25,TOR,2025-02-07,TOR @ OKC,OKC,False,L,109,121,-12,39,91,0.429,19,41,0.463,12,19,14,28,42,31,9,6,12,0.533,111.2245,123.4694
2024-25,TOR,2025-02-05,TOR vs. MEM,MEM,True,L,107,138,-31,39,98,0.398,12,42,0.286,17,19,14,20,34,28,11,3,10,0.4592,105.8987,136.5796
2024-25,TOR,2025-02-04,TOR vs. NYK,NYK,True,L,115,121,-6,43,82,0.524,11,29,0.379,18,19,10,24,34,27,7,4,14,0.5915,118.2641,124.4344
2024-25,TOR,2025-02-02,TOR vs. LAC,LAC,True,W,115,108,7,44,85,0.518,13,25,0.52,14,16,10,33,43,31,6,6,14,0.5941,120.8745,113.5169
2024-25,TOR,2025-01-31,TOR vs. CHI,CHI,True,L,106,122,-16,39,92,0.424,10,30,0.333,18,27,7,37,44,27,6,8,7,0.4783,104.7638,120.5772
2024-25,TOR,2025-01-29,TOR @ WAS,WAS,False,W,106,82,24,42,88,0.477,11,31,0.355,11,15,7,29,36,31,12,3,14,0.5398,104.2486,80.6452
2024-25,TOR,2025-01-27,TOR vs. NOP,NOP,True,W,113,104,9,43,100,0.43,9,33,0.273,18,23,13,41,54,31,8,5,13,0.475,103.0458,94.8386
2024-25,TOR,2025-01-25,TOR @ ATL,ATL,False,W,117,94,23,42,90,0.467,11,30,0.367,22,25,9,42,51,31,11,7,21,0.5278,104.4643,83.9286
2024-25,TOR,2025-01-23,TOR @ ATL,ATL,False,W,122,119,3,47,81,0.58,9,21,0.429,19,24,6,33,39,32,10,2,20,0.6358,115.2248,112.3914
2024-25,TOR,2025-01-21,TOR vs. ORL,ORL,True,W,109,93,16,39,73,0.534,13,24,0.542,18,28,5,37,42,29,7,6,12,0.6233,117.4063,100.1723
2024-25,TOR,2025-01-17,TOR @ MIL,MIL,False,L,112,130,-18,43,91,0.473,8,34,0.235,18,24,13,30,43,31,6,4,14,0.5165,109.4819,127.0772
2024-25,TOR,2025-01-15,TOR vs. BOS,BOS,True,W,110,97,13,45,89,0.506,11,34,0.324,9,15,13,43,56,35,4,4,11,0.5674,116.6985,102.9069
2024-25,TOR,2025-01-13,TOR vs. GSW,GSW,True,W,104,101,3,41,86,0.477,12,29,0.414,10,15,14,30,44,28,3,9,15,0.5465,108.1756,105.0551
2024-25,TOR,2025-01-11,TOR @ DET,DET,False,L,114,123,-9,40,92,0.435,16,38,0.421,18,27,15,30,45,27,12,3,12,0.5217,111.699,120.5173
2024-25,TOR,2025-01-09,TOR @ CLE,CLE,False,L,126,132,-6,53,89,0.596,14,31,0.452,6,13,9,28,37,34,9,2,13,0.6742,130.0847,136.2792
2024-25,TOR,2025-01-08,TOR @ NYK,NYK,False,L,98,112,-14,38,77,0.494,10,26,0.385,12,15,8,25,33,25,9,6,17,0.5584,102.9412,117.6471
2024-25,TOR,2025-01-06,TOR vs. MIL,MIL,True,L,104,128,-24,41,91,0.451,9,35,0.257,13,21,10,25,35,27,11,4,15,0.5,100.077,123.1717
2024-25,TOR,2025-01-03,TOR vs. ORL,ORL,True,L,97,106,-9,38,80,0.475,10,29,0.345,11,13,7,30,37,28,6,1,11,0.5375,108.8664,118.9675
2024-25,TOR,2025-01-01,TOR vs. BKN,BKN,True,W,130,113,17,52,88,0.591,16,32,0.5,10,13,8,31,39,36,8,6,11,0.6818,129.0195,112.1477
2024-25,TOR,2024-12-31,TOR @ BOS,BOS,False,L,71,125,-54,27,86,0.314,10,40,0.25,7,11,14,30,44,18,8,4,21,0.3721,73.4078,129.239
2024-25,TOR,2024-12-29,TOR vs. ATL,ATL,True,L,107,136,-29,38,85,0.447,7,24,0.292,24,27,15,37,52,26,10,4,31,0.4882,95.4164,121.277
2024-25,TOR,2024-12-26,TOR @ MEM,MEM,False,L,126,155,-29,49,108,0.454,14,43,0.326,14,18,13,27,40,39,8,3,15,0.5185,107.8398,132.66
2024-25,TOR,2024-12-23,TOR @ NYK,NYK,False,L,125,139,-14,42,77,0.545,11,28,0.393,30,37,4,26,30,28,6,3,15,0.6169,117.9023,131.1073
2024-25,TOR,2024-12-22,TOR vs. HOU,HOU,True,L,110,114,-4,42,92,0.457,17,43,0.395,9,13,11,31,42,33,10,3,21,0.5489,102.6886,106.4227
2024-25,TOR,2024-12-19,TOR vs. BKN,BKN,True,L,94,101,-7,34,86,0.395,15,44,0.341,11,14,10,24,34,26,6,4,12,0.4826,98.0188,105.318
2024-25,TOR,2024-12-16,TOR vs. CHI,CHI,True,L,121,122,-1,45,92,0.489,9,26,0.346,22,30,10,34,44,28,7,6,18,0.538,108.7543,109.6531
2024-25,TOR,2024-12-12,TOR @ MIA,MIA,False,L,104,114,-10,41,92,0.446,11,32,0.344,11,15,9,33,42,29,8,5,12,0.5054,101.622,111.3934
2024-25,TOR,2024-12-09,TOR vs. NYK,NYK,True,L,108,113,-5,43,96,0.448,13,35,0.371,9,11,17,34,51,23,4,4,13,0.5156,112.9707,118.2008
2024-25,TOR,2024-12-07,TOR vs. DAL,DAL,True,L,118,125,-7,43,93,0.462,15,39,0.385,17,18,8,31,39,37,13,3,13,0.543,113.8996,120.6564
2024-25,TOR,2024-12-05,TOR vs. OKC,OKC,True,L,92,129,-37,32,90,0.356,11,45,0.244,17,20,12,39,51,24,5,7,20,0.4167,87.9205,123.2798
2024-25,TOR,2024-12-03,TOR vs. IND,IND,True,W,122,111,11,44,81,0.543,13,33,0.394,21,29,6,36,42,28,9,4,21,0.6235,112.401,102.2664
2024-25,TOR,2024-12-01,TOR vs. MIA,MIA,True,W,119,116,3,47,88,0.534,10,29,0.345,15,20,10,37,47,30,4,5,16,0.5909,116.0296,113.1045
2024-25,TOR,2024-11-29,TOR @ MIA,MIA,False,L,111,121,-10,43,80,0.538,11,29,0.379,14,17,10,36,46,34,4,3,19,0.6062,111.5802,121.6325
2024-25,TOR,2024-11-27,TOR @ NOP,NOP,False,W,119,93,26,47,95,0.495,21,52,0.404,4,12,12,40,52,38,11,4,16,0.6053,112.6254,88.0182
2024-25,TOR,2024-11-25,TOR @ DET,DET,False,L,100,102,-2,41,104,0.394,10,35,0.286,8,10,23,27,50,26,7,5,10,0.4423,103.6055,105.6776
2024-25,TOR,2024-11-24,TOR @ CLE,CLE,False,L,108,122,-14,37,92,0.402,12,39,0.308,22,34,19,36,55,22,9,5,16,0.4674,104.2874,117.8061
2024-25,TOR,2024-11-21,TOR vs. MIN,MIN,True,W,110,105,5,37,72,0.514,7,23,0.304,29,39,10,33,43,22,11,1,17,0.5625,111.291,106.2323
2024-25,TOR,2024-11-18,TOR vs. IND,IND,True,W,130,119,11,48,82,0.585,14,29,0.483,20,28,10,36,46,27,5,9,23,0.6707,121.4272,111.1526
2024-25,TOR,2024-11-16,TOR @ BOS,BOS,False,L,123,126,-3,50,98,0.51,9,23,0.391,14,21,15,31,46,35,3,2,9,0.5561,120.8251,123.7721
2024-25,TOR,2024-11-15,TOR vs. DET,DET,True,L,95,99,-4,35,97,0.361,8,31,0.258,17,22,17,36,53,21,7,6,15,0.4021,91.1358,94.9731
2024-25,TOR,2024-11-12,TOR @ MIL,MIL,False,L,85,99,-14,30,86,0.349,9,25,0.36,16,20,17,37,54,20,11,6,22,0.4012,83.3007,97.0208
2024-25,TOR,2024-11-10,TOR @ LAL,LAL,False,L,103,123,-20,37,82,0.451,10,29,0.345,19,22,12,28,40,26,2,2,18,0.5122,107.8534,128.7958
2024-25,TOR,2024-11-09,TOR @ LAC,LAC,False,L,103,105,-2,40,95,0.421,11,37,0.297,12,21,12,32,44,26,8,5,10,0.4789,103.3514,105.3582
2024-25,TOR,2024-11-06,TOR @ SAC,SAC,False,L,107,122,-15,43,88,0.489,10,34,0.294,11,15,8,26,34,25,7,1,12,0.5455,108.2558,123.4318
2024-25,TOR,2024-11-04,TOR @ DEN,DEN,False,L,119,121,-2,47,103,0.456,13,39,0.333,12,18,14,27,41,38,12,3,14,0.5194,111.4024,113.2747
2024-25,TOR,2024-11-02,TOR vs. SAC,SAC,True,W,131,128,3,46,95,0.484,17,37,0.459,22,31,12,34,46,31,13,3,19,0.5737,112.5816,110.0034
2024-25,TOR,2024-11-01,TOR vs. LAL,LAL,True,L,125,131,-6,52,107,0.486,10,35,0.286,11,13,15,29,44,35,4,6,11,0.5327,115.8695,121.4312
2024-25,TOR,2024-10-30,TOR @ CHA,CHA,False,L,133,138,-5,52,91,0.571,9,28,0.321,20,30,13,28,41,37,9,5,14,0.6209,125.3534,130.066
2024-25,TOR,2024-10-28,TOR vs. DEN,DEN,True,L,125,127,-2,49,109,0.45,10,35,0.286,17,21,18,36,54,30,7,7,15,0.4954,110.8943,112.6686
2024-25,TOR,2024-10-26,TOR @ MIN,MIN,False,L,101,112,-11,41,90,0.456,10,29,0.345,9,13,12,34,46,29,9,4,20,0.5111,99.9209,110.8033
2024-25,TOR,2024-10-25,TOR vs. PHI,PHI,True,W,115,107,8,35,76,0.461,6,23,0.261,39,46,18,36,54,25,11,13,27,0.5,109.2325,101.6337
2024-25,TOR,2024-10-23,TOR vs. CLE,CLE,True,L,106,136,-30,36,86,0.419,12,31,0.387,22,29,14,24,38,25,8,6,19,0.4884,102.3166,131.2741
2024-25,UTA,2025-04-13,UTA @ MIN,MIN,False,L,105,116,-11,40,89,0.449,16,42,0.381,9,11,9,31,40,24,6,5,14,0.5393,105.063,116.0696
2024-25,UTA,2025-04-11,UTA vs. OKC,OKC,True,L,111,145,-34,39,103,0.379,17,63,0.27,16,20,19,38,57,23,7,3,16,0.4612,101.1297,132.1064
2024-25,UTA,2025-04-09,UTA vs. POR,POR,True,W,133,126,7,50,98,0.51,15,36,0.417,18,22,16,40,56,27,14,4,24,0.5867,113.1915,107.234
2024-25,UTA,2025-04-06,UTA @ ATL,ATL,False,L,134,147,-13,45,87,0.517,20,47,0.426,24,28,7,25,32,29,10,4,10,0.6322,129.3936,141.9467
2024-25,UTA,2025-04-04,UTA @ IND,IND,False,L,112,140,-28,39,104,0.375,16,52,0.308,18,21,19,33,52,21,5,1,13,0.4519,107.1975,133.9969
2024-25,UTA,2025-04-02,UTA @ HOU,HOU,False,L,105,143,-38,40,94,0.426,10,40,0.25,15,23,10,29,39,25,7,6,10,0.4787,100.7291,137.1834
2024-25,UTA,2025-03-31,UTA @ CHA,CHA,False,L,106,110,-4,39,96,0.406,14,52,0.269,14,15,14,27,41,25,13,2,10,0.4792,109.9813,114.1316
2024-25,UTA,2025-03-28,UTA @ DEN,DEN,False,L,93,129,-36,33,93,0.355,7,40,0.175,20,24,14,28,42,21,10,0,18,0.3925,87.7855,121.767
2024-25,UTA,2025-03-27,UTA vs. HOU,HOU,True,L,110,121,-11,43,79,0.544,11,23,0.478,13,17,3,30,33,29,5,5,16,0.6139,109.5399,120.4939
2024-25,UTA,2025-03-25,UTA vs. MEM,MEM,True,L,103,140,-37,34,78,0.436,17,42,0.405,18,22,4,24,28,24,6,3,14,0.5449,105.317,143.1493
2024-25,UTA,2025-03-23,UTA vs. CLE,CLE,True,L,91,120,-29,32,89,0.36,16,50,0.32,11,18,13,39,52,25,4,5,21,0.4494,87.6855,115.6292
2024-25,UTA,2025-03-21,UTA vs. BOS,BOS,True,L,99,121,-22,38,84,0.452,14,35,0.4,9,12,9,29,38,24,7,2,17,0.5357,100.8557,123.2681
2024-25,UTA,2025-03-19,UTA vs. WAS,WAS,True,W,128,112,16,50,89,0.562,17,42,0.405,11,18,9,33,42,30,7,1,17,0.6573,123.7672,108.2963
2024-25,UTA,2025-03-17,UTA vs. CHI,CHI,True,L,97,111,-14,35,86,0.407,9,42,0.214,18,22,4,44,48,20,4,4,17,0.4593,90.3502,103.3905
2024-25,UTA,2025-03-16,UTA @ MIN,MIN,False,L,102,128,-26,39,90,0.433,12,38,0.316,12,15,10,34,44,23,4,0,22,0.5,96.6641,121.304
2024-25,UTA,2025-03-14,UTA vs. TOR,TOR,True,L,118,126,-8,39,89,0.438,16,38,0.421,24,31,6,29,35,23,12,2,17,0.5281,104.8702,111.9801
2024-25,UTA,2025-03-12,UTA @ MEM,MEM,False,L,115,122,-7,42,90,0.467,12,34,0.353,19,28,17,43,60,24,6,8,23,0.5333,106.6988,113.1935
2024-25,UTA,2025-03-10,UTA @ BOS,BOS,False,L,108,114,-6,43,95,0.453,13,38,0.342,9,12,14,34,48,29,3,4,12,0.5211,110.0917,116.208
2024-25,UTA,2025-03-09,UTA @ PHI,PHI,False,L,122,126,-4,39,93,0.419,18,46,0.391,26,31,10,34,44,25,12,4,18,0.5161,108.1369,111.6823
2024-25,UTA,2025-03-07,UTA @ TOR,TOR,False,L,109,118,-9,39,84,0.464,8,31,0.258,23,39,19,37,56,21,5,10,25,0.5119,103.083,111.5945
2024-25,UTA,2025-03-05,UTA @ WAS,WAS,False,L,122,125,-3,47,101,0.465,14,40,0.35,14,20,17,41,58,21,5,3,15,0.5347,113.7211,116.5175
2024-25,UTA,2025-03-03,UTA vs. DET,DET,True,L,106,134,-28,35,82,0.427,10,33,0.303,26,32,9,32,41,19,7,1,28,0.4878,94.4742,119.4296
2024-25,UTA,2025-03-02,UTA vs. NOP,NOP,True,L,121,128,-7,46,96,0.479,16,44,0.364,13,17,9,32,41,35,4,4,13,0.5625,113.5084,120.075
2024-25,UTA,2025-02-28,UTA vs. MIN,MIN,True,W,117,116,1,47,92,0.511,14,35,0.4,9,14,15,45,60,35,3,4,20,0.587,113.4161,112.4467
2024-25,UTA,2025-02-26,UTA vs. SAC,SAC,True,L,101,118,-17,38,84,0.452,16,44,0.364,9,17,7,27,34,32,9,2,10,0.5476,103.1876,120.5558
2024-25,UTA,2025-02-24,UTA vs. POR,POR,True,L,112,114,-2,39,98,0.398,18,44,0.409,16,19,11,34,45,24,7,2,15,0.4898,103.7421,105.5947
2024-25,UTA,2025-02-22,UTA vs. HOU,HOU,True,W,124,115,9,49,98,0.5,13,40,0.325,13,27,16,42,58,28,4,3,8,0.5663,118.7739,110.1533
2024-25,UTA,2025-02-21,UTA vs. OKC,OKC,True,L,107,130,-23,41,90,0.456,15,41,0.366,10,18,14,29,43,27,7,2,21,0.5389,104.0249,126.3854
2024-25,UTA,2025-02-13,UTA vs. LAC,LAC,True,L,116,120,-4,38,78,0.487,18,45,0.4,22,26,9,38,47,23,7,1,26,0.6026,107.7666,111.4827
2024-25,UTA,2025-02-12,UTA vs. LAL,LAL,True,W,131,119,12,45,86,0.523,15,41,0.366,26,33,11,37,48,30,10,8,12,0.6105,126.7415,115.1316
2024-25,UTA,2025-02-10,UTA @ LAL,LAL,False,L,113,132,-19,39,84,0.464,12,40,0.3,23,27,11,28,39,29,6,3,19,0.5357,109.2843,127.6596
2024-25,UTA,2025-02-08,UTA @ LAC,LAC,False,L,110,130,-20,39,83,0.47,17,43,0.395,15,18,12,26,38,26,7,4,20,0.5723,108.289,127.9779
2024-25,UTA,2025-02-07,UTA @ PHX,PHX,False,L,127,135,-8,48,117,0.41,13,48,0.271,18,20,25,38,63,29,5,7,12,0.4658,114.3938,121.5997
2024-25,UTA,2025-02-05,UTA vs. GSW,GSW,True,W,131,128,3,48,92,0.522,13,37,0.351,22,27,12,36,48,30,5,5,13,0.5924,122.5674,119.7605
2024-25,UTA,2025-02-03,UTA vs. IND,IND,True,L,111,112,-1,39,91,0.429,13,37,0.351,20,30,17,43,60,31,5,4,19,0.5,106.2201,107.177
2024-25,UTA,2025-02-01,UTA vs. ORL,ORL,True,W,113,99,14,39,84,0.464,14,35,0.4,21,24,8,43,51,26,5,7,16,0.5476,109.73,96.1352
2024-25,UTA,2025-01-30,UTA vs. MIN,MIN,True,L,113,138,-25,39,77,0.506,14,34,0.412,21,25,3,20,23,21,6,4,15,0.5974,114.9776,140.4151
2024-25,UTA,2025-01-28,UTA @ GSW,GSW,False,L,103,114,-11,39,76,0.513,8,26,0.308,17,24,5,34,39,30,4,6,15,0.5658,105.5328,116.8033
2024-25,UTA,2025-01-27,UTA vs. MIL,MIL,True,L,110,125,-15,41,100,0.41,18,54,0.333,10,13,15,31,46,28,8,1,11,0.5,108.8032,123.64
2024-25,UTA,2025-01-25,UTA @ MEM,MEM,False,L,103,125,-22,39,92,0.424,12,47,0.255,13,16,14,26,40,27,8,5,17,0.4891,100.4878,121.9512
2024-25,UTA,2025-01-22,UTA @ OKC,OKC,False,L,114,123,-9,42,90,0.467,14,37,0.378,16,24,23,29,52,25,3,6,27,0.5444,109.3211,117.9517
2024-25,UTA,2025-01-20,UTA @ NOP,NOP,False,L,119,123,-4,42,106,0.396,11,46,0.239,24,30,19,44,63,25,6,4,14,0.4481,104.8643,108.3891
2024-25,UTA,2025-01-17,UTA @ NOP,NOP,False,L,123,136,-13,43,86,0.5,13,38,0.342,24,30,7,33,40,30,7,8,16,0.5756,115.0393,127.1979
2024-25,UTA,2025-01-15,UTA vs. CHA,CHA,True,L,112,117,-5,43,93,0.462,16,43,0.372,10,17,9,27,36,30,5,4,12,0.5484,109.4177,114.3025
2024-25,UTA,2025-01-12,UTA vs. BKN,BKN,True,W,112,111,1,40,90,0.444,17,44,0.386,15,20,6,35,41,25,7,6,11,0.5389,108.1081,107.1429
2024-25,UTA,2025-01-11,UTA @ PHX,PHX,False,L,106,114,-8,42,96,0.438,9,42,0.214,13,18,21,29,50,26,6,2,13,0.4844,112.0034,120.4565
2024-25,UTA,2025-01-09,UTA vs. MIA,MIA,True,L,92,97,-5,33,83,0.398,11,36,0.306,15,17,11,38,49,20,9,7,17,0.4639,94.3203,99.4464
2024-25,UTA,2025-01-07,UTA vs. ATL,ATL,True,L,121,124,-3,40,96,0.417,19,48,0.396,22,25,13,34,47,25,8,4,16,0.5156,113.8288,116.651
2024-25,UTA,2025-01-05,UTA @ ORL,ORL,False,W,105,92,13,39,81,0.481,11,32,0.344,16,18,11,39,50,21,6,5,22,0.5494,104.6651,91.7065
2024-25,UTA,2025-01-04,UTA @ MIA,MIA,False,W,136,100,36,52,100,0.52,19,46,0.413,13,16,16,41,57,31,11,4,14,0.615,130.6185,96.043
2024-25,UTA,2025-01-01,UTA @ NYK,NYK,False,L,103,119,-16,39,96,0.406,13,43,0.302,12,15,14,31,45,23,7,6,17,0.474,99.172,114.5773
2024-25,UTA,2024-12-30,UTA vs. DEN,DEN,True,L,121,132,-11,44,86,0.512,13,38,0.342,20,22,7,30,37,28,6,2,16,0.5872,116.3238,126.8987
2024-25,UTA,2024-12-28,UTA vs. PHI,PHI,True,L,111,114,-3,43,89,0.483,12,36,0.333,13,15,14,34,48,27,3,3,22,0.5506,110.5137,113.5006
2024-25,UTA,2024-12-26,UTA @ POR,POR,False,L,120,122,-2,41,86,0.477,21,42,0.5,17,25,11,35,46,26,9,5,13,0.5988,120.1923,122.1955
2024-25,UTA,2024-12-23,UTA @ CLE,CLE,False,L,113,124,-11,38,92,0.413,19,44,0.432,18,26,18,33,51,27,6,5,17,0.5163,111.5719,122.4329
2024-25,UTA,2024-12-21,UTA @ BKN,BKN,False,W,105,94,11,41,86,0.477,14,41,0.341,9,17,10,35,45,25,11,8,18,0.5581,103.0624,92.2654
2024-25,UTA,2024-12-19,UTA @ DET,DET,False,W,126,119,7,39,83,0.47,20,40,0.5,28,31,15,47,62,23,5,8,27,0.5904,115.3001,108.8946
2024-25,UTA,2024-12-16,UTA @ LAC,LAC,False,L,107,144,-37,36,80,0.45,13,39,0.333,22,30,10,25,35,22,8,3,23,0.5312,101.2874,136.312
2024-25,UTA,2024-12-13,UTA vs. PHX,PHX,True,L,126,134,-8,43,77,0.558,22,39,0.564,18,22,6,28,34,30,5,6,15,0.7013,130.9227,139.2352
2024-25,UTA,2024-12-08,UTA @ SAC,SAC,False,L,97,141,-44,31,80,0.388,15,42,0.357,20,21,9,29,38,21,6,6,20,0.4812,95.6796,139.0807
2024-25,UTA,2024-12-06,UTA @ POR,POR,False,W,141,99,42,53,96,0.552,14,32,0.438,21,23,11,50,61,34,6,11,14,0.625,130.1939,91.4127
2024-25,UTA,2024-12-03,UTA @ OKC,OKC,False,L,106,133,-27,38,70,0.543,13,35,0.371,17,22,11,25,36,21,3,6,29,0.6357,107.3309,134.6699
2024-25,UTA,2024-12-01,UTA vs. LAL,LAL,True,L,104,105,-1,40,79,0.506,14,40,0.35,10,16,8,36,44,27,4,4,15,0.5949,111.2062,112.2754
2024-25,UTA,2024-11-30,UTA vs. DAL,DAL,True,L,94,106,-12,34,95,0.358,9,39,0.231,17,21,19,34,53,20,10,7,15,0.4053,94.0753,106.0849
2024-25,UTA,2024-11-27,UTA vs. DEN,DEN,True,L,103,122,-19,38,90,0.422,16,43,0.372,11,18,21,26,47,25,7,5,19,0.5111,107.8308,127.7219
2024-25,UTA,2024-11-26,UTA vs. SAS,SAS,True,L,115,128,-13,43,84,0.512,13,35,0.371,16,20,10,31,41,24,6,4,21,0.5893,112.0639,124.732
2024-25,UTA,2024-11-23,UTA vs. NYK,NYK,True,W,121,106,15,44,87,0.506,19,34,0.559,14,19,9,43,52,30,4,4,18,0.6149,116.5479,102.0998
2024-25,UTA,2024-11-21,UTA @ SAS,SAS,False,L,118,126,-8,41,98,0.418,13,45,0.289,23,26,12,37,49,22,4,7,14,0.4847,107.429,114.7123
2024-25,UTA,2024-11-19,UTA @ LAL,LAL,False,L,118,124,-6,45,90,0.5,12,36,0.333,16,19,11,31,42,28,9,0,16,0.5667,116.1417,122.0472
2024-25,UTA,2024-11-17,UTA @ LAC,LAC,False,L,105,116,-11,39,79,0.494,12,40,0.3,15,18,9,32,41,24,7,1,19,0.5696,108.5832,119.9586
2024-25,UTA,2024-11-16,UTA @ SAC,SAC,False,L,117,121,-4,37,75,0.493,12,26,0.462,31,42,11,22,33,16,11,3,16,0.5733,118.493,122.5441
2024-25,UTA,2024-11-14,UTA vs. DAL,DAL,True,W,115,113,2,43,85,0.506,13,34,0.382,16,21,16,24,40,25,11,2,20,0.5824,116.1382,114.1184
2024-25,UTA,2024-11-12,UTA vs. PHX,PHX,True,L,112,120,-8,45,92,0.489,15,38,0.395,7,9,12,27,39,32,7,3,13,0.5707,116.2791,124.5847
2024-25,UTA,2024-11-09,UTA @ SAS,SAS,False,W,111,110,1,38,82,0.463,10,33,0.303,25,35,9,36,45,23,13,4,18,0.5244,103.8548,102.9192
2024-25,UTA,2024-11-07,UTA @ MIL,MIL,False,L,100,123,-23,33,77,0.429,17,41,0.415,17,18,8,31,39,24,5,5,22,0.539,101.9784,125.4334
2024-25,UTA,2024-11-04,UTA @ CHI,CHI,False,W,135,126,9,48,89,0.539,16,36,0.444,23,30,12,37,49,35,3,6,13,0.6292,129.683,121.0375
2024-25,UTA,2024-11-02,UTA @ DEN,DEN,False,L,103,129,-26,32,77,0.416,13,42,0.31,26,31,8,31,39,24,7,8,24,0.5,95.921,120.1341
2024-25,UTA,2024-10-31,UTA vs. SAS,SAS,True,L,88,106,-18,32,82,0.39,7,32,0.219,17,19,15,38,53,19,6,6,26,0.4329,86.495,104.1871
2024-25,UTA,2024-10-29,UTA vs. SAC,SAC,True,L,96,113,-17,35,89,0.393,14,48,0.292,12,14,12,30,42,24,7,4,17,0.4719,95.3706,112.2591
2024-25,UTA,2024-10-28,UTA @ DAL,DAL,False,L,102,110,-8,34,92,0.37,10,35,0.286,24,29,15,35,50,24,7,5,15,0.4239,97.9639,105.6473
2024-25,UTA,2024-10-25,UTA vs. GSW,GSW,True,L,86,127,-41,29,92,0.315,9,42,0.214,19,26,14,31,45,18,8,5,22,0.3641,79.6001,117.5491
2024-25,UTA,2024-10-23,UTA vs. MEM,MEM,True,L,124,126,-2,40,85,0.471,10,26,0.385,34,45,14,35,49,21,7,9,17,0.5294,116.4976,118.3766
2024-25,WAS,2025-04-13,WAS @ MIA,MIA,False,W,119,118,1,46,90,0.511,16,37,0.432,11,17,6,37,43,33,4,3,11,0.6,116.2336,115.2569
2024-25,WAS,2025-04-11,WAS @ CHI,CHI,False,L,89,119,-30,35,91,0.385,10,41,0.244,9,12,8,33,41,26,7,5,18,0.4396,85.1838,113.8974
2024-25,WAS,2025-04-09,WAS vs. PHI,PHI,True,L,103,122,-19,34,87,0.391,10,33,0.303,25,30,13,34,47,22,9,2,17,0.4483,97.6674,115.6837
2024-25,WAS,2025-04-08,WAS @ IND,IND,False,L,98,104,-6,38,91,0.418,11,39,0.282,11,15,13,37,50,18,2,8,14,0.478,99.0499,105.1142
2024-25,WAS,2025-04-06,WAS @ BOS,BOS,False,L,90,124,-34,35,86,0.407,12,45,0.267,8,10,11,21,32,21,5,3,10,0.4767,100.5362,138.5165
2024-25,WAS,2025-04-03,WAS vs. ORL,ORL,True,L,97,109,-12,38,85,0.447,12,30,0.4,9,11,8,30,38,16,4,3,13,0.5176,103.8322,116.6774
2024-25,WAS,2025-04-02,WAS vs. SAC,SAC,True,W,116,111,5,43,84,0.512,17,43,0.395,13,18,7,34,41,24,6,3,14,0.6131,115.861,110.867
2024-25,WAS,2025-03-31,WAS vs. MIA,MIA,True,L,94,120,-26,34,86,0.395,13,43,0.302,13,18,5,34,39,22,14,4,18,0.4709,87.6539,111.8985
2024-25,WAS,2025-03-29,WAS vs. BKN,BKN,True,L,112,115,-3,37,85,0.435,9,34,0.265,29,33,7,33,40,21,5,7,6,0.4882,113.5212,116.5619
2024-25,WAS,2025-03-27,WAS vs. IND,IND,True,L,109,162,-53,38,85,0.447,11,30,0.367,22,26,12,19,31,19,9,2,15,0.5118,108.0278,160.555
2024-25,WAS,2025-03-26,WAS @ PHI,PHI,False,W,119,114,5,48,95,0.505,18,44,0.409,5,12,13,36,49,30,3,6,11,0.6,120.7631,115.6891
2024-25,WAS,2025-03-24,WAS vs. TOR,TOR,True,L,104,112,-8,35,87,0.402,11,37,0.297,23,34,9,39,48,24,8,9,17,0.4655,95.4829,102.8278
2024-25,WAS,2025-03-22,WAS @ NYK,NYK,False,L,103,122,-19,39,88,0.443,11,36,0.306,14,19,10,31,41,21,9,5,20,0.5057,97.5194,115.5084
2024-25,WAS,2025-03-21,WAS vs. ORL,ORL,True,L,105,120,-15,37,87,0.425,17,39,0.436,14,19,8,33,41,23,11,4,15,0.523,102.9008,117.6009
2024-25,WAS,2025-03-19,WAS @ UTA,UTA,False,L,112,128,-16,43,93,0.462,12,45,0.267,14,18,13,24,37,30,12,4,14,0.5269,108.2963,123.7672
2024-25,WAS,2025-03-17,WAS @ POR,POR,False,L,97,112,-15,38,92,0.413,12,40,0.3,9,12,11,38,49,27,6,7,16,0.4783,94.8006,109.4605
2024-25,WAS,2025-03-15,WAS @ DEN,DEN,False,W,126,123,3,46,95,0.484,19,45,0.422,15,17,13,31,44,34,11,4,17,0.5842,116.1504,113.385
2024-25,WAS,2025-03-13,WAS @ DET,DET,False,W,129,125,4,43,90,0.478,20,45,0.444,23,27,10,37,47,30,10,5,16,0.5889,120.1117,116.3873
2024-25,WAS,2025-03-11,WAS @ DET,DET,False,L,103,123,-20,37,92,0.402,13,39,0.333,16,20,12,35,47,20,7,4,13,0.4728,99.8062,119.186
2024-25,WAS,2025-03-10,WAS @ TOR,TOR,False,L,104,119,-15,38,105,0.362,16,55,0.291,12,15,16,38,54,25,5,12,8,0.4381,100.7947,115.3324
2024-25,WAS,2025-03-08,WAS @ TOR,TOR,False,W,118,117,1,44,100,0.44,13,38,0.342,17,23,22,28,50,29,12,7,16,0.505,114.9425,113.9684
2024-25,WAS,2025-03-05,WAS vs. UTA,UTA,True,W,125,122,3,42,95,0.442,17,47,0.362,24,29,10,35,45,32,9,12,9,0.5316,116.5175,113.7211
2024-25,WAS,2025-03-03,WAS @ MIA,MIA,False,L,90,106,-16,31,84,0.369,10,35,0.286,18,22,7,36,43,22,8,0,13,0.4286,91.5565,107.8332
2024-25,WAS,2025-03-01,WAS @ CHA,CHA,False,W,113,100,13,40,88,0.455,17,50,0.34,16,17,12,36,48,33,13,7,15,0.5511,112.9322,99.94
2024-25,WAS,2025-02-26,WAS vs. POR,POR,True,L,121,129,-8,43,83,0.518,12,36,0.333,23,33,7,34,41,25,9,8,19,0.5904,107.1176,114.1997
2024-25,WAS,2025-02-24,WAS vs. BKN,BKN,True,W,107,99,8,35,70,0.5,13,31,0.419,24,25,7,30,37,26,7,8,24,0.5929,109.9918,101.7681
2024-25,WAS,2025-02-23,WAS @ ORL,ORL,False,L,90,110,-20,32,78,0.41,10,38,0.263,16,22,4,32,36,22,5,4,20,0.4744,87.651,107.1289
2024-25,WAS,2025-02-21,WAS vs. MIL,MIL,True,L,101,104,-3,35,87,0.402,12,39,0.308,19,27,8,34,42,25,9,4,14,0.4713,97.4339,100.328
2024-25,WAS,2025-02-12,WAS vs. IND,IND,True,L,130,134,-4,47,97,0.485,23,45,0.511,13,16,7,39,46,29,5,7,18,0.6031,113.1222,116.6029
2024-25,WAS,2025-02-10,WAS vs. SAS,SAS,True,L,121,131,-10,45,93,0.484,14,47,0.298,17,19,10,32,42,26,5,3,14,0.5591,116.8405,126.4967
2024-25,WAS,2025-02-08,WAS vs. ATL,ATL,True,L,111,125,-14,41,93,0.441,9,36,0.25,20,21,14,39,53,26,6,2,18,0.4892,103.3905,116.4307
2024-25,WAS,2025-02-07,WAS vs. CLE,CLE,True,L,124,134,-10,46,94,0.489,16,44,0.364,16,25,16,24,40,25,8,2,15,0.5745,119.4835,129.1193
2024-25,WAS,2025-02-05,WAS @ BKN,BKN,False,W,119,102,17,44,81,0.543,20,43,0.465,11,14,7,33,40,40,6,3,15,0.6667,127.7647,109.5126
2024-25,WAS,2025-02-03,WAS @ CHA,CHA,False,W,124,114,10,44,99,0.444,17,51,0.333,19,23,18,36,54,29,6,5,11,0.5303,120.7165,110.9813
2024-25,WAS,2025-02-01,WAS @ MIN,MIN,False,W,105,103,2,38,83,0.458,15,33,0.455,14,17,7,37,44,26,7,6,17,0.5482,101.7442,99.8062
2024-25,WAS,2025-01-30,WAS vs. LAL,LAL,True,L,96,134,-38,29,91,0.319,10,44,0.227,28,34,12,26,38,18,4,6,15,0.3736,91.1508,127.2313
2024-25,WAS,2025-01-29,WAS vs. TOR,TOR,True,L,82,106,-24,28,72,0.389,5,30,0.167,21,29,10,33,43,17,6,5,27,0.4236,80.6452,104.2486
2024-25,WAS,2025-01-27,WAS @ DAL,DAL,False,L,108,130,-22,42,101,0.416,11,37,0.297,13,17,14,31,45,23,5,3,11,0.4703,105.9031,127.476
2024-25,WAS,2025-01-25,WAS @ PHX,PHX,False,L,109,119,-10,42,90,0.467,18,41,0.439,7,9,5,32,37,28,8,5,8,0.5667,109.9455,120.0323
2024-25,WAS,2025-01-23,WAS @ LAC,LAC,False,L,93,110,-17,32,94,0.34,11,46,0.239,18,21,14,35,49,24,14,1,16,0.3989,89.3543,105.6879
2024-25,WAS,2025-01-21,WAS @ LAL,LAL,False,L,88,111,-23,34,95,0.358,11,43,0.256,9,13,9,37,46,25,8,8,13,0.4158,85.1723,107.4332
2024-25,WAS,2025-01-19,WAS @ SAC,SAC,False,L,100,123,-23,32,89,0.36,10,42,0.238,26,32,10,36,46,19,6,1,17,0.4157,91.8949,113.0307
2024-25,WAS,2025-01-18,WAS @ GSW,GSW,False,L,114,122,-8,38,86,0.442,22,45,0.489,16,23,11,33,44,24,5,2,14,0.5698,114.7574,122.8105
2024-25,WAS,2025-01-16,WAS vs. PHX,PHX,True,L,123,130,-7,46,92,0.5,13,41,0.317,18,27,12,33,45,28,13,4,13,0.5707,117.4112,124.0932
2024-25,WAS,2025-01-13,WAS vs. MIN,MIN,True,L,106,120,-14,40,91,0.44,17,40,0.425,9,15,8,26,34,27,13,3,11,0.533,104.8259,118.6709
2024-25,WAS,2025-01-12,WAS vs. OKC,OKC,True,L,95,136,-41,28,83,0.337,9,46,0.196,30,33,8,31,39,20,6,6,18,0.3916,87.9956,125.9726
2024-25,WAS,2025-01-10,WAS @ CHI,CHI,False,L,105,138,-33,39,98,0.398,18,46,0.391,9,13,13,32,45,26,6,4,16,0.4898,99.1127,130.2624
2024-25,WAS,2025-01-08,WAS @ PHI,PHI,False,L,103,109,-6,42,94,0.447,13,30,0.433,6,9,18,33,51,26,3,6,18,0.516,106.5591,112.7664
2024-25,WAS,2025-01-07,WAS vs. HOU,HOU,True,L,112,135,-23,41,89,0.461,15,40,0.375,15,20,16,27,43,21,6,4,18,0.5449,113.177,136.4188
2024-25,WAS,2025-01-05,WAS vs. NOP,NOP,True,L,98,110,-12,38,89,0.427,11,41,0.268,11,14,9,37,46,25,6,4,16,0.4888,97.0489,108.9325
2024-25,WAS,2025-01-03,WAS @ NOP,NOP,False,L,120,132,-12,45,84,0.536,9,28,0.321,21,27,14,34,48,28,6,0,21,0.5893,117.9014,129.6915
2024-25,WAS,2025-01-01,WAS vs. CHI,CHI,True,W,125,107,18,49,99,0.495,17,36,0.472,10,12,8,34,42,36,11,3,17,0.5808,111.8869,95.7752
2024-25,WAS,2024-12-30,WAS vs. NYK,NYK,True,L,106,126,-20,39,92,0.424,12,43,0.279,16,22,12,34,46,25,6,8,13,0.4891,103.5763,123.119
2024-25,WAS,2024-12-28,WAS vs. NYK,NYK,True,L,132,136,-4,51,99,0.515,17,38,0.447,13,15,11,33,44,32,7,4,17,0.601,117.3125,120.8674
2024-25,WAS,2024-12-26,WAS vs. CHA,CHA,True,W,113,110,3,39,91,0.429,14,44,0.318,21,28,8,35,43,25,9,7,11,0.5055,105.3711,102.5737
2024-25,WAS,2024-12-23,WAS @ OKC,OKC,False,L,105,123,-18,36,91,0.396,16,43,0.372,17,20,13,38,51,25,7,8,19,0.4835,97.9112,114.696
2024-25,WAS,2024-12-21,WAS @ MIL,MIL,False,L,101,112,-11,36,81,0.444,18,42,0.429,11,16,8,39,47,20,7,4,19,0.5556,99.8813,110.7595
2024-25,WAS,2024-12-19,WAS vs. CHA,CHA,True,W,123,114,9,41,83,0.494,17,42,0.405,24,31,12,40,52,33,5,8,18,0.5964,119.1168,110.4009
2024-25,WAS,2024-12-15,WAS vs. BOS,BOS,True,L,98,112,-14,40,99,0.404,13,40,0.325,5,8,17,34,51,22,10,7,16,0.4697,94.6494,108.1708
2024-25,WAS,2024-12-13,WAS @ CLE,CLE,False,L,105,115,-10,41,86,0.477,14,40,0.35,9,11,6,38,44,24,7,7,18,0.5581,101.7245,111.4125
2024-25,WAS,2024-12-08,WAS vs. MEM,MEM,True,L,112,140,-28,43,100,0.43,6,32,0.188,20,22,20,32,52,20,10,5,21,0.46,99.3612,124.2016
2024-25,WAS,2024-12-07,WAS vs. DEN,DEN,True,W,122,113,9,45,93,0.484,16,41,0.39,16,22,15,31,46,31,9,12,17,0.5699,115.8815,107.3328
2024-25,WAS,2024-12-05,WAS vs. DAL,DAL,True,L,101,137,-36,39,99,0.394,13,40,0.325,10,15,12,27,39,25,10,3,12,0.4596,96.4293,130.8001
2024-25,WAS,2024-12-03,WAS @ CLE,CLE,False,L,87,118,-31,32,83,0.386,4,26,0.154,19,25,13,39,52,18,4,8,21,0.4096,84.466,114.5631
2024-25,WAS,2024-11-30,WAS @ MIL,MIL,False,L,114,124,-10,41,87,0.471,9,32,0.281,23,24,8,33,41,24,7,3,12,0.523,112.0063,121.8314
2024-25,WAS,2024-11-27,WAS vs. LAC,LAC,True,L,96,121,-25,35,85,0.412,8,33,0.242,18,22,11,29,40,21,9,4,20,0.4588,92.8972,117.0892
2024-25,WAS,2024-11-26,WAS vs. CHI,CHI,True,L,108,127,-19,39,91,0.429,10,37,0.27,20,31,5,38,43,27,7,3,14,0.4835,98.0392,115.2869
2024-25,WAS,2024-11-24,WAS @ IND,IND,False,L,103,115,-12,36,79,0.456,11,35,0.314,20,25,8,33,41,24,8,5,17,0.5253,104.6323,116.8224
2024-25,WAS,2024-11-22,WAS vs. BOS,BOS,True,L,96,108,-12,39,90,0.433,7,28,0.25,11,16,10,38,48,19,6,4,20,0.4722,92.2545,103.7863
2024-25,WAS,2024-11-18,WAS @ NYK,NYK,False,L,106,134,-28,43,91,0.473,11,33,0.333,9,16,12,29,41,23,5,3,10,0.533,109.4137,138.3154
2024-25,WAS,2024-11-17,WAS vs. DET,DET,True,L,104,124,-20,39,83,0.47,12,27,0.444,14,20,5,34,39,21,6,3,17,0.5422,101.3843,120.8813
2024-25,WAS,2024-11-15,WAS @ ATL,ATL,False,L,117,129,-12,43,106,0.406,15,43,0.349,16,21,13,39,52,28,11,5,16,0.4764,101.5449,111.9597
2024-25,WAS,2024-11-13,WAS @ SAS,SAS,False,L,130,139,-9,49,95,0.516,18,44,0.409,14,16,11,30,41,27,5,5,18,0.6105,120.3035,128.6322
2024-25,WAS,2024-11-11,WAS @ HOU,HOU,False,L,92,107,-15,36,88,0.409,11,31,0.355,9,13,8,26,34,21,14,5,19,0.4716,89.0093,103.5217
2024-25,WAS,2024-11-10,WAS @ ORL,ORL,False,L,94,121,-27,33,72,0.458,10,33,0.303,18,25,7,30,37,20,4,7,17,0.5278,97.9167,126.0417
2024-25,WAS,2024-11-08,WAS @ MEM,MEM,False,L,104,128,-24,38,93,0.409,9,35,0.257,19,23,11,30,41,27,14,8,18,0.457,92.8074,114.2245
2024-25,WAS,2024-11-04,WAS vs. GSW,GSW,True,L,112,125,-13,42,96,0.438,10,43,0.233,18,21,8,39,47,29,4,8,10,0.4896,106.5652,118.9343
2024-25,WAS,2024-11-02,WAS @ MIA,MIA,False,L,98,118,-20,38,91,0.418,7,35,0.2,15,21,8,36,44,23,12,10,12,0.456,93.4223,112.4881
2024-25,WAS,2024-10-30,WAS vs. ATL,ATL,True,W,133,120,13,47,89,0.528,16,38,0.421,23,25,6,31,37,32,10,5,16,0.618,121.3282,109.4691
2024-25,WAS,2024-10-28,WAS @ ATL,ATL,False,W,121,119,2,41,91,0.451,21,44,0.477,18,22,9,34,43,24,7,3,18,0.5659,111.768,109.9206
2024-25,WAS,2024-10-26,WAS vs. CLE,CLE,True,L,116,135,-19,37,96,0.385,15,43,0.349,27,32,18,28,46,25,6,9,15,0.4635,107.3875,124.9769
2024-25,WAS,2024-10-24,WAS vs. BOS,BOS,True,L,102,122,-20,41,95,0.432,7,36,0.194,13,18,10,30,40,27,9,6,15,0.4684,96.3173,115.203
