season,team,game_date,matchup,opponent,home,result,points,opponent_points,point_diff,field_goals_made,field_goal_attempts,field_goal_pct,three_point_makes,three_point_attempts,three_point_pct,free_throws_made,free_throw_attempts,offensive_rebounds,defensive_rebounds,rebounds,assists,steals,blocks,turnovers,effective_fg_pct,off_rating_est,def_rating_est
2025-26,ATL,2026-04-12,ATL @ MIA,MIA,False,L,117,143,-26,44,93,0.473,17,44,0.386,12,18,13,33,46,31,3,2,17,0.5645,111.7479,136.5807
2025-26,ATL,2026-04-10,ATL vs. CLE,CLE,True,W,124,102,22,45,93,0.484,16,44,0.364,18,25,14,32,46,27,12,4,13,0.5699,119.8531,98.5888
2025-26,ATL,2026-04-08,ATL @ CLE,CLE,False,L,116,122,-6,47,98,0.48,12,34,0.353,10,15,10,33,43,23,8,6,13,0.5408,109.434,115.0943
2025-26,ATL,2026-04-06,ATL vs. NYK,NYK,True,L,105,108,-3,38,95,0.4,16,42,0.381,13,17,19,29,48,23,7,4,15,0.4842,107.7144,110.792
2025-26,ATL,2026-04-03,ATL @ BKN,BKN,False,W,141,107,34,51,90,0.567,20,39,0.513,19,24,8,33,41,36,11,9,13,0.6778,134.0559,101.7304
2025-26,ATL,2026-04-01,ATL @ ORL,ORL,False,W,130,101,29,47,92,0.511,15,37,0.405,21,27,11,40,51,27,15,6,17,0.5924,116.8434,90.7784
2025-26,ATL,2026-03-30,ATL vs. BOS,BOS,True,W,112,102,10,43,92,0.467,15,38,0.395,11,15,9,36,45,28,7,6,11,0.5489,110.8691,100.9701
2025-26,ATL,2026-03-28,ATL vs. SAC,SAC,True,W,123,113,10,45,89,0.506,16,41,0.39,17,22,13,27,40,34,10,3,13,0.5955,125.2546,115.0713
2025-26,ATL,2026-03-27,ATL @ BOS,BOS,False,L,102,109,-7,34,87,0.391,15,42,0.357,19,24,10,25,35,23,6,4,4,0.477,109.8664,117.4063
2025-26,ATL,2026-03-25,ATL @ DET,DET,False,W,130,129,1,50,105,0.476,18,52,0.346,12,17,18,32,50,31,8,1,20,0.5619,115.6378,114.7483
2025-26,ATL,2026-03-23,ATL vs. MEM,MEM,True,W,146,107,39,49,92,0.533,25,54,0.463,23,25,12,32,44,37,12,6,11,0.6685,136.8066,100.2624
2025-26,ATL,2026-03-21,ATL vs. GSW,GSW,True,W,126,110,16,48,89,0.539,13,40,0.325,17,20,9,32,41,28,10,4,18,0.6124,120.4128,105.1223
2025-26,ATL,2026-03-20,ATL @ HOU,HOU,False,L,95,117,-22,36,85,0.424,9,35,0.257,14,17,9,28,37,22,13,9,18,0.4765,92.7734,114.2578
2025-26,ATL,2026-03-18,ATL @ DAL,DAL,False,W,135,120,15,55,102,0.539,14,35,0.4,11,14,12,30,42,36,10,3,11,0.6078,126.2154,112.1915
2025-26,ATL,2026-03-16,ATL vs. ORL,ORL,True,W,124,112,12,43,93,0.462,16,40,0.4,22,29,15,39,54,33,5,3,14,0.5484,116.4976,105.2236
2025-26,ATL,2026-03-14,ATL vs. MIL,MIL,True,W,122,99,23,47,95,0.495,14,38,0.368,14,18,15,32,47,29,10,1,13,0.5684,120.2919,97.6139
2025-26,ATL,2026-03-12,ATL vs. BKN,BKN,True,W,108,97,11,35,89,0.393,12,40,0.3,26,35,17,34,51,22,12,6,12,0.4607,109.6002,98.4372
2025-26,ATL,2026-03-10,ATL vs. DAL,DAL,True,W,124,112,12,49,95,0.516,14,36,0.389,12,18,13,32,45,29,8,8,10,0.5895,125.5061,113.3603
2025-26,ATL,2026-03-07,ATL vs. PHI,PHI,True,W,125,116,9,46,83,0.554,13,32,0.406,20,25,12,27,39,32,11,2,21,0.6325,120.2386,111.5814
2025-26,ATL,2026-03-04,ATL @ MIL,MIL,False,W,131,113,18,50,92,0.543,20,45,0.444,11,16,11,29,40,33,9,7,11,0.6522,133.103,114.8141
2025-26,ATL,2026-03-01,ATL vs. POR,POR,True,W,135,101,34,51,92,0.554,15,40,0.375,18,23,13,41,54,36,10,5,15,0.6359,128.2295,95.9347
2025-26,ATL,2026-02-26,ATL vs. WAS,WAS,True,W,126,96,30,42,91,0.462,13,39,0.333,29,37,11,45,56,30,12,8,14,0.533,117.5812,89.5857
2025-26,ATL,2026-02-24,ATL vs. WAS,WAS,True,W,119,98,21,42,107,0.393,12,50,0.24,23,26,19,42,61,33,14,2,11,0.4486,108.2212,89.1233
2025-26,ATL,2026-02-22,ATL vs. BKN,BKN,True,W,115,104,11,42,87,0.483,13,33,0.394,18,21,15,37,52,28,10,4,17,0.5575,116.7987,105.6267
2025-26,ATL,2026-02-20,ATL vs. MIA,MIA,True,L,97,128,-31,36,95,0.379,16,38,0.421,9,15,12,34,46,26,4,3,13,0.4632,93.8286,123.8151
2025-26,ATL,2026-02-19,ATL @ PHI,PHI,False,W,117,107,10,38,89,0.427,10,32,0.313,31,40,14,37,51,24,11,5,14,0.4831,109.9211,100.5261
2025-26,ATL,2026-02-11,ATL @ CHA,CHA,False,L,107,110,-3,37,84,0.44,10,36,0.278,23,30,8,33,41,28,8,6,13,0.5,104.9225,107.8643
2025-26,ATL,2026-02-09,ATL @ MIN,MIN,False,L,116,138,-22,40,99,0.404,14,45,0.311,22,28,17,30,47,20,12,1,19,0.4747,104.2416,124.0115
2025-26,ATL,2026-02-07,ATL vs. CHA,CHA,True,L,119,126,-7,43,88,0.489,18,37,0.486,15,17,5,25,30,30,9,6,10,0.5909,117.5193,124.4322
2025-26,ATL,2026-02-05,ATL vs. UTA,UTA,True,W,121,119,2,48,98,0.49,8,35,0.229,17,23,19,31,50,34,3,10,10,0.5306,119.8494,117.8685
2025-26,ATL,2026-02-03,ATL @ MIA,MIA,False,W,127,115,12,49,101,0.485,21,50,0.42,8,13,8,39,47,34,7,2,9,0.5891,117.5056,106.4027
2025-26,ATL,2026-01-31,ATL @ IND,IND,False,L,124,129,-5,46,97,0.474,11,28,0.393,21,28,10,29,39,25,11,2,10,0.5309,112.9532,117.5077
2025-26,ATL,2026-01-29,ATL vs. HOU,HOU,True,L,86,104,-18,34,93,0.366,12,39,0.308,6,7,14,32,46,19,7,5,12,0.4301,93.0333,112.5054
2025-26,ATL,2026-01-28,ATL @ BOS,BOS,False,W,117,106,11,45,93,0.484,18,42,0.429,9,13,10,28,38,29,11,2,9,0.5806,120.1479,108.8519
2025-26,ATL,2026-01-26,ATL vs. IND,IND,True,W,132,116,16,49,98,0.5,18,43,0.419,16,17,9,37,46,35,11,9,14,0.5918,117.6051,103.35
2025-26,ATL,2026-01-23,ATL vs. PHX,PHX,True,W,110,103,7,43,81,0.531,13,26,0.5,11,16,9,39,48,28,5,3,21,0.6111,109.4527,102.4876
2025-26,ATL,2026-01-21,ATL @ MEM,MEM,False,W,124,122,2,43,92,0.467,20,45,0.444,18,24,11,31,42,34,9,6,17,0.5761,113.5323,111.7012
2025-26,ATL,2026-01-19,ATL vs. MIL,MIL,True,L,110,112,-2,39,96,0.406,12,42,0.286,20,24,14,37,51,33,9,6,10,0.4688,109.1486,111.1332
2025-26,ATL,2026-01-17,ATL vs. BOS,BOS,True,L,106,132,-26,38,102,0.373,15,46,0.326,15,17,13,34,47,29,10,4,12,0.4461,98.5313,122.6994
2025-26,ATL,2026-01-15,ATL @ POR,POR,False,L,101,117,-16,35,81,0.432,14,44,0.318,17,22,7,33,40,23,10,4,20,0.5185,97.0035,112.3703
2025-26,ATL,2026-01-13,ATL @ LAL,LAL,False,L,116,141,-25,45,100,0.45,13,46,0.283,13,18,12,20,32,30,11,1,6,0.515,113.6586,138.154
2025-26,ATL,2026-01-11,ATL @ GSW,GSW,False,W,124,111,13,46,94,0.489,15,39,0.385,17,25,11,35,46,33,9,4,9,0.5691,119.668,107.1222
2025-26,ATL,2026-01-09,ATL @ DEN,DEN,False,W,110,87,23,46,94,0.489,16,43,0.372,2,4,4,36,40,31,14,6,6,0.5745,113.6598,89.8946
2025-26,ATL,2026-01-07,ATL vs. NOP,NOP,True,W,117,100,17,44,95,0.463,18,47,0.383,11,17,11,38,49,30,13,10,21,0.5579,105.178,89.8957
2025-26,ATL,2026-01-05,ATL @ TOR,TOR,False,L,100,118,-18,35,89,0.393,12,34,0.353,18,21,8,38,46,28,11,1,15,0.4607,94.518,111.5312
2025-26,ATL,2026-01-03,ATL @ TOR,TOR,False,L,117,134,-17,42,91,0.462,17,39,0.436,16,19,7,29,36,32,10,3,16,0.5549,108.4337,124.1891
2025-26,ATL,2026-01-02,ATL @ NYK,NYK,False,W,111,99,12,42,88,0.477,12,36,0.333,15,25,9,40,49,31,12,2,13,0.5455,105.5936,94.1781
2025-26,ATL,2025-12-31,ATL vs. MIN,MIN,True,W,126,102,24,51,104,0.49,16,42,0.381,8,16,16,33,49,38,9,4,10,0.5673,122.9508,99.5316
2025-26,ATL,2025-12-29,ATL @ OKC,OKC,False,L,129,140,-11,46,97,0.474,25,54,0.463,12,17,10,28,38,32,11,4,16,0.6031,115.903,125.7862
2025-26,ATL,2025-12-27,ATL vs. NYK,NYK,True,L,125,128,-3,43,89,0.483,17,43,0.395,22,27,9,28,37,33,6,3,12,0.5787,120.2154,123.1006
2025-26,ATL,2025-12-26,ATL vs. MIA,MIA,True,L,111,126,-15,40,85,0.471,12,36,0.333,19,21,5,37,42,26,6,5,21,0.5412,100.3798,113.9447
2025-26,ATL,2025-12-23,ATL vs. CHI,CHI,True,L,123,126,-3,48,95,0.505,14,42,0.333,13,20,6,32,38,38,9,4,12,0.5789,111.7572,114.483
2025-26,ATL,2025-12-21,ATL vs. CHI,CHI,True,L,150,152,-2,51,98,0.52,23,47,0.489,25,32,6,29,35,39,6,7,10,0.6378,132.6025,134.3706
2025-26,ATL,2025-12-19,ATL vs. SAS,SAS,True,L,98,126,-28,38,94,0.404,10,40,0.25,12,16,10,33,43,26,7,1,17,0.4574,92.418,118.8231
2025-26,ATL,2025-12-18,ATL @ CHA,CHA,False,L,126,133,-7,48,92,0.522,11,37,0.297,19,22,9,26,35,31,6,2,15,0.5815,117.1221,123.6289
2025-26,ATL,2025-12-14,ATL vs. PHI,PHI,True,W,120,117,3,43,99,0.434,17,33,0.515,17,21,18,39,57,33,8,6,17,0.5202,113.2075,110.3774
2025-26,ATL,2025-12-12,ATL @ DET,DET,False,L,115,142,-27,39,85,0.459,11,36,0.306,26,31,13,24,37,28,9,8,20,0.5235,107.7788,133.0834
2025-26,ATL,2025-12-06,ATL @ WAS,WAS,False,W,131,116,15,52,98,0.531,13,39,0.333,14,14,15,30,45,36,13,4,15,0.5969,125.6474,111.2603
2025-26,ATL,2025-12-05,ATL vs. DEN,DEN,True,L,133,134,-1,49,95,0.516,20,46,0.435,15,16,11,34,45,35,8,2,14,0.6211,126.5221,127.4734
2025-26,ATL,2025-12-03,ATL vs. LAC,LAC,True,L,92,115,-23,34,85,0.4,13,39,0.333,11,14,7,31,38,20,9,1,16,0.4765,93.42,116.775
2025-26,ATL,2025-12-01,ATL @ DET,DET,False,L,98,99,-1,38,89,0.427,14,40,0.35,8,11,7,27,34,27,15,4,15,0.5056,96.3618,97.3451
2025-26,ATL,2025-11-30,ATL @ PHI,PHI,False,W,142,134,8,48,104,0.462,15,45,0.333,31,41,14,44,58,36,10,6,23,0.5337,109.3317,103.1722
2025-26,ATL,2025-11-28,ATL vs. CLE,CLE,True,W,130,123,7,48,91,0.527,16,43,0.372,18,26,6,32,38,36,11,5,14,0.6154,119.6833,113.2388
2025-26,ATL,2025-11-25,ATL @ WAS,WAS,False,L,113,132,-19,43,95,0.453,15,43,0.349,12,16,14,30,44,33,4,6,19,0.5316,107.8862,126.0264
2025-26,ATL,2025-11-23,ATL vs. CHA,CHA,True,W,113,110,3,45,91,0.495,11,31,0.355,12,16,10,27,37,32,6,5,9,0.5549,113.6592,110.6417
2025-26,ATL,2025-11-22,ATL @ NOP,NOP,False,W,115,98,17,42,90,0.467,17,46,0.37,14,19,10,32,42,28,6,7,7,0.5611,117.9971,100.5541
2025-26,ATL,2025-11-20,ATL @ SAS,SAS,False,L,126,135,-9,49,87,0.563,20,37,0.541,8,13,6,33,39,30,7,6,16,0.6782,121.2005,129.8576
2025-26,ATL,2025-11-18,ATL vs. DET,DET,True,L,112,120,-8,42,87,0.483,15,44,0.341,13,15,11,24,35,31,9,5,19,0.569,110.2579,118.1335
2025-26,ATL,2025-11-16,ATL @ PHX,PHX,False,W,124,122,2,45,85,0.529,14,43,0.326,20,24,9,25,34,35,11,3,17,0.6118,118.1402,116.2348
2025-26,ATL,2025-11-13,ATL @ UTA,UTA,False,W,132,122,10,46,90,0.511,24,47,0.511,16,22,9,34,43,36,18,6,18,0.6444,120.0437,110.9494
2025-26,ATL,2025-11-12,ATL @ SAC,SAC,False,W,133,100,33,49,85,0.576,17,40,0.425,18,22,7,38,45,42,14,6,21,0.6765,121.1293,91.0747
2025-26,ATL,2025-11-10,ATL @ LAC,LAC,False,W,105,102,3,38,84,0.452,13,34,0.382,16,20,7,34,41,30,7,8,12,0.5298,109.4891,106.3608
2025-26,ATL,2025-11-08,ATL vs. LAL,LAL,True,W,122,102,20,48,93,0.516,16,39,0.41,10,11,7,30,37,37,13,6,11,0.6022,122.8353,102.6983
2025-26,ATL,2025-11-07,ATL vs. TOR,TOR,True,L,97,109,-12,33,96,0.344,9,38,0.237,22,23,19,35,54,24,8,7,19,0.3906,93.2155,104.7473
2025-26,ATL,2025-11-04,ATL vs. ORL,ORL,True,W,127,112,15,40,72,0.556,13,30,0.433,34,42,6,28,34,23,11,6,20,0.6458,122.7053,108.2126
2025-26,ATL,2025-11-02,ATL @ CLE,CLE,False,L,109,117,-8,39,77,0.506,6,23,0.261,25,35,8,38,46,28,9,3,23,0.5455,100.3129,107.6753
2025-26,ATL,2025-10-31,ATL @ IND,IND,False,W,128,108,20,51,94,0.543,10,30,0.333,16,20,12,43,55,30,10,5,10,0.5957,122.8879,103.6866
2025-26,ATL,2025-10-29,ATL @ BKN,BKN,False,W,117,112,5,44,93,0.473,13,33,0.394,16,22,13,31,44,33,11,8,8,0.543,117.8485,112.8122
2025-26,ATL,2025-10-27,ATL @ CHI,CHI,False,L,123,128,-5,49,98,0.5,11,32,0.344,14,20,8,28,36,32,8,1,6,0.5561,116.0158,120.7319
2025-26,ATL,2025-10-25,ATL vs. OKC,OKC,True,L,100,117,-17,35,85,0.412,16,39,0.41,14,21,15,31,46,25,7,5,17,0.5059,102.2495,119.6319
2025-26,ATL,2025-10-24,ATL @ ORL,ORL,False,W,111,107,4,41,85,0.482,8,29,0.276,21,28,9,31,40,26,9,5,16,0.5294,106.4238,102.5887
2025-26,ATL,2025-10-22,ATL vs. TOR,TOR,True,L,118,138,-20,38,90,0.422,10,35,0.286,32,37,8,26,34,25,7,6,16,0.4778,103.0388,120.503
2025-26,BKN,2026-04-12,BKN @ TOR,TOR,False,L,101,136,-35,35,86,0.407,9,34,0.265,22,29,13,25,38,21,9,0,16,0.4593,100.2382,134.9742
2025-26,BKN,2026-04-10,BKN @ MIL,MIL,False,L,108,125,-17,38,84,0.452,18,45,0.4,14,16,9,28,37,28,7,2,11,0.5595,113.6364,131.5236
2025-26,BKN,2026-04-09,BKN vs. IND,IND,True,L,94,123,-29,37,96,0.385,8,38,0.211,12,19,7,36,43,20,2,5,10,0.4271,88.5623,115.8847
2025-26,BKN,2026-04-07,BKN vs. MIL,MIL,True,W,96,90,6,33,75,0.44,9,26,0.346,21,23,3,29,32,18,11,4,14,0.5,100.1879,93.9261
2025-26,BKN,2026-04-05,BKN vs. WAS,WAS,True,W,121,115,6,43,88,0.489,15,40,0.375,20,23,10,25,35,29,11,9,11,0.5739,119.5416,113.6139
2025-26,BKN,2026-04-03,BKN vs. ATL,ATL,True,L,107,141,-34,39,79,0.494,12,28,0.429,17,20,3,30,33,24,10,4,20,0.5696,101.7304,134.0559
2025-26,BKN,2026-03-31,BKN vs. CHA,CHA,True,L,86,117,-31,28,73,0.384,7,35,0.2,23,27,5,25,30,14,7,5,16,0.4315,88.7147,120.6932
2025-26,BKN,2026-03-29,BKN vs. SAC,SAC,True,W,116,99,17,42,85,0.494,17,41,0.415,15,20,12,28,40,30,10,4,15,0.5941,119.0965,101.6427
2025-26,BKN,2026-03-27,BKN @ LAL,LAL,False,L,99,116,-17,40,96,0.417,10,39,0.256,9,15,12,27,39,24,11,2,14,0.4688,97.981,114.806
2025-26,BKN,2026-03-25,BKN @ GSW,GSW,False,L,106,109,-3,39,81,0.481,12,33,0.364,16,21,5,22,27,24,17,2,17,0.5556,103.8808,106.8209
2025-26,BKN,2026-03-23,BKN @ POR,POR,False,L,99,134,-35,33,80,0.413,8,29,0.276,25,29,6,26,32,22,11,3,22,0.4625,89.0448,120.5253
2025-26,BKN,2026-03-22,BKN @ SAC,SAC,False,L,122,126,-4,46,88,0.523,14,33,0.424,16,20,7,18,25,30,7,4,7,0.6023,125.929,130.0578
2025-26,BKN,2026-03-20,BKN vs. NYK,NYK,True,L,92,93,-1,34,86,0.395,14,38,0.368,10,10,8,32,40,28,8,6,15,0.4767,93.6482,94.6661
2025-26,BKN,2026-03-18,BKN vs. OKC,OKC,True,L,92,121,-29,29,79,0.367,11,35,0.314,23,31,11,30,41,17,8,4,23,0.4367,87.9037,115.6125
2025-26,BKN,2026-03-16,BKN vs. POR,POR,True,L,95,114,-19,33,86,0.384,9,34,0.265,20,29,17,27,44,19,11,7,17,0.436,95.2285,114.2743
2025-26,BKN,2026-03-14,BKN @ PHI,PHI,False,L,97,104,-7,32,89,0.36,15,43,0.349,18,21,12,30,42,20,10,5,17,0.4438,94.6896,101.5228
2025-26,BKN,2026-03-12,BKN @ ATL,ATL,False,L,97,108,-11,34,72,0.472,12,35,0.343,17,22,4,35,39,19,5,6,20,0.5556,98.4372,109.6002
2025-26,BKN,2026-03-10,BKN vs. DET,DET,True,L,100,138,-38,29,69,0.42,13,38,0.342,29,34,7,24,31,23,3,3,19,0.5145,102.6062,141.5966
2025-26,BKN,2026-03-09,BKN vs. MEM,MEM,True,W,126,115,11,47,85,0.553,17,33,0.515,15,19,10,33,43,35,10,9,20,0.6529,120.9445,110.3859
2025-26,BKN,2026-03-07,BKN @ DET,DET,False,W,107,105,2,35,80,0.438,10,30,0.333,27,28,12,33,45,20,7,10,20,0.5,105.9616,103.981
2025-26,BKN,2026-03-05,BKN @ MIA,MIA,False,L,110,126,-16,41,95,0.432,16,41,0.39,12,18,21,28,49,30,9,2,20,0.5158,107.0664,122.6397
2025-26,BKN,2026-03-03,BKN @ MIA,MIA,False,L,98,124,-26,33,86,0.384,6,32,0.188,26,30,10,28,38,24,6,5,19,0.4186,94.3396,119.3685
2025-26,BKN,2026-03-01,BKN vs. CLE,CLE,True,L,102,106,-4,38,75,0.507,11,32,0.344,15,20,3,29,32,27,10,4,17,0.58,105.6557,109.799
2025-26,BKN,2026-02-27,BKN @ BOS,BOS,False,L,111,148,-37,43,88,0.489,14,34,0.412,11,16,9,16,25,29,7,2,12,0.5682,115.0736,153.4315
2025-26,BKN,2026-02-26,BKN vs. SAS,SAS,True,L,110,126,-16,41,89,0.461,13,34,0.382,15,17,15,35,50,26,5,1,15,0.5337,113.192,129.6563
2025-26,BKN,2026-02-24,BKN vs. DAL,DAL,True,L,114,123,-9,41,80,0.513,13,32,0.406,19,27,5,23,28,29,11,2,11,0.5938,116.066,125.2291
2025-26,BKN,2026-02-22,BKN @ ATL,ATL,False,L,104,115,-11,38,85,0.447,12,34,0.353,16,22,9,25,34,29,9,4,13,0.5176,105.6267,116.7987
2025-26,BKN,2026-02-20,BKN @ OKC,OKC,False,L,86,105,-19,29,79,0.367,7,41,0.171,21,26,10,30,40,19,11,7,21,0.4114,85.3852,104.2494
2025-26,BKN,2026-02-19,BKN @ CLE,CLE,False,L,84,112,-28,30,87,0.345,14,49,0.286,10,16,6,30,36,25,8,4,12,0.4253,83.6487,111.5316
2025-26,BKN,2026-02-11,BKN vs. IND,IND,True,L,110,115,-5,38,85,0.447,14,33,0.424,20,26,12,35,47,25,8,5,17,0.5294,108.5884,113.5242
2025-26,BKN,2026-02-09,BKN vs. CHI,CHI,True,W,123,115,8,45,88,0.511,12,25,0.48,21,31,10,37,47,28,10,6,20,0.5795,110.4526,103.2687
2025-26,BKN,2026-02-07,BKN vs. WAS,WAS,True,W,127,113,14,50,91,0.549,13,38,0.342,14,19,13,32,45,36,8,3,13,0.6209,125.3949,111.5719
2025-26,BKN,2026-02-05,BKN @ ORL,ORL,False,L,98,118,-20,34,82,0.415,12,39,0.308,18,29,11,25,36,22,7,2,19,0.4878,95.778,115.3245
2025-26,BKN,2026-02-03,BKN vs. LAL,LAL,True,L,109,125,-16,45,94,0.479,10,41,0.244,9,14,16,32,48,28,7,0,20,0.5319,104.6467,120.0077
2025-26,BKN,2026-02-01,BKN @ DET,DET,False,L,77,130,-53,24,73,0.329,7,31,0.226,22,27,10,33,43,17,3,2,25,0.3767,76.7544,129.5853
2025-26,BKN,2026-01-30,BKN @ UTA,UTA,False,W,109,99,10,39,82,0.476,14,40,0.35,17,28,11,36,47,27,6,5,12,0.561,116.7774,106.0639
2025-26,BKN,2026-01-29,BKN @ DEN,DEN,False,L,103,107,-4,37,85,0.435,14,37,0.378,15,18,14,35,49,24,4,6,9,0.5176,115.1353,119.6065
2025-26,BKN,2026-01-27,BKN @ PHX,PHX,False,L,102,106,-4,38,75,0.507,13,32,0.406,13,19,12,23,35,28,9,2,22,0.5933,110.7732,115.1173
2025-26,BKN,2026-01-25,BKN @ LAC,LAC,False,L,89,126,-37,29,85,0.341,9,43,0.209,22,25,9,27,36,23,14,4,17,0.3941,86.0902,121.8804
2025-26,BKN,2026-01-23,BKN vs. BOS,BOS,True,L,126,130,-4,42,95,0.442,13,44,0.295,29,34,16,42,58,22,5,6,18,0.5105,110.5263,114.0351
2025-26,BKN,2026-01-21,BKN @ NYK,NYK,False,L,66,120,-54,23,79,0.291,11,40,0.275,9,13,4,23,27,15,5,4,14,0.3608,70.8915,128.8937
2025-26,BKN,2026-01-19,BKN vs. PHX,PHX,True,L,117,126,-9,41,81,0.506,15,38,0.395,20,21,7,21,28,28,7,1,8,0.5988,126.9256,136.6891
2025-26,BKN,2026-01-18,BKN @ CHI,CHI,False,L,102,124,-22,38,83,0.458,16,37,0.432,10,15,7,31,38,33,4,4,11,0.5542,107.0529,130.1427
2025-26,BKN,2026-01-16,BKN vs. CHI,CHI,True,W,112,109,3,39,91,0.429,19,40,0.475,15,17,11,36,47,30,7,4,14,0.533,111.8434,108.8476
2025-26,BKN,2026-01-14,BKN @ NOP,NOP,False,L,113,116,-3,45,95,0.474,16,43,0.372,7,12,10,33,43,24,3,5,11,0.5579,112.842,115.8378
2025-26,BKN,2026-01-12,BKN @ DAL,DAL,False,L,105,113,-8,39,86,0.453,9,37,0.243,18,20,13,30,43,23,5,8,17,0.5058,107.2304,115.4003
2025-26,BKN,2026-01-11,BKN @ MEM,MEM,False,L,98,103,-5,36,88,0.409,18,48,0.375,8,16,13,30,43,25,10,6,10,0.5114,104.8353,110.184
2025-26,BKN,2026-01-09,BKN vs. LAC,LAC,True,L,105,121,-16,40,100,0.4,15,47,0.319,10,11,19,20,39,26,12,4,12,0.475,109.2612,125.9105
2025-26,BKN,2026-01-07,BKN vs. ORL,ORL,True,L,103,104,-1,36,86,0.419,17,51,0.333,14,22,14,30,44,23,11,8,21,0.5174,100.6843,101.6618
2025-26,BKN,2026-01-04,BKN vs. DEN,DEN,True,W,127,115,12,41,81,0.506,14,33,0.424,31,37,12,32,44,29,7,5,10,0.5926,130.5242,118.1912
2025-26,BKN,2026-01-02,BKN @ WAS,WAS,False,L,99,119,-20,34,86,0.395,6,29,0.207,25,28,9,24,33,20,15,8,16,0.4302,94.1244,113.1394
2025-26,BKN,2026-01-01,BKN vs. HOU,HOU,True,L,96,120,-24,34,76,0.447,10,30,0.333,18,30,10,17,27,18,12,2,13,0.5132,104.8493,131.0616
2025-26,BKN,2025-12-29,BKN vs. GSW,GSW,True,L,107,120,-13,36,80,0.45,18,42,0.429,17,23,9,25,34,22,10,5,15,0.5625,109.1391,122.399
2025-26,BKN,2025-12-27,BKN @ MIN,MIN,False,W,123,107,16,46,84,0.548,11,40,0.275,20,21,9,30,39,32,8,2,16,0.6131,125.1526,108.8726
2025-26,BKN,2025-12-23,BKN @ PHI,PHI,False,W,114,106,8,35,82,0.427,17,45,0.378,27,33,12,27,39,24,8,2,19,0.5305,111.0895,103.2937
2025-26,BKN,2025-12-21,BKN vs. TOR,TOR,True,W,96,81,15,35,75,0.467,14,35,0.4,12,16,6,42,48,29,7,4,22,0.56,99.194,83.695
2025-26,BKN,2025-12-18,BKN vs. MIA,MIA,True,L,95,106,-11,38,98,0.388,11,49,0.224,8,11,15,34,49,24,7,7,13,0.4439,93.5039,104.3307
2025-26,BKN,2025-12-14,BKN vs. MIL,MIL,True,W,127,82,45,45,85,0.529,19,43,0.442,18,19,6,37,43,33,14,4,14,0.6412,126.7465,81.8363
2025-26,BKN,2025-12-12,BKN @ DAL,DAL,False,L,111,119,-8,39,86,0.453,17,39,0.436,16,19,9,34,43,26,8,5,17,0.5523,105.1933,112.7748
2025-26,BKN,2025-12-06,BKN vs. NOP,NOP,True,W,119,101,18,47,89,0.528,14,35,0.4,11,14,13,32,45,36,6,7,20,0.6067,119.0953,101.0809
2025-26,BKN,2025-12-04,BKN vs. UTA,UTA,True,L,110,123,-13,35,82,0.427,11,42,0.262,29,38,14,30,44,22,6,7,18,0.4939,109.127,122.0238
2025-26,BKN,2025-12-03,BKN @ CHI,CHI,False,W,113,103,10,38,78,0.487,19,46,0.413,18,22,7,35,42,30,12,8,21,0.609,108.8213,99.1911
2025-26,BKN,2025-12-01,BKN vs. CHA,CHA,True,W,116,103,13,43,96,0.448,17,43,0.395,13,17,13,30,43,33,10,3,11,0.5365,112.9503,100.2921
2025-26,BKN,2025-11-29,BKN @ MIL,MIL,False,L,99,116,-17,36,77,0.468,16,42,0.381,11,17,6,25,31,23,4,4,20,0.5714,103.1465,120.8585
2025-26,BKN,2025-11-28,BKN vs. PHI,PHI,True,L,103,115,-12,34,85,0.4,13,43,0.302,22,26,14,27,41,21,5,5,18,0.4765,102.8765,114.8622
2025-26,BKN,2025-11-24,BKN vs. NYK,NYK,True,L,100,113,-13,33,87,0.379,14,48,0.292,20,28,13,31,44,19,5,1,10,0.4598,105.552,119.2738
2025-26,BKN,2025-11-23,BKN @ TOR,TOR,False,L,109,119,-10,35,75,0.467,12,34,0.353,27,31,10,30,40,23,5,7,19,0.5467,110.4357,120.5674
2025-26,BKN,2025-11-21,BKN @ BOS,BOS,False,W,113,105,8,43,82,0.524,13,33,0.394,14,21,7,34,41,31,5,6,14,0.6037,116.8563,108.5832
2025-26,BKN,2025-11-18,BKN vs. BOS,BOS,True,L,99,113,-14,33,82,0.402,14,38,0.368,19,27,12,27,39,25,12,2,14,0.4878,102.9534,117.5125
2025-26,BKN,2025-11-16,BKN @ WAS,WAS,False,W,129,106,23,42,79,0.532,17,41,0.415,28,35,7,37,44,32,4,8,15,0.6392,125.8046,103.3743
2025-26,BKN,2025-11-14,BKN @ ORL,ORL,False,L,98,105,-7,38,89,0.427,10,39,0.256,12,16,7,27,34,23,9,4,7,0.4831,100.3687,107.5379
2025-26,BKN,2025-11-11,BKN vs. TOR,TOR,True,L,109,119,-10,32,81,0.395,14,41,0.341,31,32,7,29,36,24,7,5,13,0.4815,109.5037,119.5499
2025-26,BKN,2025-11-09,BKN @ NYK,NYK,False,L,98,134,-36,33,82,0.402,14,45,0.311,18,24,15,23,38,21,5,8,19,0.4878,100.0,136.7347
2025-26,BKN,2025-11-07,BKN vs. DET,DET,True,L,107,125,-18,34,80,0.425,17,46,0.37,22,26,8,22,30,26,5,1,20,0.5312,105.0874,122.7657
2025-26,BKN,2025-11-05,BKN @ IND,IND,False,W,112,103,9,36,86,0.419,14,40,0.35,26,35,10,35,45,26,9,5,14,0.5,105.6006,97.1148
2025-26,BKN,2025-11-03,BKN vs. MIN,MIN,True,L,109,125,-16,36,89,0.404,12,40,0.3,25,38,18,22,40,25,9,4,12,0.4719,111.1564,127.473
2025-26,BKN,2025-11-02,BKN vs. PHI,PHI,True,L,105,129,-24,39,91,0.429,7,39,0.179,20,26,13,31,44,21,10,4,19,0.467,97.7108,120.0447
2025-26,BKN,2025-10-29,BKN vs. ATL,ATL,True,L,112,117,-5,40,88,0.455,11,37,0.297,21,27,15,32,47,23,4,4,16,0.517,112.8122,117.8485
2025-26,BKN,2025-10-27,BKN @ HOU,HOU,False,L,109,137,-28,41,86,0.477,15,40,0.375,12,18,15,22,37,22,3,0,14,0.564,114.5199,143.9378
2025-26,BKN,2025-10-26,BKN @ SAS,SAS,False,L,107,118,-11,34,87,0.391,16,50,0.32,23,24,11,23,34,22,9,0,12,0.4828,108.9613,120.1629
2025-26,BKN,2025-10-24,BKN vs. CLE,CLE,True,L,124,131,-7,49,96,0.51,19,45,0.422,7,7,10,28,38,30,9,0,20,0.6094,115.6285,122.1559
2025-26,BKN,2025-10-22,BKN @ CHA,CHA,False,L,117,136,-19,39,88,0.443,14,40,0.35,25,34,12,26,38,25,8,3,17,0.5227,108.5948,126.2298
2025-26,BOS,2026-04-12,BOS vs. ORL,ORL,True,W,113,108,5,36,87,0.414,19,50,0.38,22,22,8,38,46,24,10,6,17,0.523,105.175,100.5212
2025-26,BOS,2026-04-10,BOS vs. NOP,NOP,True,W,144,118,26,52,96,0.542,29,59,0.492,11,15,9,35,44,35,9,5,14,0.6927,133.4569,109.3605
2025-26,BOS,2026-04-09,BOS @ NYK,NYK,False,L,106,112,-6,38,84,0.452,16,43,0.372,14,16,13,29,42,23,4,1,11,0.5476,119.3425,126.0977
2025-26,BOS,2026-04-07,BOS vs. CHA,CHA,True,W,113,102,11,43,87,0.494,17,42,0.405,10,12,13,32,45,22,6,2,14,0.592,121.5054,109.6774
2025-26,BOS,2026-04-05,BOS vs. TOR,TOR,True,W,115,101,14,47,88,0.534,8,28,0.286,13,16,12,32,44,25,10,3,18,0.5795,113.8839,100.0198
2025-26,BOS,2026-04-03,BOS @ MIL,MIL,False,W,133,101,32,50,89,0.562,17,37,0.459,16,19,10,38,48,33,7,4,9,0.6573,139.9411,106.271
2025-26,BOS,2026-04-01,BOS @ MIA,MIA,False,W,147,129,18,56,96,0.583,21,44,0.477,14,20,11,37,48,34,5,8,9,0.6927,143.4706,125.9028
2025-26,BOS,2026-03-30,BOS @ ATL,ATL,False,L,102,112,-10,35,85,0.412,14,37,0.378,18,26,10,38,48,18,6,7,15,0.4941,100.9701,110.8691
2025-26,BOS,2026-03-29,BOS @ CHA,CHA,False,W,114,99,15,42,83,0.506,14,34,0.412,16,22,8,31,39,23,6,3,7,0.5904,123.2166,107.0039
2025-26,BOS,2026-03-27,BOS vs. ATL,ATL,True,W,109,102,7,38,81,0.469,14,35,0.4,19,23,13,39,52,26,0,4,16,0.5556,117.4063,109.8664
2025-26,BOS,2026-03-25,BOS vs. OKC,OKC,True,W,119,109,10,38,81,0.469,18,41,0.439,25,29,7,36,43,25,5,4,13,0.5802,122.5541,112.2554
2025-26,BOS,2026-03-22,BOS vs. MIN,MIN,True,L,92,102,-10,34,95,0.358,9,33,0.273,15,18,13,40,53,17,9,2,11,0.4053,91.7614,101.7355
2025-26,BOS,2026-03-20,BOS @ MEM,MEM,False,W,117,112,5,40,89,0.449,11,42,0.262,26,30,18,39,57,19,4,2,13,0.5112,118.975,113.8906
2025-26,BOS,2026-03-18,BOS vs. GSW,GSW,True,W,120,99,21,44,92,0.478,14,39,0.359,18,19,15,34,49,22,12,1,16,0.5543,118.859,98.0586
2025-26,BOS,2026-03-16,BOS vs. PHX,PHX,True,W,120,112,8,39,80,0.488,17,40,0.425,25,27,7,31,38,31,7,3,14,0.5938,122.0504,113.9138
2025-26,BOS,2026-03-14,BOS vs. WAS,WAS,True,W,111,100,11,41,93,0.441,12,46,0.261,17,19,19,36,55,29,8,4,15,0.5054,113.9396,102.6483
2025-26,BOS,2026-03-12,BOS @ OKC,OKC,False,L,102,104,-2,35,87,0.402,13,42,0.31,19,20,12,32,44,20,8,4,13,0.477,107.7768,109.8901
2025-26,BOS,2026-03-10,BOS @ SAS,SAS,False,L,116,125,-9,42,89,0.472,19,51,0.373,13,17,5,32,37,27,6,4,8,0.5787,116.8884,125.9573
2025-26,BOS,2026-03-08,BOS @ CLE,CLE,False,W,109,98,11,37,84,0.44,15,38,0.395,20,22,10,39,49,25,2,0,12,0.5298,114.7852,103.2013
2025-26,BOS,2026-03-06,BOS vs. DAL,DAL,True,W,120,100,20,47,99,0.475,16,48,0.333,10,15,14,44,58,29,6,10,10,0.5556,118.8825,99.0688
2025-26,BOS,2026-03-04,BOS vs. CHA,CHA,True,L,89,118,-29,30,79,0.38,10,36,0.278,19,20,9,36,45,18,1,3,16,0.443,95.1668,126.1762
2025-26,BOS,2026-03-02,BOS @ MIL,MIL,False,W,108,81,27,41,95,0.432,20,50,0.4,6,9,19,35,54,31,7,6,11,0.5368,119.787,89.8403
2025-26,BOS,2026-03-01,BOS vs. PHI,PHI,True,W,114,98,16,40,91,0.44,16,49,0.327,18,21,19,40,59,27,4,7,15,0.5275,120.0505,103.2013
2025-26,BOS,2026-02-27,BOS vs. BKN,BKN,True,W,148,111,37,52,78,0.667,22,34,0.647,22,27,7,32,39,38,9,7,12,0.8077,153.4315,115.0736
2025-26,BOS,2026-02-25,BOS @ DEN,DEN,False,L,84,103,-19,29,83,0.349,12,43,0.279,14,18,9,39,48,18,4,8,14,0.4217,87.573,107.3812
2025-26,BOS,2026-02-24,BOS @ PHX,PHX,False,W,97,81,16,38,95,0.4,13,47,0.277,8,9,22,39,61,24,4,7,11,0.4684,113.0009,94.3616
2025-26,BOS,2026-02-22,BOS @ LAL,LAL,False,W,111,89,22,40,83,0.482,14,36,0.389,17,21,9,41,50,29,6,5,14,0.5663,115.5287,92.6311
2025-26,BOS,2026-02-19,BOS @ GSW,GSW,False,W,121,110,11,49,95,0.516,17,40,0.425,6,7,13,41,54,36,7,6,13,0.6053,123.7219,112.4744
2025-26,BOS,2026-02-11,BOS vs. CHI,CHI,True,W,124,105,19,49,95,0.516,18,45,0.4,8,13,13,35,48,29,9,8,14,0.6105,123.7278,104.7695
2025-26,BOS,2026-02-08,BOS vs. NYK,NYK,True,L,89,111,-22,34,92,0.37,7,41,0.171,14,15,14,30,44,22,4,3,10,0.4076,94.1002,117.361
2025-26,BOS,2026-02-06,BOS vs. MIA,MIA,True,W,98,96,2,35,84,0.417,10,36,0.278,18,23,13,37,50,17,7,7,16,0.4762,102.5963,100.5025
2025-26,BOS,2026-02-04,BOS @ HOU,HOU,False,W,114,93,21,39,90,0.433,19,51,0.373,17,20,20,37,57,26,6,6,15,0.5389,124.2642,101.3734
2025-26,BOS,2026-02-03,BOS @ DAL,DAL,False,W,110,100,10,47,96,0.49,13,39,0.333,3,5,10,37,47,27,7,4,10,0.5573,114.0606,103.6914
2025-26,BOS,2026-02-01,BOS vs. MIL,MIL,True,W,107,79,28,41,92,0.446,15,42,0.357,10,13,17,35,52,24,4,2,10,0.5272,120.009,88.6048
2025-26,BOS,2026-01-30,BOS vs. SAC,SAC,True,W,112,93,19,42,93,0.452,18,48,0.375,10,16,14,30,44,25,7,5,7,0.5484,119.6837,99.3802
2025-26,BOS,2026-01-28,BOS vs. ATL,ATL,True,L,106,117,-11,42,89,0.472,9,34,0.265,13,16,15,36,51,21,3,6,16,0.5225,108.8519,120.1479
2025-26,BOS,2026-01-26,BOS vs. POR,POR,True,W,102,94,8,39,90,0.433,13,34,0.382,11,18,10,31,41,24,11,4,17,0.5056,100.4332,92.5561
2025-26,BOS,2026-01-24,BOS @ CHI,CHI,False,L,111,114,-3,44,99,0.444,15,47,0.319,8,9,8,30,38,28,10,5,6,0.5202,112.9886,116.0423
2025-26,BOS,2026-01-23,BOS @ BKN,BKN,False,W,130,126,4,49,109,0.45,22,51,0.431,10,16,9,32,41,35,8,5,9,0.5505,114.0351,110.5263
2025-26,BOS,2026-01-21,BOS vs. IND,IND,True,W,119,104,15,42,88,0.477,12,31,0.387,23,25,14,40,54,24,8,6,16,0.5455,115.4667,100.9121
2025-26,BOS,2026-01-19,BOS @ DET,DET,False,L,103,104,-1,33,83,0.398,13,41,0.317,24,30,14,31,45,13,7,4,14,0.4759,106.5591,107.5936
2025-26,BOS,2026-01-17,BOS @ ATL,ATL,False,W,132,106,26,46,91,0.505,22,52,0.423,18,22,11,44,55,27,9,8,17,0.6264,122.6994,98.5313
2025-26,BOS,2026-01-15,BOS @ MIA,MIA,False,W,119,114,5,41,91,0.451,13,39,0.333,24,25,18,33,51,22,5,5,13,0.522,122.7563,117.5985
2025-26,BOS,2026-01-12,BOS @ IND,IND,False,L,96,98,-2,40,88,0.455,9,35,0.257,7,9,10,36,46,22,9,1,12,0.5057,102.3454,104.4776
2025-26,BOS,2026-01-10,BOS vs. SAS,SAS,True,L,95,100,-5,38,93,0.409,16,44,0.364,3,4,9,43,52,22,5,5,10,0.4946,97.1569,102.2704
2025-26,BOS,2026-01-09,BOS vs. TOR,TOR,True,W,125,117,8,47,87,0.54,14,28,0.5,17,19,9,31,40,28,3,5,10,0.6207,131.0547,122.6672
2025-26,BOS,2026-01-07,BOS vs. DEN,DEN,True,L,110,114,-4,43,95,0.453,15,38,0.395,9,15,21,32,53,16,6,6,14,0.5316,116.3037,120.5329
2025-26,BOS,2026-01-05,BOS vs. CHI,CHI,True,W,115,101,14,42,104,0.404,20,52,0.385,11,13,20,34,54,22,7,4,8,0.5,117.8762,103.526
2025-26,BOS,2026-01-03,BOS @ LAC,LAC,False,W,146,115,31,53,96,0.552,24,51,0.471,16,19,16,30,46,30,4,6,6,0.6771,155.4514,122.4446
2025-26,BOS,2026-01-01,BOS @ SAC,SAC,False,W,120,106,14,44,87,0.506,17,41,0.415,15,18,5,35,40,25,8,6,13,0.6034,122.7496,108.4288
2025-26,BOS,2025-12-30,BOS @ UTA,UTA,False,W,129,119,10,48,94,0.511,13,44,0.295,20,23,11,33,44,27,8,9,8,0.5798,127.0185,117.1721
2025-26,BOS,2025-12-28,BOS @ POR,POR,False,L,108,114,-6,40,91,0.44,13,44,0.295,15,19,12,27,39,19,13,5,19,0.511,103.5475,109.3001
2025-26,BOS,2025-12-26,BOS @ IND,IND,False,W,140,122,18,47,83,0.566,20,39,0.513,26,34,12,31,43,26,8,3,14,0.6867,139.47,121.5382
2025-26,BOS,2025-12-22,BOS vs. IND,IND,True,W,103,95,8,38,89,0.427,11,37,0.297,16,19,11,38,49,19,6,6,13,0.4888,104.9521,96.8005
2025-26,BOS,2025-12-20,BOS @ TOR,TOR,False,W,112,96,16,44,95,0.463,12,39,0.308,12,15,17,38,55,22,7,4,11,0.5263,117.6223,100.8192
2025-26,BOS,2025-12-19,BOS vs. MIA,MIA,True,W,129,116,13,44,82,0.537,21,43,0.488,20,24,6,40,46,25,8,8,16,0.6646,122.2054,109.8901
2025-26,BOS,2025-12-15,BOS vs. DET,DET,True,L,105,112,-7,38,82,0.463,10,39,0.256,19,27,7,30,37,16,7,5,13,0.5244,105.5913,112.6307
2025-26,BOS,2025-12-11,BOS @ MIL,MIL,False,L,101,116,-15,34,88,0.386,14,49,0.286,19,25,13,26,39,18,7,1,14,0.4659,102.9772,118.2708
2025-26,BOS,2025-12-07,BOS @ TOR,TOR,False,W,121,113,8,44,92,0.478,20,47,0.426,13,14,14,27,41,24,8,9,11,0.587,124.4856,116.2551
2025-26,BOS,2025-12-05,BOS vs. LAL,LAL,True,W,126,105,21,46,84,0.548,24,45,0.533,10,12,8,30,38,31,9,5,16,0.6905,131.9095,109.9246
2025-26,BOS,2025-12-04,BOS @ WAS,WAS,False,W,146,101,45,54,99,0.545,20,47,0.426,18,21,15,31,46,35,14,8,10,0.6465,142.9691,98.9033
2025-26,BOS,2025-12-02,BOS vs. NYK,NYK,True,W,123,117,6,49,87,0.563,13,40,0.325,12,14,11,27,38,18,6,3,10,0.6379,131.8045,125.3751
2025-26,BOS,2025-11-30,BOS @ CLE,CLE,False,W,117,115,2,40,81,0.494,14,40,0.35,23,29,15,31,46,19,9,4,19,0.5802,119.7053,117.6591
2025-26,BOS,2025-11-29,BOS @ MIN,MIN,False,L,115,119,-4,45,96,0.469,16,46,0.348,9,15,14,29,43,24,10,7,11,0.5521,114.2006,118.1728
2025-26,BOS,2025-11-26,BOS vs. DET,DET,True,W,117,114,3,38,87,0.437,20,43,0.465,21,24,12,32,44,24,9,7,13,0.5517,117.3521,114.343
2025-26,BOS,2025-11-23,BOS vs. ORL,ORL,True,W,138,129,9,53,88,0.602,15,33,0.455,17,22,7,30,37,29,6,8,5,0.6875,140.6441,131.4717
2025-26,BOS,2025-11-21,BOS vs. BKN,BKN,True,L,105,113,-8,42,90,0.467,11,34,0.324,10,14,14,30,44,24,7,1,13,0.5278,108.5832,116.8563
2025-26,BOS,2025-11-18,BOS @ BKN,BKN,False,W,113,99,14,37,75,0.493,19,42,0.452,20,26,10,39,49,25,6,5,20,0.62,117.5125,102.9534
2025-26,BOS,2025-11-16,BOS vs. LAC,LAC,True,W,121,118,3,46,103,0.447,16,39,0.41,13,17,20,29,49,26,6,6,6,0.5243,124.3066,121.2246
2025-26,BOS,2025-11-12,BOS vs. MEM,MEM,True,W,131,95,36,50,99,0.505,21,51,0.412,10,12,18,40,58,34,4,8,11,0.6111,131.8438,95.6119
2025-26,BOS,2025-11-11,BOS @ PHI,PHI,False,L,100,102,-2,36,92,0.391,13,38,0.342,15,19,13,40,53,23,4,6,11,0.462,104.3188,106.4052
2025-26,BOS,2025-11-09,BOS @ ORL,ORL,False,W,111,107,4,40,85,0.471,13,33,0.394,18,25,13,28,41,22,10,2,14,0.5471,114.3858,110.2638
2025-26,BOS,2025-11-07,BOS @ ORL,ORL,False,L,110,123,-13,43,95,0.453,13,37,0.351,11,16,12,32,44,26,9,8,14,0.5211,108.0126,120.7777
2025-26,BOS,2025-11-05,BOS vs. WAS,WAS,True,W,136,107,29,52,95,0.547,16,41,0.39,16,21,12,28,40,31,12,3,7,0.6316,136.601,107.4729
2025-26,BOS,2025-11-03,BOS vs. UTA,UTA,True,L,103,105,-2,37,89,0.416,11,51,0.216,18,22,10,26,36,21,12,4,10,0.4775,104.2088,106.2323
2025-26,BOS,2025-11-01,BOS vs. HOU,HOU,True,L,101,128,-27,40,103,0.388,14,44,0.318,7,7,14,22,36,24,9,2,10,0.4563,99.7629,126.4322
2025-26,BOS,2025-10-31,BOS @ PHI,PHI,False,W,109,108,1,44,101,0.436,14,45,0.311,7,12,16,29,45,26,8,7,10,0.505,108.9782,107.9784
2025-26,BOS,2025-10-29,BOS vs. CLE,CLE,True,W,125,105,20,42,95,0.442,21,57,0.368,20,24,18,35,53,29,11,3,10,0.5526,126.1861,105.9964
2025-26,BOS,2025-10-27,BOS @ NOP,NOP,False,W,122,90,32,46,95,0.484,18,53,0.34,12,15,16,38,54,25,5,7,12,0.5789,123.9082,91.4077
2025-26,BOS,2025-10-26,BOS @ DET,DET,False,L,113,119,-6,40,94,0.426,15,45,0.333,18,24,12,26,38,17,11,8,12,0.5053,107.4144,113.1179
2025-26,BOS,2025-10-24,BOS @ NYK,NYK,False,L,95,105,-10,35,82,0.427,15,44,0.341,10,15,8,29,37,19,10,7,16,0.5183,98.6501,109.0343
2025-26,BOS,2025-10-22,BOS vs. PHI,PHI,True,L,116,117,-1,41,91,0.451,11,43,0.256,23,26,10,32,42,16,7,4,11,0.511,112.8185,113.7911
2025-26,CHA,2026-04-12,CHA @ NYK,NYK,False,W,110,96,14,39,85,0.459,19,52,0.365,13,17,12,34,46,27,7,7,18,0.5706,115.1832,100.5236
2025-26,CHA,2026-04-10,CHA vs. DET,DET,True,L,100,118,-18,34,88,0.386,13,47,0.277,19,23,14,27,41,16,10,8,16,0.4602,100.2205,118.2602
2025-26,CHA,2026-04-07,CHA @ BOS,BOS,False,L,102,113,-11,38,88,0.432,16,49,0.327,10,13,14,26,40,24,5,3,13,0.5227,109.6774,121.5054
2025-26,CHA,2026-04-05,CHA @ MIN,MIN,False,W,122,108,14,45,92,0.489,19,45,0.422,13,15,16,30,46,31,8,2,15,0.5924,124.6679,110.3617
2025-26,CHA,2026-04-03,CHA vs. IND,IND,True,W,129,108,21,46,96,0.479,24,49,0.49,13,15,12,36,48,31,8,7,10,0.6042,129.6482,108.5427
2025-26,CHA,2026-04-02,CHA vs. PHX,PHX,True,W,127,107,20,48,93,0.516,18,49,0.367,13,15,11,36,47,27,7,4,13,0.6129,127.0,107.0
2025-26,CHA,2026-03-31,CHA @ BKN,BKN,False,W,117,86,31,41,87,0.471,12,39,0.308,23,25,13,34,47,28,7,4,13,0.5402,120.6932,88.7147
2025-26,CHA,2026-03-29,CHA vs. BOS,BOS,True,L,99,114,-15,36,83,0.434,12,43,0.279,15,19,10,27,37,19,2,1,12,0.506,107.0039,123.2166
2025-26,CHA,2026-03-28,CHA vs. PHI,PHI,True,L,114,118,-4,36,96,0.375,17,55,0.309,25,32,21,32,53,18,4,1,9,0.4635,117.0191,121.125
2025-26,CHA,2026-03-26,CHA vs. NYK,NYK,True,W,114,103,11,41,78,0.526,16,41,0.39,16,20,12,31,43,28,5,4,18,0.6282,124.0749,112.1027
2025-26,CHA,2026-03-24,CHA vs. SAC,SAC,True,W,134,90,44,48,94,0.511,26,55,0.473,12,16,12,45,57,32,7,5,15,0.6489,132.7521,89.1619
2025-26,CHA,2026-03-21,CHA vs. MEM,MEM,True,W,124,101,23,45,85,0.529,18,43,0.419,16,24,13,36,49,25,7,4,18,0.6353,124.6732,101.5484
2025-26,CHA,2026-03-19,CHA vs. ORL,ORL,True,W,130,111,19,42,80,0.525,22,46,0.478,24,27,10,31,41,28,9,2,22,0.6625,124.9279,106.6692
2025-26,CHA,2026-03-17,CHA vs. MIA,MIA,True,W,136,106,30,51,96,0.531,17,42,0.405,17,21,10,38,48,32,11,3,14,0.6198,125.8094,98.0574
2025-26,CHA,2026-03-14,CHA @ SAS,SAS,False,L,102,115,-13,35,93,0.376,18,54,0.333,14,17,11,28,39,18,7,10,12,0.4731,101.6341,114.5875
2025-26,CHA,2026-03-11,CHA @ SAC,SAC,False,W,117,109,8,41,90,0.456,19,40,0.475,16,17,13,28,41,29,8,1,16,0.5611,119.6074,111.4292
2025-26,CHA,2026-03-10,CHA @ POR,POR,False,W,103,101,2,34,88,0.386,14,38,0.368,21,25,16,36,52,21,12,4,17,0.4659,103.5592,101.5484
2025-26,CHA,2026-03-08,CHA @ PHX,PHX,False,L,99,111,-12,37,88,0.42,15,45,0.333,10,15,13,28,41,24,1,6,13,0.5057,108.1731,121.285
2025-26,CHA,2026-03-06,CHA vs. MIA,MIA,True,L,120,128,-8,41,96,0.427,19,52,0.365,19,20,12,36,48,24,5,9,13,0.526,114.9425,122.6054
2025-26,CHA,2026-03-04,CHA @ BOS,BOS,False,W,118,89,29,41,89,0.461,19,49,0.388,17,21,11,32,43,26,10,4,5,0.5674,126.1762,95.1668
2025-26,CHA,2026-03-03,CHA vs. DAL,DAL,True,W,117,90,27,42,88,0.477,20,51,0.392,13,19,13,36,49,32,11,7,15,0.5909,117.6826,90.525
2025-26,CHA,2026-02-28,CHA vs. POR,POR,True,W,109,93,16,38,91,0.418,16,42,0.381,17,25,20,35,55,24,11,0,16,0.5055,109.9012,93.7689
2025-26,CHA,2026-02-26,CHA @ IND,IND,False,W,133,109,24,48,86,0.558,22,46,0.478,15,19,11,35,46,35,10,4,17,0.686,135.6036,111.1338
2025-26,CHA,2026-02-24,CHA @ CHI,CHI,False,W,131,99,32,49,95,0.516,25,57,0.439,8,9,14,32,46,31,13,8,17,0.6474,129.3444,97.7488
2025-26,CHA,2026-02-22,CHA @ WAS,WAS,False,W,129,112,17,43,87,0.494,25,46,0.543,18,25,16,37,53,27,9,5,12,0.6379,137.6147,119.4794
2025-26,CHA,2026-02-20,CHA vs. CLE,CLE,True,L,113,118,-5,36,92,0.391,20,56,0.357,21,22,23,22,45,26,5,4,14,0.5,123.4973,128.9617
2025-26,CHA,2026-02-19,CHA vs. HOU,HOU,True,L,101,105,-4,36,84,0.429,14,42,0.333,15,18,12,34,46,25,7,2,16,0.5119,106.5176,110.7361
2025-26,CHA,2026-02-11,CHA vs. ATL,ATL,True,W,110,107,3,33,88,0.375,19,51,0.373,25,29,15,35,50,21,10,6,16,0.483,107.8643,104.9225
2025-26,CHA,2026-02-09,CHA vs. DET,DET,True,L,104,110,-6,34,82,0.415,19,47,0.404,17,17,11,28,39,22,4,3,21,0.5305,106.7762,112.9363
2025-26,CHA,2026-02-07,CHA @ ATL,ATL,False,W,126,119,7,46,95,0.484,18,39,0.462,16,16,16,33,49,31,5,3,16,0.5789,124.4322,117.5193
2025-26,CHA,2026-02-05,CHA @ HOU,HOU,False,W,109,99,10,36,87,0.414,17,43,0.395,20,22,16,30,46,21,14,5,22,0.5115,108.739,98.763
2025-26,CHA,2026-02-02,CHA vs. NOP,NOP,True,W,102,95,7,34,85,0.4,12,50,0.24,22,27,13,46,59,16,3,3,17,0.4706,102.5744,95.535
2025-26,CHA,2026-01-31,CHA vs. SAS,SAS,True,W,111,106,5,39,88,0.443,13,35,0.371,20,22,14,37,51,30,5,5,12,0.517,117.4355,112.1456
2025-26,CHA,2026-01-29,CHA @ DAL,DAL,False,W,123,121,2,43,91,0.473,20,41,0.488,17,18,8,37,45,28,4,9,10,0.5824,119.4407,117.4985
2025-26,CHA,2026-01-28,CHA @ MEM,MEM,False,W,112,97,15,44,90,0.489,17,42,0.405,7,8,13,30,43,25,5,1,20,0.5833,116.7883,101.147
2025-26,CHA,2026-01-26,CHA vs. PHI,PHI,True,W,130,93,37,47,83,0.566,17,41,0.415,19,27,14,39,53,34,8,4,25,0.6687,124.8559,89.32
2025-26,CHA,2026-01-24,CHA vs. WAS,WAS,True,W,119,115,4,41,79,0.519,14,36,0.389,23,30,12,34,46,30,8,3,21,0.6076,116.5752,112.6567
2025-26,CHA,2026-01-22,CHA @ ORL,ORL,False,W,124,97,27,43,79,0.544,17,36,0.472,21,25,10,37,47,26,7,4,15,0.6519,130.7465,102.2775
2025-26,CHA,2026-01-21,CHA vs. CLE,CLE,True,L,87,94,-7,33,98,0.337,8,47,0.17,13,18,17,30,47,20,12,4,13,0.3776,85.5121,92.3924
2025-26,CHA,2026-01-18,CHA @ DEN,DEN,False,W,110,87,23,44,89,0.494,11,34,0.324,11,13,16,36,52,30,4,3,13,0.5562,123.1527,97.4026
2025-26,CHA,2026-01-17,CHA @ GSW,GSW,False,L,116,136,-20,43,94,0.457,16,44,0.364,14,17,12,32,44,27,5,3,17,0.5426,111.4313,130.6436
2025-26,CHA,2026-01-15,CHA @ LAL,LAL,False,W,135,117,18,50,92,0.543,20,43,0.465,15,16,14,36,50,34,3,5,13,0.6522,136.2535,118.0864
2025-26,CHA,2026-01-12,CHA @ LAC,LAC,False,L,109,117,-8,43,88,0.489,10,33,0.303,13,17,10,39,49,24,3,4,10,0.5455,113.1175,121.4197
2025-26,CHA,2026-01-10,CHA @ UTA,UTA,False,W,150,95,55,53,101,0.525,24,59,0.407,20,25,21,44,65,35,10,5,13,0.6436,146.1703,92.5745
2025-26,CHA,2026-01-08,CHA vs. IND,IND,True,L,112,114,-2,39,86,0.453,16,44,0.364,18,24,8,27,35,29,8,3,17,0.5465,108.3172,110.2515
2025-26,CHA,2026-01-07,CHA vs. TOR,TOR,True,L,96,97,-1,32,82,0.39,14,38,0.368,18,22,16,34,50,19,3,6,18,0.4756,103.7613,104.8422
2025-26,CHA,2026-01-05,CHA @ OKC,OKC,False,W,124,97,27,41,77,0.532,19,37,0.514,23,25,12,40,52,25,4,7,21,0.6558,125.9651,98.5372
2025-26,CHA,2026-01-03,CHA @ CHI,CHI,False,W,112,99,13,39,91,0.429,15,41,0.366,19,23,13,39,52,23,7,3,12,0.511,112.9716,99.8588
2025-26,CHA,2026-01-02,CHA @ MIL,MIL,False,L,121,122,-1,40,82,0.488,18,40,0.45,23,28,8,31,39,27,5,3,14,0.5976,122.0743,123.0831
2025-26,CHA,2025-12-31,CHA vs. GSW,GSW,True,L,125,132,-7,48,93,0.516,16,40,0.4,13,17,11,26,37,35,11,1,15,0.6022,122.5731,129.4371
2025-26,CHA,2025-12-29,CHA vs. MIL,MIL,True,L,113,123,-10,40,93,0.43,17,46,0.37,16,20,17,30,47,28,5,3,13,0.5215,115.6129,125.8441
2025-26,CHA,2025-12-26,CHA @ ORL,ORL,False,W,120,105,15,41,87,0.471,19,39,0.487,19,28,16,37,53,23,3,6,15,0.5805,123.4314,108.0025
2025-26,CHA,2025-12-23,CHA vs. WAS,WAS,True,W,126,109,17,42,93,0.452,20,50,0.4,22,27,14,37,51,35,3,6,5,0.5591,131.9372,114.1361
2025-26,CHA,2025-12-22,CHA @ CLE,CLE,False,L,132,139,-7,46,94,0.489,21,42,0.5,19,25,17,27,44,29,10,3,20,0.6011,124.9054,131.5291
2025-26,CHA,2025-12-20,CHA @ DET,DET,False,L,86,112,-26,28,89,0.315,13,41,0.317,17,20,12,31,43,21,12,7,24,0.3876,78.2245,101.8737
2025-26,CHA,2025-12-18,CHA vs. ATL,ATL,True,W,133,126,7,49,91,0.538,24,49,0.49,11,17,7,30,37,39,11,3,16,0.6703,123.6289,117.1221
2025-26,CHA,2025-12-14,CHA @ CLE,CLE,False,W,119,111,8,43,98,0.439,17,44,0.386,16,21,12,41,53,28,9,7,18,0.5255,107.2072,100.0
2025-26,CHA,2025-12-12,CHA vs. CHI,CHI,True,L,126,129,-3,51,97,0.526,16,37,0.432,8,10,8,24,32,30,5,3,9,0.6082,122.4728,125.3888
2025-26,CHA,2025-12-07,CHA vs. DEN,DEN,True,L,106,115,-9,38,85,0.447,14,46,0.304,16,21,10,37,47,24,7,3,14,0.5294,108.2074,117.3949
2025-26,CHA,2025-12-05,CHA @ TOR,TOR,False,W,111,86,25,37,74,0.5,13,36,0.361,24,33,6,41,47,26,14,6,24,0.5878,104.5986,81.0403
2025-26,CHA,2025-12-03,CHA @ NYK,NYK,False,L,104,119,-15,36,90,0.4,13,42,0.31,19,21,12,32,44,19,4,7,13,0.4722,106.0575,121.3543
2025-26,CHA,2025-12-01,CHA @ BKN,BKN,False,L,103,116,-13,38,85,0.447,12,32,0.375,15,18,7,35,42,26,5,7,18,0.5176,100.2921,112.9503
2025-26,CHA,2025-11-29,CHA vs. TOR,TOR,True,W,118,111,7,41,93,0.441,10,39,0.256,26,29,12,27,39,24,10,5,9,0.4946,113.3308,106.6078
2025-26,CHA,2025-11-28,CHA vs. CHI,CHI,True,W,123,116,7,44,97,0.454,15,45,0.333,20,24,10,36,46,28,6,10,14,0.5309,112.658,106.2466
2025-26,CHA,2025-11-26,CHA vs. NYK,NYK,True,L,101,129,-28,35,85,0.412,13,43,0.302,18,24,9,26,35,15,5,3,17,0.4882,97.8303,124.9516
2025-26,CHA,2025-11-23,CHA @ ATL,ATL,False,L,110,113,-3,39,86,0.453,14,44,0.318,18,20,9,34,43,26,4,2,16,0.5349,110.6417,113.6592
2025-26,CHA,2025-11-22,CHA vs. LAC,LAC,True,L,116,131,-15,41,85,0.482,11,36,0.306,23,26,11,27,38,24,5,2,11,0.5471,118.3673,133.6735
2025-26,CHA,2025-11-19,CHA @ IND,IND,False,L,118,127,-9,43,107,0.402,13,45,0.289,19,22,22,26,48,28,7,2,13,0.4626,113.0268,121.6475
2025-26,CHA,2025-11-17,CHA @ TOR,TOR,False,L,108,110,-2,37,87,0.425,10,40,0.25,24,30,14,34,48,19,11,9,16,0.4828,104.7324,106.6718
2025-26,CHA,2025-11-15,CHA vs. OKC,OKC,True,L,96,109,-13,37,96,0.385,16,42,0.381,6,7,12,30,42,23,6,5,15,0.4688,97.7199,110.9528
2025-26,CHA,2025-11-14,CHA @ MIL,MIL,False,L,134,147,-13,47,98,0.48,17,45,0.378,23,29,10,29,39,31,11,1,13,0.5663,118.8786,130.4116
2025-26,CHA,2025-11-12,CHA vs. MIL,MIL,True,W,111,100,11,38,86,0.442,12,40,0.3,23,27,15,35,50,27,5,5,16,0.5116,115.8664,104.3841
2025-26,CHA,2025-11-10,CHA vs. LAL,LAL,True,L,111,121,-10,37,71,0.521,17,36,0.472,20,22,9,28,37,28,6,6,23,0.6408,115.3367,125.7273
2025-26,CHA,2025-11-07,CHA @ MIA,MIA,False,L,108,126,-18,37,97,0.381,10,39,0.256,24,27,19,38,57,22,4,9,18,0.433,100.4464,117.1875
2025-26,CHA,2025-11-04,CHA @ NOP,NOP,False,L,112,116,-4,39,82,0.476,13,38,0.342,21,28,15,34,49,20,8,6,20,0.5549,113.3144,117.3614
2025-26,CHA,2025-11-02,CHA vs. UTA,UTA,True,W,126,103,23,43,88,0.489,18,43,0.419,22,22,9,37,46,31,6,6,15,0.5909,122.6636,100.2726
2025-26,CHA,2025-11-01,CHA vs. MIN,MIN,True,L,105,122,-17,34,86,0.395,13,45,0.289,24,27,10,35,45,23,4,4,14,0.4709,104.4568,121.3689
2025-26,CHA,2025-10-30,CHA vs. ORL,ORL,True,L,107,123,-16,42,83,0.506,11,30,0.367,12,15,12,29,41,24,5,6,21,0.5723,109.9014,126.3353
2025-26,CHA,2025-10-28,CHA @ MIA,MIA,False,L,117,144,-27,40,90,0.444,18,45,0.4,19,23,9,32,41,26,9,3,18,0.5444,107.438,132.2314
2025-26,CHA,2025-10-26,CHA @ WAS,WAS,False,W,139,113,26,47,92,0.511,15,38,0.395,30,36,11,41,52,30,12,4,12,0.5924,127.0334,103.2718
2025-26,CHA,2025-10-25,CHA @ PHI,PHI,False,L,121,125,-4,43,89,0.483,16,42,0.381,19,28,13,32,45,30,6,3,17,0.573,115.019,118.8213
2025-26,CHA,2025-10-22,CHA vs. BKN,BKN,True,W,136,117,19,48,90,0.533,17,36,0.472,23,33,14,36,50,33,5,5,17,0.6278,126.2298,108.5948
2025-26,CHI,2026-04-12,CHI @ DAL,DAL,False,L,128,149,-21,52,106,0.491,10,38,0.263,14,19,13,29,42,30,12,3,13,0.5377,112.1626,130.5643
2025-26,CHI,2026-04-10,CHI vs. ORL,ORL,True,L,103,127,-24,38,87,0.437,10,39,0.256,17,26,10,32,42,25,10,5,20,0.4943,95.3704,117.5926
2025-26,CHI,2026-04-09,CHI @ WAS,WAS,False,W,119,108,11,43,93,0.462,9,30,0.3,24,25,13,38,51,26,12,4,16,0.5108,111.2774,100.9912
2025-26,CHI,2026-04-07,CHI @ WAS,WAS,False,W,129,98,31,46,94,0.489,15,45,0.333,22,27,9,43,52,35,14,7,13,0.5691,117.7437,89.4487
2025-26,CHI,2026-04-05,CHI vs. PHX,PHX,True,L,110,120,-10,41,91,0.451,10,39,0.256,18,23,14,32,46,26,10,2,19,0.5055,104.8618,114.3947
2025-26,CHI,2026-04-03,CHI @ NYK,NYK,False,L,96,136,-40,35,81,0.432,11,35,0.314,15,26,9,27,36,24,4,2,16,0.5,96.5989,136.8485
2025-26,CHI,2026-04-01,CHI vs. IND,IND,True,L,126,145,-19,47,97,0.485,13,39,0.333,19,26,14,32,46,22,6,4,20,0.5515,111.5834,128.4095
2025-26,CHI,2026-03-30,CHI @ SAS,SAS,False,L,114,129,-15,43,93,0.462,13,44,0.295,15,21,7,28,35,26,7,7,11,0.5323,109.1954,123.5632
2025-26,CHI,2026-03-28,CHI @ MEM,MEM,False,L,124,125,-1,41,82,0.5,10,33,0.303,32,43,10,43,53,26,8,11,23,0.561,106.7126,107.5731
2025-26,CHI,2026-03-27,CHI @ OKC,OKC,False,L,113,131,-18,41,98,0.418,15,47,0.319,16,21,10,37,47,25,4,5,12,0.4949,103.2529,119.7003
2025-26,CHI,2026-03-25,CHI @ PHI,PHI,False,L,137,157,-20,48,98,0.49,15,47,0.319,26,31,10,38,48,30,3,3,14,0.5663,119.1512,136.5455
2025-26,CHI,2026-03-23,CHI vs. HOU,HOU,True,W,132,124,8,45,90,0.5,19,38,0.5,23,28,7,38,45,30,8,4,16,0.6056,118.4494,111.2706
2025-26,CHI,2026-03-19,CHI vs. CLE,CLE,True,L,110,115,-5,42,94,0.447,15,44,0.341,11,17,12,35,47,27,11,7,16,0.5266,104.7021,109.4613
2025-26,CHI,2026-03-18,CHI vs. TOR,TOR,True,L,109,139,-30,40,85,0.471,9,31,0.29,20,28,9,27,36,24,13,2,19,0.5235,100.0734,127.6166
2025-26,CHI,2026-03-16,CHI vs. MEM,MEM,True,W,132,107,25,48,93,0.516,18,48,0.375,18,21,13,34,47,30,9,6,17,0.6129,126.558,102.5887
2025-26,CHI,2026-03-13,CHI @ LAC,LAC,False,L,108,119,-11,42,95,0.442,12,41,0.293,12,13,12,36,48,23,5,7,15,0.5053,104.712,115.3772
2025-26,CHI,2026-03-12,CHI @ LAL,LAL,False,L,130,142,-12,51,95,0.537,15,36,0.417,13,16,12,29,41,34,7,3,16,0.6158,123.6447,135.058
2025-26,CHI,2026-03-10,CHI @ GSW,GSW,False,W,130,124,6,50,112,0.446,15,47,0.319,15,18,20,44,64,34,6,6,14,0.5134,114.6182,109.3282
2025-26,CHI,2026-03-08,CHI @ SAC,SAC,False,L,110,126,-16,35,84,0.417,17,45,0.378,23,34,9,40,49,27,2,6,14,0.5179,104.722,119.9543
2025-26,CHI,2026-03-05,CHI @ PHX,PHX,False,W,105,103,2,41,86,0.477,7,28,0.25,16,25,9,37,46,23,8,3,13,0.5174,102.0012,100.0583
2025-26,CHI,2026-03-03,CHI vs. OKC,OKC,True,L,108,116,-8,39,90,0.433,17,49,0.347,13,19,10,43,53,27,3,3,19,0.5278,100.9723,108.4518
2025-26,CHI,2026-03-01,CHI vs. MIL,MIL,True,W,120,97,23,43,84,0.512,18,49,0.367,16,23,7,43,50,34,14,8,18,0.619,111.3173,89.9814
2025-26,CHI,2026-02-26,CHI vs. POR,POR,True,L,112,121,-9,40,80,0.5,9,30,0.3,23,30,6,35,41,29,8,4,22,0.5562,104.2636,112.642
2025-26,CHI,2026-02-24,CHI vs. CHA,CHA,True,L,99,131,-32,35,82,0.427,16,40,0.4,13,15,9,24,33,18,9,1,21,0.5244,97.7488,129.3444
2025-26,CHI,2026-02-22,CHI vs. NYK,NYK,True,L,99,105,-6,34,86,0.395,16,46,0.348,15,21,13,37,50,24,8,2,17,0.4884,101.2891,107.4279
2025-26,CHI,2026-02-21,CHI vs. DET,DET,True,L,110,126,-16,38,84,0.452,17,40,0.425,17,24,8,36,44,29,10,13,23,0.5536,99.0277,113.4318
2025-26,CHI,2026-02-19,CHI vs. TOR,TOR,True,L,101,110,-9,36,86,0.419,12,40,0.3,17,21,11,35,46,22,6,5,23,0.4884,94.4455,102.8614
2025-26,CHI,2026-02-11,CHI @ BOS,BOS,False,L,105,124,-19,41,89,0.461,12,36,0.333,11,13,9,25,34,25,9,5,13,0.5281,104.7695,123.7278
2025-26,CHI,2026-02-09,CHI @ BKN,BKN,False,L,115,123,-8,40,91,0.44,10,36,0.278,25,32,12,27,39,20,13,8,18,0.4945,103.2687,110.4526
2025-26,CHI,2026-02-07,CHI vs. DEN,DEN,True,L,120,136,-16,41,92,0.446,20,51,0.392,18,20,12,25,37,25,9,3,17,0.5543,115.2074,130.5684
2025-26,CHI,2026-02-05,CHI @ TOR,TOR,False,L,107,123,-16,41,91,0.451,18,49,0.367,7,8,13,25,38,28,9,4,17,0.5495,109.6087,125.9988
2025-26,CHI,2026-02-03,CHI @ MIL,MIL,False,L,115,131,-16,40,91,0.44,19,51,0.373,16,23,10,33,43,26,9,11,10,0.544,111.8024,127.3576
2025-26,CHI,2026-02-01,CHI @ MIA,MIA,False,L,91,134,-43,28,87,0.322,6,41,0.146,29,34,15,32,47,18,5,6,19,0.3563,84.8722,124.9767
2025-26,CHI,2026-01-31,CHI @ MIA,MIA,False,W,125,118,7,46,88,0.523,20,40,0.5,13,18,1,42,43,34,8,5,24,0.6364,105.2366,99.3433
2025-26,CHI,2026-01-29,CHI vs. MIA,MIA,True,L,113,116,-3,37,94,0.394,15,38,0.395,24,29,16,36,52,25,5,4,16,0.4734,105.4498,108.2493
2025-26,CHI,2026-01-28,CHI @ IND,IND,False,L,110,113,-3,42,88,0.477,12,30,0.4,14,18,9,38,47,27,3,3,11,0.5455,113.4488,116.5429
2025-26,CHI,2026-01-26,CHI vs. LAL,LAL,True,L,118,129,-11,43,82,0.524,18,49,0.367,14,18,5,35,40,31,5,0,15,0.6341,118.1891,129.2067
2025-26,CHI,2026-01-24,CHI vs. BOS,BOS,True,W,114,111,3,43,85,0.506,21,45,0.467,7,8,8,36,44,32,2,6,15,0.6294,116.0423,112.9886
2025-26,CHI,2026-01-22,CHI @ MIN,MIN,False,W,120,115,5,38,86,0.442,17,39,0.436,27,33,5,38,43,28,7,1,12,0.5407,113.1435,108.4292
2025-26,CHI,2026-01-20,CHI vs. LAC,LAC,True,W,138,110,28,52,92,0.565,25,47,0.532,9,12,9,33,42,40,10,11,12,0.7011,134.792,107.4429
2025-26,CHI,2026-01-18,CHI vs. BKN,BKN,True,W,124,102,22,49,94,0.521,20,46,0.435,6,9,10,34,44,41,8,5,9,0.6277,130.1427,107.0529
2025-26,CHI,2026-01-16,CHI @ BKN,BKN,False,L,109,112,-3,41,86,0.477,11,35,0.314,16,20,4,37,41,28,10,10,8,0.5407,108.8476,111.8434
2025-26,CHI,2026-01-14,CHI vs. UTA,UTA,True,W,128,126,2,47,92,0.511,17,43,0.395,17,21,13,30,43,36,10,5,13,0.6033,125.4164,123.4568
2025-26,CHI,2026-01-13,CHI @ HOU,HOU,False,L,113,119,-6,41,94,0.436,12,37,0.324,19,23,14,26,40,24,5,3,7,0.5,115.9688,122.1264
2025-26,CHI,2026-01-10,CHI vs. DAL,DAL,True,W,125,107,18,50,97,0.515,15,46,0.326,10,12,11,41,52,31,10,7,16,0.5928,116.6698,99.8693
2025-26,CHI,2026-01-07,CHI @ DET,DET,False,L,93,108,-15,37,87,0.425,13,34,0.382,6,9,15,30,45,27,5,8,17,0.5,98.1634,113.9962
2025-26,CHI,2026-01-05,CHI @ BOS,BOS,False,L,101,115,-14,38,86,0.442,16,46,0.348,9,10,6,39,45,25,2,4,13,0.5349,103.526,117.8762
2025-26,CHI,2026-01-03,CHI vs. CHA,CHA,True,L,99,112,-13,39,87,0.448,11,41,0.268,10,14,6,37,43,32,9,5,11,0.5115,99.8588,112.9716
2025-26,CHI,2026-01-02,CHI vs. ORL,ORL,True,W,121,114,7,45,90,0.5,14,41,0.341,17,19,9,38,47,31,6,5,13,0.5778,118.8605,111.9843
2025-26,CHI,2025-12-31,CHI vs. NOP,NOP,True,W,134,118,16,47,92,0.511,15,43,0.349,25,34,8,41,49,33,5,7,9,0.5924,124.166,109.3403
2025-26,CHI,2025-12-29,CHI vs. MIN,MIN,True,L,101,136,-35,38,93,0.409,13,38,0.342,12,14,10,32,42,25,3,7,17,0.4785,96.1172,129.4252
2025-26,CHI,2025-12-27,CHI vs. MIL,MIL,True,L,103,112,-9,39,93,0.419,13,38,0.342,12,16,16,36,52,28,5,2,15,0.4892,104.7813,113.9369
2025-26,CHI,2025-12-26,CHI vs. PHI,PHI,True,W,109,102,7,38,86,0.442,14,41,0.341,19,25,12,40,52,31,3,6,12,0.5233,110.9076,103.7851
2025-26,CHI,2025-12-23,CHI @ ATL,ATL,False,W,126,123,3,46,91,0.505,13,39,0.333,21,28,9,39,48,35,4,5,16,0.5769,114.483,111.7572
2025-26,CHI,2025-12-21,CHI @ ATL,ATL,False,W,152,150,2,53,92,0.576,20,42,0.476,26,39,11,29,40,41,9,3,12,0.6848,134.3706,132.6025
2025-26,CHI,2025-12-19,CHI @ CLE,CLE,False,W,136,125,11,53,102,0.52,18,47,0.383,12,15,13,35,48,34,12,5,12,0.6078,124.2236,114.1761
2025-26,CHI,2025-12-17,CHI vs. CLE,CLE,True,W,127,111,16,50,89,0.562,14,36,0.389,13,18,6,37,43,35,12,3,16,0.6404,118.7804,103.8159
2025-26,CHI,2025-12-14,CHI vs. NOP,NOP,True,L,104,114,-10,38,92,0.413,13,49,0.265,15,17,13,30,43,26,10,4,13,0.4837,101.7214,111.5023
2025-26,CHI,2025-12-12,CHI @ CHA,CHA,False,W,129,126,3,52,94,0.553,10,28,0.357,15,19,11,33,44,29,3,6,12,0.6064,125.3888,122.4728
2025-26,CHI,2025-12-07,CHI vs. GSW,GSW,True,L,91,123,-32,32,89,0.36,11,40,0.275,16,19,15,23,38,24,12,4,15,0.4213,92.99,125.6898
2025-26,CHI,2025-12-05,CHI vs. IND,IND,True,L,105,120,-15,34,77,0.442,13,35,0.371,24,29,11,35,46,21,7,2,19,0.526,106.7073,121.9512
2025-26,CHI,2025-12-03,CHI vs. BKN,BKN,True,L,103,113,-10,38,90,0.422,7,30,0.233,20,25,11,31,42,20,14,1,16,0.4611,99.1911,108.8213
2025-26,CHI,2025-12-01,CHI @ ORL,ORL,False,L,120,125,-5,44,88,0.5,16,37,0.432,16,22,10,33,43,30,9,4,21,0.5909,110.4972,115.1013
2025-26,CHI,2025-11-29,CHI @ IND,IND,False,L,101,103,-2,39,87,0.448,14,34,0.412,9,16,8,37,45,24,5,3,13,0.5287,101.5688,103.58
2025-26,CHI,2025-11-28,CHI @ CHA,CHA,False,L,116,123,-7,46,97,0.474,8,36,0.222,16,20,10,34,44,31,8,1,11,0.5155,106.2466,112.658
2025-26,CHI,2025-11-24,CHI @ NOP,NOP,False,L,130,143,-13,43,82,0.524,20,50,0.4,24,32,4,29,33,29,4,3,17,0.6463,116.3415,127.9757
2025-26,CHI,2025-11-22,CHI vs. WAS,WAS,True,W,121,120,1,42,100,0.42,12,44,0.273,25,30,17,37,54,26,5,5,10,0.48,114.6919,113.7441
2025-26,CHI,2025-11-21,CHI vs. MIA,MIA,True,L,107,143,-36,37,90,0.411,12,43,0.279,21,28,8,31,39,26,5,13,18,0.4778,94.4062,126.169
2025-26,CHI,2025-11-19,CHI @ POR,POR,False,W,122,121,1,46,96,0.479,21,49,0.429,9,14,7,31,38,36,10,9,16,0.5885,109.7912,108.8913
2025-26,CHI,2025-11-17,CHI @ DEN,DEN,False,W,130,127,3,48,102,0.471,19,53,0.358,15,19,13,40,53,31,5,4,9,0.5637,124.188,121.3221
2025-26,CHI,2025-11-16,CHI @ UTA,UTA,False,L,147,150,-3,49,108,0.454,19,50,0.38,30,32,12,48,60,38,7,10,17,0.5417,116.1504,118.5209
2025-26,CHI,2025-11-12,CHI @ DET,DET,False,L,113,124,-11,41,86,0.477,12,33,0.364,19,28,12,32,44,21,11,6,21,0.5465,106.4231,116.7828
2025-26,CHI,2025-11-10,CHI vs. SAS,SAS,True,L,117,121,-4,41,93,0.441,16,38,0.421,19,23,11,34,45,29,10,4,13,0.5269,111.9617,115.7895
2025-26,CHI,2025-11-08,CHI @ CLE,CLE,False,L,122,128,-6,38,84,0.452,13,29,0.448,33,36,10,39,49,27,8,4,14,0.5298,117.15,122.9115
2025-26,CHI,2025-11-07,CHI @ MIL,MIL,False,L,110,126,-16,44,90,0.489,10,33,0.303,12,16,8,37,45,34,9,3,14,0.5444,104.2852,119.4539
2025-26,CHI,2025-11-04,CHI vs. PHI,PHI,True,W,113,111,2,42,89,0.472,13,34,0.382,16,20,12,36,48,26,11,9,18,0.5449,106.4231,104.5395
2025-26,CHI,2025-11-02,CHI @ NYK,NYK,False,L,116,128,-12,45,93,0.484,17,40,0.425,9,11,12,34,46,28,7,3,14,0.5753,115.125,127.0345
2025-26,CHI,2025-10-31,CHI vs. NYK,NYK,True,W,135,125,10,45,84,0.536,17,37,0.459,28,35,6,35,41,31,8,6,9,0.6369,132.6651,122.8381
2025-26,CHI,2025-10-29,CHI vs. SAC,SAC,True,W,126,113,13,49,91,0.538,14,32,0.438,14,18,12,34,46,34,6,2,16,0.6154,125.149,112.2368
2025-26,CHI,2025-10-27,CHI vs. ATL,ATL,True,W,128,123,5,48,92,0.522,16,43,0.372,16,21,12,39,51,33,5,4,18,0.6087,120.7319,116.0158
2025-26,CHI,2025-10-25,CHI @ ORL,ORL,False,W,110,98,12,39,83,0.47,10,27,0.37,22,29,9,37,46,26,13,2,20,0.5301,103.1508,91.898
2025-26,CHI,2025-10-22,CHI vs. DET,DET,True,W,115,111,4,39,87,0.448,11,30,0.367,26,32,12,38,50,29,6,8,18,0.5115,108.2251,104.4608
2025-26,CLE,2026-04-12,CLE vs. WAS,WAS,True,W,130,117,13,48,89,0.539,18,43,0.419,16,21,17,36,53,31,8,4,20,0.6404,126.4591,113.8132
2025-26,CLE,2026-04-10,CLE @ ATL,ATL,False,L,102,124,-22,39,86,0.453,7,27,0.259,17,18,9,31,40,25,8,6,19,0.4942,98.5888,119.8531
2025-26,CLE,2026-04-08,CLE vs. ATL,ATL,True,W,122,116,6,41,88,0.466,12,33,0.364,28,35,10,37,47,22,6,6,11,0.5341,115.0943,109.434
2025-26,CLE,2026-04-06,CLE @ MEM,MEM,False,W,142,126,16,52,89,0.584,12,32,0.375,26,37,13,35,48,36,12,5,13,0.6517,136.0935,120.7591
2025-26,CLE,2026-04-05,CLE vs. IND,IND,True,W,117,108,9,43,92,0.467,16,47,0.34,15,19,9,37,46,26,8,6,10,0.5543,118.1102,109.0248
2025-26,CLE,2026-04-02,CLE @ GSW,GSW,False,W,118,111,7,42,82,0.512,16,36,0.444,18,26,10,36,46,28,7,1,15,0.6098,117.2729,110.316
2025-26,CLE,2026-03-31,CLE @ LAL,LAL,False,L,113,127,-14,43,87,0.494,13,39,0.333,14,19,11,24,35,26,5,2,14,0.569,114.8374,129.065
2025-26,CLE,2026-03-30,CLE @ UTA,UTA,False,W,122,113,9,47,90,0.522,6,32,0.188,22,27,11,38,49,33,9,7,12,0.5556,119.7958,110.9584
2025-26,CLE,2026-03-27,CLE vs. MIA,MIA,True,W,149,128,21,52,97,0.536,19,41,0.463,26,31,7,39,46,38,9,1,10,0.634,133.4169,114.6132
2025-26,CLE,2026-03-25,CLE vs. MIA,MIA,True,L,103,120,-17,35,81,0.432,12,37,0.324,21,24,8,32,40,26,4,1,14,0.5062,104.4413,121.6792
2025-26,CLE,2026-03-24,CLE vs. ORL,ORL,True,W,136,131,5,49,81,0.605,12,30,0.4,26,29,6,27,33,24,7,4,8,0.679,140.583,135.4145
2025-26,CLE,2026-03-21,CLE @ NOP,NOP,False,W,111,106,5,42,88,0.477,12,39,0.308,15,22,14,41,55,26,6,4,14,0.5455,113.5666,108.451
2025-26,CLE,2026-03-19,CLE @ CHI,CHI,False,W,115,110,5,40,91,0.44,14,41,0.341,21,31,16,38,54,26,11,5,16,0.5165,109.4613,104.7021
2025-26,CLE,2026-03-17,CLE @ MIL,MIL,False,W,123,116,7,42,86,0.488,12,36,0.333,27,34,10,36,46,27,3,4,7,0.5581,126.5172,119.317
2025-26,CLE,2026-03-15,CLE vs. DAL,DAL,True,L,120,130,-10,45,88,0.511,16,41,0.39,14,21,10,28,38,32,5,5,16,0.6023,116.437,126.1401
2025-26,CLE,2026-03-13,CLE @ DAL,DAL,False,W,138,105,33,56,91,0.615,18,38,0.474,8,13,9,36,45,32,12,4,14,0.7143,133.7987,101.8034
2025-26,CLE,2026-03-11,CLE @ ORL,ORL,False,L,122,128,-6,44,89,0.494,17,44,0.386,17,26,12,30,42,24,3,5,10,0.5899,123.4068,129.476
2025-26,CLE,2026-03-09,CLE vs. PHI,PHI,True,W,115,101,14,38,84,0.452,16,44,0.364,23,25,9,32,41,28,4,8,10,0.5476,117.9971,103.6323
2025-26,CLE,2026-03-08,CLE vs. BOS,BOS,True,L,98,109,-11,35,86,0.407,13,45,0.289,15,21,10,32,42,23,4,6,9,0.4826,103.2013,114.7852
2025-26,CLE,2026-03-03,CLE vs. DET,DET,True,W,113,109,4,38,86,0.442,17,46,0.37,20,26,11,27,38,27,7,4,10,0.5407,118.8223,114.6162
2025-26,CLE,2026-03-01,CLE @ BKN,BKN,False,W,106,102,4,34,70,0.486,13,27,0.481,25,37,8,30,38,25,9,7,17,0.5786,109.799,105.6557
2025-26,CLE,2026-02-27,CLE @ DET,DET,False,L,119,122,-3,43,94,0.457,13,35,0.371,20,27,11,30,41,32,10,9,18,0.5266,107.0144,109.7122
2025-26,CLE,2026-02-25,CLE @ MIL,MIL,False,L,116,118,-2,42,87,0.483,12,40,0.3,20,27,16,28,44,28,7,2,11,0.5517,122.6994,124.8149
2025-26,CLE,2026-02-24,CLE vs. NYK,NYK,True,W,109,94,15,37,87,0.425,13,35,0.371,22,30,13,32,45,23,11,6,11,0.5,109.3061,94.2639
2025-26,CLE,2026-02-22,CLE @ OKC,OKC,False,L,113,121,-8,43,89,0.483,13,39,0.333,14,19,12,32,44,28,9,3,17,0.5562,111.6822,119.5889
2025-26,CLE,2026-02-20,CLE @ CHA,CHA,False,W,118,113,5,41,77,0.532,10,21,0.476,26,28,11,28,39,24,10,3,12,0.5974,128.9617,123.4973
2025-26,CLE,2026-02-19,CLE vs. BKN,BKN,True,W,112,84,28,44,86,0.512,12,35,0.343,12,20,8,48,56,27,7,7,14,0.5814,111.5316,83.6487
2025-26,CLE,2026-02-11,CLE vs. WAS,WAS,True,W,138,113,25,45,83,0.542,16,38,0.421,32,37,16,35,51,30,9,8,21,0.6386,130.066,106.5033
2025-26,CLE,2026-02-09,CLE @ DEN,DEN,False,W,119,117,2,43,92,0.467,15,45,0.333,18,22,12,27,39,25,6,7,12,0.5489,116.6209,114.6609
2025-26,CLE,2026-02-07,CLE @ SAC,SAC,False,W,132,126,6,46,88,0.523,11,35,0.314,29,32,9,29,38,30,9,3,12,0.5852,126.9963,121.2238
2025-26,CLE,2026-02-04,CLE @ LAC,LAC,False,W,124,91,33,50,98,0.51,16,41,0.39,8,13,13,31,44,30,17,5,9,0.5918,122.1675,89.6552
2025-26,CLE,2026-02-01,CLE @ POR,POR,False,W,130,111,19,50,91,0.549,16,34,0.471,14,19,10,29,39,41,15,7,14,0.6374,122.2724,104.4018
2025-26,CLE,2026-01-30,CLE @ PHX,PHX,False,L,113,126,-13,45,97,0.464,15,48,0.313,8,11,16,27,43,34,13,2,22,0.5412,105.726,117.8892
2025-26,CLE,2026-01-28,CLE vs. LAL,LAL,True,W,129,99,30,51,97,0.526,17,44,0.386,10,13,14,32,46,32,12,2,10,0.6134,131.8749,101.2063
2025-26,CLE,2026-01-26,CLE vs. ORL,ORL,True,W,114,98,16,42,79,0.532,11,25,0.44,19,27,7,38,45,23,6,5,16,0.6013,114.2972,98.2555
2025-26,CLE,2026-01-24,CLE @ ORL,ORL,False,W,119,105,14,43,81,0.531,15,34,0.441,18,22,8,30,38,27,11,6,17,0.6235,118.5495,104.6025
2025-26,CLE,2026-01-23,CLE vs. SAC,SAC,True,W,123,118,5,44,96,0.458,13,36,0.361,22,27,16,32,48,23,6,6,7,0.526,123.892,118.8558
2025-26,CLE,2026-01-21,CLE @ CHA,CHA,False,W,94,87,7,34,87,0.391,8,40,0.2,18,24,17,43,60,20,6,8,21,0.4368,92.3924,85.5121
2025-26,CLE,2026-01-19,CLE vs. OKC,OKC,True,L,104,136,-32,34,91,0.374,8,35,0.229,28,35,19,35,54,20,8,5,21,0.4176,97.1055,126.9841
2025-26,CLE,2026-01-16,CLE @ PHI,PHI,False,W,117,115,2,44,85,0.518,17,34,0.5,12,17,10,32,42,38,7,5,18,0.6176,118.2774,116.2556
2025-26,CLE,2026-01-14,CLE @ PHI,PHI,False,W,133,107,26,50,95,0.526,20,46,0.435,13,18,12,40,52,41,6,5,16,0.6316,127.6637,102.7069
2025-26,CLE,2026-01-12,CLE vs. UTA,UTA,True,L,112,123,-11,41,92,0.446,17,41,0.415,13,13,6,24,30,33,10,6,14,0.538,105.6404,116.0158
2025-26,CLE,2026-01-10,CLE vs. MIN,MIN,True,W,146,134,12,55,92,0.598,15,31,0.484,21,25,8,23,31,38,10,2,10,0.6793,140.5197,128.9702
2025-26,CLE,2026-01-08,CLE @ MIN,MIN,False,L,122,131,-9,48,91,0.527,11,33,0.333,15,21,9,29,38,31,9,2,13,0.5879,117.4658,126.1313
2025-26,CLE,2026-01-06,CLE @ IND,IND,False,W,120,116,4,49,88,0.557,10,26,0.385,12,18,10,38,48,33,7,6,19,0.6136,112.5281,108.7772
2025-26,CLE,2026-01-04,CLE vs. DET,DET,True,L,110,114,-4,35,80,0.438,14,42,0.333,26,30,11,33,44,23,11,10,17,0.525,106.5685,110.4437
2025-26,CLE,2026-01-02,CLE vs. DEN,DEN,True,W,113,108,5,43,86,0.5,16,39,0.41,11,19,14,41,55,32,6,8,17,0.593,112.3931,107.4199
2025-26,CLE,2025-12-31,CLE vs. PHX,PHX,True,W,129,113,16,48,96,0.5,15,38,0.395,18,22,14,40,54,31,7,9,15,0.5781,120.7187,105.7458
2025-26,CLE,2025-12-29,CLE @ SAS,SAS,False,W,113,101,12,41,96,0.427,13,42,0.31,18,20,10,37,47,29,12,4,14,0.4948,104.8043,93.6746
2025-26,CLE,2025-12-27,CLE @ HOU,HOU,False,L,100,117,-17,41,96,0.427,11,36,0.306,7,11,15,27,42,23,10,6,15,0.4844,101.4816,118.7335
2025-26,CLE,2025-12-25,CLE @ NYK,NYK,False,L,124,126,-2,45,86,0.523,15,34,0.441,19,23,9,36,45,30,7,0,14,0.6105,120.5053,122.449
2025-26,CLE,2025-12-23,CLE vs. NOP,NOP,True,W,141,118,23,56,105,0.533,20,49,0.408,9,11,14,35,49,40,8,6,13,0.6286,130.0498,108.836
2025-26,CLE,2025-12-22,CLE vs. CHA,CHA,True,W,139,132,7,48,87,0.552,24,44,0.545,19,19,5,25,30,36,9,2,13,0.6897,131.5291,124.9054
2025-26,CLE,2025-12-19,CLE vs. CHI,CHI,True,L,125,136,-11,48,101,0.475,14,39,0.359,15,19,13,33,46,31,10,1,15,0.5446,114.1761,124.2236
2025-26,CLE,2025-12-17,CLE @ CHI,CHI,False,L,111,127,-16,42,87,0.483,12,39,0.308,15,18,8,32,40,26,6,3,20,0.5517,103.8159,118.7804
2025-26,CLE,2025-12-14,CLE vs. CHA,CHA,True,L,111,119,-8,38,95,0.4,12,38,0.316,23,29,13,33,46,27,10,3,14,0.4632,100.0,107.2072
2025-26,CLE,2025-12-12,CLE @ WAS,WAS,False,W,130,126,4,41,97,0.423,15,53,0.283,33,36,15,33,48,28,11,1,7,0.5,124.4496,120.6203
2025-26,CLE,2025-12-06,CLE vs. GSW,GSW,True,L,94,99,-5,37,107,0.346,10,42,0.238,10,12,24,37,61,15,7,4,12,0.3925,92.8854,97.8261
2025-26,CLE,2025-12-05,CLE vs. SAS,SAS,True,W,130,117,13,50,86,0.581,8,26,0.308,22,29,9,39,48,32,10,4,15,0.6279,122.5259,110.2733
2025-26,CLE,2025-12-03,CLE vs. POR,POR,True,L,110,122,-12,38,94,0.404,13,52,0.25,21,24,10,35,45,23,9,11,7,0.4734,107.4639,119.1872
2025-26,CLE,2025-12-01,CLE @ IND,IND,False,W,135,119,16,50,98,0.51,14,40,0.35,21,29,19,29,48,27,7,8,9,0.5816,133.6369,117.7985
2025-26,CLE,2025-11-30,CLE vs. BOS,BOS,True,L,115,117,-2,43,94,0.457,20,52,0.385,9,13,16,27,43,28,7,2,14,0.5638,117.6591,119.7053
2025-26,CLE,2025-11-28,CLE @ ATL,ATL,False,L,123,130,-7,44,95,0.463,17,39,0.436,18,20,14,34,48,29,9,4,17,0.5526,113.2388,119.6833
2025-26,CLE,2025-11-24,CLE @ TOR,TOR,False,L,99,110,-11,36,87,0.414,14,48,0.292,13,13,4,33,37,27,11,4,12,0.4943,96.7553,107.5059
2025-26,CLE,2025-11-23,CLE vs. LAC,LAC,True,W,120,105,15,45,87,0.517,17,45,0.378,13,20,8,33,41,28,10,4,14,0.6149,121.6792,106.4693
2025-26,CLE,2025-11-21,CLE vs. IND,IND,True,W,120,109,11,43,89,0.483,13,35,0.371,21,27,14,38,52,28,5,8,14,0.5562,118.0405,107.2201
2025-26,CLE,2025-11-19,CLE vs. HOU,HOU,True,L,104,114,-10,36,81,0.444,12,39,0.308,20,32,10,29,39,20,4,5,12,0.5185,106.1441,116.3503
2025-26,CLE,2025-11-17,CLE vs. MIL,MIL,True,W,118,106,12,44,79,0.557,15,35,0.429,15,21,4,41,45,25,7,5,18,0.6519,112.4666,101.0294
2025-26,CLE,2025-11-15,CLE vs. MEM,MEM,True,W,108,100,8,38,83,0.458,13,40,0.325,19,29,11,38,49,24,7,9,21,0.5361,101.2373,93.7383
2025-26,CLE,2025-11-13,CLE vs. TOR,TOR,True,L,113,126,-13,41,91,0.451,10,41,0.244,21,26,14,23,37,26,7,6,12,0.5055,113.6135,126.6841
2025-26,CLE,2025-11-12,CLE @ MIA,MIA,False,W,130,116,14,45,104,0.433,14,47,0.298,26,31,15,34,49,32,13,10,13,0.5,114.3561,102.0408
2025-26,CLE,2025-11-10,CLE @ MIA,MIA,False,L,138,140,-2,49,120,0.408,21,65,0.323,19,27,26,34,60,26,8,4,10,0.4958,117.9891,119.699
2025-26,CLE,2025-11-08,CLE vs. CHI,CHI,True,W,128,122,6,46,94,0.489,17,46,0.37,19,26,10,29,39,32,6,7,9,0.5798,122.9115,117.15
2025-26,CLE,2025-11-07,CLE @ WAS,WAS,False,W,148,115,33,52,110,0.473,20,45,0.444,24,31,25,32,57,34,15,6,10,0.5636,138.4731,107.5973
2025-26,CLE,2025-11-05,CLE vs. PHI,PHI,True,W,132,121,11,49,92,0.533,18,44,0.409,16,17,10,24,34,33,9,7,15,0.6304,124.7166,114.3235
2025-26,CLE,2025-11-02,CLE vs. ATL,ATL,True,W,117,109,8,40,97,0.412,20,57,0.351,17,18,13,31,44,30,12,4,18,0.5155,107.6753,100.3129
2025-26,CLE,2025-10-31,CLE vs. TOR,TOR,True,L,101,112,-11,36,90,0.4,14,46,0.304,15,23,15,27,42,24,10,10,14,0.4778,101.1619,112.1795
2025-26,CLE,2025-10-29,CLE @ BOS,BOS,False,L,105,125,-20,35,87,0.402,17,52,0.327,18,24,11,31,42,25,6,4,14,0.5,105.9964,126.1861
2025-26,CLE,2025-10-27,CLE @ DET,DET,False,W,116,95,21,39,85,0.459,11,35,0.314,27,35,12,36,48,25,11,4,20,0.5235,106.7747,87.4448
2025-26,CLE,2025-10-26,CLE vs. MIL,MIL,True,W,118,113,5,39,87,0.448,12,40,0.3,28,35,10,34,44,23,10,2,17,0.5172,112.531,107.7627
2025-26,CLE,2025-10-24,CLE @ BKN,BKN,False,W,131,124,7,44,82,0.537,18,42,0.429,25,35,9,27,36,32,14,5,17,0.6463,122.1559,115.6285
2025-26,CLE,2025-10-22,CLE @ NYK,NYK,False,L,111,119,-8,40,86,0.465,19,46,0.413,12,18,4,28,32,21,8,4,15,0.5756,104.8357,112.3914
2025-26,DAL,2026-04-12,DAL vs. CHI,CHI,True,W,149,128,21,52,100,0.52,22,49,0.449,23,27,16,41,57,35,10,5,18,0.63,130.5643,112.1626
2025-26,DAL,2026-04-10,DAL @ SAS,SAS,False,L,120,139,-19,45,98,0.459,15,40,0.375,15,19,14,21,35,26,7,6,7,0.5357,119.2606,138.1435
2025-26,DAL,2026-04-08,DAL @ PHX,PHX,False,L,107,112,-5,37,89,0.416,13,36,0.361,20,22,10,33,43,27,4,5,12,0.4888,108.5413,113.6133
2025-26,DAL,2026-04-07,DAL @ LAC,LAC,False,L,103,116,-13,35,100,0.35,6,33,0.182,27,28,15,39,54,18,9,7,9,0.38,96.4239,108.5939
2025-26,DAL,2026-04-05,DAL vs. LAL,LAL,True,W,134,128,6,46,88,0.523,14,32,0.438,28,36,8,30,38,27,11,5,7,0.6023,128.0092,122.2774
2025-26,DAL,2026-04-03,DAL vs. ORL,ORL,True,L,127,138,-11,44,95,0.463,14,42,0.333,25,31,11,30,41,25,9,5,13,0.5368,114.9737,124.9321
2025-26,DAL,2026-03-31,DAL @ MIL,MIL,False,L,99,123,-24,34,96,0.354,10,36,0.278,21,28,14,36,50,18,12,4,14,0.4062,90.9258,112.9684
2025-26,DAL,2026-03-30,DAL vs. MIN,MIN,True,L,94,124,-30,31,89,0.348,7,29,0.241,25,34,14,39,53,21,6,3,15,0.3876,88.9983,117.402
2025-26,DAL,2026-03-27,DAL @ POR,POR,False,W,100,93,7,36,81,0.444,7,24,0.292,21,30,7,30,37,24,12,5,17,0.4877,95.8222,89.1146
2025-26,DAL,2026-03-25,DAL @ DEN,DEN,False,L,135,142,-7,48,97,0.495,12,35,0.343,27,34,10,32,42,31,3,3,4,0.5567,127.5269,134.1394
2025-26,DAL,2026-03-23,DAL vs. GSW,GSW,True,L,131,137,-6,51,87,0.586,16,36,0.444,13,20,5,21,26,37,13,3,23,0.6782,112.7561,117.9205
2025-26,DAL,2026-03-21,DAL vs. LAC,LAC,True,L,131,138,-7,48,102,0.471,13,34,0.382,22,29,17,30,47,25,5,6,11,0.5343,123.1898,129.7724
2025-26,DAL,2026-03-18,DAL vs. ATL,ATL,True,L,120,135,-15,42,86,0.488,11,28,0.393,25,29,11,32,43,26,8,6,19,0.5523,112.1915,126.2154
2025-26,DAL,2026-03-16,DAL @ NOP,NOP,False,L,111,129,-18,44,104,0.423,14,39,0.359,9,14,13,38,51,27,10,3,12,0.4904,100.398,116.6787
2025-26,DAL,2026-03-15,DAL @ CLE,CLE,False,W,130,120,10,46,87,0.529,15,30,0.5,23,27,9,35,44,35,13,5,13,0.6149,126.1401,116.437
2025-26,DAL,2026-03-13,DAL vs. CLE,CLE,True,L,105,138,-33,38,87,0.437,9,33,0.273,20,24,12,28,40,27,4,3,19,0.4885,101.8034,133.7987
2025-26,DAL,2026-03-12,DAL @ MEM,MEM,False,W,120,112,8,45,93,0.484,11,32,0.344,19,24,21,39,60,25,8,9,20,0.543,116.3693,108.6113
2025-26,DAL,2026-03-10,DAL @ ATL,ATL,False,L,112,124,-12,41,86,0.477,13,32,0.406,17,22,12,31,43,28,6,0,14,0.5523,113.3603,125.5061
2025-26,DAL,2026-03-08,DAL @ TOR,TOR,False,L,92,122,-30,35,88,0.398,5,30,0.167,17,20,13,34,47,22,5,7,19,0.4261,88.6832,117.6017
2025-26,DAL,2026-03-06,DAL @ BOS,BOS,False,L,100,120,-20,38,93,0.409,14,35,0.4,10,12,8,37,45,23,2,5,10,0.4839,99.0688,118.8825
2025-26,DAL,2026-03-05,DAL @ ORL,ORL,False,L,114,115,-1,39,86,0.453,14,32,0.438,22,28,11,33,44,28,6,9,13,0.5349,112.6705,113.6588
2025-26,DAL,2026-03-03,DAL @ CHA,CHA,False,L,90,117,-27,28,74,0.378,3,22,0.136,31,42,7,35,42,19,7,4,15,0.3986,90.525,117.6826
2025-26,DAL,2026-03-01,DAL vs. OKC,OKC,True,L,87,100,-13,33,85,0.388,9,31,0.29,12,16,9,40,49,20,6,1,17,0.4412,86.7225,99.681
2025-26,DAL,2026-02-27,DAL vs. MEM,MEM,True,L,105,124,-19,37,88,0.42,9,32,0.281,22,33,13,33,46,24,4,4,21,0.4716,98.241,116.018
2025-26,DAL,2026-02-26,DAL vs. SAC,SAC,True,L,121,130,-9,45,81,0.556,10,23,0.435,21,34,8,34,42,23,4,3,18,0.6173,116.9308,125.6281
2025-26,DAL,2026-02-24,DAL @ BKN,BKN,False,W,123,114,9,48,82,0.585,8,23,0.348,19,24,10,34,44,26,5,4,16,0.6341,125.2291,116.066
2025-26,DAL,2026-02-22,DAL @ IND,IND,False,W,134,130,4,51,94,0.543,11,28,0.393,21,32,10,35,45,29,9,2,11,0.6011,122.4415,118.7865
2025-26,DAL,2026-02-20,DAL @ MIN,MIN,False,L,111,122,-11,41,97,0.423,8,25,0.32,21,29,15,30,45,21,12,3,12,0.4639,102.7207,112.9002
2025-26,DAL,2026-02-12,DAL @ LAL,LAL,False,L,104,124,-20,39,79,0.494,7,26,0.269,19,25,4,24,28,22,7,1,15,0.538,104.3967,124.473
2025-26,DAL,2026-02-10,DAL @ PHX,PHX,False,L,111,120,-9,37,77,0.481,5,22,0.227,32,44,8,34,42,18,7,5,16,0.513,107.5998,116.3242
2025-26,DAL,2026-02-07,DAL @ SAS,SAS,False,L,125,138,-13,46,105,0.438,15,37,0.405,18,24,12,29,41,35,10,4,7,0.5095,111.4281,123.0166
2025-26,DAL,2026-02-05,DAL vs. SAS,SAS,True,L,123,135,-12,47,97,0.485,12,31,0.387,17,20,7,34,41,23,9,8,9,0.5464,113.4686,124.5387
2025-26,DAL,2026-02-03,DAL vs. BOS,BOS,True,L,100,110,-10,37,89,0.416,9,32,0.281,17,22,13,36,49,21,4,4,9,0.4663,103.6914,114.0606
2025-26,DAL,2026-01-31,DAL @ HOU,HOU,False,L,107,111,-4,41,92,0.446,10,23,0.435,15,26,11,37,48,19,3,4,11,0.5,103.8633,107.7461
2025-26,DAL,2026-01-29,DAL vs. CHA,CHA,True,L,121,123,-2,48,103,0.466,11,33,0.333,14,16,13,37,50,26,7,8,8,0.5194,117.4985,119.4407
2025-26,DAL,2026-01-28,DAL vs. MIN,MIN,True,L,105,118,-13,38,84,0.452,3,18,0.167,26,39,14,36,50,22,6,3,19,0.4702,98.573,110.7773
2025-26,DAL,2026-01-24,DAL vs. LAL,LAL,True,L,110,116,-6,39,94,0.415,10,29,0.345,22,29,11,32,43,22,10,6,11,0.4681,105.0019,110.7293
2025-26,DAL,2026-01-22,DAL vs. GSW,GSW,True,W,123,115,8,43,86,0.5,13,35,0.371,24,30,11,43,54,25,6,6,22,0.5756,111.7572,104.4885
2025-26,DAL,2026-01-19,DAL @ NYK,NYK,False,W,114,97,17,40,82,0.488,15,32,0.469,19,28,7,42,49,25,9,5,17,0.5793,109.5522,93.2155
2025-26,DAL,2026-01-17,DAL vs. UTA,UTA,True,W,138,120,18,49,91,0.538,18,41,0.439,22,36,13,31,44,36,8,2,11,0.6374,133.5656,116.144
2025-26,DAL,2026-01-15,DAL vs. UTA,UTA,True,W,144,122,22,55,97,0.567,19,46,0.413,15,19,9,37,46,37,13,7,13,0.6649,130.6241,110.6676
2025-26,DAL,2026-01-14,DAL vs. DEN,DEN,True,L,109,118,-9,41,93,0.441,5,34,0.147,22,33,13,34,47,16,6,3,6,0.4677,110.5477,119.6755
2025-26,DAL,2026-01-12,DAL vs. BKN,BKN,True,W,113,105,8,43,85,0.506,15,34,0.441,12,16,9,28,37,28,9,3,14,0.5941,115.4003,107.2304
2025-26,DAL,2026-01-10,DAL @ CHI,CHI,False,L,107,125,-18,39,91,0.429,13,35,0.371,16,25,9,33,42,25,7,6,14,0.5,99.8693,116.6698
2025-26,DAL,2026-01-08,DAL @ UTA,UTA,False,L,114,116,-2,44,85,0.518,15,36,0.417,11,13,9,38,47,30,4,2,21,0.6059,112.3817,114.3533
2025-26,DAL,2026-01-06,DAL @ SAC,SAC,False,W,100,98,2,39,96,0.406,8,27,0.296,14,21,15,40,55,19,6,3,17,0.4479,94.4644,92.5751
2025-26,DAL,2026-01-03,DAL vs. HOU,HOU,True,W,110,104,6,44,80,0.55,8,21,0.381,14,18,2,45,47,24,6,10,16,0.6,106.5272,100.7166
2025-26,DAL,2026-01-01,DAL vs. PHI,PHI,True,L,108,123,-15,42,94,0.447,6,28,0.214,18,20,7,32,39,23,8,1,13,0.4787,101.9637,116.1254
2025-26,DAL,2025-12-29,DAL @ POR,POR,False,L,122,125,-3,46,91,0.505,11,32,0.344,19,24,8,33,41,33,6,7,12,0.5659,115.5084,118.3488
2025-26,DAL,2025-12-27,DAL @ SAC,SAC,False,L,107,113,-6,40,87,0.46,13,27,0.481,14,20,11,40,51,23,6,8,21,0.5345,101.7497,107.4553
2025-26,DAL,2025-12-25,DAL @ GSW,GSW,False,L,116,126,-10,49,89,0.551,4,14,0.286,14,21,3,38,41,18,5,5,11,0.573,108.0678,117.384
2025-26,DAL,2025-12-23,DAL vs. DEN,DEN,True,W,131,130,1,53,93,0.57,11,27,0.407,14,15,11,25,36,34,9,2,11,0.629,131.6583,130.6533
2025-26,DAL,2025-12-22,DAL @ NOP,NOP,False,L,113,119,-6,46,104,0.442,10,33,0.303,11,21,18,39,57,29,9,5,17,0.4904,102.6713,108.1228
2025-26,DAL,2025-12-20,DAL @ PHI,PHI,False,L,114,121,-7,45,83,0.542,3,18,0.167,21,22,8,36,44,24,5,7,18,0.5602,110.1449,116.9082
2025-26,DAL,2025-12-18,DAL vs. DET,DET,True,W,116,114,2,40,89,0.449,5,27,0.185,31,36,11,40,51,22,4,15,17,0.4775,101.9153,100.1581
2025-26,DAL,2025-12-15,DAL @ UTA,UTA,False,L,133,140,-7,48,98,0.49,9,27,0.333,28,41,14,40,54,24,6,6,15,0.5357,113.8894,119.8835
2025-26,DAL,2025-12-12,DAL vs. BKN,BKN,True,W,119,111,8,46,94,0.489,10,30,0.333,17,22,9,31,40,33,10,8,14,0.5426,112.7748,105.1933
2025-26,DAL,2025-12-06,DAL vs. HOU,HOU,True,W,122,109,13,49,82,0.598,7,19,0.368,17,20,7,24,31,22,13,4,13,0.6402,126.0852,112.6499
2025-26,DAL,2025-12-05,DAL @ OKC,OKC,False,L,111,132,-21,41,86,0.477,16,37,0.432,13,20,9,26,35,28,2,3,12,0.5698,114.9544,136.7026
2025-26,DAL,2025-12-03,DAL vs. MIA,MIA,True,W,118,108,10,46,91,0.505,16,32,0.5,10,12,10,40,50,31,6,7,15,0.5934,113.8996,104.2471
2025-26,DAL,2025-12-01,DAL @ DEN,DEN,False,W,131,121,10,53,95,0.558,16,31,0.516,9,14,7,36,43,35,4,4,8,0.6421,127.755,118.0027
2025-26,DAL,2025-11-29,DAL @ LAC,LAC,False,W,114,110,4,40,90,0.444,11,39,0.282,23,28,4,33,37,22,15,2,9,0.5056,106.562,102.823
2025-26,DAL,2025-11-28,DAL @ LAL,LAL,False,L,119,129,-10,44,91,0.484,14,32,0.438,17,20,14,25,39,28,8,4,11,0.5604,123.1629,133.5127
2025-26,DAL,2025-11-24,DAL @ MIA,MIA,False,L,102,106,-4,38,97,0.392,12,40,0.3,14,16,15,35,50,22,8,5,16,0.4536,97.3282,101.145
2025-26,DAL,2025-11-22,DAL vs. MEM,MEM,True,L,96,102,-6,35,91,0.385,12,36,0.333,14,16,11,30,41,19,4,9,10,0.4505,101.2658,107.5949
2025-26,DAL,2025-11-21,DAL vs. NOP,NOP,True,W,118,115,3,40,84,0.476,16,43,0.372,22,28,11,36,47,30,9,9,20,0.5714,110.301,107.4967
2025-26,DAL,2025-11-19,DAL vs. NYK,NYK,True,L,111,113,-2,35,85,0.412,16,44,0.364,25,30,10,40,50,23,6,5,18,0.5059,106.9364,108.8632
2025-26,DAL,2025-11-17,DAL @ MIN,MIN,False,L,96,120,-24,34,85,0.4,9,30,0.3,19,31,10,33,43,13,7,4,20,0.4529,87.4158,109.2697
2025-26,DAL,2025-11-16,DAL vs. POR,POR,True,W,138,133,5,48,95,0.505,15,34,0.441,27,40,13,34,47,33,7,9,15,0.5842,119.1298,114.8135
2025-26,DAL,2025-11-14,DAL vs. LAC,LAC,True,L,127,133,-6,44,99,0.444,10,36,0.278,29,38,11,39,50,18,11,7,25,0.4949,99.0022,103.6795
2025-26,DAL,2025-11-12,DAL vs. PHX,PHX,True,L,114,123,-9,43,86,0.5,17,47,0.362,11,17,8,37,45,32,10,10,21,0.5988,107.5878,116.0815
2025-26,DAL,2025-11-10,DAL vs. MIL,MIL,True,L,114,116,-2,37,89,0.416,9,39,0.231,31,41,16,36,52,25,8,8,15,0.4663,107.0222,108.8997
2025-26,DAL,2025-11-08,DAL @ WAS,WAS,False,W,111,105,6,42,93,0.452,6,24,0.25,21,30,16,35,51,26,15,6,13,0.4839,106.5668,100.8065
2025-26,DAL,2025-11-07,DAL @ MEM,MEM,False,L,104,118,-14,42,86,0.488,10,39,0.256,10,16,8,36,44,25,7,6,18,0.5465,99.8272,113.2655
2025-26,DAL,2025-11-05,DAL vs. NOP,NOP,True,L,99,101,-2,37,89,0.416,10,32,0.313,15,20,10,34,44,18,11,7,15,0.4719,97.6139,99.5859
2025-26,DAL,2025-11-03,DAL @ HOU,HOU,False,L,102,110,-8,40,89,0.449,9,36,0.25,13,20,10,30,40,30,12,6,15,0.5,98.5507,106.2802
2025-26,DAL,2025-11-01,DAL @ DET,DET,False,L,110,122,-12,34,80,0.425,16,45,0.356,26,31,7,36,43,23,3,3,15,0.525,109.127,121.0317
2025-26,DAL,2025-10-29,DAL vs. IND,IND,True,W,107,105,2,36,79,0.456,5,24,0.208,30,37,7,40,47,21,4,7,19,0.4873,97.0082,95.1949
2025-26,DAL,2025-10-27,DAL vs. OKC,OKC,True,L,94,101,-7,33,87,0.379,12,39,0.308,16,22,6,30,36,20,6,4,9,0.4483,94.2828,101.3039
2025-26,DAL,2025-10-26,DAL vs. TOR,TOR,True,W,139,129,10,50,85,0.588,10,26,0.385,29,39,12,37,49,32,12,7,20,0.6471,124.8204,115.8405
2025-26,DAL,2025-10-24,DAL vs. WAS,WAS,True,L,107,117,-10,38,88,0.432,10,34,0.294,21,27,9,39,48,23,11,5,21,0.4886,96.553,105.5766
2025-26,DAL,2025-10-22,DAL vs. SAS,SAS,True,L,92,125,-33,31,83,0.373,9,21,0.429,21,26,9,28,37,20,5,3,16,0.4277,89.8613,122.0942
2025-26,DEN,2026-04-12,DEN @ SAS,SAS,False,W,128,118,10,50,100,0.5,11,30,0.367,17,22,19,39,58,30,4,5,12,0.555,125.1222,115.347
2025-26,DEN,2026-04-10,DEN vs. OKC,OKC,True,W,127,107,20,47,93,0.505,21,43,0.488,12,13,10,39,49,28,10,7,17,0.6183,122.1154,102.8846
2025-26,DEN,2026-04-08,DEN vs. MEM,MEM,True,W,136,119,17,53,90,0.589,14,36,0.389,16,21,9,43,52,31,6,5,12,0.6667,135.7556,118.7862
2025-26,DEN,2026-04-06,DEN vs. POR,POR,True,W,137,132,5,52,101,0.515,12,38,0.316,21,24,17,28,45,37,10,5,12,0.5743,127.513,122.8593
2025-26,DEN,2026-04-04,DEN vs. SAS,SAS,True,W,136,134,2,49,101,0.485,19,46,0.413,19,22,8,36,44,34,5,6,6,0.5792,123.3225,121.5089
2025-26,DEN,2026-04-01,DEN @ UTA,UTA,False,W,130,117,13,44,91,0.484,16,39,0.41,26,31,12,41,53,30,9,4,14,0.5714,122.2724,110.0451
2025-26,DEN,2026-03-29,DEN vs. GSW,GSW,True,W,116,93,23,43,86,0.5,19,40,0.475,11,12,6,34,40,31,11,4,12,0.6105,121.3897,97.3211
2025-26,DEN,2026-03-27,DEN vs. UTA,UTA,True,W,135,129,6,45,95,0.474,19,48,0.396,26,32,15,35,50,34,5,4,15,0.5737,126.4993,120.8771
2025-26,DEN,2026-03-25,DEN vs. DAL,DAL,True,W,142,135,7,50,89,0.562,19,38,0.5,23,29,5,40,45,36,1,1,9,0.6685,134.1394,127.5269
2025-26,DEN,2026-03-24,DEN @ PHX,PHX,False,W,125,123,2,45,88,0.511,13,32,0.406,22,30,14,36,50,35,2,2,10,0.5852,127.8903,125.8441
2025-26,DEN,2026-03-22,DEN vs. POR,POR,True,W,128,112,16,49,90,0.544,18,46,0.391,12,13,5,37,42,37,6,3,11,0.6444,126.2576,110.4754
2025-26,DEN,2026-03-20,DEN vs. TOR,TOR,True,W,121,115,6,44,81,0.543,14,30,0.467,19,25,9,29,38,26,5,2,10,0.6296,128.6413,122.2624
2025-26,DEN,2026-03-18,DEN @ MEM,MEM,False,L,118,125,-7,44,90,0.489,13,36,0.361,17,22,7,39,46,34,6,5,19,0.5611,106.4214,112.7345
2025-26,DEN,2026-03-17,DEN vs. PHI,PHI,True,W,124,96,28,43,86,0.5,16,33,0.485,22,31,9,44,53,35,5,2,14,0.593,118.5242,91.7607
2025-26,DEN,2026-03-14,DEN @ LAL,LAL,False,L,125,127,-2,44,95,0.463,19,49,0.388,18,22,7,34,41,33,13,5,16,0.5632,109.5914,111.3449
2025-26,DEN,2026-03-12,DEN @ SAS,SAS,False,W,136,131,5,44,88,0.5,12,36,0.333,36,38,7,40,47,27,8,4,10,0.5682,126.6294,121.9739
2025-26,DEN,2026-03-11,DEN vs. HOU,HOU,True,W,129,93,36,48,87,0.552,17,32,0.531,16,22,8,34,42,36,12,4,10,0.6494,127.824,92.1522
2025-26,DEN,2026-03-09,DEN @ OKC,OKC,False,L,126,129,-3,45,98,0.459,15,37,0.405,21,29,16,40,56,29,3,3,8,0.5357,122.9268,125.8537
2025-26,DEN,2026-03-06,DEN vs. NYK,NYK,True,L,103,142,-39,37,83,0.446,8,40,0.2,21,30,8,23,31,30,6,1,15,0.494,100.7631,138.9161
2025-26,DEN,2026-03-05,DEN vs. LAL,LAL,True,W,120,113,7,39,75,0.52,14,31,0.452,28,31,7,34,41,27,3,1,18,0.6133,121.6792,114.5812
2025-26,DEN,2026-03-02,DEN @ UTA,UTA,False,W,128,125,3,40,74,0.541,16,39,0.41,32,35,8,30,38,25,4,2,15,0.6486,131.3899,128.3104
2025-26,DEN,2026-03-01,DEN vs. MIN,MIN,True,L,108,117,-9,41,85,0.482,6,22,0.273,20,27,11,33,44,21,2,4,14,0.5176,107.8706,116.8598
2025-26,DEN,2026-02-27,DEN @ OKC,OKC,False,L,121,127,-6,43,103,0.417,18,48,0.375,17,22,11,40,51,27,10,6,18,0.5049,103.1719,108.2879
2025-26,DEN,2026-02-25,DEN vs. BOS,BOS,True,W,103,84,19,39,93,0.419,15,43,0.349,10,18,14,40,54,28,4,4,9,0.5,107.3812,87.573
2025-26,DEN,2026-02-22,DEN @ GSW,GSW,False,L,117,128,-11,42,91,0.462,8,31,0.258,25,29,14,30,44,25,13,3,17,0.5055,108.817,119.0476
2025-26,DEN,2026-02-20,DEN @ POR,POR,False,W,157,103,54,55,96,0.573,21,41,0.512,26,32,13,47,60,41,12,3,16,0.6823,141.5435,92.8597
2025-26,DEN,2026-02-19,DEN @ LAC,LAC,False,L,114,115,-1,39,86,0.453,13,40,0.325,23,31,6,39,45,29,8,2,17,0.5291,104.664,105.5821
2025-26,DEN,2026-02-11,DEN vs. MEM,MEM,True,W,122,116,6,43,81,0.531,10,22,0.455,26,32,9,37,46,29,2,1,15,0.5926,122.4162,116.3957
2025-26,DEN,2026-02-09,DEN vs. CLE,CLE,True,L,117,119,-2,38,85,0.447,13,40,0.325,28,35,12,34,46,25,9,1,14,0.5235,114.6609,116.6209
2025-26,DEN,2026-02-07,DEN @ CHI,CHI,False,W,136,120,16,49,85,0.576,16,33,0.485,22,33,11,30,41,37,7,7,14,0.6706,130.5684,115.2074
2025-26,DEN,2026-02-04,DEN @ NYK,NYK,False,L,127,134,-7,46,105,0.438,13,50,0.26,22,27,15,36,51,29,8,3,16,0.5,110.8009,116.908
2025-26,DEN,2026-02-03,DEN @ DET,DET,False,L,121,124,-3,37,83,0.446,10,30,0.333,37,43,12,31,43,20,7,10,10,0.506,118.5577,121.4972
2025-26,DEN,2026-02-01,DEN vs. OKC,OKC,True,L,111,121,-10,39,79,0.494,16,35,0.457,17,24,8,31,39,29,9,4,18,0.5949,112.4392,122.5689
2025-26,DEN,2026-01-30,DEN vs. LAC,LAC,True,W,122,109,13,40,73,0.548,16,28,0.571,26,32,7,36,43,30,7,4,13,0.6575,130.9575,117.003
2025-26,DEN,2026-01-29,DEN vs. BKN,BKN,True,W,107,103,4,38,80,0.475,13,26,0.5,18,25,7,34,41,24,6,4,7,0.5562,119.6065,115.1353
2025-26,DEN,2026-01-27,DEN vs. DET,DET,True,L,107,109,-2,40,84,0.476,10,29,0.345,17,23,13,36,49,22,4,9,15,0.5357,111.4351,113.518
2025-26,DEN,2026-01-23,DEN @ MIL,MIL,False,W,102,100,2,35,87,0.402,12,41,0.293,20,23,6,41,47,27,8,3,8,0.4713,104.0816,102.0408
2025-26,DEN,2026-01-22,DEN @ WAS,WAS,False,W,107,97,10,37,83,0.446,9,26,0.346,24,26,11,35,46,22,9,6,14,0.5,111.4583,101.0417
2025-26,DEN,2026-01-20,DEN vs. LAL,LAL,True,L,107,115,-8,39,87,0.448,15,37,0.405,14,19,5,26,31,27,6,7,5,0.5345,109.4965,117.6832
2025-26,DEN,2026-01-18,DEN vs. CHA,CHA,True,L,87,110,-23,32,79,0.405,8,38,0.211,15,18,8,21,29,21,7,5,8,0.4557,97.4026,123.1527
2025-26,DEN,2026-01-17,DEN vs. WAS,WAS,True,W,121,115,6,45,85,0.529,14,35,0.4,17,23,4,34,38,31,7,4,13,0.6118,116.976,111.1756
2025-26,DEN,2026-01-14,DEN @ DAL,DAL,False,W,118,109,9,42,85,0.494,16,38,0.421,18,22,7,32,39,21,4,1,9,0.5882,119.6755,110.5477
2025-26,DEN,2026-01-13,DEN @ NOP,NOP,False,W,122,116,6,41,84,0.488,14,35,0.4,26,32,5,27,32,24,8,3,7,0.5714,122.7858,116.7472
2025-26,DEN,2026-01-11,DEN vs. MIL,MIL,True,W,108,104,4,35,87,0.402,14,35,0.4,24,31,10,35,45,23,5,5,9,0.4828,111.0883,106.9739
2025-26,DEN,2026-01-09,DEN vs. ATL,ATL,True,L,87,110,-23,30,72,0.417,11,32,0.344,16,20,4,40,44,22,6,2,19,0.4931,89.8946,113.6598
2025-26,DEN,2026-01-07,DEN @ BOS,BOS,False,W,114,110,4,39,87,0.448,20,44,0.455,16,24,12,27,39,27,7,8,9,0.5632,120.5329,116.3037
2025-26,DEN,2026-01-05,DEN @ PHI,PHI,False,W,125,124,1,43,81,0.531,18,37,0.486,21,28,7,31,38,26,6,6,19,0.642,118.1028,117.158
2025-26,DEN,2026-01-04,DEN @ BKN,BKN,False,L,115,127,-12,41,85,0.482,11,31,0.355,22,28,8,25,33,29,4,5,10,0.5471,118.1912,130.5242
2025-26,DEN,2026-01-02,DEN @ CLE,CLE,False,L,108,113,-5,40,94,0.426,17,47,0.362,11,13,5,27,32,26,8,3,9,0.516,107.4199,112.3931
2025-26,DEN,2025-12-31,DEN @ TOR,TOR,False,W,106,103,3,34,80,0.425,10,34,0.294,28,34,9,38,47,17,5,5,11,0.4875,107.5051,104.4625
2025-26,DEN,2025-12-29,DEN @ MIA,MIA,False,L,123,147,-24,47,89,0.528,11,31,0.355,18,22,6,30,36,29,5,4,10,0.5899,118.9555,142.1663
2025-26,DEN,2025-12-27,DEN @ ORL,ORL,False,L,126,127,-1,44,86,0.512,11,29,0.379,27,30,15,34,49,27,5,3,16,0.5756,124.4567,125.4445
2025-26,DEN,2025-12-25,DEN vs. MIN,MIN,True,W,142,138,4,47,101,0.465,19,43,0.442,29,32,11,34,45,31,6,5,17,0.5594,117.2197,113.9178
2025-26,DEN,2025-12-23,DEN @ DAL,DAL,False,L,130,131,-1,50,87,0.575,20,41,0.488,10,10,7,27,34,39,8,1,15,0.6897,130.6533,131.6583
2025-26,DEN,2025-12-22,DEN vs. UTA,UTA,True,W,135,112,23,46,92,0.5,24,47,0.511,19,25,9,42,51,37,8,7,11,0.6304,127.1426,105.4813
2025-26,DEN,2025-12-20,DEN vs. HOU,HOU,True,L,101,115,-14,37,92,0.402,8,29,0.276,19,23,10,29,39,21,9,2,11,0.4457,100.8789,114.8622
2025-26,DEN,2025-12-18,DEN vs. ORL,ORL,True,W,126,115,11,49,88,0.557,16,36,0.444,12,15,5,35,40,31,7,3,15,0.6477,122.9028,112.1732
2025-26,DEN,2025-12-15,DEN vs. HOU,HOU,True,W,128,125,3,43,85,0.506,15,34,0.441,27,33,7,31,38,24,10,4,11,0.5941,120.7775,117.9468
2025-26,DEN,2025-12-11,DEN @ SAC,SAC,False,W,136,105,31,52,88,0.591,12,29,0.414,20,29,10,36,46,35,9,0,12,0.6591,132.1158,102.0012
2025-26,DEN,2025-12-07,DEN @ CHA,CHA,False,W,115,106,9,43,83,0.518,13,35,0.371,16,22,5,30,35,29,8,2,10,0.5964,117.3949,108.2074
2025-26,DEN,2025-12-05,DEN @ ATL,ATL,False,W,134,133,1,47,89,0.528,16,37,0.432,24,30,9,33,42,28,9,6,12,0.618,127.4734,126.5221
2025-26,DEN,2025-12-03,DEN @ IND,IND,False,W,135,120,15,49,83,0.59,17,28,0.607,20,26,5,33,38,23,6,5,11,0.6928,136.226,121.0898
2025-26,DEN,2025-12-01,DEN vs. DAL,DAL,True,L,121,131,-10,47,99,0.475,12,37,0.324,15,18,12,35,47,37,5,5,8,0.5354,118.0027,127.755
2025-26,DEN,2025-11-29,DEN @ PHX,PHX,False,W,130,112,18,44,76,0.579,22,38,0.579,20,21,10,30,40,36,2,5,17,0.7237,138.5337,119.3521
2025-26,DEN,2025-11-28,DEN vs. SAS,SAS,True,L,136,139,-3,48,91,0.527,16,39,0.41,24,30,14,30,44,27,5,5,17,0.6154,128.1327,130.9591
2025-26,DEN,2025-11-24,DEN @ MEM,MEM,False,W,125,115,10,46,91,0.505,22,43,0.512,11,14,14,32,46,32,5,3,14,0.6264,127.0583,116.8937
2025-26,DEN,2025-11-22,DEN vs. SAC,SAC,True,L,123,128,-5,45,92,0.489,14,37,0.378,19,23,11,27,38,28,1,3,13,0.5652,121.0392,125.9595
2025-26,DEN,2025-11-21,DEN @ HOU,HOU,False,W,112,109,3,40,76,0.526,11,29,0.379,21,27,11,27,38,28,8,7,15,0.5987,116.8614,113.7312
2025-26,DEN,2025-11-19,DEN @ NOP,NOP,False,W,125,118,7,46,83,0.554,11,31,0.355,22,27,9,32,41,35,8,1,20,0.6205,117.636,111.0484
2025-26,DEN,2025-11-17,DEN vs. CHI,CHI,True,L,127,130,-3,46,97,0.474,14,36,0.389,21,25,13,40,53,21,6,5,8,0.5464,121.3221,124.188
2025-26,DEN,2025-11-15,DEN @ MIN,MIN,False,W,123,112,11,39,83,0.47,14,29,0.483,31,38,10,37,47,29,9,6,13,0.5542,119.5103,108.8224
2025-26,DEN,2025-11-12,DEN @ LAC,LAC,False,W,130,116,14,44,84,0.524,13,34,0.382,29,35,11,31,42,22,9,3,12,0.6012,132.1407,117.9101
2025-26,DEN,2025-11-11,DEN @ SAC,SAC,False,W,122,108,14,44,86,0.512,13,33,0.394,21,27,15,33,48,24,6,2,13,0.5872,127.0833,112.5
2025-26,DEN,2025-11-08,DEN vs. IND,IND,True,W,117,100,17,45,93,0.484,8,27,0.296,19,23,15,40,55,32,8,2,18,0.5269,111.3861,95.2018
2025-26,DEN,2025-11-07,DEN vs. GSW,GSW,True,W,129,104,25,46,82,0.561,16,33,0.485,21,25,7,34,41,34,8,4,9,0.6585,134.6555,108.5595
2025-26,DEN,2025-11-05,DEN vs. MIA,MIA,True,W,122,112,10,43,101,0.426,11,40,0.275,25,28,21,40,61,33,10,4,17,0.4802,112.7959,103.5503
2025-26,DEN,2025-11-03,DEN vs. SAC,SAC,True,W,130,124,6,50,97,0.515,12,38,0.316,18,24,8,32,40,33,9,5,8,0.5773,120.6161,115.0492
2025-26,DEN,2025-10-31,DEN @ POR,POR,False,L,107,109,-2,38,79,0.481,6,25,0.24,25,31,10,36,46,19,6,7,19,0.519,105.2735,107.2412
2025-26,DEN,2025-10-29,DEN vs. NOP,NOP,True,W,122,88,34,48,90,0.533,14,42,0.333,12,14,13,43,56,40,6,4,14,0.6111,124.5406,89.8326
2025-26,DEN,2025-10-27,DEN @ MIN,MIN,False,W,127,114,13,46,88,0.523,13,26,0.5,22,25,10,36,46,24,5,4,14,0.5966,121.6708,109.2163
2025-26,DEN,2025-10-25,DEN vs. PHX,PHX,True,W,133,111,22,43,84,0.512,9,31,0.29,38,42,11,32,43,31,14,1,16,0.5655,124.7889,104.1471
2025-26,DEN,2025-10-23,DEN @ GSW,GSW,False,L,131,137,-6,51,95,0.537,16,40,0.4,13,14,7,36,43,32,8,4,13,0.6211,121.2065,126.758
2025-26,DET,2026-04-12,DET @ IND,IND,False,W,133,121,12,50,89,0.562,15,33,0.455,18,22,12,36,48,35,12,6,18,0.6461,125.7802,114.4316
2025-26,DET,2026-04-10,DET @ CHA,CHA,False,W,118,100,18,45,89,0.506,9,27,0.333,19,26,16,33,49,29,13,8,15,0.5562,118.2602,100.2205
2025-26,DET,2026-04-08,DET vs. MIL,MIL,True,W,137,111,26,48,84,0.571,14,30,0.467,27,30,15,31,46,38,9,10,12,0.6548,140.1391,113.5434
2025-26,DET,2026-04-06,DET @ ORL,ORL,False,L,107,123,-16,42,85,0.494,10,30,0.333,13,19,8,27,35,32,10,7,21,0.5529,100.0187,114.9748
2025-26,DET,2026-04-04,DET @ PHI,PHI,False,W,116,93,23,43,87,0.494,11,28,0.393,19,24,16,29,45,33,12,4,12,0.5575,124.7849,100.043
2025-26,DET,2026-04-02,DET vs. MIN,MIN,True,W,113,108,5,41,86,0.477,10,23,0.435,21,29,9,39,48,29,7,7,15,0.5349,107.231,102.4862
2025-26,DET,2026-03-31,DET vs. TOR,TOR,True,W,127,116,11,44,73,0.603,13,23,0.565,26,30,7,27,34,33,7,5,21,0.6918,125.2218,114.3759
2025-26,DET,2026-03-30,DET @ OKC,OKC,False,L,110,114,-4,41,97,0.423,16,43,0.372,12,23,15,31,46,30,12,8,16,0.5052,102.2305,105.948
2025-26,DET,2026-03-28,DET @ MIN,MIN,False,W,109,87,22,43,82,0.524,10,26,0.385,13,17,10,42,52,28,11,9,20,0.5854,108.4577,86.5672
2025-26,DET,2026-03-26,DET vs. NOP,NOP,True,W,129,108,21,48,85,0.565,15,28,0.536,18,23,8,37,45,34,9,6,19,0.6529,122.4606,102.5252
2025-26,DET,2026-03-25,DET vs. ATL,ATL,True,L,129,130,-1,52,102,0.51,9,33,0.273,16,19,14,29,43,33,12,5,14,0.5539,114.7483,115.6378
2025-26,DET,2026-03-23,DET vs. LAL,LAL,True,W,113,110,3,40,88,0.455,11,26,0.423,22,24,11,26,37,31,6,4,11,0.517,115.7787,112.7049
2025-26,DET,2026-03-20,DET vs. GSW,GSW,True,W,115,101,14,45,86,0.523,5,21,0.238,20,29,9,26,35,29,16,4,15,0.5523,110.4707,97.0221
2025-26,DET,2026-03-19,DET @ WAS,WAS,False,W,117,95,22,44,97,0.454,9,30,0.3,20,26,17,39,56,32,11,8,10,0.5,116.0024,94.19
2025-26,DET,2026-03-17,DET @ WAS,WAS,False,W,130,117,13,46,90,0.511,11,27,0.407,27,32,16,34,50,31,8,4,13,0.5722,127.8018,115.0216
2025-26,DET,2026-03-15,DET @ TOR,TOR,False,L,108,119,-11,41,85,0.482,10,26,0.385,16,24,13,26,39,23,6,5,13,0.5412,112.0564,123.4696
2025-26,DET,2026-03-13,DET vs. MEM,MEM,True,W,126,110,16,50,92,0.543,12,35,0.343,14,18,19,33,52,36,12,6,19,0.6087,123.8451,108.1187
2025-26,DET,2026-03-12,DET vs. PHI,PHI,True,W,131,109,22,48,89,0.539,14,35,0.4,21,22,10,30,40,37,10,7,17,0.618,124.0295,103.2002
2025-26,DET,2026-03-10,DET @ BKN,BKN,False,W,138,100,38,48,85,0.565,16,31,0.516,26,34,10,30,40,36,12,3,9,0.6588,141.5966,102.6062
2025-26,DET,2026-03-08,DET @ MIA,MIA,False,L,110,121,-11,40,90,0.444,11,37,0.297,19,24,13,26,39,26,5,12,12,0.5056,108.6098,119.4708
2025-26,DET,2026-03-07,DET vs. BKN,BKN,True,L,105,107,-2,36,85,0.424,10,26,0.385,23,31,11,26,37,21,14,6,14,0.4824,103.981,105.9616
2025-26,DET,2026-03-05,DET @ SAS,SAS,False,L,106,121,-15,35,87,0.402,12,28,0.429,24,30,14,30,44,20,4,4,10,0.4713,109.0535,124.4856
2025-26,DET,2026-03-03,DET @ CLE,CLE,False,L,109,113,-4,39,77,0.506,9,24,0.375,22,29,10,34,44,29,9,7,14,0.5649,114.6162,118.8223
2025-26,DET,2026-03-01,DET @ ORL,ORL,False,W,106,92,14,42,93,0.452,4,30,0.133,18,24,14,42,56,24,14,6,14,0.4731,104.044,90.3023
2025-26,DET,2026-02-27,DET vs. CLE,CLE,True,W,122,119,3,46,100,0.46,6,27,0.222,24,33,21,35,56,26,14,6,16,0.49,109.7122,107.0144
2025-26,DET,2026-02-25,DET vs. OKC,OKC,True,W,124,116,8,48,89,0.539,9,27,0.333,19,26,16,36,52,29,9,12,17,0.5899,118.8422,111.175
2025-26,DET,2026-02-23,DET vs. SAS,SAS,True,L,103,114,-11,40,106,0.377,7,36,0.194,16,19,20,35,55,21,7,8,16,0.4104,93.7557,103.7684
2025-26,DET,2026-02-21,DET @ CHI,CHI,False,W,126,110,16,51,105,0.486,13,29,0.448,11,15,13,37,50,34,12,6,14,0.5476,113.4318,99.0277
2025-26,DET,2026-02-19,DET @ NYK,NYK,False,W,126,111,15,48,93,0.516,13,30,0.433,17,20,11,33,44,30,9,8,15,0.586,122.2589,107.7042
2025-26,DET,2026-02-11,DET @ TOR,TOR,False,W,113,95,18,41,89,0.461,14,34,0.412,17,25,17,30,47,24,10,8,16,0.5393,118.8723,99.9369
2025-26,DET,2026-02-09,DET @ CHA,CHA,False,W,110,104,6,41,87,0.471,5,25,0.2,23,28,14,27,41,20,12,3,10,0.5,112.9363,106.7762
2025-26,DET,2026-02-06,DET vs. NYK,NYK,True,W,118,80,38,44,83,0.53,17,40,0.425,13,15,8,36,44,31,10,6,13,0.6325,124.8149,84.6203
2025-26,DET,2026-02-05,DET vs. WAS,WAS,True,L,117,126,-9,41,88,0.466,9,33,0.273,26,33,14,33,47,22,11,5,15,0.517,112.2625,120.8981
2025-26,DET,2026-02-03,DET vs. DEN,DEN,True,W,124,121,3,43,94,0.457,12,29,0.414,26,30,12,31,43,27,9,4,9,0.5213,121.4972,118.5577
2025-26,DET,2026-02-01,DET vs. BKN,BKN,True,W,130,77,53,48,85,0.565,12,32,0.375,22,29,5,38,43,33,17,6,8,0.6353,129.5853,76.7544
2025-26,DET,2026-01-30,DET @ GSW,GSW,False,W,131,124,7,46,95,0.484,10,26,0.385,29,36,15,38,53,31,13,3,16,0.5368,116.8391,110.5958
2025-26,DET,2026-01-29,DET @ PHX,PHX,False,L,96,114,-18,37,87,0.425,6,29,0.207,16,21,9,28,37,26,8,2,9,0.4598,98.9691,117.5258
2025-26,DET,2026-01-27,DET @ DEN,DEN,False,W,109,107,2,44,94,0.468,6,31,0.194,15,18,13,28,41,24,10,3,7,0.5,113.518,111.4351
2025-26,DET,2026-01-25,DET vs. SAC,SAC,True,W,139,116,23,50,91,0.549,16,31,0.516,23,28,16,27,43,31,15,5,19,0.6374,132.6083,110.6659
2025-26,DET,2026-01-23,DET vs. HOU,HOU,True,L,104,111,-7,40,84,0.476,7,32,0.219,17,24,9,26,35,22,9,4,17,0.5179,104.1249,111.1334
2025-26,DET,2026-01-21,DET @ NOP,NOP,False,W,112,104,8,39,88,0.443,15,39,0.385,19,24,13,34,47,26,12,8,20,0.5284,106.7887,99.1609
2025-26,DET,2026-01-19,DET vs. BOS,BOS,True,W,104,103,1,38,88,0.432,11,35,0.314,17,23,9,32,41,24,9,9,8,0.4943,107.5936,106.5591
2025-26,DET,2026-01-17,DET vs. IND,IND,True,W,121,78,43,46,93,0.495,16,34,0.471,13,19,7,44,51,32,15,6,19,0.5806,108.4035,69.8799
2025-26,DET,2026-01-15,DET vs. PHX,PHX,True,W,108,105,3,38,81,0.469,9,32,0.281,23,37,14,40,54,25,10,7,17,0.5247,106.2574,103.3058
2025-26,DET,2026-01-10,DET vs. LAC,LAC,True,L,92,98,-6,33,83,0.398,8,35,0.229,18,25,16,31,47,21,18,13,25,0.4458,89.8262,95.6844
2025-26,DET,2026-01-07,DET vs. CHI,CHI,True,W,108,93,15,45,92,0.489,12,33,0.364,6,8,8,31,39,35,10,8,9,0.5543,113.9962,98.1634
2025-26,DET,2026-01-05,DET vs. NYK,NYK,True,W,121,90,31,47,86,0.547,16,31,0.516,11,16,14,30,44,25,12,11,16,0.6395,125.9105,93.6524
2025-26,DET,2026-01-04,DET @ CLE,CLE,False,W,114,110,4,39,95,0.411,15,40,0.375,21,21,14,31,45,25,11,9,17,0.4895,110.4437,106.5685
2025-26,DET,2026-01-01,DET vs. MIA,MIA,True,L,112,118,-6,38,80,0.475,9,26,0.346,27,31,6,34,40,25,11,9,21,0.5312,101.1561,106.5751
2025-26,DET,2025-12-30,DET @ LAL,LAL,False,W,128,106,22,48,76,0.632,11,24,0.458,21,29,6,31,37,30,12,4,20,0.7039,122.8407,101.7274
2025-26,DET,2025-12-28,DET @ LAC,LAC,False,L,99,112,-13,34,82,0.415,7,29,0.241,24,28,15,30,45,18,9,6,13,0.4573,107.5619,121.6862
2025-26,DET,2025-12-26,DET @ UTA,UTA,False,L,129,131,-2,48,92,0.522,18,37,0.486,15,23,10,31,41,38,11,10,17,0.6196,119.6883,121.5439
2025-26,DET,2025-12-23,DET @ SAC,SAC,False,W,136,127,9,51,95,0.537,14,32,0.438,20,28,16,26,42,38,9,8,15,0.6105,130.3931,121.7641
2025-26,DET,2025-12-22,DET @ POR,POR,False,W,110,102,8,44,101,0.436,7,30,0.233,15,24,22,26,48,28,11,7,10,0.4703,108.6527,100.7507
2025-26,DET,2025-12-20,DET vs. CHA,CHA,True,W,112,86,26,41,93,0.441,6,28,0.214,24,32,17,44,61,23,16,10,20,0.4731,101.8737,78.2245
2025-26,DET,2025-12-18,DET @ DAL,DAL,False,L,114,116,-2,47,122,0.385,6,33,0.182,14,20,26,36,62,26,11,4,12,0.4098,100.1581,101.9153
2025-26,DET,2025-12-15,DET @ BOS,BOS,False,W,112,105,7,41,89,0.461,13,36,0.361,17,25,12,27,39,21,9,3,11,0.5337,112.6307,105.5913
2025-26,DET,2025-12-12,DET vs. ATL,ATL,True,W,142,115,27,53,91,0.582,12,29,0.414,24,29,10,30,40,34,16,6,14,0.6484,133.0834,107.7788
2025-26,DET,2025-12-06,DET vs. MIL,MIL,True,W,124,112,12,43,86,0.5,15,40,0.375,23,31,16,37,53,31,5,4,16,0.5872,124.7987,112.7214
2025-26,DET,2025-12-05,DET vs. POR,POR,True,W,122,116,6,38,82,0.463,10,24,0.417,36,48,13,24,37,24,8,7,14,0.5244,118.1484,112.3378
2025-26,DET,2025-12-03,DET @ MIL,MIL,False,L,109,113,-4,38,95,0.4,14,43,0.326,19,24,13,31,44,25,8,5,15,0.4737,105.4159,109.2843
2025-26,DET,2025-12-01,DET vs. ATL,ATL,True,W,99,98,1,38,86,0.442,5,26,0.192,18,24,18,42,60,18,11,9,23,0.4709,97.3451,96.3618
2025-26,DET,2025-11-29,DET @ MIA,MIA,False,W,138,135,3,55,93,0.591,11,26,0.423,17,23,11,32,43,29,11,3,21,0.6505,122.5142,119.8509
2025-26,DET,2025-11-28,DET vs. ORL,ORL,True,L,109,112,-3,37,84,0.44,11,28,0.393,24,31,14,35,49,22,7,8,24,0.506,99.6708,102.414
2025-26,DET,2025-11-26,DET @ BOS,BOS,False,L,114,117,-3,37,93,0.398,11,36,0.306,29,36,21,35,56,20,5,7,13,0.457,114.343,117.3521
2025-26,DET,2025-11-24,DET @ IND,IND,False,W,122,117,5,42,84,0.5,9,25,0.36,29,37,14,31,45,24,8,4,17,0.5536,117.1725,112.3703
2025-26,DET,2025-11-22,DET @ MIL,MIL,False,W,129,116,13,49,78,0.628,16,30,0.533,15,24,1,31,32,31,10,6,14,0.7308,127.824,114.9425
2025-26,DET,2025-11-18,DET @ ATL,ATL,False,W,120,112,8,45,83,0.542,10,31,0.323,20,24,7,32,39,28,12,4,15,0.6024,118.1335,110.2579
2025-26,DET,2025-11-17,DET vs. IND,IND,True,W,127,112,15,48,88,0.545,9,35,0.257,22,30,14,29,43,29,9,8,17,0.5966,121.5311,107.177
2025-26,DET,2025-11-14,DET vs. PHI,PHI,True,W,114,105,9,41,92,0.446,17,41,0.415,15,18,13,33,46,32,9,7,14,0.538,114.2743,105.2526
2025-26,DET,2025-11-12,DET vs. CHI,CHI,True,W,124,113,11,50,90,0.556,13,30,0.433,11,16,11,33,44,30,13,5,19,0.6278,116.7828,106.4231
2025-26,DET,2025-11-10,DET vs. WAS,WAS,True,W,137,135,2,47,114,0.412,13,41,0.317,30,38,28,35,63,27,16,5,16,0.4693,117.014,115.3058
2025-26,DET,2025-11-09,DET @ PHI,PHI,False,W,111,108,3,39,82,0.476,13,30,0.433,20,28,9,28,37,23,12,5,16,0.5549,107.9557,105.0379
2025-26,DET,2025-11-07,DET @ BKN,BKN,False,W,125,107,18,49,85,0.576,6,26,0.231,21,30,11,35,46,32,14,1,13,0.6118,122.7657,105.0874
2025-26,DET,2025-11-05,DET vs. UTA,UTA,True,W,114,103,11,45,91,0.495,11,30,0.367,13,22,13,39,52,24,5,6,13,0.5549,112.0724,101.2584
2025-26,DET,2025-11-03,DET @ MEM,MEM,False,W,114,106,8,42,83,0.506,10,31,0.323,20,29,10,33,43,23,11,9,14,0.5663,114.137,106.1274
2025-26,DET,2025-11-01,DET @ DAL,DAL,False,W,122,110,12,45,91,0.495,9,24,0.375,23,34,14,33,47,29,10,4,8,0.544,121.0317,109.127
2025-26,DET,2025-10-29,DET vs. ORL,ORL,True,W,135,116,19,46,93,0.495,13,32,0.406,30,34,14,32,46,29,11,8,14,0.5645,128.2295,110.1824
2025-26,DET,2025-10-27,DET vs. CLE,CLE,True,L,95,116,-21,33,87,0.379,11,34,0.324,18,27,16,32,48,20,12,4,26,0.4425,87.4448,106.7747
2025-26,DET,2025-10-26,DET vs. BOS,BOS,True,W,119,113,6,39,93,0.419,9,34,0.265,32,36,19,36,55,22,7,5,16,0.4677,113.1179,107.4144
2025-26,DET,2025-10-24,DET @ HOU,HOU,False,W,115,111,4,42,90,0.467,16,39,0.41,15,23,15,33,48,26,6,11,18,0.5556,112.6126,108.6957
2025-26,DET,2025-10-22,DET @ CHI,CHI,False,L,111,115,-4,43,97,0.443,7,24,0.292,18,26,13,33,46,29,8,10,10,0.4794,104.4608,108.2251
2025-26,GSW,2026-04-12,GSW @ LAC,LAC,False,L,110,115,-5,36,86,0.419,11,39,0.282,27,32,16,31,47,24,3,3,10,0.4826,114.9185,120.1421
2025-26,GSW,2026-04-10,GSW @ SAC,SAC,False,L,118,124,-6,39,81,0.481,14,36,0.389,26,28,6,30,36,30,12,4,16,0.5679,113.8557,119.6449
2025-26,GSW,2026-04-09,GSW vs. LAL,LAL,True,L,103,119,-16,41,81,0.506,9,30,0.3,12,12,15,23,38,24,8,2,19,0.5617,111.4719,128.7879
2025-26,GSW,2026-04-07,GSW vs. SAC,SAC,True,W,110,105,5,37,82,0.451,17,38,0.447,19,24,13,26,39,27,10,5,17,0.5549,113.966,108.7857
2025-26,GSW,2026-04-05,GSW vs. HOU,HOU,True,L,116,117,-1,42,84,0.5,14,40,0.35,18,20,6,25,31,34,7,3,10,0.5833,121.3643,122.4105
2025-26,GSW,2026-04-02,GSW vs. CLE,CLE,True,L,111,118,-7,41,94,0.436,12,44,0.273,17,20,12,34,46,25,11,5,12,0.5,110.316,117.2729
2025-26,GSW,2026-04-01,GSW vs. SAS,SAS,True,L,113,127,-14,42,86,0.488,14,35,0.4,15,18,7,32,39,29,6,3,15,0.5698,107.5576,120.8833
2025-26,GSW,2026-03-29,GSW @ DEN,DEN,False,L,93,116,-23,35,83,0.422,14,42,0.333,9,11,9,32,41,29,9,2,15,0.506,97.3211,121.3897
2025-26,GSW,2026-03-27,GSW vs. WAS,WAS,True,W,131,126,5,44,85,0.518,19,44,0.432,24,31,9,34,43,32,5,3,12,0.6294,126.5456,121.7156
2025-26,GSW,2026-03-25,GSW vs. BKN,BKN,True,W,109,106,3,36,68,0.529,9,27,0.333,28,36,8,35,43,21,11,3,26,0.5956,106.8209,103.8808
2025-26,GSW,2026-03-23,GSW @ DAL,DAL,False,W,137,131,6,51,101,0.505,17,47,0.362,18,24,17,32,49,39,16,4,24,0.5891,117.9205,112.7561
2025-26,GSW,2026-03-21,GSW @ ATL,ATL,False,L,110,126,-16,41,82,0.5,15,42,0.357,13,17,8,21,29,23,9,2,21,0.5915,105.1223,120.4128
2025-26,GSW,2026-03-20,GSW @ DET,DET,False,L,101,115,-14,35,76,0.461,12,33,0.364,19,26,10,28,38,23,6,6,26,0.5395,97.0221,110.4707
2025-26,GSW,2026-03-18,GSW @ BOS,BOS,False,L,99,120,-21,36,90,0.4,10,43,0.233,17,24,14,25,39,26,12,3,14,0.4556,98.0586,118.859
2025-26,GSW,2026-03-16,GSW @ WAS,WAS,False,W,125,117,8,46,91,0.505,9,32,0.281,24,28,14,27,41,32,13,4,17,0.5549,119.5715,111.9189
2025-26,GSW,2026-03-15,GSW @ NYK,NYK,False,L,107,110,-3,40,82,0.488,14,38,0.368,13,15,11,24,35,27,9,6,18,0.5732,113.3955,116.5748
2025-26,GSW,2026-03-13,GSW vs. MIN,MIN,True,L,117,127,-10,39,97,0.402,15,48,0.313,24,25,14,24,38,23,8,1,9,0.4794,115.5898,125.4693
2025-26,GSW,2026-03-10,GSW vs. CHI,CHI,True,L,124,130,-6,44,105,0.419,20,54,0.37,16,18,12,37,49,30,9,12,12,0.5143,109.3282,114.6182
2025-26,GSW,2026-03-09,GSW @ UTA,UTA,False,L,116,119,-3,43,99,0.434,16,52,0.308,14,21,19,27,46,33,11,2,10,0.5152,116.5829,119.598
2025-26,GSW,2026-03-07,GSW @ OKC,OKC,False,L,97,104,-7,36,88,0.409,14,45,0.311,11,18,15,32,47,28,8,3,13,0.4886,102.3855,109.7741
2025-26,GSW,2026-03-05,GSW @ HOU,HOU,False,W,115,113,2,45,94,0.479,14,38,0.368,11,15,18,29,47,29,10,5,19,0.5532,112.0858,110.1365
2025-26,GSW,2026-03-02,GSW vs. LAC,LAC,True,L,101,114,-13,36,93,0.387,17,48,0.354,12,17,15,25,40,26,7,2,14,0.4785,104.3388,117.7686
2025-26,GSW,2026-02-28,GSW vs. LAL,LAL,True,L,101,129,-28,41,91,0.451,12,44,0.273,7,9,9,31,40,32,6,4,11,0.5165,103.1876,131.794
2025-26,GSW,2026-02-25,GSW @ MEM,MEM,False,W,133,112,21,49,92,0.533,19,46,0.413,16,19,14,34,48,37,12,6,16,0.6359,132.8141,111.8434
2025-26,GSW,2026-02-24,GSW @ NOP,NOP,False,L,109,113,-4,40,97,0.412,11,45,0.244,18,23,21,38,59,26,8,6,21,0.4691,101.755,105.4892
2025-26,GSW,2026-02-22,GSW vs. DEN,DEN,True,W,128,117,11,48,94,0.511,21,52,0.404,11,12,9,35,44,42,14,2,18,0.6223,119.0476,108.817
2025-26,GSW,2026-02-19,GSW vs. BOS,BOS,True,L,110,121,-11,43,96,0.448,20,55,0.364,4,8,11,29,40,30,8,4,9,0.5521,112.4744,123.7219
2025-26,GSW,2026-02-11,GSW vs. SAS,SAS,True,L,113,126,-13,42,91,0.462,16,47,0.34,13,17,10,30,40,37,6,1,12,0.5495,111.9921,124.8761
2025-26,GSW,2026-02-09,GSW vs. MEM,MEM,True,W,114,113,1,44,83,0.53,11,33,0.333,15,19,10,30,40,31,12,1,23,0.5964,109.6576,108.6957
2025-26,GSW,2026-02-07,GSW @ LAL,LAL,False,L,99,105,-6,39,92,0.424,14,51,0.275,7,11,10,27,37,25,16,3,13,0.5,98.9802,104.979
2025-26,GSW,2026-02-05,GSW @ PHX,PHX,False,W,101,97,4,33,76,0.434,20,55,0.364,15,20,10,35,45,23,8,4,15,0.5658,111.9486,107.515
2025-26,GSW,2026-02-03,GSW vs. PHI,PHI,True,L,94,113,-19,37,78,0.474,19,48,0.396,1,2,8,25,33,27,8,6,20,0.5962,103.7986,124.7792
2025-26,GSW,2026-01-30,GSW vs. DET,DET,True,L,124,131,-7,40,90,0.444,18,52,0.346,26,35,11,31,42,31,10,4,18,0.5444,110.5958,116.8391
2025-26,GSW,2026-01-28,GSW @ UTA,UTA,False,W,140,124,16,46,86,0.535,23,54,0.426,25,30,12,30,42,39,15,8,20,0.6686,129.1751,114.4123
2025-26,GSW,2026-01-26,GSW @ MIN,MIN,False,L,83,108,-25,33,95,0.347,9,39,0.231,8,13,11,34,45,21,13,4,19,0.3947,77.5121,100.8592
2025-26,GSW,2026-01-25,GSW @ MIN,MIN,False,W,111,85,26,40,95,0.421,16,51,0.314,15,16,6,39,45,31,20,5,12,0.5053,104.7961,80.2492
2025-26,GSW,2026-01-22,GSW @ DAL,DAL,False,L,115,123,-8,43,96,0.448,15,46,0.326,14,18,4,31,35,29,15,7,10,0.526,104.4885,111.7572
2025-26,GSW,2026-01-20,GSW vs. TOR,TOR,True,L,127,145,-18,47,91,0.516,16,43,0.372,17,26,14,22,36,28,7,1,19,0.6044,120.3107,137.3626
2025-26,GSW,2026-01-19,GSW vs. MIA,MIA,True,W,135,112,23,49,95,0.516,24,51,0.471,13,17,8,38,46,38,11,3,14,0.6421,124.401,103.2068
2025-26,GSW,2026-01-17,GSW vs. CHA,CHA,True,W,136,116,20,51,93,0.548,23,52,0.442,11,13,9,32,41,34,8,7,12,0.672,130.6436,111.4313
2025-26,GSW,2026-01-15,GSW vs. NYK,NYK,True,W,126,113,13,48,89,0.539,20,45,0.444,10,13,10,28,38,26,7,6,12,0.6517,129.8434,116.4468
2025-26,GSW,2026-01-13,GSW vs. POR,POR,True,W,119,97,22,42,89,0.472,23,57,0.404,12,13,4,30,34,34,16,5,14,0.6011,113.7667,92.7342
2025-26,GSW,2026-01-11,GSW vs. ATL,ATL,True,L,111,124,-13,42,90,0.467,10,42,0.238,17,21,11,37,48,28,5,4,16,0.5222,107.1222,119.668
2025-26,GSW,2026-01-09,GSW vs. SAC,SAC,True,W,137,103,34,52,95,0.547,19,45,0.422,14,14,14,27,41,39,4,6,11,0.6474,142.0572,106.8022
2025-26,GSW,2026-01-07,GSW vs. MIL,MIL,True,W,120,113,7,44,89,0.494,18,47,0.383,14,18,8,33,41,31,6,2,10,0.5955,122.3242,115.1886
2025-26,GSW,2026-01-05,GSW @ LAC,LAC,False,L,102,103,-1,35,92,0.38,10,41,0.244,22,27,12,28,40,27,18,4,7,0.4348,102.4508,103.4552
2025-26,GSW,2026-01-03,GSW vs. UTA,UTA,True,W,123,114,9,43,87,0.494,19,45,0.422,18,24,13,32,45,32,9,2,15,0.6034,124.2173,115.1283
2025-26,GSW,2026-01-02,GSW vs. OKC,OKC,True,L,94,131,-37,32,90,0.356,13,44,0.295,17,23,14,29,43,23,8,5,17,0.4278,90.1765,125.6715
2025-26,GSW,2025-12-31,GSW @ CHA,CHA,False,W,132,125,7,46,83,0.554,24,49,0.49,16,17,10,27,37,35,7,3,19,0.6988,129.4371,122.5731
2025-26,GSW,2025-12-29,GSW @ BKN,BKN,False,W,120,107,13,41,77,0.532,10,33,0.303,28,34,6,34,40,26,11,5,14,0.5974,122.399,109.1391
2025-26,GSW,2025-12-28,GSW @ TOR,TOR,False,L,127,141,-14,43,96,0.448,16,44,0.364,25,28,14,28,42,25,9,9,21,0.5312,110.3197,122.4809
2025-26,GSW,2025-12-25,GSW vs. DAL,DAL,True,W,126,116,10,44,99,0.444,14,50,0.28,24,26,13,36,49,33,9,4,11,0.5152,117.384,108.0678
2025-26,GSW,2025-12-22,GSW vs. ORL,ORL,True,W,120,97,23,46,89,0.517,11,37,0.297,17,24,14,33,47,33,8,6,13,0.5787,120.603,97.4874
2025-26,GSW,2025-12-20,GSW vs. PHX,PHX,True,W,119,116,3,42,92,0.457,17,49,0.347,18,24,17,32,49,29,9,7,21,0.5489,113.2686,110.4131
2025-26,GSW,2025-12-18,GSW @ PHX,PHX,False,L,98,99,-1,35,89,0.393,12,42,0.286,16,18,15,39,54,27,9,3,20,0.4607,96.7423,97.7295
2025-26,GSW,2025-12-14,GSW @ POR,POR,False,L,131,136,-5,44,87,0.506,24,47,0.511,19,23,8,28,36,34,14,5,18,0.6437,120.8041,125.415
2025-26,GSW,2025-12-12,GSW vs. MIN,MIN,True,L,120,127,-7,44,96,0.458,15,46,0.326,17,22,12,30,42,27,7,2,13,0.5365,115.3846,122.1154
2025-26,GSW,2025-12-07,GSW @ CHI,CHI,False,W,123,91,32,44,88,0.5,22,47,0.468,13,19,15,36,51,27,11,2,17,0.625,125.6898,92.99
2025-26,GSW,2025-12-06,GSW @ CLE,CLE,False,W,99,94,5,33,86,0.384,13,35,0.371,20,23,8,38,46,25,8,8,14,0.4593,97.8261,92.8854
2025-26,GSW,2025-12-04,GSW @ PHI,PHI,False,L,98,99,-1,37,89,0.416,12,42,0.286,12,16,11,32,43,27,12,4,13,0.4831,99.3915,100.4057
2025-26,GSW,2025-12-02,GSW vs. OKC,OKC,True,L,112,124,-12,43,95,0.453,18,42,0.429,8,10,12,31,43,30,5,2,16,0.5474,110.0629,121.8553
2025-26,GSW,2025-11-29,GSW vs. NOP,NOP,True,W,104,96,8,38,93,0.409,12,47,0.255,16,20,14,33,47,28,5,3,10,0.4731,106.2526,98.0793
2025-26,GSW,2025-11-26,GSW vs. HOU,HOU,True,L,100,104,-4,35,82,0.427,12,43,0.279,18,21,13,34,47,25,8,5,16,0.5,105.9322,110.1695
2025-26,GSW,2025-11-24,GSW vs. UTA,UTA,True,W,134,117,17,51,104,0.49,19,52,0.365,13,18,16,34,50,34,11,5,10,0.5817,125.9162,109.9417
2025-26,GSW,2025-11-21,GSW vs. POR,POR,True,L,123,127,-4,40,83,0.482,17,43,0.395,26,30,9,23,32,29,14,4,14,0.5843,121.0153,124.9508
2025-26,GSW,2025-11-19,GSW @ MIA,MIA,False,L,96,110,-14,34,95,0.358,13,49,0.265,15,20,20,42,62,24,8,5,23,0.4263,89.6191,102.6886
2025-26,GSW,2025-11-18,GSW @ ORL,ORL,False,L,113,121,-8,39,78,0.5,13,36,0.361,22,28,6,30,36,26,11,3,18,0.5833,110.7409,118.5809
2025-26,GSW,2025-11-16,GSW @ NOP,NOP,False,W,124,106,18,43,94,0.457,24,56,0.429,14,17,16,31,47,34,14,4,21,0.5851,119.0934,101.8056
2025-26,GSW,2025-11-14,GSW @ SAS,SAS,False,W,109,108,1,38,90,0.422,17,45,0.378,16,18,15,24,39,18,9,8,15,0.5167,108.3068,107.3132
2025-26,GSW,2025-11-12,GSW @ SAS,SAS,False,W,125,120,5,36,85,0.424,21,57,0.368,32,36,8,32,40,30,13,3,16,0.5471,115.2711,110.6603
2025-26,GSW,2025-11-11,GSW @ OKC,OKC,False,L,102,126,-24,33,74,0.446,13,35,0.371,23,29,6,26,32,23,16,4,21,0.5338,97.8887,120.9213
2025-26,GSW,2025-11-09,GSW vs. IND,IND,True,W,114,83,31,38,88,0.432,12,44,0.273,26,37,11,39,50,22,11,6,10,0.5,108.5094,79.0025
2025-26,GSW,2025-11-07,GSW @ DEN,DEN,False,L,104,129,-25,40,95,0.421,12,41,0.293,12,15,17,29,46,28,4,5,12,0.4842,108.5595,134.6555
2025-26,GSW,2025-11-05,GSW @ SAC,SAC,False,L,116,121,-5,40,89,0.449,17,43,0.395,19,23,10,34,44,28,10,6,19,0.5449,108.5939,113.2747
2025-26,GSW,2025-11-04,GSW vs. PHX,PHX,True,W,118,107,11,41,83,0.494,19,42,0.452,17,20,8,31,39,33,9,4,16,0.6084,118.6884,107.6242
2025-26,GSW,2025-11-01,GSW @ IND,IND,False,L,109,114,-5,39,90,0.433,12,44,0.273,19,22,10,34,44,25,5,4,16,0.5,104.8077,109.6154
2025-26,GSW,2025-10-30,GSW @ MIL,MIL,False,L,110,120,-10,36,85,0.424,13,38,0.342,25,26,9,35,44,23,8,6,22,0.5,99.9273,109.0116
2025-26,GSW,2025-10-28,GSW vs. LAC,LAC,True,W,98,79,19,39,86,0.453,17,45,0.378,3,4,10,32,42,24,11,3,13,0.5523,107.221,86.4333
2025-26,GSW,2025-10-27,GSW vs. MEM,MEM,True,W,131,118,13,44,83,0.53,19,43,0.442,24,30,7,32,39,36,7,5,16,0.6446,123.8654,111.5734
2025-26,GSW,2025-10-24,GSW @ POR,POR,False,L,119,139,-20,35,80,0.438,16,38,0.421,33,39,12,29,41,24,12,3,25,0.5375,106.6499,124.5743
2025-26,GSW,2025-10-23,GSW vs. DEN,DEN,True,W,137,131,6,50,99,0.505,18,47,0.383,19,25,10,33,43,33,11,3,9,0.596,126.758,121.2065
2025-26,GSW,2025-10-21,GSW @ LAL,LAL,False,W,119,109,10,38,78,0.487,17,40,0.425,26,29,9,31,40,29,10,4,19,0.5962,117.1952,107.3469
2025-26,HOU,2026-04-12,HOU vs. MEM,MEM,True,W,132,101,31,48,105,0.457,14,49,0.286,22,30,21,43,64,23,10,8,11,0.5238,123.0196,94.1286
2025-26,HOU,2026-04-10,HOU vs. MIN,MIN,True,L,132,136,-4,53,87,0.609,4,19,0.211,22,28,11,28,39,29,4,8,13,0.6322,130.4864,134.4405
2025-26,HOU,2026-04-09,HOU vs. PHI,PHI,True,W,113,102,11,42,93,0.452,11,32,0.344,18,26,16,37,53,21,12,1,15,0.5108,111.0238,100.2162
2025-26,HOU,2026-04-07,HOU @ PHX,PHX,False,W,119,105,14,45,100,0.45,14,38,0.368,15,16,24,31,55,26,8,3,19,0.52,117.126,103.3465
2025-26,HOU,2026-04-05,HOU @ GSW,GSW,False,W,117,116,1,44,80,0.55,13,29,0.448,16,19,8,30,38,30,4,7,14,0.6312,122.4105,121.3643
2025-26,HOU,2026-04-03,HOU vs. UTA,UTA,True,W,140,106,34,51,92,0.554,15,32,0.469,23,30,10,36,46,30,8,5,11,0.6359,134.6931,101.9819
2025-26,HOU,2026-04-01,HOU vs. MIL,MIL,True,W,119,113,6,41,87,0.471,18,42,0.429,19,22,12,30,42,30,7,4,8,0.5747,126.1128,119.7541
2025-26,HOU,2026-03-31,HOU vs. NYK,NYK,True,W,111,94,17,42,78,0.538,15,35,0.429,12,16,6,32,38,35,6,6,10,0.6346,123.2785,104.398
2025-26,HOU,2026-03-29,HOU @ NOP,NOP,False,W,134,102,32,49,105,0.467,18,44,0.409,18,21,22,37,59,33,9,8,8,0.5524,132.9629,101.2106
2025-26,HOU,2026-03-27,HOU @ MEM,MEM,False,W,119,109,10,44,93,0.473,12,33,0.364,19,26,21,36,57,30,9,7,14,0.5376,123.0865,112.7431
2025-26,HOU,2026-03-25,HOU @ MIN,MIN,False,L,108,110,-2,38,93,0.409,9,29,0.31,23,25,17,37,54,26,6,10,21,0.457,97.561,99.3677
2025-26,HOU,2026-03-23,HOU @ CHI,CHI,False,L,124,132,-8,49,92,0.533,11,41,0.268,15,24,8,33,41,27,8,7,17,0.5924,111.2706,118.4494
2025-26,HOU,2026-03-21,HOU vs. MIA,MIA,True,W,123,122,1,45,86,0.523,16,35,0.457,17,21,13,31,44,33,5,3,13,0.6163,127.9384,126.8983
2025-26,HOU,2026-03-20,HOU vs. ATL,ATL,True,W,117,95,22,42,83,0.506,14,30,0.467,19,28,12,39,51,33,11,5,20,0.5904,114.2578,92.7734
2025-26,HOU,2026-03-18,HOU vs. LAL,LAL,True,L,116,124,-8,45,91,0.495,11,32,0.344,15,17,12,26,38,26,10,1,12,0.5549,118.7551,126.9451
2025-26,HOU,2026-03-16,HOU vs. LAL,LAL,True,L,92,100,-8,38,79,0.481,5,26,0.192,11,15,15,29,44,21,9,3,24,0.5127,97.7268,106.2248
2025-26,HOU,2026-03-13,HOU vs. NOP,NOP,True,W,107,105,2,40,94,0.426,14,41,0.341,13,17,18,34,52,25,8,8,12,0.5,113.2755,111.1582
2025-26,HOU,2026-03-11,HOU @ DEN,DEN,False,L,93,129,-36,42,97,0.433,4,33,0.121,5,14,16,28,44,25,7,6,16,0.4536,92.1522,127.824
2025-26,HOU,2026-03-10,HOU vs. TOR,TOR,True,W,113,99,14,41,82,0.5,10,24,0.417,21,27,15,37,52,21,8,4,18,0.561,116.9772,102.4845
2025-26,HOU,2026-03-08,HOU @ SAS,SAS,False,L,120,145,-25,42,87,0.483,8,28,0.286,28,32,8,29,37,25,5,5,12,0.5287,115.9644,140.1237
2025-26,HOU,2026-03-06,HOU vs. POR,POR,True,W,106,99,7,41,76,0.539,5,19,0.263,19,26,8,36,44,23,9,9,22,0.5724,105.6198,98.6449
2025-26,HOU,2026-03-05,HOU vs. GSW,GSW,True,L,113,115,-2,44,96,0.458,14,34,0.412,11,15,17,32,49,26,11,2,18,0.5312,110.1365,112.0858
2025-26,HOU,2026-03-02,HOU @ WAS,WAS,False,W,123,118,5,45,92,0.489,9,25,0.36,24,28,21,38,59,21,10,5,21,0.538,118.5656,113.7459
2025-26,HOU,2026-02-28,HOU @ MIA,MIA,False,L,105,115,-10,41,95,0.432,9,36,0.25,14,21,15,32,47,26,6,2,11,0.4789,105.5064,115.5547
2025-26,HOU,2026-02-26,HOU @ ORL,ORL,False,W,113,108,5,43,82,0.524,11,29,0.379,16,20,10,31,41,24,7,9,13,0.5915,120.1872,114.8692
2025-26,HOU,2026-02-25,HOU vs. SAC,SAC,True,W,128,97,31,47,86,0.547,17,39,0.436,17,19,9,35,44,29,6,8,13,0.6453,130.5057,98.8989
2025-26,HOU,2026-02-23,HOU vs. UTA,UTA,True,W,125,105,20,49,86,0.57,18,40,0.45,9,11,10,43,53,34,10,8,27,0.6744,114.6579,96.3126
2025-26,HOU,2026-02-21,HOU @ NYK,NYK,False,L,106,108,-2,38,80,0.475,12,31,0.387,18,23,13,31,44,24,5,6,20,0.55,109.7536,111.8244
2025-26,HOU,2026-02-19,HOU @ CHA,CHA,False,W,105,101,4,42,85,0.494,9,32,0.281,12,13,8,31,39,19,15,8,11,0.5471,110.7361,106.5176
2025-26,HOU,2026-02-11,HOU vs. LAC,LAC,True,L,102,105,-3,38,82,0.463,12,36,0.333,14,18,13,32,45,25,3,9,21,0.5366,107.1654,110.3173
2025-26,HOU,2026-02-10,HOU vs. LAC,LAC,True,W,102,95,7,36,79,0.456,14,28,0.5,16,18,10,34,44,19,7,5,18,0.5443,108.4876,101.0423
2025-26,HOU,2026-02-07,HOU @ OKC,OKC,False,W,112,106,6,38,83,0.458,15,43,0.349,21,28,10,31,41,25,12,5,15,0.5482,112.7668,106.7257
2025-26,HOU,2026-02-05,HOU vs. CHA,CHA,True,L,99,109,-10,38,83,0.458,8,23,0.348,15,20,12,28,40,24,17,5,18,0.506,98.763,108.739
2025-26,HOU,2026-02-04,HOU vs. BOS,BOS,True,L,93,114,-21,34,82,0.415,11,30,0.367,14,22,12,26,38,16,10,5,10,0.4817,101.3734,124.2642
2025-26,HOU,2026-02-02,HOU @ IND,IND,False,W,118,114,4,40,87,0.46,7,22,0.318,31,37,19,37,56,21,7,6,16,0.5,118.2839,114.2743
2025-26,HOU,2026-01-31,HOU vs. DAL,DAL,True,W,111,107,4,45,108,0.417,10,26,0.385,11,15,18,35,53,33,10,6,6,0.463,107.7461,103.8633
2025-26,HOU,2026-01-29,HOU @ ATL,ATL,False,W,104,86,18,39,92,0.424,12,31,0.387,14,20,22,37,59,23,8,14,12,0.4891,112.5054,93.0333
2025-26,HOU,2026-01-28,HOU vs. SAS,SAS,True,L,99,111,-12,39,99,0.394,8,23,0.348,13,18,17,29,46,23,12,8,14,0.4343,97.3069,109.1016
2025-26,HOU,2026-01-26,HOU vs. MEM,MEM,True,W,108,99,9,41,92,0.446,11,37,0.297,15,20,16,41,57,29,9,3,16,0.5054,105.2221,96.4536
2025-26,HOU,2026-01-23,HOU @ DET,DET,False,W,111,104,7,39,79,0.494,9,26,0.346,24,30,12,31,43,21,11,7,17,0.5506,111.1334,104.1249
2025-26,HOU,2026-01-22,HOU @ PHI,PHI,False,L,122,128,-6,46,99,0.465,18,40,0.45,12,24,15,31,46,33,13,5,17,0.5556,112.8376,118.387
2025-26,HOU,2026-01-20,HOU vs. SAS,SAS,True,W,111,106,5,43,83,0.518,10,27,0.37,15,22,6,37,43,29,5,9,14,0.5783,108.2504,103.3743
2025-26,HOU,2026-01-18,HOU vs. NOP,NOP,True,W,119,110,9,45,90,0.5,13,36,0.361,16,22,17,30,47,22,9,4,15,0.5722,121.2553,112.0848
2025-26,HOU,2026-01-16,HOU vs. MIN,MIN,True,W,110,105,5,39,84,0.464,12,28,0.429,20,34,10,32,42,19,10,5,14,0.5357,108.7171,103.7754
2025-26,HOU,2026-01-15,HOU vs. OKC,OKC,True,L,91,111,-20,35,104,0.337,7,24,0.292,14,17,23,37,60,17,10,7,16,0.3702,88.7459,108.2504
2025-26,HOU,2026-01-13,HOU vs. CHI,CHI,True,W,119,113,6,45,88,0.511,7,24,0.292,22,29,12,38,50,24,5,2,9,0.5511,122.1264,115.9688
2025-26,HOU,2026-01-11,HOU @ SAC,SAC,False,L,98,111,-13,36,84,0.429,7,30,0.233,19,29,19,25,44,23,4,5,13,0.4702,107.362,121.6039
2025-26,HOU,2026-01-09,HOU @ POR,POR,False,L,105,111,-6,40,96,0.417,10,44,0.227,15,24,22,34,56,21,8,8,13,0.4688,107.3181,113.4505
2025-26,HOU,2026-01-07,HOU @ POR,POR,False,L,102,103,-1,37,99,0.374,8,36,0.222,20,29,24,33,57,20,8,7,14,0.4141,100.1178,101.0993
2025-26,HOU,2026-01-05,HOU vs. PHX,PHX,True,W,100,97,3,38,87,0.437,9,37,0.243,15,21,15,36,51,20,5,1,16,0.4885,103.8853,100.7688
2025-26,HOU,2026-01-03,HOU @ DAL,DAL,False,L,104,110,-6,41,106,0.387,10,41,0.244,12,15,17,34,51,24,13,7,9,0.434,100.7166,106.5272
2025-26,HOU,2026-01-01,HOU @ BKN,BKN,False,W,120,96,24,47,82,0.573,12,29,0.414,14,18,13,32,45,28,8,7,14,0.6463,131.0616,104.8493
2025-26,HOU,2025-12-29,HOU vs. IND,IND,True,W,126,119,7,49,83,0.59,10,27,0.37,18,24,14,36,50,21,4,6,19,0.6506,127.6854,120.5918
2025-26,HOU,2025-12-27,HOU vs. CLE,CLE,True,W,117,100,17,43,88,0.489,16,35,0.457,15,21,18,33,51,27,12,9,17,0.5795,118.7335,101.4816
2025-26,HOU,2025-12-25,HOU @ LAL,LAL,False,W,119,96,23,48,90,0.533,8,24,0.333,15,19,17,31,48,24,10,6,16,0.5778,126.4612,102.0191
2025-26,HOU,2025-12-23,HOU @ LAC,LAC,False,L,108,128,-20,43,86,0.5,9,30,0.3,13,18,15,27,42,25,5,6,13,0.5523,116.8831,138.5281
2025-26,HOU,2025-12-21,HOU @ SAC,SAC,False,L,124,125,-1,45,94,0.479,16,38,0.421,18,24,13,34,47,31,9,2,15,0.5638,117.8707,118.8213
2025-26,HOU,2025-12-20,HOU @ DEN,DEN,False,W,115,101,14,39,77,0.506,19,35,0.543,18,23,9,38,47,24,6,8,19,0.6299,114.8622,100.8789
2025-26,HOU,2025-12-18,HOU @ NOP,NOP,False,L,128,133,-5,50,107,0.467,10,32,0.313,18,27,25,33,58,30,6,8,20,0.514,115.2115,119.712
2025-26,HOU,2025-12-15,HOU @ DEN,DEN,False,L,125,128,-3,47,93,0.505,12,25,0.48,19,26,12,34,46,29,7,8,16,0.5699,117.9468,120.7775
2025-26,HOU,2025-12-11,HOU vs. LAC,LAC,True,W,115,113,2,43,93,0.462,12,34,0.353,17,21,22,29,51,26,9,1,19,0.5269,117.5388,115.4947
2025-26,HOU,2025-12-06,HOU @ DAL,DAL,False,L,109,122,-13,44,87,0.506,10,29,0.345,11,13,16,21,37,22,8,6,20,0.5632,112.6499,126.0852
2025-26,HOU,2025-12-05,HOU vs. PHX,PHX,True,W,117,98,19,45,76,0.592,10,18,0.556,17,19,6,34,40,25,9,8,23,0.6579,112.6516,94.3578
2025-26,HOU,2025-12-03,HOU vs. SAC,SAC,True,W,121,95,26,48,91,0.527,5,16,0.313,20,24,17,45,62,24,10,8,18,0.5549,118.0718,92.701
2025-26,HOU,2025-12-01,HOU @ UTA,UTA,False,L,125,133,-8,41,93,0.441,10,34,0.294,33,41,16,30,46,27,6,8,13,0.4946,116.9536,124.4386
2025-26,HOU,2025-11-30,HOU @ UTA,UTA,False,W,129,101,28,46,87,0.529,11,31,0.355,26,33,15,35,50,30,14,7,16,0.592,125.78,98.4789
2025-26,HOU,2025-11-26,HOU @ GSW,GSW,False,W,104,100,4,39,99,0.394,11,39,0.282,15,24,25,28,53,24,7,3,10,0.4495,110.1695,105.9322
2025-26,HOU,2025-11-24,HOU @ PHX,PHX,False,W,114,92,22,43,88,0.489,13,31,0.419,15,17,12,29,41,26,13,4,16,0.5625,116.4216,93.9542
2025-26,HOU,2025-11-21,HOU vs. DEN,DEN,True,L,109,112,-3,41,93,0.441,14,36,0.389,13,20,18,23,41,21,8,2,16,0.5161,113.7312,116.8614
2025-26,HOU,2025-11-19,HOU @ CLE,CLE,False,W,114,104,10,41,90,0.456,9,24,0.375,23,27,16,35,51,23,9,4,13,0.5056,116.3503,106.1441
2025-26,HOU,2025-11-16,HOU vs. ORL,ORL,True,W,117,113,4,42,100,0.42,8,20,0.4,25,29,19,41,60,19,4,4,15,0.46,109.4891,105.7458
2025-26,HOU,2025-11-14,HOU vs. POR,POR,True,W,140,116,24,53,106,0.5,17,45,0.378,17,20,20,29,49,26,16,6,6,0.5802,136.1338,112.7966
2025-26,HOU,2025-11-12,HOU vs. WAS,WAS,True,W,135,112,23,51,96,0.531,17,35,0.486,16,23,20,33,53,32,9,6,12,0.6198,136.0339,112.8577
2025-26,HOU,2025-11-09,HOU @ MIL,MIL,False,W,122,115,7,48,90,0.533,10,26,0.385,16,21,20,30,50,24,8,3,18,0.5889,126.556,119.2946
2025-26,HOU,2025-11-07,HOU @ SAS,SAS,False,L,110,121,-11,39,85,0.459,13,27,0.481,19,21,17,24,41,25,12,4,24,0.5353,107.1916,117.9107
2025-26,HOU,2025-11-05,HOU @ MEM,MEM,False,W,124,109,15,48,101,0.475,13,30,0.433,15,18,15,39,54,29,9,3,13,0.5396,116.2573,102.1939
2025-26,HOU,2025-11-03,HOU vs. DAL,DAL,True,W,110,102,8,41,89,0.461,8,29,0.276,20,30,15,39,54,23,9,7,17,0.5056,106.2802,98.5507
2025-26,HOU,2025-11-01,HOU @ BOS,BOS,False,W,128,101,27,42,77,0.545,19,29,0.655,25,35,12,41,53,30,6,11,20,0.6688,126.4322,99.7629
2025-26,HOU,2025-10-29,HOU @ TOR,TOR,False,W,139,121,18,50,87,0.575,13,30,0.433,26,34,17,36,53,31,9,8,17,0.6494,138.0886,120.2066
2025-26,HOU,2025-10-27,HOU vs. BKN,BKN,True,W,137,109,28,49,85,0.576,16,32,0.5,23,26,9,30,39,33,10,4,10,0.6706,143.9378,114.5199
2025-26,HOU,2025-10-24,HOU vs. DET,DET,True,L,111,115,-4,32,83,0.386,10,22,0.455,37,48,17,28,45,15,14,2,14,0.4458,108.6957,112.6126
2025-26,HOU,2025-10-21,HOU @ OKC,OKC,False,L,124,125,-1,43,97,0.443,11,39,0.282,27,31,16,36,52,23,6,5,25,0.5,105.2453,106.094
2025-26,IND,2026-04-12,IND vs. DET,DET,True,L,121,133,-12,41,90,0.456,23,54,0.426,16,20,8,23,31,31,15,6,16,0.5833,114.4316,125.7802
2025-26,IND,2026-04-10,IND vs. PHI,PHI,True,L,94,105,-11,33,88,0.375,14,50,0.28,14,16,10,42,52,25,6,8,21,0.4545,89.3536,99.8099
2025-26,IND,2026-04-09,IND @ BKN,BKN,False,W,123,94,29,51,98,0.52,8,31,0.258,13,18,13,53,66,43,4,5,12,0.5612,115.8847,88.5623
2025-26,IND,2026-04-07,IND vs. MIN,MIN,True,L,104,124,-20,35,73,0.479,9,26,0.346,25,31,5,29,34,24,11,1,23,0.5411,98.7279,117.7141
2025-26,IND,2026-04-05,IND @ CLE,CLE,False,L,108,117,-9,33,86,0.384,17,44,0.386,25,29,12,31,43,28,7,1,10,0.4826,109.0248,118.1102
2025-26,IND,2026-04-03,IND @ CHA,CHA,False,L,108,129,-21,43,93,0.462,15,36,0.417,7,10,11,34,45,29,5,1,12,0.543,108.5427,129.6482
2025-26,IND,2026-04-01,IND @ CHI,CHI,False,W,145,126,19,58,102,0.569,20,48,0.417,9,10,9,32,41,49,14,5,14,0.6667,128.4095,111.5834
2025-26,IND,2026-03-29,IND vs. MIA,MIA,True,W,135,118,17,53,92,0.576,18,39,0.462,11,13,3,39,42,36,3,5,12,0.6739,128.1808,112.0395
2025-26,IND,2026-03-27,IND vs. LAC,LAC,True,L,113,114,-1,43,87,0.494,16,36,0.444,11,15,10,35,45,34,6,4,20,0.5862,108.9262,109.8901
2025-26,IND,2026-03-25,IND vs. LAL,LAL,True,L,130,137,-7,48,86,0.558,16,39,0.41,18,23,5,29,34,35,7,2,18,0.6512,118.1389,124.5002
2025-26,IND,2026-03-23,IND @ ORL,ORL,False,W,128,126,2,45,82,0.549,16,35,0.457,22,24,6,29,35,32,5,4,9,0.6463,126.6574,124.6784
2025-26,IND,2026-03-21,IND @ SAS,SAS,False,L,119,134,-15,44,85,0.518,16,35,0.457,15,19,4,22,26,38,5,2,10,0.6118,117.3339,132.1238
2025-26,IND,2026-03-18,IND vs. POR,POR,True,L,119,127,-8,46,91,0.505,12,27,0.444,15,17,10,29,39,32,9,7,12,0.5714,116.7124,124.5587
2025-26,IND,2026-03-17,IND @ NYK,NYK,False,L,110,136,-26,44,85,0.518,17,38,0.447,5,7,8,28,36,31,7,7,18,0.6176,113.5191,140.3509
2025-26,IND,2026-03-15,IND @ MIL,MIL,False,L,123,134,-11,42,81,0.519,21,42,0.5,18,23,10,30,40,34,5,6,19,0.6481,126.4912,137.8034
2025-26,IND,2026-03-13,IND vs. NYK,NYK,True,L,92,101,-9,35,89,0.393,10,38,0.263,12,15,7,39,46,21,6,3,11,0.4494,92.1844,101.2024
2025-26,IND,2026-03-12,IND vs. PHX,PHX,True,L,108,123,-15,37,82,0.451,12,40,0.3,22,25,12,24,36,24,7,4,16,0.5244,109.8231,125.0763
2025-26,IND,2026-03-10,IND @ SAC,SAC,False,L,109,114,-5,38,93,0.409,13,43,0.302,20,22,8,40,48,29,7,2,15,0.4785,100.982,105.6142
2025-26,IND,2026-03-08,IND @ POR,POR,False,L,111,131,-20,41,95,0.432,14,42,0.333,15,24,12,26,38,27,9,6,12,0.5053,104.9943,123.9122
2025-26,IND,2026-03-06,IND @ LAL,LAL,False,L,117,128,-11,46,98,0.469,8,35,0.229,17,24,12,28,40,33,10,4,7,0.5102,113.769,124.4652
2025-26,IND,2026-03-04,IND @ LAC,LAC,False,L,107,130,-23,36,84,0.429,10,36,0.278,25,31,5,33,38,26,2,3,13,0.4881,101.5951,123.4333
2025-26,IND,2026-03-01,IND vs. MEM,MEM,True,L,106,125,-19,39,80,0.488,15,39,0.385,13,19,7,24,31,29,5,9,19,0.5812,105.7251,124.6758
2025-26,IND,2026-02-26,IND vs. CHA,CHA,True,L,109,133,-24,41,87,0.471,11,35,0.314,16,20,12,25,37,28,7,3,12,0.5345,111.1338,135.6036
2025-26,IND,2026-02-24,IND vs. PHI,PHI,True,L,114,135,-21,41,95,0.432,13,43,0.302,19,22,12,29,41,27,8,4,18,0.5,103.317,122.3491
2025-26,IND,2026-02-22,IND vs. DAL,DAL,True,L,130,134,-4,47,94,0.5,20,42,0.476,16,20,9,30,39,37,8,3,16,0.6064,118.7865,122.4415
2025-26,IND,2026-02-20,IND @ WAS,WAS,False,L,118,131,-13,43,90,0.478,18,49,0.367,14,21,9,31,40,32,12,0,21,0.5778,106.0198,117.6999
2025-26,IND,2026-02-19,IND @ WAS,WAS,False,L,105,112,-7,34,83,0.41,15,42,0.357,22,27,8,42,50,22,7,4,23,0.5,96.9171,103.3783
2025-26,IND,2026-02-11,IND @ BKN,BKN,False,W,115,110,5,45,92,0.489,15,42,0.357,10,14,9,33,42,29,11,5,12,0.5707,113.5242,108.5884
2025-26,IND,2026-02-10,IND @ NYK,NYK,False,W,137,134,3,50,97,0.515,18,45,0.4,19,26,6,37,43,30,6,4,11,0.6082,119.4837,116.8673
2025-26,IND,2026-02-08,IND @ TOR,TOR,False,L,104,122,-18,40,89,0.449,12,33,0.364,12,14,7,33,40,26,6,3,19,0.5169,98.4103,115.4428
2025-26,IND,2026-02-06,IND @ MIL,MIL,False,L,99,105,-6,35,79,0.443,12,43,0.279,17,21,5,32,37,26,9,4,9,0.519,104.8285,111.1817
2025-26,IND,2026-02-03,IND vs. UTA,UTA,True,L,122,131,-9,45,84,0.536,14,39,0.359,18,27,7,31,38,33,6,2,15,0.619,117.6925,126.3747
2025-26,IND,2026-02-02,IND vs. HOU,HOU,True,L,114,118,-4,43,87,0.494,12,26,0.462,16,21,7,26,33,33,10,6,10,0.5632,114.2743,118.2839
2025-26,IND,2026-01-31,IND vs. ATL,ATL,True,W,129,124,5,48,89,0.539,15,32,0.469,18,21,11,40,51,29,6,4,23,0.6236,117.5077,112.9532
2025-26,IND,2026-01-28,IND vs. CHI,CHI,True,W,113,110,3,38,85,0.447,15,36,0.417,22,25,6,37,43,30,7,3,6,0.5353,116.5429,113.4488
2025-26,IND,2026-01-26,IND @ ATL,ATL,False,L,116,132,-16,43,93,0.462,10,35,0.286,20,25,7,35,42,31,11,7,17,0.5161,103.35,117.6051
2025-26,IND,2026-01-23,IND @ OKC,OKC,False,W,117,114,3,45,96,0.469,16,38,0.421,11,20,14,37,51,34,5,1,11,0.5521,115.8416,112.8713
2025-26,IND,2026-01-21,IND @ BOS,BOS,False,L,104,119,-15,37,94,0.394,12,45,0.267,18,23,13,29,42,31,6,2,14,0.4574,100.9121,115.4667
2025-26,IND,2026-01-19,IND @ PHI,PHI,False,L,104,113,-9,40,84,0.476,13,34,0.382,11,14,12,34,46,24,4,9,24,0.5536,104.0,113.0
2025-26,IND,2026-01-17,IND @ DET,DET,False,L,78,121,-43,28,79,0.354,8,35,0.229,14,27,6,36,42,18,13,2,25,0.4051,69.8799,108.4035
2025-26,IND,2026-01-16,IND vs. NOP,NOP,True,W,127,119,8,52,101,0.515,15,43,0.349,8,12,13,30,43,37,5,7,7,0.5891,129.2752,121.1319
2025-26,IND,2026-01-14,IND vs. TOR,TOR,True,L,101,115,-14,33,86,0.384,12,42,0.286,23,31,14,32,46,26,6,7,11,0.4535,101.979,116.1147
2025-26,IND,2026-01-12,IND vs. BOS,BOS,True,W,98,96,2,39,84,0.464,16,37,0.432,4,6,5,35,40,29,8,3,12,0.5595,104.4776,102.3454
2025-26,IND,2026-01-10,IND vs. MIA,MIA,True,W,123,99,24,44,98,0.449,17,40,0.425,18,22,12,42,54,37,13,4,18,0.5357,108.638,87.4404
2025-26,IND,2026-01-08,IND @ CHA,CHA,False,W,114,112,2,41,82,0.5,12,27,0.444,20,21,10,31,41,25,9,6,20,0.5732,110.2515,108.3172
2025-26,IND,2026-01-06,IND vs. CLE,CLE,True,L,116,120,-4,43,93,0.462,16,35,0.457,14,19,7,25,32,32,10,4,14,0.5484,108.7772,112.5281
2025-26,IND,2026-01-04,IND @ ORL,ORL,False,L,127,135,-8,48,87,0.552,15,34,0.441,16,21,7,34,41,38,3,3,11,0.6379,125.6182,133.5312
2025-26,IND,2026-01-02,IND vs. SAS,SAS,True,L,113,123,-10,44,86,0.512,12,30,0.4,13,15,1,38,39,26,9,4,14,0.5814,104.1859,113.4059
2025-26,IND,2025-12-31,IND vs. ORL,ORL,True,L,110,112,-2,36,83,0.434,12,35,0.343,26,32,5,34,39,22,10,3,16,0.506,99.3677,101.1743
2025-26,IND,2025-12-29,IND @ HOU,HOU,False,L,119,126,-7,44,88,0.5,18,34,0.529,13,20,7,22,29,30,12,3,9,0.6023,120.5918,127.6854
2025-26,IND,2025-12-27,IND @ MIA,MIA,False,L,116,142,-26,46,93,0.495,12,38,0.316,12,16,15,30,45,30,6,5,26,0.5591,104.8445,128.3442
2025-26,IND,2025-12-26,IND vs. BOS,BOS,True,L,122,140,-18,44,89,0.494,18,44,0.409,16,20,11,24,35,29,6,3,14,0.5955,121.5382,139.47
2025-26,IND,2025-12-23,IND vs. MIL,MIL,True,L,94,111,-17,33,81,0.407,8,31,0.258,20,33,7,33,40,20,7,3,12,0.4568,93.4951,110.4038
2025-26,IND,2025-12-22,IND @ BOS,BOS,False,L,95,103,-8,33,85,0.388,13,40,0.325,16,18,9,27,36,19,4,3,13,0.4647,96.8005,104.9521
2025-26,IND,2025-12-20,IND @ NOP,NOP,False,L,109,128,-19,40,94,0.426,8,42,0.19,21,30,11,31,42,28,7,4,14,0.4681,98.1275,115.2323
2025-26,IND,2025-12-18,IND vs. NYK,NYK,True,L,113,114,-1,43,93,0.462,11,34,0.324,16,18,16,36,52,22,8,6,14,0.5215,112.2814,113.275
2025-26,IND,2025-12-14,IND vs. WAS,WAS,True,L,89,108,-19,31,84,0.369,10,39,0.256,17,21,11,30,41,20,2,7,8,0.4286,96.3829,116.9591
2025-26,IND,2025-12-12,IND @ PHI,PHI,False,L,105,115,-10,38,96,0.396,13,38,0.342,16,19,12,34,46,26,6,4,7,0.4635,105.3794,115.4155
2025-26,IND,2025-12-08,IND vs. SAC,SAC,True,W,116,105,11,38,87,0.437,14,35,0.4,26,28,10,31,41,25,14,7,14,0.5172,112.9283,102.2196
2025-26,IND,2025-12-05,IND @ CHI,CHI,False,W,120,105,15,45,84,0.536,18,39,0.462,12,16,6,29,35,24,13,8,14,0.6429,121.9512,106.7073
2025-26,IND,2025-12-03,IND vs. DEN,DEN,True,L,120,135,-15,42,81,0.519,13,28,0.464,23,29,8,30,38,24,6,5,12,0.5988,121.0898,136.226
2025-26,IND,2025-12-01,IND vs. CLE,CLE,True,L,119,135,-16,41,85,0.482,10,30,0.333,27,37,14,22,36,19,5,6,14,0.5412,117.7985,133.6369
2025-26,IND,2025-11-29,IND vs. CHI,CHI,True,W,103,101,2,41,89,0.461,13,41,0.317,8,11,7,37,44,24,8,10,13,0.5337,103.58,101.5688
2025-26,IND,2025-11-28,IND vs. WAS,WAS,True,W,119,86,33,48,92,0.522,13,34,0.382,10,13,10,40,50,27,9,8,16,0.5924,117.5193,84.9299
2025-26,IND,2025-11-26,IND @ TOR,TOR,False,L,95,97,-2,35,78,0.449,11,33,0.333,14,23,3,40,43,20,7,7,18,0.5192,92.233,94.1748
2025-26,IND,2025-11-24,IND vs. DET,DET,True,L,117,122,-5,39,82,0.476,13,31,0.419,26,34,5,25,30,22,11,4,13,0.5549,112.3703,117.1725
2025-26,IND,2025-11-21,IND @ CLE,CLE,False,L,109,120,-11,37,88,0.42,11,37,0.297,24,26,10,33,43,25,10,6,13,0.483,107.2201,118.0405
2025-26,IND,2025-11-19,IND vs. CHA,CHA,True,W,127,118,9,46,85,0.541,16,38,0.421,19,23,10,33,43,32,5,8,16,0.6353,121.6475,113.0268
2025-26,IND,2025-11-17,IND @ DET,DET,False,L,112,127,-15,35,84,0.417,9,31,0.29,33,45,20,23,43,19,8,5,21,0.4702,107.177,121.5311
2025-26,IND,2025-11-15,IND vs. TOR,TOR,True,L,111,129,-18,37,87,0.425,15,43,0.349,22,27,7,33,40,22,5,3,16,0.5115,101.2035,117.6149
2025-26,IND,2025-11-13,IND @ PHX,PHX,False,L,98,133,-35,32,88,0.364,7,25,0.28,27,29,16,25,41,20,4,3,12,0.4034,100.6987,136.6626
2025-26,IND,2025-11-11,IND @ UTA,UTA,False,L,128,152,-24,46,99,0.465,10,37,0.27,26,29,15,20,35,29,6,6,8,0.5152,119.5368,141.9499
2025-26,IND,2025-11-09,IND @ GSW,GSW,False,L,83,114,-31,32,94,0.34,11,39,0.282,8,11,14,39,53,21,7,6,22,0.3989,79.0025,108.5094
2025-26,IND,2025-11-08,IND @ DEN,DEN,False,L,100,117,-17,33,93,0.355,8,36,0.222,26,34,15,28,43,20,9,6,11,0.3978,95.2018,111.3861
2025-26,IND,2025-11-05,IND vs. BKN,BKN,True,L,103,112,-9,41,99,0.414,13,36,0.361,8,13,16,40,56,29,6,5,18,0.4798,97.1148,105.6006
2025-26,IND,2025-11-03,IND vs. MIL,MIL,True,L,115,117,-2,39,90,0.433,8,33,0.242,29,38,14,31,45,24,8,4,12,0.4778,108.7985,110.6906
2025-26,IND,2025-11-01,IND vs. GSW,GSW,True,W,114,109,5,40,89,0.449,10,33,0.303,24,28,11,36,47,24,7,3,12,0.5056,109.6154,104.8077
2025-26,IND,2025-10-31,IND vs. ATL,ATL,True,L,108,128,-20,35,99,0.354,13,47,0.277,25,33,18,31,49,23,6,3,12,0.4192,103.6866,122.8879
2025-26,IND,2025-10-29,IND @ DAL,DAL,False,L,105,107,-2,37,106,0.349,13,45,0.289,18,28,19,33,52,20,8,7,14,0.4104,95.1949,97.0082
2025-26,IND,2025-10-26,IND @ MIN,MIN,False,L,110,114,-4,39,91,0.429,14,40,0.35,18,27,16,33,49,24,7,5,17,0.5055,107.2334,111.1328
2025-26,IND,2025-10-25,IND @ MEM,MEM,False,L,103,128,-25,36,89,0.404,14,40,0.35,17,23,11,33,44,25,2,5,13,0.4831,98.9433,122.9587
2025-26,IND,2025-10-23,IND vs. OKC,OKC,True,L,135,141,-6,46,105,0.438,13,43,0.302,30,40,11,44,55,21,6,4,14,0.5,108.8534,113.6913
2025-26,LAC,2026-04-12,LAC vs. GSW,GSW,True,W,115,110,5,42,89,0.472,14,39,0.359,17,19,10,34,44,27,3,4,10,0.5506,120.1421,114.9185
2025-26,LAC,2026-04-10,LAC @ POR,POR,False,L,97,116,-19,36,83,0.434,13,40,0.325,12,12,10,25,35,17,6,3,17,0.512,99.6507,119.1699
2025-26,LAC,2026-04-08,LAC vs. OKC,OKC,True,L,110,128,-18,40,86,0.465,14,32,0.438,16,24,10,26,36,27,9,3,13,0.5465,109.934,127.9232
2025-26,LAC,2026-04-07,LAC vs. DAL,DAL,True,W,116,103,13,41,92,0.446,14,37,0.378,20,28,12,44,56,23,6,9,15,0.5217,108.5939,96.4239
2025-26,LAC,2026-04-05,LAC @ SAC,SAC,False,W,138,109,29,49,92,0.533,20,41,0.488,20,21,10,27,37,30,15,1,15,0.6413,132.6668,104.7875
2025-26,LAC,2026-04-02,LAC vs. SAS,SAS,True,L,99,118,-19,40,93,0.43,5,27,0.185,14,18,10,28,38,20,8,3,10,0.457,98.4683,117.3662
2025-26,LAC,2026-03-31,LAC vs. POR,POR,True,L,104,114,-10,38,76,0.5,10,30,0.333,18,23,8,22,30,19,8,9,14,0.5658,109.4506,119.9747
2025-26,LAC,2026-03-29,LAC @ MIL,MIL,False,W,127,113,14,45,77,0.584,13,30,0.433,24,28,7,32,39,27,14,4,16,0.6688,127.0508,113.0452
2025-26,LAC,2026-03-27,LAC @ IND,IND,False,W,114,113,1,41,96,0.427,13,34,0.382,19,27,16,30,46,20,12,4,12,0.4948,109.8901,108.9262
2025-26,LAC,2026-03-25,LAC vs. TOR,TOR,True,W,119,94,25,42,82,0.512,16,35,0.457,19,24,10,39,49,24,7,12,11,0.6098,125.0,98.7395
2025-26,LAC,2026-03-23,LAC vs. MIL,MIL,True,W,129,96,33,47,81,0.58,17,38,0.447,18,18,4,30,34,30,13,6,12,0.6852,131.0443,97.5213
2025-26,LAC,2026-03-21,LAC @ DAL,DAL,False,W,138,131,7,51,90,0.567,21,42,0.5,15,18,6,34,40,33,8,10,12,0.6833,129.7724,123.1898
2025-26,LAC,2026-03-19,LAC @ NOP,NOP,False,L,99,105,-6,35,76,0.461,10,32,0.313,19,32,9,30,39,20,11,2,16,0.5263,102.7184,108.9438
2025-26,LAC,2026-03-18,LAC @ NOP,NOP,False,L,109,124,-15,45,88,0.511,9,31,0.29,10,13,14,22,36,24,10,2,16,0.5625,112.3943,127.8614
2025-26,LAC,2026-03-16,LAC vs. SAS,SAS,True,L,115,119,-4,43,89,0.483,11,29,0.379,18,24,12,25,37,25,11,5,14,0.5449,114.8163,118.8099
2025-26,LAC,2026-03-14,LAC vs. SAC,SAC,True,L,109,118,-9,39,84,0.464,9,27,0.333,22,29,9,26,35,19,13,8,13,0.5179,108.0278,116.9475
2025-26,LAC,2026-03-13,LAC vs. CHI,CHI,True,W,119,108,11,46,96,0.479,9,32,0.281,18,24,10,36,46,28,8,12,6,0.526,115.3772,104.712
2025-26,LAC,2026-03-11,LAC vs. MIN,MIN,True,W,153,128,25,52,82,0.634,19,37,0.514,30,36,7,22,29,36,16,4,10,0.75,149.5601,125.1222
2025-26,LAC,2026-03-09,LAC vs. NYK,NYK,True,W,126,118,8,43,93,0.462,18,39,0.462,22,26,9,27,36,25,12,4,8,0.5591,122.0457,114.2968
2025-26,LAC,2026-03-07,LAC @ MEM,MEM,False,W,123,120,3,41,82,0.5,4,17,0.235,37,45,16,28,44,15,10,2,16,0.5244,120.9677,118.0173
2025-26,LAC,2026-03-06,LAC @ SAS,SAS,False,L,112,116,-4,42,86,0.488,12,33,0.364,16,20,7,34,41,22,12,3,10,0.5581,113.7287,117.7904
2025-26,LAC,2026-03-04,LAC vs. IND,IND,True,W,130,107,23,49,89,0.551,12,32,0.375,20,25,6,41,47,28,8,7,11,0.618,123.4333,101.5951
2025-26,LAC,2026-03-02,LAC @ GSW,GSW,False,W,114,101,13,42,85,0.494,9,31,0.29,21,23,15,37,52,18,9,7,14,0.5471,117.7686,104.3388
2025-26,LAC,2026-03-01,LAC vs. NOP,NOP,True,W,137,117,20,48,89,0.539,17,36,0.472,24,29,10,28,38,29,11,3,9,0.6348,133.0355,113.6143
2025-26,LAC,2026-02-26,LAC vs. MIN,MIN,True,L,88,94,-6,30,74,0.405,5,22,0.227,23,29,6,34,40,21,8,2,19,0.4392,89.2857,95.3734
2025-26,LAC,2026-02-22,LAC vs. ORL,ORL,True,L,109,111,-2,40,83,0.482,5,23,0.217,24,28,9,34,43,18,9,9,10,0.512,112.9768,115.0498
2025-26,LAC,2026-02-20,LAC @ LAL,LAL,False,L,122,125,-3,45,82,0.549,8,21,0.381,24,29,10,32,42,25,7,5,16,0.5976,119.7487,122.6934
2025-26,LAC,2026-02-19,LAC vs. DEN,DEN,True,W,115,114,1,41,87,0.471,8,33,0.242,25,30,7,38,45,27,9,4,14,0.5172,105.5821,104.664
2025-26,LAC,2026-02-11,LAC @ HOU,HOU,False,W,105,102,3,36,77,0.468,11,28,0.393,22,26,7,25,32,21,13,7,11,0.539,110.3173,107.1654
2025-26,LAC,2026-02-10,LAC @ HOU,HOU,False,L,95,102,-7,36,88,0.409,8,30,0.267,15,23,17,28,45,24,11,5,12,0.4545,101.0423,108.4876
2025-26,LAC,2026-02-08,LAC @ MIN,MIN,False,W,115,96,19,39,76,0.513,14,27,0.519,23,28,8,29,37,25,11,6,15,0.6053,115.5779,96.4824
2025-26,LAC,2026-02-06,LAC @ SAC,SAC,False,W,114,111,3,37,71,0.521,9,21,0.429,31,36,5,35,40,22,6,7,16,0.5845,114.8499,111.8275
2025-26,LAC,2026-02-04,LAC vs. CLE,CLE,True,L,91,124,-33,37,80,0.463,6,28,0.214,11,12,6,31,37,20,6,4,24,0.5,89.6552,122.1675
2025-26,LAC,2026-02-02,LAC vs. PHI,PHI,True,L,113,128,-15,46,78,0.59,9,26,0.346,12,20,5,31,36,24,4,2,14,0.6474,118.028,133.6954
2025-26,LAC,2026-02-01,LAC @ PHX,PHX,False,W,117,93,24,43,83,0.518,9,24,0.375,22,34,15,48,63,25,2,3,18,0.5723,118.8541,94.4738
2025-26,LAC,2026-01-30,LAC @ DEN,DEN,False,L,109,122,-13,40,86,0.465,14,40,0.35,15,21,11,23,34,29,7,3,9,0.5465,117.003,130.9575
2025-26,LAC,2026-01-27,LAC @ UTA,UTA,False,W,115,103,12,41,88,0.466,18,46,0.391,15,21,12,27,39,27,10,3,11,0.5682,118.2641,105.9235
2025-26,LAC,2026-01-25,LAC vs. BKN,BKN,True,W,126,89,37,44,78,0.564,12,25,0.48,26,29,7,44,51,20,12,5,19,0.641,121.8804,86.0902
2025-26,LAC,2026-01-22,LAC vs. LAL,LAL,True,W,112,104,8,40,84,0.476,12,31,0.387,20,21,13,36,49,23,8,0,20,0.5476,111.9105,103.9169
2025-26,LAC,2026-01-20,LAC @ CHI,CHI,False,L,110,138,-28,43,92,0.467,10,30,0.333,14,17,11,30,41,24,6,5,16,0.5217,107.4429,134.792
2025-26,LAC,2026-01-19,LAC @ WAS,WAS,False,W,110,106,4,36,78,0.462,5,28,0.179,33,38,12,31,43,20,12,6,16,0.4936,110.331,106.319
2025-26,LAC,2026-01-16,LAC @ TOR,TOR,False,W,121,117,4,41,79,0.519,13,36,0.361,26,30,6,30,36,25,12,3,16,0.6013,117.1119,113.2404
2025-26,LAC,2026-01-14,LAC vs. WAS,WAS,True,W,119,105,14,39,83,0.47,14,37,0.378,27,27,7,33,40,25,9,5,10,0.5542,121.8264,107.4939
2025-26,LAC,2026-01-12,LAC vs. CHA,CHA,True,W,117,109,8,41,92,0.446,18,49,0.367,17,21,9,28,37,22,7,0,5,0.5435,121.4197,113.1175
2025-26,LAC,2026-01-10,LAC @ DET,DET,False,W,98,92,6,31,72,0.431,11,31,0.355,25,36,8,29,37,17,18,6,22,0.5069,95.6844,89.8262
2025-26,LAC,2026-01-09,LAC @ BKN,BKN,False,W,121,105,16,45,76,0.592,14,24,0.583,17,19,6,31,37,28,9,8,16,0.6842,125.9105,109.2612
2025-26,LAC,2026-01-07,LAC @ NYK,NYK,False,L,111,123,-12,40,92,0.435,15,42,0.357,16,19,15,25,40,21,7,5,10,0.5163,115.1213,127.5669
2025-26,LAC,2026-01-05,LAC vs. GSW,GSW,True,W,103,102,1,37,77,0.481,10,29,0.345,19,21,6,42,48,25,5,9,20,0.5455,103.4552,102.4508
2025-26,LAC,2026-01-03,LAC vs. BOS,BOS,True,L,115,146,-31,42,84,0.5,15,38,0.395,16,17,8,22,30,26,4,4,10,0.5893,122.4446,155.4514
2025-26,LAC,2026-01-01,LAC vs. UTA,UTA,True,W,118,101,17,40,89,0.449,16,51,0.314,22,26,16,31,47,20,8,7,13,0.5393,118.2128,101.1821
2025-26,LAC,2025-12-30,LAC vs. SAC,SAC,True,W,131,90,41,46,90,0.511,14,38,0.368,25,32,11,31,42,29,13,9,4,0.5889,134.8847,92.6689
2025-26,LAC,2025-12-28,LAC vs. DET,DET,True,W,112,99,13,35,75,0.467,14,34,0.412,28,29,8,27,35,18,12,6,12,0.56,121.6862,107.5619
2025-26,LAC,2025-12-26,LAC @ POR,POR,False,W,119,103,16,35,69,0.507,20,40,0.5,29,31,4,28,32,21,6,5,13,0.6522,129.8276,112.3718
2025-26,LAC,2025-12-23,LAC vs. HOU,HOU,True,W,128,108,20,42,77,0.545,20,37,0.541,24,27,6,28,34,25,7,4,10,0.6753,138.5281,116.8831
2025-26,LAC,2025-12-20,LAC vs. LAL,LAL,True,W,103,88,15,34,80,0.425,16,43,0.372,19,20,13,35,48,22,8,6,19,0.525,108.4667,92.6706
2025-26,LAC,2025-12-18,LAC @ OKC,OKC,False,L,101,122,-21,37,76,0.487,10,32,0.313,17,22,9,40,49,25,6,7,29,0.5526,94.5162,114.1681
2025-26,LAC,2025-12-15,LAC vs. MEM,MEM,True,L,103,121,-18,37,80,0.463,13,36,0.361,16,22,13,26,39,26,4,2,19,0.5438,107.7631,126.5955
2025-26,LAC,2025-12-11,LAC @ HOU,HOU,False,L,113,115,-2,39,78,0.5,14,38,0.368,21,26,8,20,28,25,15,5,15,0.5897,115.4947,117.5388
2025-26,LAC,2025-12-06,LAC @ MIN,MIN,False,L,106,109,-3,40,85,0.471,9,29,0.31,17,25,10,25,35,16,8,3,11,0.5235,112.79,115.9821
2025-26,LAC,2025-12-05,LAC @ MEM,MEM,False,L,98,107,-9,35,80,0.438,14,44,0.318,14,17,5,32,37,22,11,2,17,0.525,99.2908,108.4093
2025-26,LAC,2025-12-03,LAC @ ATL,ATL,False,W,115,92,23,44,89,0.494,10,32,0.313,17,20,13,41,54,29,12,1,12,0.5506,116.775,93.42
2025-26,LAC,2025-12-01,LAC @ MIA,MIA,False,L,123,140,-17,43,96,0.448,9,29,0.31,28,35,13,33,46,23,8,3,13,0.4948,113.0099,128.6292
2025-26,LAC,2025-11-29,LAC vs. DAL,DAL,True,L,110,114,-4,37,80,0.463,7,25,0.28,29,31,5,41,46,25,5,6,18,0.5062,102.823,106.562
2025-26,LAC,2025-11-28,LAC vs. MEM,MEM,True,L,107,112,-5,38,89,0.427,12,38,0.316,19,21,8,31,39,19,13,5,13,0.4944,106.5101,111.4872
2025-26,LAC,2025-11-25,LAC @ LAL,LAL,False,L,118,135,-17,42,81,0.519,13,35,0.371,21,24,7,22,29,24,7,2,16,0.5988,119.1919,136.3636
2025-26,LAC,2025-11-23,LAC @ CLE,CLE,False,L,105,120,-15,37,80,0.463,8,26,0.308,23,26,12,28,40,23,6,2,16,0.5125,106.4693,121.6792
2025-26,LAC,2025-11-22,LAC @ CHA,CHA,False,W,131,116,15,46,90,0.511,19,43,0.442,20,24,11,30,41,30,8,2,10,0.6167,133.6735,118.3673
2025-26,LAC,2025-11-20,LAC @ ORL,ORL,False,L,101,129,-28,36,89,0.404,14,36,0.389,15,19,10,33,43,20,7,6,21,0.4831,95.319,121.7441
2025-26,LAC,2025-11-17,LAC @ PHI,PHI,False,L,108,110,-2,35,87,0.402,12,39,0.308,26,27,8,37,45,18,6,3,10,0.4713,109.0468,111.0662
2025-26,LAC,2025-11-16,LAC @ BOS,BOS,False,L,118,121,-3,38,81,0.469,14,35,0.4,28,30,10,34,44,23,4,7,14,0.5556,121.2246,124.3066
2025-26,LAC,2025-11-14,LAC @ DAL,DAL,False,W,133,127,6,45,95,0.474,13,42,0.31,30,36,7,38,45,22,16,6,23,0.5421,103.6795,99.0022
2025-26,LAC,2025-11-12,LAC vs. DEN,DEN,True,L,116,130,-14,41,84,0.488,16,37,0.432,18,19,11,25,36,28,4,7,15,0.5833,117.9101,132.1407
2025-26,LAC,2025-11-10,LAC vs. ATL,ATL,True,L,102,105,-3,36,82,0.439,12,38,0.316,18,25,11,31,42,19,7,9,12,0.5122,106.3608,109.4891
2025-26,LAC,2025-11-08,LAC vs. PHX,PHX,True,L,103,114,-11,41,77,0.532,10,33,0.303,11,18,5,22,27,26,5,5,11,0.5974,111.8593,123.8054
2025-26,LAC,2025-11-06,LAC @ PHX,PHX,False,L,102,115,-13,35,79,0.443,10,31,0.323,22,30,11,30,41,24,8,4,15,0.5063,103.2598,116.4203
2025-26,LAC,2025-11-04,LAC vs. OKC,OKC,True,L,107,126,-19,33,80,0.413,18,43,0.419,23,27,10,32,42,26,9,2,19,0.525,107.2359,126.2778
2025-26,LAC,2025-11-03,LAC vs. MIA,MIA,True,L,119,120,-1,44,88,0.5,17,41,0.415,14,19,11,33,44,25,13,4,21,0.5966,113.3765,114.3293
2025-26,LAC,2025-10-31,LAC vs. NOP,NOP,True,W,126,124,2,46,89,0.517,15,39,0.385,19,21,10,27,37,28,12,6,12,0.6011,126.6332,124.6231
2025-26,LAC,2025-10-28,LAC @ GSW,GSW,False,L,79,98,-19,30,82,0.366,6,33,0.182,13,16,13,34,47,10,7,2,16,0.4024,86.4333,107.221
2025-26,LAC,2025-10-26,LAC vs. POR,POR,True,W,114,107,7,44,80,0.55,12,31,0.387,14,15,7,39,46,26,11,8,24,0.625,109.3211,102.6084
2025-26,LAC,2025-10-24,LAC vs. PHX,PHX,True,W,129,102,27,45,76,0.592,16,29,0.552,23,26,10,35,45,32,12,5,19,0.6974,131.6058,104.0604
2025-26,LAC,2025-10-22,LAC @ UTA,UTA,False,L,108,129,-21,39,88,0.443,14,45,0.311,16,21,15,23,38,28,8,6,15,0.5227,111.8939,133.6511
2025-26,LAL,2026-04-12,LAL vs. UTA,UTA,True,W,131,107,24,51,93,0.548,15,34,0.441,14,17,11,38,49,37,12,6,17,0.629,123.9591,101.2491
2025-26,LAL,2026-04-10,LAL vs. PHX,PHX,True,W,101,73,28,35,69,0.507,8,20,0.4,23,30,4,31,35,27,17,3,11,0.5652,111.9486,80.9133
2025-26,LAL,2026-04-09,LAL @ GSW,GSW,False,W,119,103,16,49,80,0.613,16,29,0.552,5,8,8,25,33,37,14,3,19,0.7125,128.7879,111.4719
2025-26,LAL,2026-04-07,LAL vs. OKC,OKC,True,L,87,123,-36,32,73,0.438,9,26,0.346,14,31,8,30,38,26,7,3,17,0.5,90.249,127.5934
2025-26,LAL,2026-04-05,LAL @ DAL,DAL,False,L,128,134,-6,47,91,0.516,8,27,0.296,26,33,11,38,49,36,6,1,12,0.5604,122.2774,128.0092
2025-26,LAL,2026-04-02,LAL @ OKC,OKC,False,L,96,139,-43,34,79,0.43,7,30,0.233,21,27,8,30,38,20,8,5,18,0.4747,93.3852,135.214
2025-26,LAL,2026-03-31,LAL vs. CLE,CLE,True,W,127,113,14,45,83,0.542,13,31,0.419,24,26,8,29,37,26,9,4,12,0.6205,129.065,114.8374
2025-26,LAL,2026-03-30,LAL vs. WAS,WAS,True,W,120,101,19,44,79,0.557,7,24,0.292,25,32,9,39,48,29,7,7,15,0.6013,118.1568,99.4486
2025-26,LAL,2026-03-27,LAL vs. BKN,BKN,True,W,116,99,17,38,70,0.543,11,25,0.44,29,42,6,42,48,18,9,9,15,0.6214,114.806,97.981
2025-26,LAL,2026-03-25,LAL @ IND,IND,False,W,137,130,7,50,89,0.562,9,23,0.391,28,34,7,32,39,30,15,4,14,0.6124,124.5002,118.1389
2025-26,LAL,2026-03-23,LAL @ DET,DET,False,L,110,113,-3,38,79,0.481,8,29,0.276,26,31,9,30,39,27,6,6,13,0.5316,112.7049,115.7787
2025-26,LAL,2026-03-21,LAL @ ORL,ORL,False,W,105,104,1,39,87,0.448,8,32,0.25,19,29,14,29,43,19,11,6,12,0.4943,106.664,105.6481
2025-26,LAL,2026-03-19,LAL @ MIA,MIA,False,W,134,126,8,43,81,0.531,14,32,0.438,34,45,13,34,47,23,8,3,13,0.6173,131.7083,123.8451
2025-26,LAL,2026-03-18,LAL @ HOU,HOU,False,W,124,116,8,46,76,0.605,15,32,0.469,17,27,5,29,34,30,6,8,14,0.7039,126.9451,118.7551
2025-26,LAL,2026-03-16,LAL @ HOU,HOU,False,W,100,92,8,37,84,0.44,8,34,0.235,18,22,12,20,32,17,14,2,12,0.4881,106.2248,97.7268
2025-26,LAL,2026-03-14,LAL vs. DEN,DEN,True,W,127,125,2,48,93,0.516,14,42,0.333,17,26,7,39,46,31,10,6,17,0.5914,111.3449,109.5914
2025-26,LAL,2026-03-12,LAL vs. CHI,CHI,True,W,142,130,12,55,99,0.556,17,36,0.472,15,21,14,27,41,31,9,4,10,0.6414,135.058,123.6447
2025-26,LAL,2026-03-10,LAL vs. MIN,MIN,True,W,120,106,14,45,93,0.484,11,38,0.289,19,26,14,33,47,31,7,2,7,0.543,124.5072,109.9813
2025-26,LAL,2026-03-08,LAL vs. NYK,NYK,True,W,110,97,13,35,81,0.432,15,44,0.341,25,30,12,30,42,20,10,5,14,0.5247,111.9935,98.7579
2025-26,LAL,2026-03-06,LAL vs. IND,IND,True,W,128,117,11,45,85,0.529,17,37,0.459,21,23,6,37,43,25,5,2,13,0.6294,124.4652,113.769
2025-26,LAL,2026-03-05,LAL @ DEN,DEN,False,L,113,120,-7,45,87,0.517,13,31,0.419,10,15,6,26,32,30,12,1,10,0.592,114.5812,121.6792
2025-26,LAL,2026-03-03,LAL vs. NOP,NOP,True,W,110,101,9,39,83,0.47,11,37,0.297,21,26,11,37,48,29,7,12,22,0.5361,103.3835,94.9248
2025-26,LAL,2026-03-01,LAL vs. SAC,SAC,True,W,128,104,24,47,94,0.5,18,39,0.462,16,22,9,28,37,34,14,9,10,0.5957,124.7077,101.325
2025-26,LAL,2026-02-28,LAL @ GSW,GSW,False,W,129,101,28,48,90,0.533,19,41,0.463,14,20,10,37,47,29,7,5,10,0.6389,131.794,103.1876
2025-26,LAL,2026-02-26,LAL @ PHX,PHX,False,L,110,113,-3,38,75,0.507,11,29,0.379,23,26,10,29,39,20,8,2,13,0.58,122.4944,125.8352
2025-26,LAL,2026-02-24,LAL vs. ORL,ORL,True,L,109,110,-1,40,83,0.482,9,29,0.31,20,28,7,32,39,24,6,8,12,0.5361,107.1569,108.14
2025-26,LAL,2026-02-22,LAL vs. BOS,BOS,True,L,89,111,-22,34,87,0.391,9,30,0.3,12,18,8,31,39,18,7,5,8,0.4425,92.6311,115.5287
2025-26,LAL,2026-02-20,LAL vs. LAC,LAC,True,W,125,122,3,44,85,0.518,17,31,0.548,20,25,5,27,32,31,8,4,12,0.6176,122.6934,119.7487
2025-26,LAL,2026-02-12,LAL vs. DAL,DAL,True,W,124,104,20,48,86,0.558,10,31,0.323,18,21,10,34,44,35,8,3,13,0.6163,124.473,104.3967
2025-26,LAL,2026-02-10,LAL vs. SAS,SAS,True,L,108,136,-28,41,85,0.482,11,25,0.44,15,20,5,29,34,23,7,2,18,0.5471,101.029,127.2217
2025-26,LAL,2026-02-09,LAL vs. OKC,OKC,True,L,110,119,-9,42,84,0.5,10,31,0.323,16,23,9,28,37,25,7,2,15,0.5595,108.9756,117.8918
2025-26,LAL,2026-02-07,LAL vs. GSW,GSW,True,W,105,99,6,35,69,0.507,11,27,0.407,24,30,5,36,41,29,7,10,23,0.587,104.979,98.9802
2025-26,LAL,2026-02-05,LAL vs. PHI,PHI,True,W,119,115,4,44,79,0.557,9,25,0.36,22,27,10,32,42,27,8,4,22,0.6139,114.4231,110.5769
2025-26,LAL,2026-02-03,LAL @ BKN,BKN,False,W,125,109,16,46,85,0.541,7,31,0.226,26,39,10,31,41,25,14,0,12,0.5824,120.0077,104.6467
2025-26,LAL,2026-02-01,LAL @ NYK,NYK,False,L,100,112,-12,38,84,0.452,12,42,0.286,12,19,7,29,36,21,5,3,11,0.5238,106.2699,119.0223
2025-26,LAL,2026-01-30,LAL @ WAS,WAS,False,W,142,111,31,52,85,0.612,14,33,0.424,24,32,11,35,46,38,17,4,17,0.6941,134.9297,105.4732
2025-26,LAL,2026-01-28,LAL @ CLE,CLE,False,L,99,129,-30,39,81,0.481,9,32,0.281,12,18,8,28,36,21,7,3,16,0.537,101.2063,131.8749
2025-26,LAL,2026-01-26,LAL @ CHI,CHI,False,W,129,118,11,46,82,0.561,16,33,0.485,21,29,3,32,35,26,7,3,8,0.6585,129.2067,118.1891
2025-26,LAL,2026-01-24,LAL @ DAL,DAL,False,W,116,110,6,40,90,0.444,14,34,0.412,22,29,16,41,57,26,7,8,16,0.5222,110.7293,105.0019
2025-26,LAL,2026-01-22,LAL @ LAC,LAC,False,L,104,112,-8,40,88,0.455,11,33,0.333,13,18,6,28,34,24,14,8,10,0.517,103.9169,111.9105
2025-26,LAL,2026-01-20,LAL @ DEN,DEN,False,W,115,107,8,42,83,0.506,10,25,0.4,21,32,10,41,51,24,3,2,13,0.5663,117.6832,109.4965
2025-26,LAL,2026-01-18,LAL vs. TOR,TOR,True,W,110,93,17,41,85,0.482,14,36,0.389,14,17,9,39,48,25,6,6,15,0.5647,112.1991,94.8592
2025-26,LAL,2026-01-17,LAL @ POR,POR,False,L,116,132,-16,42,85,0.494,13,31,0.419,19,21,7,20,27,25,8,6,15,0.5706,112.5121,128.031
2025-26,LAL,2026-01-15,LAL vs. CHA,CHA,True,L,117,135,-18,43,93,0.462,14,38,0.368,17,23,12,23,35,18,8,4,9,0.5376,118.0864,136.2535
2025-26,LAL,2026-01-13,LAL vs. ATL,ATL,True,W,141,116,25,48,83,0.578,19,34,0.559,26,30,10,37,47,36,2,3,16,0.6928,138.154,113.6586
2025-26,LAL,2026-01-12,LAL @ SAC,SAC,False,L,112,124,-12,41,84,0.488,8,36,0.222,22,28,12,27,39,21,9,2,10,0.5357,116.9835,129.5174
2025-26,LAL,2026-01-09,LAL vs. MIL,MIL,True,L,101,105,-4,39,91,0.429,15,36,0.417,8,14,15,30,45,28,9,0,13,0.511,106.9689,111.2053
2025-26,LAL,2026-01-07,LAL @ SAS,SAS,False,L,91,107,-16,34,86,0.395,9,39,0.231,14,22,10,35,45,16,9,2,17,0.4477,89.2157,104.902
2025-26,LAL,2026-01-06,LAL @ NOP,NOP,False,W,111,103,8,43,85,0.506,11,31,0.355,14,21,9,35,44,30,11,6,15,0.5706,110.3599,102.406
2025-26,LAL,2026-01-04,LAL vs. MEM,MEM,True,W,120,114,6,38,80,0.475,11,41,0.268,33,41,8,37,45,30,4,6,11,0.5438,117.8088,111.9183
2025-26,LAL,2026-01-02,LAL vs. MEM,MEM,True,W,128,121,7,45,77,0.584,11,32,0.344,27,31,6,36,42,26,9,4,20,0.6558,117.5606,111.1315
2025-26,LAL,2025-12-30,LAL vs. DET,DET,True,L,106,128,-22,37,82,0.451,11,39,0.282,21,31,11,22,33,28,10,3,21,0.5183,101.7274,122.8407
2025-26,LAL,2025-12-28,LAL vs. SAC,SAC,True,W,125,101,24,47,89,0.528,15,38,0.395,16,18,8,33,41,25,14,4,16,0.6124,121.7849,98.4022
2025-26,LAL,2025-12-25,LAL vs. HOU,HOU,True,L,96,119,-23,39,77,0.506,11,30,0.367,7,11,7,18,25,19,7,5,16,0.5779,102.0191,126.4612
2025-26,LAL,2025-12-23,LAL @ PHX,PHX,False,L,108,132,-24,39,81,0.481,12,32,0.375,18,29,14,24,38,22,7,4,17,0.5556,112.1728,137.1001
2025-26,LAL,2025-12-20,LAL @ LAC,LAC,False,L,88,103,-15,34,88,0.386,6,38,0.158,14,23,14,29,43,16,7,3,11,0.4205,92.6706,108.4667
2025-26,LAL,2025-12-18,LAL @ UTA,UTA,False,W,143,135,8,49,93,0.527,13,39,0.333,32,39,13,35,48,32,7,2,7,0.5968,135.0076,127.4547
2025-26,LAL,2025-12-14,LAL @ PHX,PHX,False,W,116,114,2,38,88,0.432,7,37,0.189,33,43,24,30,54,20,13,8,22,0.4716,111.5814,109.6576
2025-26,LAL,2025-12-10,LAL vs. SAS,SAS,True,L,119,132,-13,43,87,0.494,16,37,0.432,17,23,6,37,43,27,4,7,11,0.5862,114.9981,127.5609
2025-26,LAL,2025-12-07,LAL @ PHI,PHI,False,W,112,108,4,41,85,0.482,13,36,0.361,17,27,8,44,52,25,3,8,10,0.5588,111.2656,107.2919
2025-26,LAL,2025-12-05,LAL @ BOS,BOS,False,L,105,126,-21,33,77,0.429,14,35,0.4,25,29,10,25,35,15,8,2,14,0.5195,109.9246,131.9095
2025-26,LAL,2025-12-04,LAL @ TOR,TOR,False,W,123,120,3,44,88,0.5,13,31,0.419,22,26,14,24,38,26,7,7,11,0.5739,125.7155,122.6492
2025-26,LAL,2025-12-01,LAL vs. PHX,PHX,True,L,108,125,-17,41,80,0.513,13,33,0.394,13,15,5,34,39,18,1,0,22,0.5938,104.7933,121.2886
2025-26,LAL,2025-11-30,LAL vs. NOP,NOP,True,W,133,121,12,42,87,0.483,15,41,0.366,34,39,11,35,46,26,4,10,9,0.569,131.7092,119.8257
2025-26,LAL,2025-11-28,LAL vs. DAL,DAL,True,W,129,119,10,45,76,0.592,18,35,0.514,21,26,6,28,34,27,4,4,15,0.7105,133.5127,123.1629
2025-26,LAL,2025-11-25,LAL vs. LAC,LAC,True,W,135,118,17,50,87,0.575,13,29,0.448,22,26,12,26,38,29,9,4,11,0.6494,136.3636,119.1919
2025-26,LAL,2025-11-23,LAL @ UTA,UTA,False,W,108,106,2,38,86,0.442,10,38,0.263,22,27,5,40,45,23,7,4,14,0.5,101.5038,99.6241
2025-26,LAL,2025-11-18,LAL vs. UTA,UTA,True,W,140,126,14,50,84,0.595,11,32,0.344,29,40,11,30,41,31,9,1,17,0.6607,128.7238,115.8514
2025-26,LAL,2025-11-15,LAL @ MIL,MIL,False,W,119,95,24,38,77,0.494,13,33,0.394,30,33,11,36,47,23,13,4,17,0.5779,123.265,98.4048
2025-26,LAL,2025-11-14,LAL @ NOP,NOP,False,W,118,104,14,44,84,0.524,10,34,0.294,20,26,10,35,45,28,13,5,18,0.5833,113.2655,99.8272
2025-26,LAL,2025-11-12,LAL @ OKC,OKC,False,L,92,121,-29,31,77,0.403,11,35,0.314,19,28,9,33,42,19,9,0,20,0.474,90.4444,118.954
2025-26,LAL,2025-11-10,LAL @ CHA,CHA,False,W,121,111,10,45,90,0.5,14,39,0.359,17,20,12,24,36,25,12,2,11,0.5778,125.7273,115.3367
2025-26,LAL,2025-11-08,LAL @ ATL,ATL,False,L,102,122,-20,37,81,0.457,12,30,0.4,16,20,13,34,47,23,8,5,20,0.5309,102.6983,122.8353
2025-26,LAL,2025-11-05,LAL vs. SAS,SAS,True,W,118,116,2,37,83,0.446,10,31,0.323,34,44,12,26,38,23,8,5,14,0.506,114.0317,112.099
2025-26,LAL,2025-11-03,LAL @ POR,POR,False,W,123,115,8,50,85,0.588,9,23,0.391,14,16,8,26,34,29,11,5,17,0.6412,121.6377,113.7263
2025-26,LAL,2025-11-02,LAL vs. MIA,MIA,True,W,130,120,10,48,95,0.505,15,46,0.326,19,23,8,33,41,33,14,2,12,0.5842,120.9527,111.6487
2025-26,LAL,2025-10-31,LAL @ MEM,MEM,False,W,117,112,5,39,76,0.513,13,38,0.342,26,33,5,35,40,24,8,3,15,0.5987,117.0702,112.0672
2025-26,LAL,2025-10-29,LAL @ MIN,MIN,False,W,116,115,1,45,83,0.542,11,31,0.355,15,22,11,29,40,34,6,5,19,0.6084,115.2165,114.2233
2025-26,LAL,2025-10-27,LAL vs. POR,POR,True,L,108,122,-14,40,86,0.465,7,27,0.259,21,26,12,30,42,23,11,5,25,0.5058,98.164,110.8889
2025-26,LAL,2025-10-26,LAL @ SAC,SAC,False,W,127,120,7,39,80,0.488,8,25,0.32,41,46,10,37,47,26,9,3,17,0.5375,115.8971,109.509
2025-26,LAL,2025-10-24,LAL vs. MIN,MIN,True,W,128,110,18,45,76,0.592,12,29,0.414,26,32,7,31,38,26,6,3,12,0.6711,135.2208,116.2054
2025-26,LAL,2025-10-21,LAL vs. GSW,GSW,True,L,109,119,-10,42,77,0.545,8,32,0.25,17,28,7,32,39,23,7,2,20,0.5974,107.3469,117.1952
2025-26,MEM,2026-04-12,MEM @ HOU,HOU,False,L,101,132,-31,39,95,0.411,13,49,0.265,10,10,6,31,37,23,8,6,13,0.4789,94.1286,123.0196
2025-26,MEM,2026-04-10,MEM @ UTA,UTA,False,L,101,147,-46,41,109,0.376,11,52,0.212,8,9,11,36,47,27,10,2,20,0.4266,82.9773,120.769
2025-26,MEM,2026-04-08,MEM @ DEN,DEN,False,L,119,136,-17,42,92,0.457,19,50,0.38,16,23,10,28,38,24,5,1,6,0.5598,118.7862,135.7556
2025-26,MEM,2026-04-06,MEM vs. CLE,CLE,True,L,126,142,-16,45,94,0.479,29,59,0.492,7,10,8,23,31,32,7,4,13,0.633,120.7591,136.0935
2025-26,MEM,2026-04-05,MEM @ MIL,MIL,False,L,115,131,-16,38,92,0.413,17,46,0.37,22,28,15,23,38,25,13,1,14,0.5054,111.7156,127.2586
2025-26,MEM,2026-04-03,MEM vs. TOR,TOR,True,L,96,128,-32,34,85,0.4,11,42,0.262,17,26,13,25,38,14,6,3,20,0.4647,93.8967,125.1956
2025-26,MEM,2026-04-01,MEM vs. NYK,NYK,True,L,119,130,-11,39,76,0.513,16,36,0.444,25,30,6,14,20,27,10,4,14,0.6184,122.8324,134.1866
2025-26,MEM,2026-03-30,MEM vs. PHX,PHX,True,L,105,131,-26,38,75,0.507,11,30,0.367,18,20,6,27,33,26,5,5,23,0.58,102.78,128.2302
2025-26,MEM,2026-03-28,MEM vs. CHI,CHI,True,W,125,124,1,50,107,0.467,12,38,0.316,13,17,10,27,37,31,17,3,14,0.5234,107.5731,106.7126
2025-26,MEM,2026-03-27,MEM vs. HOU,HOU,True,L,109,119,-10,40,91,0.44,13,37,0.351,16,18,14,25,39,28,11,3,11,0.511,112.7431,123.0865
2025-26,MEM,2026-03-25,MEM vs. SAS,SAS,True,L,98,123,-25,34,86,0.395,16,50,0.32,14,20,3,30,33,26,8,3,12,0.4884,95.8529,120.3052
2025-26,MEM,2026-03-23,MEM @ ATL,ATL,False,L,107,146,-39,35,83,0.422,14,43,0.326,23,26,6,28,34,20,9,4,23,0.506,100.2624,136.8066
2025-26,MEM,2026-03-21,MEM @ CHA,CHA,False,L,101,124,-23,35,86,0.407,16,46,0.348,15,19,9,25,34,20,10,1,13,0.5,101.5484,124.6732
2025-26,MEM,2026-03-20,MEM vs. BOS,BOS,True,L,112,117,-5,42,90,0.467,14,43,0.326,14,17,7,28,35,24,7,3,9,0.5444,113.8906,118.975
2025-26,MEM,2026-03-18,MEM vs. DEN,DEN,True,W,125,118,7,42,98,0.429,16,49,0.327,25,32,12,36,48,22,12,9,10,0.5102,112.7345,106.4214
2025-26,MEM,2026-03-16,MEM @ CHI,CHI,False,L,107,132,-25,39,86,0.453,14,39,0.359,15,19,10,27,37,30,10,5,18,0.5349,102.5887,126.558
2025-26,MEM,2026-03-13,MEM @ DET,DET,False,L,110,126,-16,38,89,0.427,15,41,0.366,19,24,13,20,33,20,11,2,17,0.5112,108.1187,123.8451
2025-26,MEM,2026-03-12,MEM vs. DAL,DAL,True,L,112,120,-8,41,98,0.418,14,48,0.292,16,22,14,24,38,26,10,5,10,0.4898,108.6113,116.3693
2025-26,MEM,2026-03-10,MEM @ PHI,PHI,False,L,129,139,-10,48,97,0.495,17,43,0.395,16,21,19,25,44,26,5,3,20,0.5825,121.4232,130.8358
2025-26,MEM,2026-03-09,MEM @ BKN,BKN,False,L,115,126,-11,40,92,0.435,14,35,0.4,21,25,13,23,36,25,9,8,15,0.5109,110.3859,120.9445
2025-26,MEM,2026-03-07,MEM vs. LAC,LAC,True,L,120,123,-3,42,87,0.483,16,43,0.372,20,24,11,23,34,29,8,6,15,0.5747,118.0173,120.9677
2025-26,MEM,2026-03-04,MEM vs. POR,POR,True,L,114,122,-8,39,87,0.448,14,32,0.438,22,33,13,25,38,25,12,6,17,0.5287,110.9813,118.7695
2025-26,MEM,2026-03-03,MEM @ MIN,MIN,False,L,110,117,-7,36,79,0.456,15,38,0.395,23,29,5,28,33,27,9,4,17,0.5506,105.9118,112.6516
2025-26,MEM,2026-03-01,MEM @ IND,IND,False,W,125,106,19,48,94,0.511,15,35,0.429,14,14,13,27,40,34,12,9,13,0.5904,124.6758,105.7251
2025-26,MEM,2026-02-27,MEM @ DAL,DAL,False,W,124,105,19,47,93,0.505,12,32,0.375,18,21,10,33,43,29,13,7,11,0.5699,116.018,98.241
2025-26,MEM,2026-02-25,MEM vs. GSW,GSW,True,L,112,133,-21,41,84,0.488,17,41,0.415,13,18,10,24,34,30,7,4,16,0.5893,111.8434,132.8141
2025-26,MEM,2026-02-23,MEM vs. SAC,SAC,True,L,114,123,-9,42,87,0.483,12,34,0.353,18,20,9,28,37,33,13,3,18,0.5517,107.6487,116.1473
2025-26,MEM,2026-02-21,MEM @ MIA,MIA,False,L,120,136,-16,45,95,0.474,15,43,0.349,15,22,9,26,35,31,14,7,13,0.5526,109.4891,124.0876
2025-26,MEM,2026-02-20,MEM vs. UTA,UTA,True,W,123,114,9,45,92,0.489,12,33,0.364,21,33,11,34,45,29,15,6,17,0.5543,109.5476,101.5319
2025-26,MEM,2026-02-11,MEM @ DEN,DEN,False,L,116,122,-6,42,91,0.462,15,39,0.385,17,21,8,21,29,28,12,5,6,0.544,116.3957,122.4162
2025-26,MEM,2026-02-09,MEM @ GSW,GSW,False,L,113,114,-1,42,83,0.506,10,32,0.313,19,24,8,29,37,26,17,3,18,0.5663,108.6957,109.6576
2025-26,MEM,2026-02-07,MEM @ POR,POR,False,L,115,122,-7,42,84,0.5,16,38,0.421,15,21,5,31,36,19,14,6,15,0.5952,110.8968,117.6471
2025-26,MEM,2026-02-06,MEM @ POR,POR,False,L,115,135,-20,42,88,0.477,15,41,0.366,16,21,10,27,37,28,12,3,16,0.5625,110.3223,129.5088
2025-26,MEM,2026-02-04,MEM @ SAC,SAC,False,W,129,125,4,45,90,0.5,18,41,0.439,21,28,11,33,44,30,8,4,13,0.6,119.6439,115.934
2025-26,MEM,2026-02-02,MEM vs. MIN,MIN,True,W,137,128,9,44,88,0.5,19,41,0.463,30,35,12,33,45,31,5,2,10,0.608,136.2913,127.3378
2025-26,MEM,2026-01-31,MEM vs. MIN,MIN,True,L,114,131,-17,44,90,0.489,10,37,0.27,16,24,13,30,43,29,8,4,15,0.5444,110.6152,127.1104
2025-26,MEM,2026-01-30,MEM @ NOP,NOP,False,L,106,114,-8,40,93,0.43,12,41,0.293,14,15,16,30,46,26,11,3,20,0.4946,103.3945,111.1978
2025-26,MEM,2026-01-28,MEM vs. CHA,CHA,True,L,97,112,-15,37,81,0.457,14,40,0.35,9,12,8,21,29,27,10,7,13,0.5432,101.147,116.7883
2025-26,MEM,2026-01-26,MEM @ HOU,HOU,False,L,99,108,-9,39,105,0.371,7,37,0.189,14,17,21,31,52,26,9,5,13,0.4048,96.4536,105.2221
2025-26,MEM,2026-01-23,MEM vs. NOP,NOP,True,L,127,133,-6,45,92,0.489,18,47,0.383,19,22,14,33,47,34,4,10,19,0.587,119.6984,125.3534
2025-26,MEM,2026-01-21,MEM vs. ATL,ATL,True,L,122,124,-2,43,93,0.462,12,35,0.343,24,27,13,30,43,26,7,7,18,0.5269,111.7012,113.5323
2025-26,MEM,2026-01-18,MEM @ ORL,ORL,False,W,126,109,17,48,91,0.527,13,35,0.371,17,25,9,33,42,31,12,7,12,0.5989,118.8455,102.8108
2025-26,MEM,2026-01-15,MEM @ ORL,ORL,False,L,111,118,-7,38,83,0.458,17,36,0.472,18,21,7,30,37,27,5,6,16,0.5602,109.166,116.0504
2025-26,MEM,2026-01-11,MEM vs. BKN,BKN,True,W,103,98,5,37,88,0.42,11,34,0.324,18,18,16,38,54,27,6,7,15,0.483,110.184,104.8353
2025-26,MEM,2026-01-09,MEM vs. OKC,OKC,True,L,116,117,-1,41,88,0.466,14,41,0.341,20,24,15,37,52,35,4,4,17,0.5455,116.0696,117.0702
2025-26,MEM,2026-01-07,MEM vs. PHX,PHX,True,L,98,117,-19,39,92,0.424,12,37,0.324,8,14,15,32,47,23,9,2,18,0.4891,95.7592,114.3248
2025-26,MEM,2026-01-06,MEM vs. SAS,SAS,True,W,106,105,1,39,98,0.398,18,49,0.367,10,15,17,44,61,28,7,9,23,0.4898,95.7024,94.7996
2025-26,MEM,2026-01-04,MEM @ LAL,LAL,False,L,114,120,-6,42,100,0.42,10,41,0.244,20,22,16,31,47,29,6,1,9,0.47,111.9183,117.8088
2025-26,MEM,2026-01-02,MEM @ LAL,LAL,False,L,121,128,-7,46,96,0.479,14,42,0.333,15,23,8,26,34,32,10,2,15,0.5521,111.1315,117.5606
2025-26,MEM,2025-12-30,MEM vs. PHI,PHI,True,L,136,139,-3,51,92,0.554,11,29,0.379,23,26,9,42,51,28,2,10,20,0.6141,117.0799,119.6625
2025-26,MEM,2025-12-28,MEM @ WAS,WAS,False,L,112,116,-4,43,103,0.417,9,32,0.281,17,21,10,33,43,27,14,8,16,0.4612,96.4519,99.8967
2025-26,MEM,2025-12-26,MEM vs. MIL,MIL,True,W,125,104,21,43,85,0.506,13,34,0.382,26,32,7,35,42,28,12,9,14,0.5824,120.4007,100.1734
2025-26,MEM,2025-12-23,MEM @ UTA,UTA,False,W,137,128,9,49,88,0.557,19,45,0.422,20,29,8,33,41,41,10,8,15,0.6648,127.6794,119.2917
2025-26,MEM,2025-12-22,MEM @ OKC,OKC,False,L,103,119,-16,34,83,0.41,18,41,0.439,17,23,10,36,46,26,8,5,23,0.5181,97.9646,113.1824
2025-26,MEM,2025-12-20,MEM vs. WAS,WAS,True,L,122,130,-8,45,100,0.45,16,44,0.364,16,22,19,29,48,31,7,3,14,0.53,117.2401,124.9279
2025-26,MEM,2025-12-17,MEM @ MIN,MIN,False,W,116,110,6,42,96,0.438,11,34,0.324,21,25,15,39,54,23,10,4,18,0.4948,104.561,99.1527
2025-26,MEM,2025-12-15,MEM @ LAC,LAC,False,W,121,103,18,45,86,0.523,16,39,0.41,15,17,9,23,32,33,10,7,11,0.6163,126.5955,107.7631
2025-26,MEM,2025-12-12,MEM vs. UTA,UTA,True,L,126,130,-4,46,99,0.465,19,41,0.463,15,21,9,40,49,32,4,5,10,0.5606,112.883,116.4666
2025-26,MEM,2025-12-07,MEM vs. POR,POR,True,W,119,96,23,40,89,0.449,10,35,0.286,29,39,16,35,51,28,18,4,23,0.5056,108.1425,87.241
2025-26,MEM,2025-12-05,MEM vs. LAC,LAC,True,W,107,98,9,42,78,0.538,10,28,0.357,13,18,4,38,42,28,9,4,16,0.6026,108.4093,99.2908
2025-26,MEM,2025-12-02,MEM @ SAS,SAS,False,L,119,126,-7,45,90,0.5,9,26,0.346,20,24,9,41,50,28,4,6,15,0.55,114.3132,121.0375
2025-26,MEM,2025-11-30,MEM @ SAC,SAC,False,W,115,107,8,45,86,0.523,9,24,0.375,16,22,13,39,52,28,4,7,23,0.5756,110.9182,103.2022
2025-26,MEM,2025-11-28,MEM @ LAC,LAC,False,W,112,107,5,39,88,0.443,17,40,0.425,17,22,15,38,53,24,5,6,15,0.5398,111.4872,106.5101
2025-26,MEM,2025-11-26,MEM @ NOP,NOP,False,W,133,128,5,52,97,0.536,17,37,0.459,12,14,11,38,49,38,9,8,16,0.6237,121.7057,117.1303
2025-26,MEM,2025-11-24,MEM vs. DEN,DEN,True,L,115,125,-10,43,93,0.462,16,47,0.34,13,15,11,29,40,33,6,4,11,0.5484,116.8937,127.0583
2025-26,MEM,2025-11-22,MEM @ DAL,DAL,False,W,102,96,6,37,92,0.402,8,31,0.258,20,24,23,38,61,26,5,5,13,0.4457,107.5949,101.2658
2025-26,MEM,2025-11-20,MEM vs. SAC,SAC,True,W,137,96,41,50,99,0.505,17,54,0.315,20,26,11,38,49,42,11,3,8,0.5909,132.3416,92.7357
2025-26,MEM,2025-11-18,MEM @ SAS,SAS,False,L,101,111,-10,42,104,0.404,12,39,0.308,5,9,21,38,59,30,6,4,14,0.4615,101.671,111.7375
2025-26,MEM,2025-11-15,MEM @ CLE,CLE,False,L,100,108,-8,31,86,0.36,9,32,0.281,29,40,11,35,46,21,9,5,15,0.4128,93.7383,101.2373
2025-26,MEM,2025-11-12,MEM @ BOS,BOS,False,L,95,131,-36,32,95,0.337,10,43,0.233,21,26,15,26,41,25,8,4,10,0.3895,95.6119,131.8438
2025-26,MEM,2025-11-11,MEM @ NYK,NYK,False,L,120,133,-13,43,84,0.512,14,38,0.368,20,24,5,39,44,36,7,3,22,0.5952,107.4499,119.0903
2025-26,MEM,2025-11-09,MEM vs. OKC,OKC,True,L,100,114,-14,35,91,0.385,17,44,0.386,13,18,11,39,50,30,3,6,14,0.478,97.3899,111.0245
2025-26,MEM,2025-11-07,MEM vs. DAL,DAL,True,W,118,104,14,41,85,0.482,13,35,0.371,23,28,7,35,42,27,8,1,15,0.5588,113.2655,99.8272
2025-26,MEM,2025-11-05,MEM vs. HOU,HOU,True,L,109,124,-15,34,89,0.382,13,39,0.333,28,35,13,34,47,25,10,9,15,0.4551,102.1939,116.2573
2025-26,MEM,2025-11-03,MEM vs. DET,DET,True,L,106,114,-8,35,87,0.402,14,41,0.341,22,25,18,31,49,25,8,5,20,0.4828,106.1274,114.137
2025-26,MEM,2025-11-02,MEM @ TOR,TOR,False,L,104,117,-13,38,87,0.437,11,35,0.314,17,20,11,30,41,24,6,0,13,0.5,105.7986,119.0234
2025-26,MEM,2025-10-31,MEM vs. LAL,LAL,True,L,112,117,-5,41,93,0.441,14,45,0.311,16,19,13,29,42,28,9,0,11,0.5161,112.0672,117.0702
2025-26,MEM,2025-10-29,MEM @ PHX,PHX,False,W,114,113,1,44,93,0.473,15,38,0.395,11,13,9,32,41,31,12,3,17,0.5538,106.9418,106.0038
2025-26,MEM,2025-10-27,MEM @ GSW,GSW,False,L,118,131,-13,40,88,0.455,12,39,0.308,26,28,7,32,39,32,8,3,13,0.5227,111.5734,123.8654
2025-26,MEM,2025-10-25,MEM vs. IND,IND,True,W,128,103,25,44,97,0.454,15,39,0.385,25,32,10,39,49,31,6,4,6,0.5309,122.9587,98.9433
2025-26,MEM,2025-10-24,MEM vs. MIA,MIA,True,L,114,146,-32,38,95,0.4,13,45,0.289,25,28,12,29,41,29,8,4,20,0.4684,99.1304,126.9565
2025-26,MEM,2025-10-22,MEM vs. NOP,NOP,True,W,128,122,6,41,80,0.513,11,37,0.297,35,43,6,33,39,20,5,12,17,0.5812,116.5968,111.1314
2025-26,MIA,2026-04-12,MIA vs. ATL,ATL,True,W,143,117,26,58,103,0.563,15,37,0.405,12,17,13,32,45,34,11,3,7,0.6359,136.5807,111.7479
2025-26,MIA,2026-04-10,MIA @ WAS,WAS,False,W,140,117,23,49,82,0.598,20,37,0.541,22,26,9,31,40,37,8,1,19,0.7195,133.5878,111.6412
2025-26,MIA,2026-04-09,MIA @ TOR,TOR,False,L,114,128,-14,46,82,0.561,14,35,0.4,8,14,6,28,34,35,1,3,15,0.6463,117.4531,131.8772
2025-26,MIA,2026-04-07,MIA @ TOR,TOR,False,L,95,121,-26,33,91,0.363,12,44,0.273,17,19,10,34,44,26,3,3,15,0.4286,91.6104,116.6827
2025-26,MIA,2026-04-04,MIA vs. WAS,WAS,True,W,152,136,16,54,93,0.581,17,39,0.436,27,34,10,39,49,42,6,11,15,0.672,137.2337,122.788
2025-26,MIA,2026-04-01,MIA vs. BOS,BOS,True,L,129,147,-18,44,95,0.463,24,47,0.511,17,23,12,25,37,27,5,4,9,0.5895,125.9028,143.4706
2025-26,MIA,2026-03-30,MIA vs. PHI,PHI,True,W,119,109,10,43,93,0.462,11,40,0.275,22,29,16,41,57,24,6,4,11,0.5215,115.4667,105.7636
2025-26,MIA,2026-03-29,MIA @ IND,IND,False,L,118,135,-17,46,99,0.465,13,37,0.351,13,18,10,32,42,29,5,4,7,0.5303,112.0395,128.1808
2025-26,MIA,2026-03-27,MIA @ CLE,CLE,False,L,128,149,-21,40,91,0.44,15,46,0.326,33,38,11,34,45,25,5,4,13,0.522,114.6132,133.4169
2025-26,MIA,2026-03-25,MIA @ CLE,CLE,False,W,120,103,17,42,81,0.519,18,45,0.4,18,22,5,35,40,31,11,3,14,0.6296,121.6792,104.4413
2025-26,MIA,2026-03-23,MIA vs. SAS,SAS,True,L,111,136,-25,38,95,0.4,16,52,0.308,19,20,7,31,38,29,11,8,12,0.4842,100.8541,123.569
2025-26,MIA,2026-03-21,MIA @ HOU,HOU,False,L,122,123,-1,47,92,0.511,16,41,0.39,12,16,11,30,41,31,6,1,9,0.5978,126.8983,127.9384
2025-26,MIA,2026-03-19,MIA vs. LAL,LAL,True,L,126,134,-8,48,94,0.511,12,38,0.316,18,22,12,29,41,31,4,2,11,0.5745,123.8451,131.7083
2025-26,MIA,2026-03-17,MIA @ CHA,CHA,False,L,106,136,-30,36,89,0.404,7,36,0.194,27,34,12,31,43,26,4,3,15,0.4438,98.0574,125.8094
2025-26,MIA,2026-03-14,MIA vs. ORL,ORL,True,L,117,121,-4,41,88,0.466,12,38,0.316,23,28,7,25,32,25,13,5,11,0.5341,109.6944,113.4446
2025-26,MIA,2026-03-12,MIA vs. MIL,MIL,True,W,112,105,7,38,92,0.413,14,41,0.341,22,27,15,38,53,26,4,2,12,0.4891,110.2145,103.3261
2025-26,MIA,2026-03-10,MIA vs. WAS,WAS,True,W,150,129,21,45,90,0.5,13,43,0.302,47,59,15,33,48,31,16,5,17,0.5722,125.146,107.6256
2025-26,MIA,2026-03-08,MIA vs. DET,DET,True,W,121,110,11,43,93,0.462,12,33,0.364,23,25,13,36,49,31,9,5,12,0.5269,119.4708,108.6098
2025-26,MIA,2026-03-06,MIA @ CHA,CHA,False,W,128,120,8,45,97,0.464,18,38,0.474,20,25,11,33,44,31,7,5,6,0.5567,122.6054,114.9425
2025-26,MIA,2026-03-05,MIA vs. BKN,BKN,True,W,126,110,16,48,91,0.527,9,27,0.333,21,24,12,33,45,29,13,8,14,0.5769,122.6397,107.0664
2025-26,MIA,2026-03-03,MIA vs. BKN,BKN,True,W,124,98,26,45,91,0.495,13,36,0.361,21,24,14,32,46,28,13,8,12,0.5659,119.3685,94.3396
2025-26,MIA,2026-02-28,MIA vs. HOU,HOU,True,W,115,105,10,45,90,0.5,11,31,0.355,14,20,14,33,47,22,3,4,14,0.5611,115.5547,105.5064
2025-26,MIA,2026-02-26,MIA @ PHI,PHI,False,L,117,124,-7,40,87,0.46,17,40,0.425,20,26,10,35,45,25,8,2,14,0.5575,112.8472,119.5988
2025-26,MIA,2026-02-24,MIA @ MIL,MIL,False,L,117,128,-11,40,94,0.426,16,48,0.333,21,27,14,37,51,32,8,5,16,0.5106,109.2233,119.4922
2025-26,MIA,2026-02-21,MIA vs. MEM,MEM,True,W,136,120,16,49,95,0.516,13,36,0.361,25,33,17,40,57,36,8,5,18,0.5842,124.0876,109.4891
2025-26,MIA,2026-02-20,MIA @ ATL,ATL,False,W,128,97,31,52,100,0.52,13,35,0.371,11,14,11,47,58,31,8,4,9,0.585,123.8151,93.8286
2025-26,MIA,2026-02-11,MIA @ NOP,NOP,False,W,123,111,12,42,102,0.412,14,47,0.298,25,33,18,38,56,25,8,9,8,0.4804,116.1035,104.7763
2025-26,MIA,2026-02-09,MIA vs. UTA,UTA,True,L,111,115,-4,33,79,0.418,15,45,0.333,30,44,10,33,43,24,6,3,14,0.5127,108.2927,112.1951
2025-26,MIA,2026-02-08,MIA @ WAS,WAS,False,W,132,101,31,49,104,0.471,21,47,0.447,13,15,21,39,60,34,18,4,16,0.5721,122.9966,94.1111
2025-26,MIA,2026-02-06,MIA @ BOS,BOS,False,L,96,98,-2,35,84,0.417,13,40,0.325,13,18,10,32,42,23,9,3,12,0.494,100.5025,102.5963
2025-26,MIA,2026-02-03,MIA vs. ATL,ATL,True,L,115,127,-12,42,96,0.438,8,32,0.25,23,26,12,41,53,25,6,1,13,0.4792,106.4027,117.5056
2025-26,MIA,2026-02-01,MIA vs. CHI,CHI,True,W,134,91,43,54,107,0.505,14,38,0.368,12,17,15,39,54,44,8,5,9,0.5701,124.9767,84.8722
2025-26,MIA,2026-01-31,MIA vs. CHI,CHI,True,L,118,125,-7,41,95,0.432,13,47,0.277,23,31,9,38,47,26,17,4,19,0.5,99.3433,105.2366
2025-26,MIA,2026-01-29,MIA @ CHI,CHI,False,W,116,113,3,42,93,0.452,12,36,0.333,20,24,10,39,49,29,12,2,14,0.5161,108.2493,105.4498
2025-26,MIA,2026-01-28,MIA vs. ORL,ORL,True,L,124,133,-9,44,88,0.5,15,34,0.441,21,23,9,39,48,27,6,5,18,0.5852,116.1049,124.5318
2025-26,MIA,2026-01-25,MIA @ PHX,PHX,False,W,111,102,9,39,93,0.419,9,35,0.257,24,29,18,41,59,21,6,3,12,0.4677,110.338,101.3917
2025-26,MIA,2026-01-24,MIA @ UTA,UTA,False,W,147,116,31,47,108,0.435,19,47,0.404,34,42,26,38,64,35,10,6,14,0.5231,130.2037,102.7458
2025-26,MIA,2026-01-22,MIA @ POR,POR,False,L,110,127,-17,43,94,0.457,9,45,0.2,15,19,14,26,40,27,12,4,15,0.5053,104.2259,120.3335
2025-26,MIA,2026-01-20,MIA @ SAC,SAC,False,W,130,117,13,47,98,0.48,21,42,0.5,15,24,12,34,46,33,6,2,10,0.5867,123.3397,111.0057
2025-26,MIA,2026-01-19,MIA @ GSW,GSW,False,L,112,135,-23,39,99,0.394,13,45,0.289,21,24,20,34,54,30,6,2,19,0.4596,103.2068,124.401
2025-26,MIA,2026-01-17,MIA vs. OKC,OKC,True,W,122,120,2,41,111,0.369,20,50,0.4,20,28,21,30,51,30,7,4,4,0.4595,118.654,116.7088
2025-26,MIA,2026-01-15,MIA vs. BOS,BOS,True,L,114,119,-5,39,87,0.448,15,42,0.357,21,27,12,28,40,25,7,2,10,0.5345,117.5985,122.7563
2025-26,MIA,2026-01-13,MIA vs. PHX,PHX,True,W,127,121,6,48,92,0.522,13,38,0.342,18,22,9,32,41,28,8,2,12,0.5924,120.6765,114.9753
2025-26,MIA,2026-01-11,MIA @ OKC,OKC,False,L,112,124,-12,44,82,0.537,17,32,0.531,7,13,5,32,37,35,9,4,23,0.6402,106.6464,118.0727
2025-26,MIA,2026-01-10,MIA @ IND,IND,False,L,99,123,-24,36,92,0.391,4,30,0.133,23,29,11,40,51,17,6,5,19,0.413,87.4404,108.638
2025-26,MIA,2026-01-06,MIA @ MIN,MIN,False,L,94,122,-28,35,98,0.357,12,37,0.324,12,16,11,39,50,28,5,4,18,0.4184,85.0063,110.3274
2025-26,MIA,2026-01-04,MIA vs. NOP,NOP,True,W,125,106,19,47,101,0.465,18,44,0.409,13,18,12,31,43,30,19,7,16,0.5545,110.4045,93.623
2025-26,MIA,2026-01-03,MIA vs. MIN,MIN,True,L,115,125,-10,41,87,0.471,14,37,0.378,19,22,11,26,37,27,7,2,19,0.5517,112.3705,122.1419
2025-26,MIA,2026-01-01,MIA @ DET,DET,False,W,118,112,6,43,99,0.434,14,39,0.359,18,20,15,34,49,25,14,6,20,0.5051,106.5751,101.1561
2025-26,MIA,2025-12-29,MIA vs. DEN,DEN,True,W,147,123,24,53,99,0.535,22,46,0.478,19,23,15,31,46,40,8,4,10,0.6465,142.1663,118.9555
2025-26,MIA,2025-12-27,MIA vs. IND,IND,True,W,142,116,26,55,107,0.514,12,31,0.387,20,21,17,32,49,33,17,5,11,0.5701,128.3442,104.8445
2025-26,MIA,2025-12-26,MIA @ ATL,ATL,False,W,126,111,15,49,104,0.471,11,36,0.306,17,18,13,39,52,29,14,2,12,0.524,113.9447,100.3798
2025-26,MIA,2025-12-23,MIA vs. TOR,TOR,True,L,91,112,-21,33,82,0.402,8,30,0.267,17,20,10,30,40,18,12,1,18,0.4512,93.4675,115.037
2025-26,MIA,2025-12-21,MIA @ NYK,NYK,False,L,125,132,-7,41,87,0.471,17,35,0.486,26,35,12,33,45,26,5,1,11,0.569,122.1658,129.007
2025-26,MIA,2025-12-19,MIA @ BOS,BOS,False,L,116,129,-13,40,102,0.392,19,49,0.388,17,24,17,30,47,27,6,1,13,0.4853,109.8901,122.2054
2025-26,MIA,2025-12-18,MIA @ BKN,BKN,False,W,106,95,11,41,89,0.461,9,28,0.321,15,19,9,42,51,23,9,8,14,0.5112,104.3307,93.5039
2025-26,MIA,2025-12-15,MIA vs. TOR,TOR,True,L,96,106,-10,35,83,0.422,9,31,0.29,17,23,11,34,45,20,12,7,19,0.4759,94.544,104.3924
2025-26,MIA,2025-12-09,MIA @ ORL,ORL,False,L,108,117,-9,42,93,0.452,8,33,0.242,16,19,7,32,39,25,8,6,8,0.4946,104.6512,113.3721
2025-26,MIA,2025-12-06,MIA vs. SAC,SAC,True,L,111,127,-16,41,85,0.482,9,31,0.29,20,32,11,30,41,23,5,4,13,0.5353,107.5998,123.1097
2025-26,MIA,2025-12-05,MIA @ ORL,ORL,False,L,105,106,-1,40,80,0.5,7,19,0.368,18,27,4,40,44,23,4,8,15,0.5438,100.7484,101.7079
2025-26,MIA,2025-12-03,MIA @ DAL,DAL,False,L,108,118,-10,40,101,0.396,11,37,0.297,17,18,14,27,41,29,11,5,11,0.4505,104.2471,113.8996
2025-26,MIA,2025-12-01,MIA vs. LAC,LAC,True,W,140,123,17,53,100,0.53,24,46,0.522,10,12,11,39,50,34,7,10,12,0.65,128.6292,113.0099
2025-26,MIA,2025-11-29,MIA vs. DET,DET,True,L,135,138,-3,44,88,0.5,14,29,0.483,33,39,11,27,38,27,12,3,18,0.5795,119.8509,122.5142
2025-26,MIA,2025-11-26,MIA vs. MIL,MIL,True,W,106,103,3,39,85,0.459,10,36,0.278,18,20,9,38,47,32,9,7,14,0.5176,104.4541,101.4978
2025-26,MIA,2025-11-24,MIA vs. DAL,DAL,True,W,106,102,4,42,94,0.447,5,27,0.185,17,24,14,39,53,22,8,7,14,0.4734,101.145,97.3282
2025-26,MIA,2025-11-23,MIA @ PHI,PHI,False,W,127,117,10,48,98,0.49,11,32,0.344,20,30,18,40,58,32,7,2,13,0.5459,119.4957,110.0866
2025-26,MIA,2025-11-21,MIA @ CHI,CHI,False,W,143,107,36,47,100,0.47,14,38,0.368,35,44,15,38,53,35,13,7,10,0.54,126.169,94.4062
2025-26,MIA,2025-11-19,MIA vs. GSW,GSW,True,W,110,96,14,39,96,0.406,13,35,0.371,19,26,14,38,52,30,10,3,14,0.474,102.6886,89.6191
2025-26,MIA,2025-11-17,MIA vs. NYK,NYK,True,W,115,113,2,45,101,0.446,14,35,0.4,11,13,7,33,40,29,5,5,14,0.5149,102.5504,100.7669
2025-26,MIA,2025-11-14,MIA @ NYK,NYK,False,L,132,140,-8,44,95,0.463,19,44,0.432,25,34,15,31,46,30,4,5,11,0.5632,125.2847,132.8778
2025-26,MIA,2025-11-12,MIA vs. CLE,CLE,True,L,116,130,-14,45,94,0.479,15,37,0.405,11,13,9,35,44,29,6,6,21,0.5585,102.0408,114.3561
2025-26,MIA,2025-11-10,MIA vs. CLE,CLE,True,W,140,138,2,46,98,0.469,12,36,0.333,36,41,12,44,56,32,5,6,14,0.5306,119.699,117.9891
2025-26,MIA,2025-11-08,MIA vs. POR,POR,True,W,136,131,5,49,96,0.51,10,35,0.286,28,36,12,35,47,37,17,5,15,0.5625,117.2616,112.9505
2025-26,MIA,2025-11-07,MIA vs. CHA,CHA,True,W,126,108,18,51,99,0.515,12,28,0.429,12,14,6,31,37,31,10,7,8,0.5758,117.1875,100.4464
2025-26,MIA,2025-11-05,MIA @ DEN,DEN,False,L,112,122,-10,38,86,0.442,14,41,0.341,22,25,5,33,38,26,13,4,15,0.5233,103.5503,112.7959
2025-26,MIA,2025-11-03,MIA @ LAC,LAC,False,W,120,119,1,45,83,0.542,12,25,0.48,18,24,6,31,37,33,12,3,16,0.6145,114.3293,113.3765
2025-26,MIA,2025-11-02,MIA @ LAL,LAL,False,L,120,130,-10,43,84,0.512,9,33,0.273,25,36,9,33,42,29,7,3,15,0.5655,111.6487,120.9527
2025-26,MIA,2025-10-30,MIA @ SAS,SAS,False,L,101,107,-6,39,90,0.433,15,38,0.395,8,11,5,36,41,29,6,2,14,0.5167,100.0198,105.9616
2025-26,MIA,2025-10-28,MIA vs. CHA,CHA,True,W,144,117,27,52,96,0.542,20,45,0.444,20,22,8,29,37,34,8,2,11,0.6458,132.2314,107.438
2025-26,MIA,2025-10-26,MIA vs. NYK,NYK,True,W,115,107,8,38,83,0.458,13,37,0.351,26,31,9,41,50,25,7,1,16,0.5361,109.0668,101.4795
2025-26,MIA,2025-10-24,MIA @ MEM,MEM,False,W,146,114,32,55,102,0.539,19,40,0.475,17,22,17,40,57,34,15,4,20,0.6324,126.9565,99.1304
2025-26,MIA,2025-10-22,MIA @ ORL,ORL,False,L,121,125,-4,44,91,0.484,12,35,0.343,21,27,10,37,47,26,9,4,19,0.5495,108.3841,111.967
2025-26,MIL,2026-04-12,MIL @ PHI,PHI,False,L,106,126,-20,39,90,0.433,13,47,0.277,15,22,12,33,45,26,8,2,19,0.5056,100.9909,120.0457
2025-26,MIL,2026-04-10,MIL vs. BKN,BKN,True,W,125,108,17,45,81,0.556,24,48,0.5,11,16,8,36,44,36,5,7,17,0.7037,131.5236,113.6364
2025-26,MIL,2026-04-08,MIL @ DET,DET,False,L,111,137,-26,36,86,0.419,17,50,0.34,22,28,13,19,32,26,5,4,16,0.5174,113.5434,140.1391
2025-26,MIL,2026-04-07,MIL @ BKN,BKN,False,L,90,96,-6,35,81,0.432,15,45,0.333,5,8,9,35,44,25,6,7,20,0.5247,93.9261,100.1879
2025-26,MIL,2026-04-05,MIL vs. MEM,MEM,True,W,131,115,16,50,83,0.602,16,32,0.5,15,24,11,33,44,30,11,5,20,0.6988,127.2586,111.7156
2025-26,MIL,2026-04-03,MIL vs. BOS,BOS,True,L,101,133,-32,35,83,0.422,21,47,0.447,10,13,8,22,30,24,5,4,13,0.5482,106.271,139.9411
2025-26,MIL,2026-04-01,MIL @ HOU,HOU,False,L,113,119,-6,42,89,0.472,17,40,0.425,12,16,15,30,45,21,3,1,15,0.5674,119.7541,126.1128
2025-26,MIL,2026-03-31,MIL vs. DAL,DAL,True,W,123,99,24,41,92,0.446,20,54,0.37,21,26,12,47,59,28,7,9,18,0.5543,112.9684,90.9258
2025-26,MIL,2026-03-29,MIL vs. LAC,LAC,True,L,113,127,-14,40,77,0.519,20,44,0.455,13,15,4,23,27,23,13,1,22,0.6494,113.0452,127.0508
2025-26,MIL,2026-03-28,MIL vs. SAS,SAS,True,L,95,127,-32,38,87,0.437,14,46,0.304,5,6,9,28,37,22,9,5,19,0.5172,95.2667,127.3566
2025-26,MIL,2026-03-25,MIL @ POR,POR,False,L,99,130,-31,36,89,0.404,14,45,0.311,13,20,13,21,34,22,12,3,17,0.4831,97.8648,128.5093
2025-26,MIL,2026-03-23,MIL @ LAC,LAC,False,L,96,129,-33,37,84,0.44,16,41,0.39,6,9,11,27,38,29,6,2,23,0.5357,97.5213,131.0443
2025-26,MIL,2026-03-21,MIL @ PHX,PHX,False,W,108,105,3,39,78,0.5,16,39,0.41,14,21,8,34,42,20,6,4,17,0.6026,112.9944,109.8556
2025-26,MIL,2026-03-19,MIL @ UTA,UTA,False,L,96,128,-32,32,78,0.41,15,44,0.341,17,23,8,27,35,20,9,2,20,0.5064,94.6186,126.1581
2025-26,MIL,2026-03-17,MIL vs. CLE,CLE,True,L,116,123,-7,42,88,0.477,20,45,0.444,12,17,7,32,39,24,3,6,8,0.5909,119.317,126.5172
2025-26,MIL,2026-03-15,MIL vs. IND,IND,True,W,134,123,11,49,90,0.544,23,44,0.523,13,19,13,27,40,31,10,2,9,0.6722,137.8034,126.4912
2025-26,MIL,2026-03-14,MIL @ ATL,ATL,False,L,99,122,-23,37,76,0.487,12,37,0.324,13,18,5,32,37,24,5,4,23,0.5658,97.6139,120.2919
2025-26,MIL,2026-03-12,MIL @ MIA,MIA,False,L,105,112,-7,41,83,0.494,9,26,0.346,14,19,3,33,36,26,10,2,14,0.5482,103.3261,110.2145
2025-26,MIL,2026-03-10,MIL vs. PHX,PHX,True,L,114,129,-15,42,82,0.512,16,38,0.421,14,20,8,31,39,26,6,1,17,0.6098,115.3613,130.5404
2025-26,MIL,2026-03-08,MIL vs. ORL,ORL,True,L,91,130,-39,36,84,0.429,13,44,0.295,6,13,9,27,36,22,10,3,17,0.506,91.8635,131.2336
2025-26,MIL,2026-03-07,MIL vs. UTA,UTA,True,W,113,99,14,41,85,0.482,15,44,0.341,16,28,7,41,48,33,7,5,11,0.5706,111.2862,97.4985
2025-26,MIL,2026-03-04,MIL vs. ATL,ATL,True,L,113,131,-18,43,86,0.5,13,39,0.333,14,20,12,29,41,27,8,2,15,0.5756,114.8141,133.103
2025-26,MIL,2026-03-02,MIL vs. BOS,BOS,True,L,81,108,-27,27,74,0.365,13,36,0.361,14,19,9,32,41,18,7,3,16,0.4527,89.8403,119.787
2025-26,MIL,2026-03-01,MIL @ CHI,CHI,False,L,97,120,-23,35,95,0.368,13,46,0.283,14,17,11,34,45,26,9,3,19,0.4368,89.9814,111.3173
2025-26,MIL,2026-02-27,MIL vs. NYK,NYK,True,L,98,127,-29,33,77,0.429,16,42,0.381,16,22,4,30,34,24,5,3,16,0.5325,99.1301,128.4645
2025-26,MIL,2026-02-25,MIL vs. CLE,CLE,True,W,118,116,2,48,88,0.545,19,45,0.422,3,5,8,28,36,28,7,2,13,0.6534,124.8149,122.6994
2025-26,MIL,2026-02-24,MIL vs. MIA,MIA,True,W,128,117,11,48,97,0.495,16,39,0.41,16,19,10,36,46,25,10,3,11,0.5773,119.4922,109.2233
2025-26,MIL,2026-02-22,MIL vs. TOR,TOR,True,L,94,122,-28,35,85,0.412,9,32,0.281,15,19,13,33,46,18,4,4,19,0.4647,95.1995,123.5568
2025-26,MIL,2026-02-20,MIL @ NOP,NOP,False,W,139,118,21,55,92,0.598,15,36,0.417,14,18,8,29,37,28,9,8,15,0.6793,131.6039,111.7213
2025-26,MIL,2026-02-12,MIL @ OKC,OKC,False,W,110,93,17,44,95,0.463,17,42,0.405,5,7,15,34,49,25,9,6,11,0.5526,117.096,98.9994
2025-26,MIL,2026-02-11,MIL @ ORL,ORL,False,W,116,108,8,39,81,0.481,14,36,0.389,24,24,8,39,47,22,4,4,16,0.5679,120.332,112.0332
2025-26,MIL,2026-02-09,MIL @ ORL,ORL,False,L,99,118,-19,36,77,0.468,12,33,0.364,15,21,6,31,37,17,7,6,20,0.5455,99.9394,119.1197
2025-26,MIL,2026-02-06,MIL vs. IND,IND,True,W,105,99,6,44,95,0.463,13,43,0.302,4,6,13,35,48,26,4,2,12,0.5316,111.1817,104.8285
2025-26,MIL,2026-02-04,MIL vs. NOP,NOP,True,W,141,137,4,56,92,0.609,21,47,0.447,8,10,6,37,43,36,5,3,15,0.7228,133.548,129.7594
2025-26,MIL,2026-02-03,MIL vs. CHI,CHI,True,W,131,115,16,50,97,0.515,23,38,0.605,8,15,13,38,51,33,6,4,14,0.634,127.3576,111.8024
2025-26,MIL,2026-02-01,MIL @ BOS,BOS,False,L,79,107,-28,29,82,0.354,10,34,0.294,11,15,12,28,40,17,5,0,11,0.4146,88.6048,120.009
2025-26,MIL,2026-01-29,MIL @ WAS,WAS,False,L,99,109,-10,41,98,0.418,10,38,0.263,7,9,7,36,43,25,7,9,9,0.4694,95.523,105.1717
2025-26,MIL,2026-01-27,MIL @ PHI,PHI,False,L,122,139,-17,44,86,0.512,15,34,0.441,19,27,8,30,38,29,4,4,12,0.5988,121.1038,137.979
2025-26,MIL,2026-01-23,MIL vs. DEN,DEN,True,L,100,102,-2,34,85,0.4,12,39,0.308,20,27,11,40,51,24,7,8,11,0.4706,102.0408,104.0816
2025-26,MIL,2026-01-21,MIL vs. OKC,OKC,True,L,102,122,-20,40,81,0.494,16,41,0.39,6,9,5,34,39,30,6,0,16,0.5926,105.3937,126.0591
2025-26,MIL,2026-01-19,MIL @ ATL,ATL,False,W,112,110,2,39,79,0.494,16,36,0.444,18,25,4,43,47,24,8,6,13,0.5949,111.1332,109.1486
2025-26,MIL,2026-01-15,MIL @ SAS,SAS,False,L,101,119,-18,34,87,0.391,17,48,0.354,16,22,10,27,37,24,6,3,13,0.4885,101.2227,119.2624
2025-26,MIL,2026-01-13,MIL vs. MIN,MIN,True,L,106,139,-33,41,85,0.482,13,36,0.361,11,19,9,23,32,29,12,4,20,0.5588,101.6104,133.2439
2025-26,MIL,2026-01-11,MIL @ DEN,DEN,False,L,104,108,-4,38,85,0.447,14,34,0.412,14,20,10,34,44,29,5,6,11,0.5294,106.9739,111.0883
2025-26,MIL,2026-01-09,MIL @ LAL,LAL,False,W,105,101,4,38,79,0.481,12,34,0.353,17,22,12,32,44,23,10,3,17,0.557,111.2053,106.9689
2025-26,MIL,2026-01-07,MIL @ GSW,GSW,False,L,113,120,-7,46,85,0.541,14,32,0.438,7,12,5,31,36,29,3,3,12,0.6235,115.1886,122.3242
2025-26,MIL,2026-01-04,MIL @ SAC,SAC,False,W,115,98,17,39,87,0.448,10,37,0.27,27,30,12,36,48,23,4,2,13,0.5057,115.4155,98.3541
2025-26,MIL,2026-01-02,MIL vs. CHA,CHA,True,W,122,121,1,45,87,0.517,16,37,0.432,16,18,8,28,36,31,7,4,11,0.6092,123.0831,122.0743
2025-26,MIL,2025-12-31,MIL vs. WAS,WAS,True,L,113,114,-1,41,89,0.461,16,39,0.41,15,22,11,37,48,24,2,6,15,0.5506,111.616,112.6037
2025-26,MIL,2025-12-29,MIL @ CHA,CHA,False,W,123,113,10,44,84,0.524,16,34,0.471,19,22,5,26,31,29,9,5,9,0.619,125.8441,115.6129
2025-26,MIL,2025-12-27,MIL @ CHI,CHI,False,W,112,103,9,40,86,0.465,13,36,0.361,19,24,11,36,47,22,12,3,12,0.5407,113.9369,104.7813
2025-26,MIL,2025-12-26,MIL @ MEM,MEM,False,L,104,125,-21,36,84,0.429,14,39,0.359,18,24,15,33,48,18,11,2,22,0.5119,100.1734,120.4007
2025-26,MIL,2025-12-23,MIL @ IND,IND,False,W,111,94,17,42,82,0.512,10,30,0.333,17,24,7,41,48,20,6,7,15,0.5732,110.4038,93.4951
2025-26,MIL,2025-12-21,MIL @ MIN,MIN,False,L,100,103,-3,35,87,0.402,13,45,0.289,17,20,11,40,51,27,6,2,18,0.477,100.04,103.0412
2025-26,MIL,2025-12-18,MIL vs. TOR,TOR,True,L,105,111,-6,38,84,0.452,15,37,0.405,14,16,9,29,38,25,10,2,16,0.5417,106.99,113.1037
2025-26,MIL,2025-12-14,MIL @ BKN,BKN,False,L,82,127,-45,31,79,0.392,8,35,0.229,12,16,7,30,37,20,8,1,20,0.443,81.8363,126.7465
2025-26,MIL,2025-12-11,MIL vs. BOS,BOS,True,W,116,101,15,46,79,0.582,13,29,0.448,11,14,5,35,40,28,5,5,16,0.6646,118.2708,102.9772
2025-26,MIL,2025-12-06,MIL @ DET,DET,False,L,112,124,-12,37,84,0.44,16,38,0.421,22,32,11,25,36,24,11,5,12,0.5357,112.7214,124.7987
2025-26,MIL,2025-12-05,MIL vs. PHI,PHI,True,L,101,116,-15,35,76,0.461,11,32,0.344,20,27,7,30,37,26,8,3,18,0.5329,101.7325,116.8413
2025-26,MIL,2025-12-03,MIL vs. DET,DET,True,W,113,109,4,40,82,0.488,13,44,0.295,20,21,8,32,40,28,6,6,16,0.5671,109.2843,105.4159
2025-26,MIL,2025-12-01,MIL @ WAS,WAS,False,L,126,129,-3,46,84,0.548,21,38,0.553,13,21,7,28,35,29,5,4,17,0.6726,121.2471,124.1339
2025-26,MIL,2025-11-29,MIL vs. BKN,BKN,True,W,116,99,17,44,84,0.524,16,39,0.41,12,17,12,31,43,31,13,2,14,0.619,120.8585,103.1465
2025-26,MIL,2025-11-28,MIL @ NYK,NYK,False,L,109,118,-9,37,71,0.521,18,41,0.439,17,25,5,30,35,24,9,4,15,0.6479,115.0274,124.5251
2025-26,MIL,2025-11-26,MIL @ MIA,MIA,False,L,103,106,-3,40,95,0.421,14,42,0.333,9,14,11,36,47,31,7,1,14,0.4947,101.4978,104.4541
2025-26,MIL,2025-11-24,MIL vs. POR,POR,True,L,103,115,-12,38,86,0.442,13,37,0.351,14,18,8,31,39,22,10,5,13,0.5174,104.8666,117.0841
2025-26,MIL,2025-11-22,MIL vs. DET,DET,True,L,116,129,-13,43,84,0.512,20,43,0.465,10,12,6,29,35,29,8,7,17,0.631,114.9425,127.824
2025-26,MIL,2025-11-20,MIL vs. PHI,PHI,True,L,114,123,-9,45,92,0.489,14,36,0.389,10,13,3,39,42,30,7,2,14,0.5652,103.561,111.7369
2025-26,MIL,2025-11-17,MIL @ CLE,CLE,False,L,106,118,-12,39,93,0.419,17,36,0.472,11,15,7,27,34,26,9,1,15,0.5108,101.0294,112.4666
2025-26,MIL,2025-11-15,MIL vs. LAL,LAL,True,L,95,119,-24,32,80,0.4,15,39,0.385,16,24,12,27,39,20,6,4,17,0.4938,98.4048,123.265
2025-26,MIL,2025-11-14,MIL vs. CHA,CHA,True,W,147,134,13,55,85,0.647,20,34,0.588,17,22,5,34,39,37,10,3,22,0.7647,130.4116,118.8786
2025-26,MIL,2025-11-12,MIL @ CHA,CHA,False,L,100,111,-11,40,88,0.455,12,30,0.4,8,13,10,24,34,29,6,6,9,0.5227,104.3841,115.8664
2025-26,MIL,2025-11-10,MIL @ DAL,DAL,False,W,116,114,2,41,91,0.451,14,36,0.389,20,25,8,36,44,24,9,6,13,0.5275,108.8997,107.0222
2025-26,MIL,2025-11-09,MIL vs. HOU,HOU,True,L,115,122,-7,44,79,0.557,13,29,0.448,14,24,7,20,27,25,11,6,13,0.6392,119.2946,126.556
2025-26,MIL,2025-11-07,MIL vs. CHI,CHI,True,W,126,110,16,48,103,0.466,16,39,0.41,14,18,14,39,53,27,10,6,11,0.5437,119.4539,104.2852
2025-26,MIL,2025-11-04,MIL @ TOR,TOR,False,L,100,128,-28,37,86,0.43,11,38,0.289,15,21,9,32,41,26,5,4,15,0.4942,97.561,124.878
2025-26,MIL,2025-11-03,MIL @ IND,IND,False,W,117,115,2,42,88,0.477,20,47,0.426,13,22,9,34,43,24,6,5,18,0.5909,110.6906,108.7985
2025-26,MIL,2025-11-01,MIL vs. SAC,SAC,True,L,133,135,-2,49,82,0.598,15,32,0.469,20,31,9,28,37,30,5,2,11,0.689,132.1805,134.1682
2025-26,MIL,2025-10-30,MIL vs. GSW,GSW,True,W,120,110,10,46,96,0.479,19,46,0.413,9,13,7,27,34,25,7,2,16,0.5781,109.0116,99.9273
2025-26,MIL,2025-10-28,MIL vs. NYK,NYK,True,W,121,111,10,43,79,0.544,14,34,0.412,21,24,4,34,38,27,7,8,13,0.6329,123.0425,112.8737
2025-26,MIL,2025-10-26,MIL @ CLE,CLE,False,L,113,118,-5,40,79,0.506,13,33,0.394,20,28,9,28,37,25,12,6,18,0.5886,107.7627,112.531
2025-26,MIL,2025-10-24,MIL @ TOR,TOR,False,W,122,116,6,47,90,0.522,14,40,0.35,14,25,14,37,51,25,9,5,19,0.6,115.596,109.9109
2025-26,MIL,2025-10-22,MIL vs. WAS,WAS,True,W,133,120,13,50,98,0.51,18,44,0.409,15,19,6,40,46,31,8,6,8,0.602,123.8823,111.7735
2025-26,MIN,2026-04-12,MIN vs. NOP,NOP,True,W,132,126,6,45,89,0.506,10,37,0.27,32,43,12,35,47,32,5,13,11,0.5618,120.1967,114.7332
2025-26,MIN,2026-04-10,MIN @ HOU,HOU,False,W,136,132,4,51,89,0.573,15,30,0.5,19,25,7,18,25,27,7,7,8,0.6573,134.4405,130.4864
2025-26,MIN,2026-04-08,MIN @ ORL,ORL,False,L,120,132,-12,45,90,0.5,18,44,0.409,12,14,9,24,33,22,10,7,16,0.6,116.3467,127.9814
2025-26,MIN,2026-04-07,MIN @ IND,IND,False,W,124,104,20,46,89,0.517,17,41,0.415,15,16,10,29,39,27,16,4,20,0.6124,117.7141,98.7279
2025-26,MIN,2026-04-05,MIN vs. CHA,CHA,True,L,108,122,-14,38,83,0.458,14,38,0.368,18,23,13,26,39,24,8,4,18,0.5422,110.3617,124.6679
2025-26,MIN,2026-04-03,MIN @ PHI,PHI,False,L,103,115,-12,38,101,0.376,14,43,0.326,13,20,13,30,43,21,8,4,12,0.4455,98.0392,109.4613
2025-26,MIN,2026-04-02,MIN @ DET,DET,False,L,108,113,-5,38,86,0.442,13,42,0.31,19,25,5,35,40,22,8,8,14,0.5174,102.4862,107.231
2025-26,MIN,2026-03-30,MIN @ DAL,DAL,False,W,124,94,30,51,96,0.531,14,31,0.452,8,12,6,45,51,33,8,6,11,0.6042,117.402,88.9983
2025-26,MIN,2026-03-28,MIN vs. DET,DET,True,L,87,109,-22,27,85,0.318,9,43,0.209,24,33,13,25,38,18,8,4,15,0.3706,86.5672,108.4577
2025-26,MIN,2026-03-25,MIN vs. HOU,HOU,True,W,110,108,2,45,108,0.417,13,37,0.351,7,10,16,33,49,27,11,12,17,0.4769,99.3677,97.561
2025-26,MIN,2026-03-22,MIN @ BOS,BOS,False,W,102,92,10,39,91,0.429,12,33,0.364,12,15,12,44,56,24,7,7,14,0.4945,101.7355,91.7614
2025-26,MIN,2026-03-20,MIN vs. POR,POR,True,L,104,108,-4,36,91,0.396,9,28,0.321,23,29,14,29,43,21,11,5,13,0.4451,101.8011,105.7165
2025-26,MIN,2026-03-18,MIN vs. UTA,UTA,True,W,147,111,36,52,96,0.542,18,39,0.462,25,30,12,34,46,39,15,5,17,0.6354,130.296,98.3868
2025-26,MIN,2026-03-17,MIN vs. PHX,PHX,True,W,116,104,12,43,84,0.512,9,28,0.321,21,29,15,34,49,28,8,11,18,0.5655,113.7924,102.0208
2025-26,MIN,2026-03-15,MIN @ OKC,OKC,False,L,103,116,-13,36,77,0.468,15,33,0.455,16,22,8,38,46,18,5,5,25,0.5649,100.4682,113.1487
2025-26,MIN,2026-03-13,MIN @ GSW,GSW,False,W,127,117,10,46,82,0.561,12,30,0.4,23,26,11,34,45,25,6,5,17,0.6341,125.4693,115.5898
2025-26,MIN,2026-03-11,MIN @ LAC,LAC,False,L,128,153,-25,46,77,0.597,11,25,0.44,25,29,7,21,28,32,5,1,21,0.6688,125.1222,149.5601
2025-26,MIN,2026-03-10,MIN @ LAL,LAL,False,L,106,120,-14,37,80,0.463,10,40,0.25,22,28,8,35,43,22,4,5,11,0.525,109.9813,124.5072
2025-26,MIN,2026-03-07,MIN vs. ORL,ORL,True,L,92,119,-27,30,84,0.357,9,40,0.225,23,31,8,29,37,17,10,5,12,0.4107,89.1991,115.3772
2025-26,MIN,2026-03-05,MIN vs. TOR,TOR,True,W,115,107,8,42,81,0.519,13,31,0.419,18,23,6,35,41,24,10,5,13,0.5988,118.1426,109.924
2025-26,MIN,2026-03-03,MIN vs. MEM,MEM,True,W,117,110,7,40,84,0.476,10,34,0.294,27,34,13,39,52,19,8,2,18,0.5357,112.6516,105.9118
2025-26,MIN,2026-03-01,MIN @ DEN,DEN,False,W,117,108,9,46,85,0.541,14,36,0.389,11,19,7,34,41,33,11,5,14,0.6235,116.8598,107.8706
2025-26,MIN,2026-02-26,MIN @ LAC,LAC,False,W,94,88,6,36,83,0.434,8,26,0.308,14,19,7,34,41,23,8,5,13,0.4819,95.3734,89.2857
2025-26,MIN,2026-02-24,MIN @ POR,POR,False,W,124,121,3,47,88,0.534,17,35,0.486,13,19,13,28,41,26,14,8,16,0.6307,123.0403,120.0635
2025-26,MIN,2026-02-22,MIN vs. PHI,PHI,True,L,108,135,-27,34,71,0.479,10,33,0.303,30,36,6,33,39,22,7,8,21,0.5493,103.3097,129.1372
2025-26,MIN,2026-02-20,MIN vs. DAL,DAL,True,W,122,111,11,47,99,0.475,16,42,0.381,12,19,17,37,54,28,7,8,19,0.5556,112.9002,102.7207
2025-26,MIN,2026-02-11,MIN vs. POR,POR,True,W,133,109,24,45,87,0.517,14,34,0.412,29,35,11,32,43,26,14,6,15,0.5977,123.4683,101.1883
2025-26,MIN,2026-02-09,MIN vs. ATL,ATL,True,W,138,116,22,55,92,0.598,16,42,0.381,12,21,7,34,41,36,10,9,15,0.6848,124.0115,104.2416
2025-26,MIN,2026-02-08,MIN vs. LAC,LAC,True,L,96,115,-19,37,83,0.446,8,33,0.242,14,22,10,31,41,17,8,2,21,0.494,96.4824,115.5779
2025-26,MIN,2026-02-06,MIN vs. NOP,NOP,True,L,115,119,-4,40,95,0.421,13,40,0.325,22,26,20,27,47,22,7,7,10,0.4895,117.2751,121.3543
2025-26,MIN,2026-02-04,MIN @ TOR,TOR,False,W,128,126,2,49,97,0.505,16,39,0.41,14,25,13,33,46,26,8,5,10,0.5876,122.7465,120.8285
2025-26,MIN,2026-02-02,MIN @ MEM,MEM,False,L,128,137,-9,44,90,0.489,16,41,0.39,24,31,13,27,40,24,4,7,9,0.5778,127.3378,136.2913
2025-26,MIN,2026-01-31,MIN @ MEM,MEM,False,W,131,114,17,47,89,0.528,18,37,0.486,19,24,11,34,45,28,12,5,15,0.6292,127.1104,110.6152
2025-26,MIN,2026-01-29,MIN vs. OKC,OKC,True,W,123,111,12,45,89,0.506,22,47,0.468,11,18,15,31,46,26,12,7,20,0.6292,121.9512,110.0535
2025-26,MIN,2026-01-28,MIN @ DAL,DAL,False,W,118,105,13,43,94,0.457,12,34,0.353,20,27,11,31,42,26,15,6,12,0.5213,110.7773,98.573
2025-26,MIN,2026-01-26,MIN vs. GSW,GSW,True,W,108,83,25,37,81,0.457,14,35,0.4,20,26,9,47,56,29,12,10,22,0.5432,100.8592,77.5121
2025-26,MIN,2026-01-25,MIN vs. GSW,GSW,True,L,85,111,-26,30,79,0.38,13,38,0.342,12,20,10,40,50,16,6,5,26,0.462,80.2492,104.7961
2025-26,MIN,2026-01-22,MIN vs. CHI,CHI,True,L,115,120,-5,43,93,0.462,15,41,0.366,14,15,9,36,45,29,6,9,14,0.543,108.4292,113.1435
2025-26,MIN,2026-01-20,MIN @ UTA,UTA,False,L,122,127,-5,44,100,0.44,14,47,0.298,20,27,15,31,46,28,12,6,11,0.51,113.3197,117.964
2025-26,MIN,2026-01-17,MIN @ SAS,SAS,False,L,123,126,-3,42,90,0.467,14,34,0.412,25,28,12,29,41,22,7,7,11,0.5444,121.9996,124.9752
2025-26,MIN,2026-01-16,MIN @ HOU,HOU,False,L,105,110,-5,37,80,0.463,11,30,0.367,20,35,12,33,45,21,7,7,16,0.5312,103.7754,108.7171
2025-26,MIN,2026-01-13,MIN @ MIL,MIL,False,W,139,106,33,55,92,0.598,22,42,0.524,7,12,9,35,44,37,9,2,16,0.7174,133.2439,101.6104
2025-26,MIN,2026-01-11,MIN vs. SAS,SAS,True,W,104,103,1,39,90,0.433,12,39,0.308,14,25,12,38,50,23,9,7,9,0.5,103.4826,102.4876
2025-26,MIN,2026-01-10,MIN @ CLE,CLE,False,L,134,146,-12,51,89,0.573,16,32,0.5,16,20,11,29,40,31,8,7,16,0.6629,128.9702,140.5197
2025-26,MIN,2026-01-08,MIN vs. CLE,CLE,True,W,131,122,9,51,89,0.573,20,38,0.526,9,17,10,35,45,33,8,2,17,0.6854,126.1313,117.4658
2025-26,MIN,2026-01-06,MIN vs. MIA,MIA,True,W,122,94,28,45,98,0.459,14,39,0.359,18,23,11,52,63,27,7,8,12,0.5306,110.3274,85.0063
2025-26,MIN,2026-01-04,MIN @ WAS,WAS,False,W,141,115,26,55,98,0.561,11,37,0.297,20,27,17,34,51,29,14,6,14,0.6173,132.2454,107.8597
2025-26,MIN,2026-01-03,MIN @ MIA,MIA,False,W,125,115,10,46,85,0.541,11,38,0.289,22,25,10,30,40,26,9,5,14,0.6059,122.1419,112.3705
2025-26,MIN,2025-12-31,MIN @ ATL,ATL,False,L,102,126,-24,37,87,0.425,14,40,0.35,14,18,11,35,46,22,5,6,16,0.5057,99.5316,122.9508
2025-26,MIN,2025-12-29,MIN @ CHI,CHI,False,W,136,101,35,51,95,0.537,15,37,0.405,19,25,7,39,46,32,9,9,5,0.6158,129.4252,96.1172
2025-26,MIN,2025-12-27,MIN vs. BKN,BKN,True,L,107,123,-16,37,83,0.446,13,31,0.419,20,28,10,24,34,27,8,1,11,0.5241,108.8726,125.1526
2025-26,MIN,2025-12-25,MIN @ DEN,DEN,False,L,138,142,-4,51,104,0.49,12,45,0.267,24,30,11,36,47,31,10,12,15,0.5481,113.9178,117.2197
2025-26,MIN,2025-12-23,MIN vs. NYK,NYK,True,W,115,104,11,42,93,0.452,15,46,0.326,16,23,10,32,42,25,12,9,11,0.5323,109.1496,98.7092
2025-26,MIN,2025-12-21,MIN vs. MIL,MIL,True,W,103,100,3,37,88,0.42,14,46,0.304,15,23,11,35,46,28,10,4,10,0.5,103.0412,100.04
2025-26,MIN,2025-12-19,MIN vs. OKC,OKC,True,W,112,107,5,33,88,0.375,13,37,0.351,33,47,18,39,57,20,8,6,13,0.4489,107.7545,102.944
2025-26,MIN,2025-12-17,MIN vs. MEM,MEM,True,L,110,116,-6,39,98,0.398,13,44,0.295,19,27,16,36,52,26,11,8,18,0.4643,99.1527,104.561
2025-26,MIN,2025-12-14,MIN vs. SAC,SAC,True,W,117,103,14,43,94,0.457,12,37,0.324,19,27,15,33,48,25,12,5,12,0.5213,113.6584,100.0583
2025-26,MIN,2025-12-12,MIN @ GSW,GSW,False,W,127,120,7,48,89,0.539,11,31,0.355,20,28,11,33,44,30,8,3,11,0.6011,122.1154,115.3846
2025-26,MIN,2025-12-08,MIN vs. PHX,PHX,True,L,105,108,-3,39,83,0.47,11,42,0.262,16,23,13,33,46,26,5,1,15,0.5361,111.1582,114.3341
2025-26,MIN,2025-12-06,MIN vs. LAC,LAC,True,W,109,106,3,34,68,0.5,11,25,0.44,30,34,6,29,35,23,6,5,14,0.5809,115.9821,112.79
2025-26,MIN,2025-12-04,MIN @ NOP,NOP,False,W,125,116,9,42,92,0.457,15,38,0.395,26,29,12,37,49,30,5,10,20,0.538,112.0072,103.9427
2025-26,MIN,2025-12-02,MIN @ NOP,NOP,False,W,149,142,7,52,104,0.5,20,51,0.392,25,29,10,31,41,29,7,4,9,0.5962,130.0401,123.9309
2025-26,MIN,2025-11-30,MIN vs. SAS,SAS,True,W,125,112,13,49,87,0.563,17,37,0.459,10,13,10,26,36,35,5,0,13,0.6609,130.8353,117.2284
2025-26,MIN,2025-11-29,MIN vs. BOS,BOS,True,W,119,115,4,41,83,0.494,21,48,0.438,16,20,5,32,37,31,3,4,15,0.6205,118.1728,114.2006
2025-26,MIN,2025-11-26,MIN @ OKC,OKC,False,L,105,113,-8,33,80,0.413,17,37,0.459,22,37,12,32,44,25,4,5,16,0.5188,104.4776,112.4378
2025-26,MIN,2025-11-24,MIN @ SAC,SAC,False,L,112,117,-5,40,97,0.412,13,42,0.31,19,22,15,40,55,21,9,4,16,0.4794,102.7523,107.3394
2025-26,MIN,2025-11-21,MIN @ PHX,PHX,False,L,113,114,-1,39,86,0.453,12,37,0.324,23,33,14,23,37,18,17,4,22,0.5233,104.9796,105.9086
2025-26,MIN,2025-11-19,MIN vs. WAS,WAS,True,W,120,109,11,42,94,0.447,13,38,0.342,23,32,19,31,50,28,11,4,10,0.516,121.6052,110.458
2025-26,MIN,2025-11-17,MIN vs. DAL,DAL,True,W,120,96,24,44,97,0.454,14,44,0.318,18,25,14,45,59,27,16,5,17,0.5258,109.2697,87.4158
2025-26,MIN,2025-11-15,MIN vs. DEN,DEN,True,L,112,123,-11,41,88,0.466,10,34,0.294,20,23,8,32,40,23,9,7,13,0.5227,108.8224,119.5103
2025-26,MIN,2025-11-14,MIN vs. SAC,SAC,True,W,124,110,14,42,86,0.488,12,37,0.324,28,40,13,38,51,28,10,3,18,0.5581,115.0919,102.0976
2025-26,MIN,2025-11-10,MIN @ UTA,UTA,False,W,120,113,7,42,89,0.472,10,33,0.303,26,28,7,35,42,25,8,5,11,0.5281,114.3511,107.6806
2025-26,MIN,2025-11-09,MIN @ SAC,SAC,False,W,144,117,27,52,97,0.536,18,46,0.391,22,24,9,35,44,28,11,9,11,0.6289,131.3869,106.7518
2025-26,MIN,2025-11-07,MIN vs. UTA,UTA,True,W,137,97,40,50,88,0.568,17,36,0.472,20,27,13,39,52,32,10,10,21,0.6648,127.513,90.2829
2025-26,MIN,2025-11-05,MIN @ NYK,NYK,False,L,114,137,-23,40,83,0.482,19,40,0.475,15,17,9,22,31,30,6,2,17,0.5964,115.4781,138.7763
2025-26,MIN,2025-11-03,MIN @ BKN,BKN,False,W,125,109,16,44,78,0.564,14,35,0.4,23,35,14,39,53,33,6,4,17,0.6538,127.473,111.1564
2025-26,MIN,2025-11-01,MIN @ CHA,CHA,False,W,122,105,17,47,87,0.54,17,36,0.472,11,14,4,34,38,31,8,2,10,0.6379,121.3689,104.4568
2025-26,MIN,2025-10-29,MIN vs. LAL,LAL,True,L,115,116,-1,41,82,0.5,15,30,0.5,18,22,9,25,34,30,8,5,18,0.5915,114.2233,115.2165
2025-26,MIN,2025-10-27,MIN vs. DEN,DEN,True,L,114,127,-13,40,85,0.471,10,32,0.313,24,29,7,26,33,19,8,9,15,0.5294,109.2163,121.6708
2025-26,MIN,2025-10-26,MIN vs. IND,IND,True,W,114,110,4,39,84,0.464,10,33,0.303,26,37,13,35,48,19,9,4,14,0.5238,111.1328,107.2334
2025-26,MIN,2025-10-24,MIN @ LAL,LAL,False,L,110,128,-18,41,88,0.466,13,38,0.342,15,21,15,25,40,24,4,3,12,0.5398,116.2054,135.2208
2025-26,MIN,2025-10-22,MIN @ POR,POR,False,W,118,114,4,42,86,0.488,15,30,0.5,19,24,10,35,45,21,10,10,19,0.5756,107.2922,103.6552
2025-26,NOP,2026-04-12,NOP @ MIN,MIN,False,L,126,132,-6,45,107,0.421,5,21,0.238,31,38,20,32,52,20,9,6,9,0.4439,114.7332,120.1967
2025-26,NOP,2026-04-10,NOP @ BOS,BOS,False,L,118,144,-26,44,96,0.458,9,32,0.281,21,30,14,30,44,22,6,3,13,0.5052,109.3605,133.4569
2025-26,NOP,2026-04-07,NOP vs. UTA,UTA,True,W,156,137,19,61,106,0.575,14,34,0.412,20,23,10,38,48,32,15,5,17,0.6415,128.0368,112.4425
2025-26,NOP,2026-04-05,NOP vs. ORL,ORL,True,L,108,112,-4,35,84,0.417,10,31,0.323,28,36,9,38,47,18,7,8,15,0.4762,102.0408,105.8201
2025-26,NOP,2026-04-03,NOP @ SAC,SAC,False,L,113,117,-4,40,84,0.476,14,34,0.412,19,21,7,29,36,24,12,3,13,0.5595,112.4154,116.3947
2025-26,NOP,2026-04-02,NOP @ POR,POR,False,L,106,118,-12,38,84,0.452,9,23,0.391,21,26,12,32,44,25,9,5,19,0.506,103.7385,115.4825
2025-26,NOP,2026-03-29,NOP vs. HOU,HOU,True,L,102,134,-32,37,86,0.43,9,29,0.31,19,28,8,28,36,19,4,9,11,0.4826,101.2106,132.9629
2025-26,NOP,2026-03-27,NOP @ TOR,TOR,False,L,106,119,-13,39,93,0.419,7,28,0.25,21,25,15,28,43,21,7,8,14,0.457,103.455,116.1429
2025-26,NOP,2026-03-26,NOP @ DET,DET,False,L,108,129,-21,44,95,0.463,9,25,0.36,11,24,16,26,42,26,12,7,15,0.5105,102.5252,122.4606
2025-26,NOP,2026-03-24,NOP @ NYK,NYK,False,L,116,121,-5,45,88,0.511,15,34,0.441,11,13,6,28,34,33,5,3,7,0.5966,121.2121,126.4368
2025-26,NOP,2026-03-21,NOP vs. CLE,CLE,True,L,106,111,-5,39,90,0.433,12,40,0.3,16,20,10,30,40,30,10,7,9,0.5,108.451,113.5666
2025-26,NOP,2026-03-19,NOP vs. LAC,LAC,True,W,105,99,6,37,78,0.474,13,34,0.382,18,22,8,32,40,21,11,2,16,0.5577,108.9438,102.7184
2025-26,NOP,2026-03-18,NOP vs. LAC,LAC,True,W,124,109,15,44,83,0.53,16,37,0.432,20,21,13,27,40,32,12,6,19,0.6265,127.8614,112.3943
2025-26,NOP,2026-03-16,NOP vs. DAL,DAL,True,W,129,111,18,48,95,0.505,11,35,0.314,22,34,12,45,57,31,7,12,14,0.5632,116.6787,100.398
2025-26,NOP,2026-03-13,NOP @ HOU,HOU,False,L,105,107,-2,37,84,0.44,13,32,0.406,18,26,15,33,48,19,7,6,13,0.5179,111.1582,113.2755
2025-26,NOP,2026-03-11,NOP vs. TOR,TOR,True,W,122,111,11,45,88,0.511,14,29,0.483,18,24,10,39,49,27,10,5,16,0.5909,118.1255,107.4748
2025-26,NOP,2026-03-08,NOP vs. WAS,WAS,True,W,138,118,20,47,89,0.528,7,23,0.304,37,47,12,32,44,25,11,6,8,0.5674,129.8457,111.0275
2025-26,NOP,2026-03-06,NOP @ PHX,PHX,False,L,116,118,-2,37,83,0.446,10,28,0.357,32,37,16,26,42,18,8,3,15,0.506,116.1626,118.1654
2025-26,NOP,2026-03-05,NOP @ SAC,SAC,False,W,133,123,10,49,98,0.5,12,34,0.353,23,27,14,38,52,27,7,11,12,0.5612,124.2991,114.9533
2025-26,NOP,2026-03-03,NOP @ LAL,LAL,False,L,101,110,-9,38,90,0.422,8,29,0.276,17,19,10,31,41,29,12,3,19,0.4667,94.9248,103.3835
2025-26,NOP,2026-03-01,NOP @ LAC,LAC,False,L,117,137,-20,40,89,0.449,12,33,0.364,25,30,14,27,41,22,6,4,17,0.5169,113.6143,133.0355
2025-26,NOP,2026-02-28,NOP @ UTA,UTA,False,W,115,105,10,39,85,0.459,15,44,0.341,22,29,12,46,58,32,5,11,19,0.5471,109.9006,100.344
2025-26,NOP,2026-02-26,NOP @ UTA,UTA,False,W,129,118,11,46,88,0.523,13,34,0.382,24,27,13,27,40,37,13,8,18,0.5966,123.5159,112.9835
2025-26,NOP,2026-02-24,NOP vs. GSW,GSW,True,W,113,109,4,43,101,0.426,10,40,0.25,17,23,21,32,53,20,12,9,17,0.4752,105.4892,101.755
2025-26,NOP,2026-02-21,NOP vs. PHI,PHI,True,W,126,111,15,40,81,0.494,17,34,0.5,29,38,10,39,49,25,5,8,15,0.5988,119.863,105.5936
2025-26,NOP,2026-02-20,NOP vs. MIL,MIL,True,L,118,139,-21,47,87,0.54,4,25,0.16,20,28,9,28,37,22,10,5,14,0.5632,111.7213,131.6039
2025-26,NOP,2026-02-11,NOP vs. MIA,MIA,True,L,111,123,-12,42,92,0.457,11,31,0.355,16,19,8,38,46,27,5,3,13,0.5163,104.7763,116.1035
2025-26,NOP,2026-02-09,NOP vs. SAC,SAC,True,W,120,94,26,47,87,0.54,16,39,0.41,10,16,7,32,39,30,8,5,13,0.6322,117.855,92.3198
2025-26,NOP,2026-02-06,NOP @ MIN,MIN,False,W,119,115,4,43,80,0.538,15,34,0.441,18,22,6,33,39,29,5,5,16,0.6312,121.3543,117.2751
2025-26,NOP,2026-02-04,NOP @ MIL,MIL,False,L,137,141,-4,45,94,0.479,24,46,0.522,23,29,9,29,38,32,9,2,8,0.6064,129.7594,133.548
2025-26,NOP,2026-02-02,NOP @ CHA,CHA,False,L,95,102,-7,33,84,0.393,11,34,0.324,18,25,5,29,34,23,9,4,8,0.4583,95.535,102.5744
2025-26,NOP,2026-01-31,NOP @ PHI,PHI,False,L,114,124,-10,40,92,0.435,15,36,0.417,19,22,11,35,46,23,5,11,10,0.5163,112.426,122.288
2025-26,NOP,2026-01-30,NOP vs. MEM,MEM,True,W,114,106,8,43,88,0.489,8,33,0.242,20,26,14,28,42,24,13,6,16,0.5341,111.1978,103.3945
2025-26,NOP,2026-01-27,NOP @ OKC,OKC,False,L,95,104,-9,34,99,0.343,10,40,0.25,17,22,21,33,54,25,13,11,9,0.3939,96.5447,105.6911
2025-26,NOP,2026-01-25,NOP @ SAS,SAS,False,W,104,95,9,41,102,0.402,9,34,0.265,13,17,19,39,58,23,3,5,10,0.4461,105.2845,96.1733
2025-26,NOP,2026-01-23,NOP @ MEM,MEM,False,W,133,127,6,46,99,0.465,13,36,0.361,28,33,18,31,49,29,14,4,10,0.5303,125.3534,119.6984
2025-26,NOP,2026-01-21,NOP vs. DET,DET,True,L,104,112,-8,36,86,0.419,7,32,0.219,25,30,14,32,46,19,13,6,19,0.4593,99.1609,106.7887
2025-26,NOP,2026-01-18,NOP @ HOU,HOU,False,L,110,119,-9,44,88,0.5,10,26,0.385,12,15,10,29,39,27,10,5,14,0.5568,112.0848,121.2553
2025-26,NOP,2026-01-16,NOP @ IND,IND,False,L,119,127,-8,41,82,0.5,13,31,0.419,24,30,8,34,42,22,4,4,9,0.5793,121.1319,129.2752
2025-26,NOP,2026-01-14,NOP vs. BKN,BKN,True,W,116,113,3,43,97,0.443,11,33,0.333,19,25,18,35,53,24,5,7,9,0.5,115.8378,112.842
2025-26,NOP,2026-01-13,NOP vs. DEN,DEN,True,L,116,122,-6,39,86,0.453,11,29,0.379,27,31,16,35,51,21,6,4,15,0.5174,116.7472,122.7858
2025-26,NOP,2026-01-11,NOP @ ORL,ORL,False,L,118,128,-10,46,80,0.575,14,26,0.538,12,15,5,21,26,27,8,9,16,0.6625,119.797,129.9492
2025-26,NOP,2026-01-09,NOP @ WAS,WAS,False,W,128,107,21,51,95,0.537,11,34,0.324,15,24,10,41,51,30,12,4,19,0.5947,114.2449,95.5016
2025-26,NOP,2026-01-07,NOP @ ATL,ATL,False,L,100,117,-17,38,86,0.442,8,28,0.286,16,25,6,34,40,26,13,9,19,0.4884,89.8957,105.178
2025-26,NOP,2026-01-06,NOP vs. LAL,LAL,True,L,103,111,-8,40,91,0.44,10,40,0.25,13,18,14,30,44,28,8,2,16,0.4945,102.406,110.3599
2025-26,NOP,2026-01-04,NOP @ MIA,MIA,False,L,106,125,-19,42,90,0.467,16,40,0.4,6,8,6,36,42,28,9,7,26,0.5556,93.623,110.4045
2025-26,NOP,2026-01-02,NOP vs. POR,POR,True,L,109,122,-13,44,98,0.449,8,30,0.267,13,18,19,23,42,22,8,11,15,0.4898,110.5925,123.7825
2025-26,NOP,2025-12-31,NOP @ CHI,CHI,False,L,118,134,-16,42,98,0.429,12,38,0.316,22,27,12,34,46,25,4,9,10,0.4898,109.3403,124.166
2025-26,NOP,2025-12-29,NOP vs. NYK,NYK,True,L,125,130,-5,44,96,0.458,14,36,0.389,23,27,16,34,50,27,6,8,12,0.5312,121.218,126.0667
2025-26,NOP,2025-12-27,NOP vs. PHX,PHX,True,L,114,123,-9,38,87,0.437,9,27,0.333,29,33,14,29,43,16,11,7,13,0.4885,112.9384,121.8546
2025-26,NOP,2025-12-26,NOP vs. PHX,PHX,True,L,108,115,-7,39,88,0.443,5,25,0.2,25,42,12,26,38,22,10,2,12,0.4716,102.6226,109.274
2025-26,NOP,2025-12-23,NOP @ CLE,CLE,False,L,118,141,-23,43,94,0.457,11,26,0.423,21,25,13,30,43,26,10,2,16,0.516,108.836,130.0498
2025-26,NOP,2025-12-22,NOP vs. DAL,DAL,True,W,119,113,6,44,97,0.454,8,34,0.235,23,27,14,37,51,28,9,2,13,0.4948,108.1228,102.6713
2025-26,NOP,2025-12-20,NOP vs. IND,IND,True,W,128,109,19,45,85,0.529,9,27,0.333,29,34,6,43,49,25,6,2,18,0.5824,115.2323,98.1275
2025-26,NOP,2025-12-18,NOP vs. HOU,HOU,True,W,133,128,5,49,97,0.505,11,27,0.407,24,28,13,28,41,27,15,7,12,0.5619,119.712,115.2115
2025-26,NOP,2025-12-14,NOP @ CHI,CHI,False,W,114,104,10,43,93,0.462,8,33,0.242,20,25,14,39,53,21,7,5,15,0.5054,111.5023,101.7214
2025-26,NOP,2025-12-11,NOP vs. POR,POR,True,W,143,120,23,58,112,0.518,12,32,0.375,15,17,19,38,57,36,10,8,10,0.5714,127.5874,107.0664
2025-26,NOP,2025-12-08,NOP vs. SAS,SAS,True,L,132,135,-3,51,88,0.58,7,26,0.269,23,26,4,29,33,35,8,6,9,0.6193,121.9738,124.7459
2025-26,NOP,2025-12-06,NOP @ BKN,BKN,False,L,101,119,-18,37,82,0.451,9,25,0.36,18,22,11,25,36,30,9,3,17,0.5061,101.0809,119.0953
2025-26,NOP,2025-12-04,NOP vs. MIN,MIN,True,L,116,125,-9,43,95,0.453,7,25,0.28,23,26,8,35,43,29,11,2,12,0.4895,103.9427,112.0072
2025-26,NOP,2025-12-02,NOP vs. MIN,MIN,True,L,142,149,-7,50,91,0.549,12,21,0.571,30,35,6,36,42,26,5,1,13,0.6154,123.9309,130.0401
2025-26,NOP,2025-11-30,NOP @ LAL,LAL,False,L,121,133,-12,46,91,0.505,13,26,0.5,16,20,8,32,40,23,6,1,8,0.5769,119.8257,131.7092
2025-26,NOP,2025-11-29,NOP @ GSW,GSW,False,L,96,104,-8,32,86,0.372,7,30,0.233,25,34,16,34,50,16,7,2,13,0.4128,98.0793,106.2526
2025-26,NOP,2025-11-26,NOP vs. MEM,MEM,True,L,128,133,-5,50,101,0.495,19,45,0.422,9,10,10,30,40,34,10,9,15,0.5891,117.1303,121.7057
2025-26,NOP,2025-11-24,NOP vs. CHI,CHI,True,W,143,130,13,53,104,0.51,13,35,0.371,24,35,19,36,55,28,13,5,14,0.5721,127.9757,116.3415
2025-26,NOP,2025-11-22,NOP vs. ATL,ATL,True,L,98,115,-17,35,84,0.417,8,27,0.296,20,24,13,35,48,21,5,6,18,0.4643,100.5541,117.9971
2025-26,NOP,2025-11-21,NOP @ DAL,DAL,False,L,115,118,-3,42,91,0.462,7,27,0.259,24,31,9,33,42,25,15,4,13,0.5,107.4967,110.301
2025-26,NOP,2025-11-19,NOP vs. DEN,DEN,True,L,118,125,-7,44,98,0.449,7,34,0.206,23,31,17,27,44,25,12,5,12,0.4847,111.0484,117.636
2025-26,NOP,2025-11-17,NOP vs. OKC,OKC,True,L,109,126,-17,42,86,0.488,12,28,0.429,13,15,12,23,35,21,9,4,22,0.5581,105.3547,121.7862
2025-26,NOP,2025-11-16,NOP vs. GSW,GSW,True,L,106,124,-18,38,83,0.458,8,29,0.276,22,29,15,30,45,22,11,4,21,0.506,101.8056,119.0934
2025-26,NOP,2025-11-14,NOP vs. LAL,LAL,True,L,104,118,-14,39,89,0.438,12,34,0.353,14,18,12,30,42,24,11,3,20,0.5056,99.8272,113.2655
2025-26,NOP,2025-11-12,NOP vs. POR,POR,True,L,117,125,-8,43,91,0.473,13,39,0.333,18,21,15,20,35,28,6,2,10,0.544,123.3397,131.7731
2025-26,NOP,2025-11-10,NOP @ PHX,PHX,False,L,98,121,-23,34,83,0.41,10,32,0.313,20,26,15,25,40,18,12,3,20,0.4699,98.4529,121.5592
2025-26,NOP,2025-11-08,NOP @ SAS,SAS,False,L,119,126,-7,45,94,0.479,15,38,0.395,14,17,11,29,40,27,7,2,12,0.5585,117.5889,124.5059
2025-26,NOP,2025-11-05,NOP @ DAL,DAL,False,W,101,99,2,39,91,0.429,10,31,0.323,13,16,14,42,56,18,10,3,16,0.4835,99.5859,97.6139
2025-26,NOP,2025-11-04,NOP vs. CHA,CHA,True,W,116,112,4,43,90,0.478,17,38,0.447,13,19,13,26,39,27,9,3,13,0.5722,117.3614,113.3144
2025-26,NOP,2025-11-02,NOP @ OKC,OKC,False,L,106,137,-31,35,80,0.438,16,40,0.4,20,32,12,26,38,26,6,3,17,0.5375,106.255,137.3296
2025-26,NOP,2025-10-31,NOP @ LAC,LAC,False,L,124,126,-2,40,83,0.482,18,37,0.486,26,29,12,31,43,28,8,4,15,0.5904,124.6231,126.6332
2025-26,NOP,2025-10-29,NOP @ DEN,DEN,False,L,88,122,-34,32,85,0.376,7,34,0.206,17,29,13,23,36,17,9,3,14,0.4176,89.8326,124.5406
2025-26,NOP,2025-10-27,NOP vs. BOS,BOS,True,L,90,122,-32,28,84,0.333,9,36,0.25,25,28,11,24,35,17,7,0,14,0.3869,91.4077,123.9082
2025-26,NOP,2025-10-24,NOP vs. SAS,SAS,True,L,116,120,-4,42,97,0.433,10,32,0.313,22,29,16,29,45,24,10,3,15,0.4845,106.814,110.4972
2025-26,NOP,2025-10-22,NOP @ MEM,MEM,False,L,122,128,-6,45,98,0.459,10,27,0.37,22,31,17,30,47,20,10,4,15,0.5102,111.1314,116.5968
2025-26,NYK,2026-04-12,NYK vs. CHA,CHA,True,L,96,110,-14,39,90,0.433,13,40,0.325,5,8,12,27,39,25,10,3,11,0.5056,100.5236,115.1832
2025-26,NYK,2026-04-10,NYK vs. TOR,TOR,True,W,112,95,17,41,75,0.547,8,31,0.258,22,27,5,32,37,24,10,0,12,0.6,119.9914,101.7784
2025-26,NYK,2026-04-09,NYK vs. BOS,BOS,True,W,112,106,6,43,80,0.538,15,35,0.429,11,15,5,25,30,29,9,2,7,0.6312,126.0977,119.3425
2025-26,NYK,2026-04-06,NYK @ ATL,ATL,False,W,108,105,3,42,84,0.5,11,33,0.333,13,17,12,35,47,29,9,7,17,0.5655,110.792,107.7144
2025-26,NYK,2026-04-03,NYK vs. CHI,CHI,True,W,136,96,40,48,91,0.527,15,39,0.385,25,28,13,41,54,30,11,3,9,0.6099,136.8485,96.5989
2025-26,NYK,2026-04-01,NYK @ MEM,MEM,False,W,130,119,11,48,87,0.552,13,32,0.406,21,24,20,29,49,36,7,6,19,0.6264,134.1866,122.8324
2025-26,NYK,2026-03-31,NYK @ HOU,HOU,False,L,94,111,-17,36,85,0.424,10,34,0.294,12,16,12,29,41,22,5,2,11,0.4824,104.398,123.2785
2025-26,NYK,2026-03-29,NYK @ OKC,OKC,False,L,100,111,-11,36,82,0.439,15,35,0.429,13,17,15,26,41,19,8,3,19,0.5305,106.2699,117.9596
2025-26,NYK,2026-03-26,NYK @ CHA,CHA,False,L,103,114,-11,42,82,0.512,11,29,0.379,8,9,5,19,24,26,8,2,10,0.5793,112.1027,124.0749
2025-26,NYK,2026-03-24,NYK vs. NOP,NOP,True,W,121,116,5,44,85,0.518,13,33,0.394,20,22,9,32,41,29,5,4,11,0.5941,126.4368,121.2121
2025-26,NYK,2026-03-22,NYK vs. WAS,WAS,True,W,145,113,32,55,94,0.585,17,32,0.531,18,19,13,35,48,32,6,2,14,0.6755,141.4082,110.2009
2025-26,NYK,2026-03-20,NYK @ BKN,BKN,False,W,93,92,1,31,76,0.408,8,29,0.276,23,32,13,39,52,22,10,5,22,0.4605,94.6661,93.6482
2025-26,NYK,2026-03-17,NYK vs. IND,IND,True,W,136,110,26,54,100,0.54,18,41,0.439,10,13,19,30,49,38,13,3,9,0.63,140.3509,113.5191
2025-26,NYK,2026-03-15,NYK vs. GSW,GSW,True,W,110,107,3,39,84,0.464,10,32,0.313,22,23,16,28,44,23,9,6,15,0.5238,116.5748,113.3955
2025-26,NYK,2026-03-13,NYK @ IND,IND,False,W,101,92,9,37,88,0.42,8,28,0.286,19,25,11,42,53,20,4,4,12,0.4659,101.2024,92.1844
2025-26,NYK,2026-03-11,NYK @ UTA,UTA,False,W,134,117,17,48,92,0.522,17,40,0.425,21,22,15,30,45,37,10,3,12,0.6141,137.4077,119.9754
2025-26,NYK,2026-03-09,NYK @ LAC,LAC,False,L,118,126,-8,46,90,0.511,14,40,0.35,12,16,14,37,51,32,5,1,20,0.5889,114.2968,122.0457
2025-26,NYK,2026-03-08,NYK @ LAL,LAL,False,L,97,110,-13,35,82,0.427,8,34,0.235,19,21,10,37,47,23,7,2,19,0.4756,98.7579,111.9935
2025-26,NYK,2026-03-06,NYK @ DEN,DEN,False,W,142,103,39,55,95,0.579,16,34,0.471,16,21,14,36,50,44,11,4,11,0.6632,138.9161,100.7631
2025-26,NYK,2026-03-04,NYK vs. OKC,OKC,True,L,100,103,-3,37,88,0.42,10,35,0.286,16,22,12,36,48,23,5,3,14,0.4773,101.688,104.7387
2025-26,NYK,2026-03-03,NYK @ TOR,TOR,False,W,111,95,16,46,81,0.568,10,29,0.345,9,12,6,37,43,32,10,4,18,0.6296,114.6457,98.1202
2025-26,NYK,2026-03-01,NYK vs. SAS,SAS,True,W,114,89,25,43,97,0.443,17,48,0.354,11,19,18,36,54,27,13,3,14,0.5309,113.9772,88.9822
2025-26,NYK,2026-02-27,NYK @ MIL,MIL,False,W,127,98,29,46,88,0.523,21,42,0.5,14,16,7,37,44,33,7,6,11,0.642,128.4645,99.1301
2025-26,NYK,2026-02-24,NYK @ CLE,CLE,False,L,94,109,-15,35,86,0.407,10,37,0.27,14,21,11,33,44,23,7,8,17,0.4651,94.2639,109.3061
2025-26,NYK,2026-02-22,NYK @ CHI,CHI,False,W,105,99,6,38,84,0.452,15,42,0.357,14,21,10,40,50,27,9,4,13,0.5417,107.4279,101.2891
2025-26,NYK,2026-02-21,NYK vs. HOU,HOU,True,W,108,106,2,42,85,0.494,10,26,0.385,14,16,8,21,29,26,11,0,12,0.5529,111.8244,109.7536
2025-26,NYK,2026-02-19,NYK vs. DET,DET,True,L,111,126,-15,41,87,0.471,8,35,0.229,21,28,11,27,38,24,9,7,12,0.5172,107.7042,122.2589
2025-26,NYK,2026-02-11,NYK @ PHI,PHI,False,W,138,89,49,48,91,0.527,20,44,0.455,22,27,12,39,51,41,13,6,15,0.6374,131.9816,85.1186
2025-26,NYK,2026-02-10,NYK vs. IND,IND,True,L,134,137,-3,50,100,0.5,14,46,0.304,20,27,8,38,46,33,4,4,12,0.57,116.8673,119.4837
2025-26,NYK,2026-02-08,NYK @ BOS,BOS,False,W,111,89,22,40,83,0.482,14,35,0.4,17,24,7,39,46,23,5,3,8,0.5663,117.361,94.1002
2025-26,NYK,2026-02-06,NYK @ DET,DET,False,L,80,118,-38,29,82,0.354,8,33,0.242,14,17,10,25,35,22,6,1,15,0.4024,84.6203,124.8149
2025-26,NYK,2026-02-04,NYK vs. DEN,DEN,True,W,134,127,7,50,100,0.5,18,50,0.36,16,19,9,36,45,28,4,2,12,0.59,116.908,110.8009
2025-26,NYK,2026-02-03,NYK @ WAS,WAS,False,W,132,101,31,47,90,0.522,17,37,0.459,21,27,9,41,50,34,6,5,9,0.6167,128.8056,98.5558
2025-26,NYK,2026-02-01,NYK vs. LAL,LAL,True,W,112,100,12,43,91,0.473,18,42,0.429,8,11,14,32,46,30,7,2,10,0.5714,119.0223,106.2699
2025-26,NYK,2026-01-30,NYK vs. POR,POR,True,W,127,97,30,48,99,0.485,19,45,0.422,12,14,16,36,52,29,9,3,14,0.5808,124.1932,94.8562
2025-26,NYK,2026-01-28,NYK @ TOR,TOR,False,W,119,92,27,45,90,0.5,14,38,0.368,15,18,13,35,48,32,12,5,18,0.5778,117.4265,90.7835
2025-26,NYK,2026-01-27,NYK vs. SAC,SAC,True,W,103,87,16,37,78,0.474,13,32,0.406,16,18,12,32,44,24,11,1,21,0.5577,107.8082,91.0613
2025-26,NYK,2026-01-24,NYK @ PHI,PHI,False,W,112,109,3,41,93,0.441,15,44,0.341,15,27,19,34,53,27,6,5,11,0.5215,115.0843,112.0016
2025-26,NYK,2026-01-21,NYK vs. BKN,BKN,True,W,120,66,54,46,80,0.575,16,32,0.5,12,17,8,48,56,28,10,6,12,0.675,128.8937,70.8915
2025-26,NYK,2026-01-19,NYK vs. DAL,DAL,True,L,97,114,-17,38,95,0.4,9,31,0.29,12,20,17,36,53,22,10,5,17,0.4474,93.2155,109.5522
2025-26,NYK,2026-01-17,NYK vs. PHX,PHX,True,L,99,106,-7,33,82,0.402,14,44,0.318,19,25,15,32,47,20,9,5,17,0.4878,105.3864,112.838
2025-26,NYK,2026-01-15,NYK @ GSW,GSW,False,L,113,126,-13,42,91,0.462,14,38,0.368,15,19,14,27,41,28,3,2,12,0.5385,116.4468,129.8434
2025-26,NYK,2026-01-14,NYK @ SAC,SAC,False,L,101,112,-11,39,100,0.39,8,41,0.195,15,23,16,29,45,23,11,6,9,0.43,100.0793,110.979
2025-26,NYK,2026-01-11,NYK @ POR,POR,False,W,123,114,9,50,99,0.505,17,46,0.37,6,8,13,32,45,32,11,7,12,0.5909,120.2816,111.4805
2025-26,NYK,2026-01-09,NYK @ PHX,PHX,False,L,107,112,-5,37,82,0.451,16,41,0.39,17,21,16,34,50,22,3,1,18,0.5488,113.0123,118.2932
2025-26,NYK,2026-01-07,NYK vs. LAC,LAC,True,W,123,111,12,47,94,0.5,14,33,0.424,15,17,16,32,48,31,5,6,12,0.5745,127.5669,115.1213
2025-26,NYK,2026-01-05,NYK @ DET,DET,False,L,90,121,-31,32,76,0.421,13,30,0.433,13,14,5,25,30,15,7,3,20,0.5066,93.6524,125.9105
2025-26,NYK,2026-01-03,NYK vs. PHI,PHI,True,L,119,130,-11,38,89,0.427,16,40,0.4,27,32,14,30,44,23,9,2,16,0.5169,113.2255,123.6917
2025-26,NYK,2026-01-02,NYK vs. ATL,ATL,True,L,99,111,-12,36,97,0.371,9,42,0.214,18,21,14,38,52,27,8,6,15,0.4175,94.1781,105.5936
2025-26,NYK,2025-12-31,NYK @ SAS,SAS,False,L,132,134,-2,46,96,0.479,22,52,0.423,18,20,10,30,40,32,7,2,10,0.5938,124.8817,126.7739
2025-26,NYK,2025-12-29,NYK @ NOP,NOP,False,W,130,125,5,46,95,0.484,20,44,0.455,18,19,10,32,42,35,8,4,9,0.5895,126.0667,121.218
2025-26,NYK,2025-12-27,NYK @ ATL,ATL,False,W,128,125,3,43,95,0.453,15,43,0.349,27,32,19,36,55,27,9,4,14,0.5316,123.1006,120.2154
2025-26,NYK,2025-12-25,NYK vs. CLE,CLE,True,W,126,124,2,44,94,0.468,21,44,0.477,17,22,12,31,43,28,9,4,13,0.5798,122.449,120.5053
2025-26,NYK,2025-12-23,NYK @ MIN,MIN,False,L,104,115,-11,41,99,0.414,11,30,0.367,11,15,18,37,55,20,8,2,19,0.4697,98.7092,109.1496
2025-26,NYK,2025-12-21,NYK vs. MIA,MIA,True,W,132,125,7,47,85,0.553,20,38,0.526,18,21,4,32,36,28,7,3,13,0.6706,129.007,122.1658
2025-26,NYK,2025-12-19,NYK vs. PHI,PHI,True,L,107,116,-9,39,88,0.443,8,32,0.25,21,25,21,36,57,26,3,3,18,0.4886,110.173,119.4399
2025-26,NYK,2025-12-18,NYK @ IND,IND,False,W,114,113,1,43,92,0.467,17,43,0.395,11,19,14,32,46,31,10,5,16,0.5598,113.275,112.2814
2025-26,NYK,2025-12-13,NYK @ ORL,ORL,False,W,132,120,12,51,84,0.607,7,20,0.35,23,31,8,33,41,28,9,7,12,0.6488,124.7401,113.4001
2025-26,NYK,2025-12-09,NYK @ TOR,TOR,False,W,117,101,16,42,80,0.525,16,35,0.457,17,28,14,34,48,19,9,7,14,0.625,121.7228,105.077
2025-26,NYK,2025-12-07,NYK vs. ORL,ORL,True,W,106,100,6,39,91,0.429,11,35,0.314,17,20,15,37,52,24,8,7,11,0.489,108.5176,102.3751
2025-26,NYK,2025-12-05,NYK vs. UTA,UTA,True,W,146,112,34,51,91,0.56,21,42,0.5,23,26,10,36,46,30,9,2,13,0.6758,139.1536,106.748
2025-26,NYK,2025-12-03,NYK vs. CHA,CHA,True,W,119,104,15,42,88,0.477,12,38,0.316,23,27,13,31,44,28,9,6,9,0.5455,121.3543,106.0575
2025-26,NYK,2025-12-02,NYK @ BOS,BOS,False,L,117,123,-6,43,85,0.506,19,44,0.432,12,17,10,23,33,29,5,2,12,0.6176,125.3751,131.8045
2025-26,NYK,2025-11-30,NYK vs. TOR,TOR,True,W,116,94,22,44,96,0.458,16,45,0.356,12,16,25,36,61,27,9,3,18,0.5417,118.6579,96.1538
2025-26,NYK,2025-11-28,NYK vs. MIL,MIL,True,W,118,109,9,38,84,0.452,14,34,0.412,28,33,14,30,44,25,10,2,13,0.5357,124.5251,115.0274
2025-26,NYK,2025-11-26,NYK @ CHA,CHA,False,W,129,101,28,50,88,0.568,13,25,0.52,16,18,8,33,41,26,12,4,15,0.642,124.9516,97.8303
2025-26,NYK,2025-11-24,NYK @ BKN,BKN,False,W,113,100,13,45,88,0.511,12,35,0.343,11,14,9,34,43,28,6,6,8,0.5795,119.2738,105.552
2025-26,NYK,2025-11-22,NYK @ ORL,ORL,False,L,121,133,-12,43,79,0.544,13,37,0.351,22,28,9,27,36,28,5,4,17,0.6266,120.6862,132.6551
2025-26,NYK,2025-11-19,NYK @ DAL,DAL,False,W,113,111,2,41,93,0.441,12,42,0.286,19,35,16,33,49,27,8,10,9,0.5054,108.8632,106.9364
2025-26,NYK,2025-11-17,NYK @ MIA,MIA,False,L,113,115,-2,43,94,0.457,9,36,0.25,18,24,11,37,48,23,7,7,17,0.5053,100.7669,102.5504
2025-26,NYK,2025-11-14,NYK vs. MIA,MIA,True,W,140,132,8,48,104,0.462,21,53,0.396,23,29,20,31,51,32,9,2,8,0.5625,132.8778,125.2847
2025-26,NYK,2025-11-12,NYK vs. ORL,ORL,True,L,107,124,-17,39,88,0.443,11,36,0.306,18,23,10,27,37,20,10,3,14,0.5057,104.0654,120.5991
2025-26,NYK,2025-11-11,NYK vs. MEM,MEM,True,W,133,120,13,47,98,0.48,22,55,0.4,17,20,10,34,44,35,12,2,15,0.5918,119.0903,107.4499
2025-26,NYK,2025-11-09,NYK vs. BKN,BKN,True,W,134,98,36,48,89,0.539,17,37,0.459,21,26,15,31,46,31,9,3,14,0.6348,136.7347,100.0
2025-26,NYK,2025-11-05,NYK vs. MIN,MIN,True,W,137,114,23,55,102,0.539,19,42,0.452,8,9,21,29,50,32,7,8,14,0.6324,138.7763,115.4781
2025-26,NYK,2025-11-03,NYK vs. WAS,WAS,True,W,119,102,17,44,94,0.468,15,41,0.366,16,20,12,37,49,32,12,4,12,0.5479,116.007,99.4346
2025-26,NYK,2025-11-02,NYK vs. CHI,CHI,True,W,128,116,12,43,95,0.453,20,42,0.476,22,22,14,33,47,31,7,5,11,0.5579,127.0345,115.125
2025-26,NYK,2025-10-31,NYK @ CHI,CHI,False,L,125,135,-10,45,91,0.495,18,45,0.4,17,23,12,27,39,27,3,5,12,0.5934,122.8381,132.6651
2025-26,NYK,2025-10-28,NYK @ MIL,MIL,False,L,111,121,-10,39,92,0.424,13,40,0.325,20,23,17,28,45,24,9,2,13,0.4946,112.8737,123.0425
2025-26,NYK,2025-10-26,NYK @ MIA,MIA,False,L,107,115,-8,38,98,0.388,15,54,0.278,16,21,16,36,52,23,9,3,16,0.4643,101.4795,109.0668
2025-26,NYK,2025-10-24,NYK vs. BOS,BOS,True,W,105,95,10,33,86,0.384,17,45,0.378,22,25,21,32,53,23,7,4,20,0.4826,109.0343,98.6501
2025-26,NYK,2025-10-22,NYK vs. CLE,CLE,True,W,119,111,8,37,86,0.43,14,40,0.35,31,36,9,39,48,22,8,4,14,0.5116,112.3914,104.8357
2025-26,OKC,2026-04-12,OKC vs. PHX,PHX,True,L,103,135,-32,41,95,0.432,18,46,0.391,3,9,9,27,36,32,9,7,10,0.5263,101.1788,132.613
2025-26,OKC,2026-04-10,OKC @ DEN,DEN,False,L,107,127,-20,42,99,0.424,14,44,0.318,9,12,15,31,46,25,11,1,13,0.4949,102.8846,122.1154
2025-26,OKC,2026-04-08,OKC @ LAC,LAC,False,W,128,110,18,48,83,0.578,13,34,0.382,19,24,6,38,44,30,9,7,13,0.6566,127.9232,109.934
2025-26,OKC,2026-04-07,OKC @ LAL,LAL,False,W,123,87,36,45,89,0.506,21,41,0.512,12,14,10,36,46,29,15,2,12,0.6236,127.5934,90.249
2025-26,OKC,2026-04-05,OKC vs. UTA,UTA,True,W,146,111,35,54,92,0.587,24,45,0.533,14,16,8,38,46,40,8,8,16,0.7174,135.4109,102.9494
2025-26,OKC,2026-04-02,OKC vs. LAL,LAL,True,W,139,96,43,55,102,0.539,19,42,0.452,10,13,13,37,50,32,12,5,10,0.6324,135.214,93.3852
2025-26,OKC,2026-03-30,OKC vs. DET,DET,True,W,114,110,4,38,81,0.469,10,34,0.294,28,32,6,36,42,17,9,6,18,0.5309,105.948,102.2305
2025-26,OKC,2026-03-29,OKC vs. NYK,NYK,True,W,111,100,11,35,75,0.467,10,28,0.357,31,38,12,27,39,21,10,0,15,0.5333,117.9596,106.2699
2025-26,OKC,2026-03-27,OKC vs. CHI,CHI,True,W,131,113,18,47,101,0.465,14,45,0.311,23,31,15,43,58,29,9,9,10,0.5347,119.7003,103.2529
2025-26,OKC,2026-03-25,OKC @ BOS,BOS,False,L,109,119,-10,38,80,0.475,12,37,0.324,21,26,4,31,35,17,7,3,7,0.55,112.2554,122.5541
2025-26,OKC,2026-03-23,OKC @ PHI,PHI,False,W,123,103,20,48,90,0.533,18,41,0.439,9,10,11,37,48,33,6,10,15,0.6333,121.5655,101.7988
2025-26,OKC,2026-03-21,OKC @ WAS,WAS,False,W,132,111,21,50,93,0.538,11,30,0.367,21,30,17,38,55,31,6,6,13,0.5968,127.4623,107.1842
2025-26,OKC,2026-03-18,OKC @ BKN,BKN,False,W,121,92,29,45,85,0.529,14,35,0.4,17,22,9,36,45,26,16,5,19,0.6118,115.6125,87.9037
2025-26,OKC,2026-03-17,OKC @ ORL,ORL,False,W,113,108,5,40,90,0.444,9,29,0.31,24,27,11,42,53,19,8,3,12,0.4944,109.3478,104.5094
2025-26,OKC,2026-03-15,OKC vs. MIN,MIN,True,W,116,103,13,42,101,0.416,15,40,0.375,17,19,15,29,44,28,16,6,7,0.4901,113.1487,100.4682
2025-26,OKC,2026-03-12,OKC vs. BOS,BOS,True,W,104,102,2,40,84,0.476,11,44,0.25,13,17,11,28,39,22,7,4,12,0.5417,109.8901,107.7768
2025-26,OKC,2026-03-09,OKC vs. DEN,DEN,True,W,129,126,3,47,93,0.505,19,47,0.404,16,21,3,34,37,27,3,9,3,0.6075,125.8537,122.9268
2025-26,OKC,2026-03-07,OKC vs. GSW,GSW,True,W,104,97,7,33,78,0.423,15,42,0.357,23,24,7,35,42,24,7,1,14,0.5192,109.7741,102.3855
2025-26,OKC,2026-03-04,OKC @ NYK,NYK,False,W,103,100,3,33,73,0.452,16,42,0.381,21,25,3,35,38,21,8,0,16,0.5616,104.7387,101.688
2025-26,OKC,2026-03-03,OKC @ CHI,CHI,False,W,116,108,8,43,99,0.434,10,42,0.238,20,24,12,39,51,23,10,3,9,0.4848,108.4518,100.9723
2025-26,OKC,2026-03-01,OKC @ DAL,DAL,False,W,100,87,13,41,92,0.446,8,39,0.205,10,15,7,39,46,22,9,8,9,0.4891,99.681,86.7225
2025-26,OKC,2026-02-27,OKC vs. DEN,DEN,True,W,127,121,6,46,99,0.465,12,35,0.343,23,27,8,48,56,29,14,10,12,0.5253,108.2879,103.1719
2025-26,OKC,2026-02-25,OKC @ DET,DET,False,L,116,124,-8,39,96,0.406,18,49,0.367,20,21,12,25,37,28,7,3,14,0.5,111.175,118.8422
2025-26,OKC,2026-02-24,OKC @ TOR,TOR,False,W,116,107,9,45,95,0.474,16,40,0.4,10,12,12,37,49,26,10,5,19,0.5579,110.7082,102.1187
2025-26,OKC,2026-02-22,OKC vs. CLE,CLE,True,W,121,113,8,42,86,0.488,21,41,0.512,16,25,13,31,44,32,12,4,16,0.6105,119.5889,111.6822
2025-26,OKC,2026-02-20,OKC vs. BKN,BKN,True,W,105,86,19,35,83,0.422,13,35,0.371,22,25,13,34,47,22,11,4,19,0.5,104.2494,85.3852
2025-26,OKC,2026-02-12,OKC vs. MIL,MIL,True,L,93,110,-17,31,83,0.373,15,45,0.333,16,20,14,33,47,22,3,6,16,0.4639,98.9994,117.096
2025-26,OKC,2026-02-11,OKC @ PHX,PHX,False,W,136,109,27,52,89,0.584,15,36,0.417,17,19,8,29,37,28,6,3,8,0.6685,141.6077,113.4944
2025-26,OKC,2026-02-09,OKC @ LAL,LAL,False,W,119,110,9,42,87,0.483,14,33,0.424,21,29,14,31,45,23,12,4,16,0.5632,117.8918,108.9756
2025-26,OKC,2026-02-07,OKC vs. HOU,HOU,True,L,106,112,-6,37,82,0.451,14,36,0.389,18,28,13,29,42,25,10,2,17,0.5366,106.7257,112.7668
2025-26,OKC,2026-02-04,OKC @ SAS,SAS,False,L,106,116,-10,37,93,0.398,19,47,0.404,13,14,9,37,46,26,10,9,14,0.5,100.9716,110.4972
2025-26,OKC,2026-02-03,OKC vs. ORL,ORL,True,W,128,92,36,48,93,0.516,12,35,0.343,20,26,14,38,52,33,12,1,11,0.5806,127.186,91.4149
2025-26,OKC,2026-02-01,OKC @ DEN,DEN,False,W,121,111,10,40,85,0.471,19,48,0.396,22,27,12,27,39,23,12,6,13,0.5824,122.5689,112.4392
2025-26,OKC,2026-01-29,OKC @ MIN,MIN,False,L,111,123,-12,41,86,0.477,11,31,0.355,18,20,11,25,36,27,11,5,16,0.5407,110.0535,121.9512
2025-26,OKC,2026-01-27,OKC vs. NOP,NOP,True,W,104,95,9,35,87,0.402,13,38,0.342,21,23,13,40,53,25,4,9,16,0.477,105.6911,96.5447
2025-26,OKC,2026-01-25,OKC vs. TOR,TOR,True,L,101,103,-2,33,75,0.44,11,43,0.256,24,31,5,32,37,21,5,5,11,0.5133,105.7149,107.8082
2025-26,OKC,2026-01-23,OKC vs. IND,IND,True,L,114,117,-3,40,82,0.488,7,26,0.269,27,30,4,37,41,18,4,8,9,0.5305,112.8713,115.8416
2025-26,OKC,2026-01-21,OKC @ MIL,MIL,False,W,122,102,20,49,90,0.544,14,36,0.389,10,15,7,35,42,24,12,3,8,0.6222,126.0591,105.3937
2025-26,OKC,2026-01-19,OKC @ CLE,CLE,False,W,136,104,32,50,90,0.556,23,47,0.489,13,20,6,32,38,32,11,6,13,0.6833,126.9841,97.1055
2025-26,OKC,2026-01-17,OKC @ MIA,MIA,False,L,120,122,-2,42,77,0.545,13,29,0.448,23,28,5,41,46,23,3,6,15,0.6299,116.7088,118.654
2025-26,OKC,2026-01-15,OKC @ HOU,HOU,False,W,111,91,20,41,89,0.461,16,41,0.39,13,15,7,37,44,25,9,12,12,0.5506,108.2504,88.7459
2025-26,OKC,2026-01-13,OKC vs. SAS,SAS,True,W,119,98,21,42,81,0.519,11,30,0.367,24,27,5,38,43,26,7,11,11,0.5864,122.4028,100.8023
2025-26,OKC,2026-01-11,OKC vs. MIA,MIA,True,W,124,112,12,47,93,0.505,10,34,0.294,20,28,14,32,46,23,12,5,13,0.5591,118.0727,106.6464
2025-26,OKC,2026-01-09,OKC @ MEM,MEM,False,W,117,116,1,43,91,0.473,9,37,0.243,22,28,10,26,36,24,9,8,6,0.522,117.0702,116.0696
2025-26,OKC,2026-01-07,OKC vs. UTA,UTA,True,W,129,125,4,44,101,0.436,7,38,0.184,34,42,12,39,51,26,14,11,11,0.4703,107.6256,104.2883
2025-26,OKC,2026-01-05,OKC vs. CHA,CHA,True,L,97,124,-27,34,93,0.366,11,39,0.282,18,27,13,20,33,18,14,5,8,0.4247,98.5372,125.9651
2025-26,OKC,2026-01-04,OKC @ PHX,PHX,False,L,105,108,-3,39,82,0.476,10,32,0.313,17,19,2,27,29,20,2,4,9,0.5366,108.7407,111.8476
2025-26,OKC,2026-01-02,OKC @ GSW,GSW,False,W,131,94,37,48,92,0.522,16,38,0.421,19,19,9,42,51,34,10,5,14,0.6087,125.6715,90.1765
2025-26,OKC,2025-12-31,OKC vs. POR,POR,True,W,124,95,29,44,90,0.489,16,49,0.327,20,26,5,36,41,29,15,10,15,0.5778,113.2834,86.7897
2025-26,OKC,2025-12-29,OKC vs. ATL,ATL,True,W,140,129,11,53,98,0.541,12,32,0.375,22,23,10,39,49,27,9,7,14,0.602,125.7862,115.903
2025-26,OKC,2025-12-28,OKC vs. PHI,PHI,True,W,129,104,25,50,87,0.575,10,28,0.357,19,25,9,26,35,27,12,6,14,0.6322,125.7065,101.3448
2025-26,OKC,2025-12-25,OKC vs. SAS,SAS,True,L,102,117,-15,37,95,0.389,11,44,0.25,17,25,16,32,48,23,7,6,7,0.4474,105.5682,121.0929
2025-26,OKC,2025-12-23,OKC @ SAS,SAS,False,L,110,130,-20,46,85,0.541,12,30,0.4,6,7,9,27,36,23,5,1,15,0.6118,117.2458,138.5632
2025-26,OKC,2025-12-22,OKC vs. MEM,MEM,True,W,119,103,16,46,94,0.489,15,39,0.385,12,14,9,37,46,20,14,4,13,0.5691,113.1824,97.9646
2025-26,OKC,2025-12-19,OKC @ MIN,MIN,False,L,107,112,-5,34,92,0.37,11,39,0.282,28,30,13,39,52,16,7,10,12,0.4293,102.944,107.7545
2025-26,OKC,2025-12-18,OKC vs. LAC,LAC,True,W,122,101,21,48,101,0.475,13,36,0.361,13,16,9,29,38,28,18,4,9,0.5396,114.1681,94.5162
2025-26,OKC,2025-12-13,OKC @ SAS,SAS,False,L,109,111,-2,38,92,0.413,9,37,0.243,24,27,14,37,51,20,13,4,15,0.462,102.3666,104.2449
2025-26,OKC,2025-12-10,OKC vs. PHX,PHX,True,W,138,89,49,52,88,0.591,22,40,0.55,12,13,6,37,43,32,14,7,15,0.7159,132.8456,85.6758
2025-26,OKC,2025-12-07,OKC @ UTA,UTA,False,W,131,101,30,51,88,0.58,21,42,0.5,8,18,8,36,44,32,9,3,14,0.6989,128.937,99.4094
2025-26,OKC,2025-12-05,OKC vs. DAL,DAL,True,W,132,111,21,47,84,0.56,12,30,0.4,26,28,7,36,43,30,5,3,6,0.631,136.7026,114.9544
2025-26,OKC,2025-12-02,OKC @ GSW,GSW,False,W,124,112,12,46,79,0.582,15,32,0.469,17,23,4,37,41,24,8,5,15,0.6772,121.8553,110.0629
2025-26,OKC,2025-11-30,OKC @ POR,POR,False,W,123,115,8,44,90,0.489,10,29,0.345,25,32,8,41,49,27,7,9,12,0.5444,114.7602,107.2961
2025-26,OKC,2025-11-28,OKC vs. PHX,PHX,True,W,123,119,4,42,87,0.483,15,32,0.469,24,28,3,34,37,27,9,3,10,0.569,113.9522,110.2464
2025-26,OKC,2025-11-26,OKC vs. MIN,MIN,True,W,113,105,8,38,80,0.475,7,26,0.269,30,38,5,34,39,19,8,3,9,0.5188,112.4378,104.4776
2025-26,OKC,2025-11-23,OKC vs. POR,POR,True,W,122,95,27,45,85,0.529,15,36,0.417,17,23,12,37,49,33,9,8,14,0.6176,122.3917,95.305
2025-26,OKC,2025-11-21,OKC @ UTA,UTA,False,W,144,112,32,51,83,0.614,23,37,0.622,19,25,3,23,26,36,15,4,14,0.753,136.7781,106.383
2025-26,OKC,2025-11-19,OKC vs. SAC,SAC,True,W,113,99,14,41,88,0.466,10,38,0.263,21,23,9,36,45,22,9,10,16,0.5227,109.0523,95.5414
2025-26,OKC,2025-11-17,OKC @ NOP,NOP,False,W,126,109,17,43,87,0.494,17,42,0.405,23,28,13,25,38,30,12,6,18,0.592,121.7862,105.3547
2025-26,OKC,2025-11-15,OKC @ CHA,CHA,False,W,109,96,13,45,89,0.506,11,23,0.478,8,10,13,37,50,26,9,6,14,0.5674,110.9528,97.7199
2025-26,OKC,2025-11-12,OKC vs. LAL,LAL,True,W,121,92,29,44,88,0.5,12,39,0.308,21,23,6,36,42,28,14,4,11,0.5682,118.954,90.4444
2025-26,OKC,2025-11-11,OKC vs. GSW,GSW,True,W,126,102,24,42,83,0.506,16,36,0.444,26,31,10,30,40,29,12,4,20,0.6024,120.9213,97.8887
2025-26,OKC,2025-11-09,OKC @ MEM,MEM,False,W,114,100,14,41,95,0.432,10,43,0.233,22,26,9,42,51,19,10,3,6,0.4842,111.0245,97.3899
2025-26,OKC,2025-11-07,OKC @ SAC,SAC,False,W,132,101,31,49,91,0.538,13,35,0.371,21,24,8,44,52,27,9,8,11,0.6099,124.4344,95.2112
2025-26,OKC,2025-11-05,OKC @ POR,POR,False,L,119,121,-2,38,91,0.418,15,38,0.395,28,31,13,37,50,24,9,5,15,0.5,110.3282,112.1825
2025-26,OKC,2025-11-04,OKC @ LAC,LAC,False,W,126,107,19,45,86,0.523,18,38,0.474,18,22,8,32,40,28,12,6,11,0.6279,126.2778,107.2359
2025-26,OKC,2025-11-02,OKC vs. NOP,NOP,True,W,137,106,31,47,84,0.56,20,48,0.417,23,26,8,34,42,33,12,5,13,0.6786,137.3296,106.255
2025-26,OKC,2025-10-30,OKC vs. WAS,WAS,True,W,127,108,19,44,98,0.449,16,49,0.327,23,28,14,33,47,29,16,8,6,0.5306,124.0234,105.4688
2025-26,OKC,2025-10-28,OKC vs. SAC,SAC,True,W,107,101,6,42,92,0.457,14,44,0.318,9,10,10,34,44,26,11,10,15,0.5326,105.0874,99.1947
2025-26,OKC,2025-10-27,OKC @ DAL,DAL,False,W,101,94,7,42,90,0.467,6,30,0.2,11,13,9,46,55,21,5,5,13,0.5,101.3039,94.2828
2025-26,OKC,2025-10-25,OKC @ ATL,ATL,False,W,117,100,17,43,93,0.462,14,37,0.378,17,19,15,35,50,21,13,3,13,0.5376,119.6319,102.2495
2025-26,OKC,2025-10-23,OKC @ IND,IND,False,W,141,135,6,43,95,0.453,10,35,0.286,45,51,9,51,60,17,6,2,14,0.5053,113.6913,108.8534
2025-26,OKC,2025-10-21,OKC vs. HOU,HOU,True,W,125,124,1,46,104,0.442,13,52,0.25,20,25,11,27,38,29,12,4,12,0.5048,106.094,105.2453
2025-26,ORL,2026-04-12,ORL @ BOS,BOS,False,L,108,113,-5,36,91,0.396,12,43,0.279,24,30,14,36,50,22,6,5,19,0.4615,100.5212,105.175
2025-26,ORL,2026-04-10,ORL @ CHI,CHI,False,W,127,103,24,49,94,0.521,13,37,0.351,16,24,12,35,47,33,12,6,15,0.5904,117.5926,95.3704
2025-26,ORL,2026-04-08,ORL vs. MIN,MIN,True,W,132,120,12,51,95,0.537,12,29,0.414,18,23,19,29,48,33,5,5,17,0.6,127.9814,116.3467
2025-26,ORL,2026-04-06,ORL vs. DET,DET,True,W,123,107,16,41,81,0.506,11,26,0.423,30,40,6,29,35,28,16,9,15,0.5741,114.9748,100.0187
2025-26,ORL,2026-04-05,ORL @ NOP,NOP,False,W,112,108,4,40,93,0.43,7,33,0.212,25,36,16,41,57,27,6,5,13,0.4677,105.8201,102.0408
2025-26,ORL,2026-04-03,ORL @ DAL,DAL,False,W,138,127,11,47,84,0.56,14,26,0.538,30,37,7,36,43,35,10,1,17,0.6429,124.9321,114.9737
2025-26,ORL,2026-04-01,ORL vs. ATL,ATL,True,L,101,130,-29,35,88,0.398,6,32,0.188,25,31,8,29,37,29,7,5,19,0.4318,90.7784,116.8434
2025-26,ORL,2026-03-31,ORL vs. PHX,PHX,True,W,115,111,4,35,79,0.443,10,29,0.345,35,41,9,37,46,24,13,1,25,0.5063,102.0227,98.4741
2025-26,ORL,2026-03-29,ORL @ TOR,TOR,False,L,87,139,-52,31,82,0.378,9,38,0.237,16,19,9,27,36,20,4,1,28,0.4329,80.1696,128.087
2025-26,ORL,2026-03-26,ORL vs. SAC,SAC,True,W,121,117,4,40,74,0.541,13,27,0.481,28,32,7,29,36,22,2,2,12,0.6284,127.288,123.0802
2025-26,ORL,2026-03-24,ORL @ CLE,CLE,False,L,131,136,-5,41,84,0.488,14,39,0.359,35,38,13,26,39,27,6,2,10,0.5714,135.4145,140.583
2025-26,ORL,2026-03-23,ORL vs. IND,IND,True,L,126,128,-2,48,94,0.511,12,34,0.353,18,24,9,27,36,29,5,1,11,0.5745,124.6784,126.6574
2025-26,ORL,2026-03-21,ORL vs. LAL,LAL,True,L,104,105,-1,36,83,0.434,11,37,0.297,21,23,12,30,42,27,9,2,18,0.5,105.6481,106.664
2025-26,ORL,2026-03-19,ORL @ CHA,CHA,False,L,111,130,-19,39,93,0.419,14,42,0.333,19,21,12,19,31,24,11,4,14,0.4946,106.6692,124.9279
2025-26,ORL,2026-03-17,ORL vs. OKC,OKC,True,L,108,113,-5,37,93,0.398,17,50,0.34,17,20,10,31,41,21,8,2,12,0.4892,104.5094,109.3478
2025-26,ORL,2026-03-16,ORL @ ATL,ATL,False,L,112,124,-12,40,95,0.421,14,43,0.326,18,23,8,32,40,20,9,3,11,0.4947,105.2236,116.4976
2025-26,ORL,2026-03-14,ORL @ MIA,MIA,False,W,121,117,4,44,89,0.494,10,32,0.313,23,25,11,38,49,26,6,2,20,0.5506,113.4446,109.6944
2025-26,ORL,2026-03-12,ORL vs. WAS,WAS,True,W,136,131,5,47,100,0.47,15,34,0.441,27,34,11,41,52,30,12,5,13,0.545,116.4782,112.196
2025-26,ORL,2026-03-11,ORL vs. CLE,CLE,True,W,128,122,6,44,85,0.518,12,35,0.343,28,37,8,34,42,29,6,4,6,0.5882,129.476,123.4068
2025-26,ORL,2026-03-08,ORL @ MIL,MIL,False,W,130,91,39,45,80,0.563,14,33,0.424,26,35,10,39,49,31,11,2,15,0.65,131.2336,91.8635
2025-26,ORL,2026-03-07,ORL @ MIN,MIN,False,W,119,92,27,42,91,0.462,9,34,0.265,26,31,15,43,58,28,8,4,15,0.511,115.3772,89.1991
2025-26,ORL,2026-03-05,ORL vs. DAL,DAL,True,W,115,114,1,44,97,0.454,13,39,0.333,14,16,14,33,47,31,10,2,12,0.5206,113.6588,112.6705
2025-26,ORL,2026-03-03,ORL vs. WAS,WAS,True,W,126,109,17,42,76,0.553,10,25,0.4,32,37,3,35,38,33,3,6,9,0.6184,124.5798,107.7714
2025-26,ORL,2026-03-01,ORL vs. DET,DET,True,L,92,106,-14,29,77,0.377,10,36,0.278,24,30,9,32,41,20,8,4,19,0.4416,90.3023,104.044
2025-26,ORL,2026-02-26,ORL vs. HOU,HOU,True,L,108,113,-5,40,88,0.455,15,37,0.405,13,21,15,25,40,25,11,4,12,0.5398,114.8692,120.1872
2025-26,ORL,2026-02-24,ORL @ LAL,LAL,False,W,110,109,1,43,94,0.457,7,29,0.241,17,23,12,35,47,26,7,5,11,0.4947,108.14,107.1569
2025-26,ORL,2026-02-22,ORL @ LAC,LAC,False,W,111,109,2,40,83,0.482,8,23,0.348,23,31,12,31,43,25,7,3,12,0.5301,115.0498,112.9768
2025-26,ORL,2026-02-21,ORL @ PHX,PHX,False,L,110,113,-3,42,98,0.429,10,39,0.256,16,19,10,43,53,24,6,15,16,0.4796,96.9505,99.5946
2025-26,ORL,2026-02-19,ORL @ SAC,SAC,False,W,131,94,37,45,90,0.5,27,50,0.54,14,17,5,36,41,28,13,4,10,0.65,127.6306,91.5822
2025-26,ORL,2026-02-11,ORL vs. MIL,MIL,True,L,108,116,-8,35,82,0.427,20,47,0.426,18,21,7,23,30,31,12,6,9,0.5488,112.0332,120.332
2025-26,ORL,2026-02-09,ORL vs. MIL,MIL,True,W,118,99,19,40,86,0.465,14,42,0.333,24,27,11,33,44,27,14,3,11,0.5465,119.1197,99.9394
2025-26,ORL,2026-02-07,ORL vs. UTA,UTA,True,W,120,117,3,36,84,0.429,13,41,0.317,35,43,3,35,38,26,15,7,14,0.506,105.2447,102.6136
2025-26,ORL,2026-02-05,ORL vs. BKN,BKN,True,W,118,98,20,44,82,0.537,9,32,0.281,21,27,9,33,42,32,14,11,17,0.5915,115.3245,95.778
2025-26,ORL,2026-02-03,ORL @ OKC,OKC,False,L,92,128,-36,34,89,0.382,13,41,0.317,11,11,10,28,38,21,5,5,16,0.4551,91.4149,127.186
2025-26,ORL,2026-02-01,ORL @ SAS,SAS,False,L,103,112,-9,40,91,0.44,10,30,0.333,13,15,6,28,34,24,11,1,15,0.4945,97.3167,105.8201
2025-26,ORL,2026-01-30,ORL vs. TOR,TOR,True,W,130,120,10,40,78,0.513,17,34,0.5,33,37,3,32,35,28,7,3,12,0.6218,124.784,115.1853
2025-26,ORL,2026-01-28,ORL @ MIA,MIA,False,W,133,124,9,52,104,0.5,16,38,0.421,13,17,12,30,42,36,12,6,7,0.5769,124.5318,116.1049
2025-26,ORL,2026-01-26,ORL @ CLE,CLE,False,L,98,114,-16,38,94,0.404,11,39,0.282,11,15,13,29,42,21,10,6,12,0.4628,98.2555,114.2972
2025-26,ORL,2026-01-24,ORL vs. CLE,CLE,True,L,105,119,-14,33,81,0.407,11,40,0.275,28,32,10,27,37,21,8,3,16,0.4753,104.6025,118.5495
2025-26,ORL,2026-01-22,ORL vs. CHA,CHA,True,L,97,124,-27,33,79,0.418,14,37,0.378,17,22,6,25,31,25,7,4,12,0.5063,102.2775,130.7465
2025-26,ORL,2026-01-18,ORL @ MEM,MEM,False,L,109,126,-17,42,95,0.442,10,33,0.303,15,16,12,30,42,30,5,6,17,0.4947,102.8108,118.8455
2025-26,ORL,2026-01-15,ORL @ MEM,MEM,False,W,118,111,7,41,95,0.432,15,40,0.375,21,23,19,35,54,28,9,4,16,0.5105,116.0504,109.166
2025-26,ORL,2026-01-11,ORL vs. NOP,NOP,True,W,128,118,10,43,82,0.524,11,24,0.458,31,35,11,28,39,27,10,3,13,0.5915,129.9492,119.797
2025-26,ORL,2026-01-09,ORL vs. PHI,PHI,True,L,91,103,-12,36,88,0.409,4,29,0.138,15,18,11,31,42,21,5,10,19,0.4318,90.3315,102.2434
2025-26,ORL,2026-01-07,ORL @ BKN,BKN,False,W,104,103,1,41,96,0.427,9,33,0.273,13,18,20,35,55,28,12,4,18,0.474,101.6618,100.6843
2025-26,ORL,2026-01-06,ORL @ WAS,WAS,False,L,112,120,-8,42,92,0.457,12,33,0.364,16,24,13,35,48,28,8,4,19,0.5217,105.1248,112.6338
2025-26,ORL,2026-01-04,ORL vs. IND,IND,True,W,135,127,8,47,84,0.56,15,32,0.469,26,34,4,32,36,34,7,6,7,0.6488,133.5312,125.6182
2025-26,ORL,2026-01-02,ORL @ CHI,CHI,False,L,114,121,-7,43,86,0.5,14,32,0.438,14,21,5,31,36,28,10,5,11,0.5814,111.9843,118.8605
2025-26,ORL,2025-12-31,ORL @ IND,IND,False,W,112,110,2,43,90,0.478,3,21,0.143,23,28,8,41,49,28,9,4,19,0.4944,101.1743,99.3677
2025-26,ORL,2025-12-29,ORL @ TOR,TOR,False,L,106,107,-1,37,91,0.407,9,32,0.281,23,27,15,37,52,25,4,5,8,0.456,110.0498,111.088
2025-26,ORL,2025-12-27,ORL vs. DEN,DEN,True,W,127,126,1,46,89,0.517,10,29,0.345,25,37,9,26,35,32,8,0,6,0.573,125.4445,124.4567
2025-26,ORL,2025-12-26,ORL vs. CHA,CHA,True,L,105,120,-15,37,93,0.398,11,35,0.314,20,23,16,26,42,22,7,7,9,0.457,108.0025,123.4314
2025-26,ORL,2025-12-23,ORL @ POR,POR,False,W,110,106,4,37,85,0.435,15,33,0.455,21,23,10,28,38,26,10,5,15,0.5235,109.192,105.2214
2025-26,ORL,2025-12-22,ORL @ GSW,GSW,False,L,97,120,-23,36,87,0.414,7,27,0.259,18,26,16,32,48,21,8,5,18,0.454,97.4874,120.603
2025-26,ORL,2025-12-20,ORL @ UTA,UTA,False,W,128,127,1,47,96,0.49,11,37,0.297,23,33,14,38,52,32,6,9,13,0.5469,115.4609,114.5589
2025-26,ORL,2025-12-18,ORL @ DEN,DEN,False,L,115,126,-11,43,91,0.473,11,33,0.333,18,26,12,32,44,30,9,6,10,0.533,112.1732,122.9028
2025-26,ORL,2025-12-13,ORL @ NYK,NYK,False,L,120,132,-12,45,97,0.464,13,42,0.31,17,25,12,29,41,28,9,3,14,0.5309,113.4001,124.7401
2025-26,ORL,2025-12-09,ORL vs. MIA,MIA,True,W,117,108,9,44,87,0.506,15,32,0.469,14,16,7,40,47,30,5,6,17,0.592,113.3721,104.6512
2025-26,ORL,2025-12-07,ORL @ NYK,NYK,False,L,100,106,-6,36,94,0.383,12,42,0.286,16,24,17,31,48,23,7,4,12,0.4468,102.3751,108.5176
2025-26,ORL,2025-12-05,ORL vs. MIA,MIA,True,W,106,105,1,38,92,0.413,12,34,0.353,18,24,7,35,42,24,5,3,10,0.4783,101.7079,100.7484
2025-26,ORL,2025-12-03,ORL vs. SAS,SAS,True,L,112,114,-2,45,99,0.455,9,27,0.333,13,19,10,38,48,27,11,3,10,0.5,104.2248,106.086
2025-26,ORL,2025-12-01,ORL vs. CHI,CHI,True,W,125,120,5,45,88,0.511,9,33,0.273,26,33,12,34,46,25,12,11,18,0.5625,115.1013,110.4972
2025-26,ORL,2025-11-28,ORL @ DET,DET,False,W,112,109,3,40,97,0.412,5,30,0.167,27,32,14,30,44,14,15,7,14,0.4381,102.414,99.6708
2025-26,ORL,2025-11-25,ORL @ PHI,PHI,False,W,144,103,41,54,101,0.535,13,34,0.382,23,28,15,32,47,38,10,4,12,0.599,133.9535,95.814
2025-26,ORL,2025-11-23,ORL @ BOS,BOS,False,L,129,138,-9,47,100,0.47,16,38,0.421,19,24,18,26,44,33,3,4,8,0.55,131.4717,140.6441
2025-26,ORL,2025-11-22,ORL vs. NYK,NYK,True,W,133,121,12,47,85,0.553,13,33,0.394,26,30,11,25,36,28,5,2,14,0.6294,132.6551,120.6862
2025-26,ORL,2025-11-20,ORL vs. LAC,LAC,True,W,129,101,28,45,94,0.479,18,34,0.529,21,24,12,39,51,32,12,4,11,0.5745,121.7441,95.319
2025-26,ORL,2025-11-18,ORL vs. GSW,GSW,True,W,121,113,8,43,85,0.506,8,32,0.25,27,29,10,33,43,28,14,3,14,0.5529,118.5809,110.7409
2025-26,ORL,2025-11-16,ORL @ HOU,HOU,False,L,113,117,-4,38,91,0.418,12,37,0.324,25,34,9,29,38,21,11,9,8,0.4835,105.7458,109.4891
2025-26,ORL,2025-11-14,ORL vs. BKN,BKN,True,W,105,98,7,36,78,0.462,15,39,0.385,18,21,7,39,46,21,3,5,19,0.5577,107.5379,100.3687
2025-26,ORL,2025-11-12,ORL @ NYK,NYK,False,W,124,107,17,42,86,0.488,12,33,0.364,28,33,12,37,49,29,10,4,15,0.5581,120.5991,104.0654
2025-26,ORL,2025-11-10,ORL vs. POR,POR,True,W,115,112,3,39,87,0.448,8,30,0.267,29,34,11,39,50,26,6,7,13,0.4943,112.5245,109.589
2025-26,ORL,2025-11-09,ORL vs. BOS,BOS,True,L,107,111,-4,35,78,0.449,7,29,0.241,30,32,12,30,42,21,8,4,17,0.4936,110.2638,114.3858
2025-26,ORL,2025-11-07,ORL vs. BOS,BOS,True,W,123,110,13,41,82,0.5,17,36,0.472,24,31,11,33,44,28,8,7,15,0.6037,120.7777,108.0126
2025-26,ORL,2025-11-04,ORL @ ATL,ATL,False,L,112,127,-15,36,83,0.434,11,34,0.324,29,33,14,27,41,26,9,1,19,0.5,108.2126,122.7053
2025-26,ORL,2025-11-01,ORL @ WAS,WAS,False,W,125,94,31,47,92,0.511,12,36,0.333,19,22,8,45,53,32,13,10,17,0.5761,112.979,84.9602
2025-26,ORL,2025-10-30,ORL @ CHA,CHA,False,W,123,107,16,45,87,0.517,16,38,0.421,17,23,14,24,38,29,10,7,13,0.6092,126.3353,109.9014
2025-26,ORL,2025-10-29,ORL @ DET,DET,False,L,116,135,-19,38,83,0.458,12,31,0.387,28,40,15,28,43,22,5,5,17,0.5301,110.1824,128.2295
2025-26,ORL,2025-10-27,ORL @ PHI,PHI,False,L,124,136,-12,45,82,0.549,8,25,0.32,26,38,13,30,43,27,4,7,13,0.5976,122.288,134.1223
2025-26,ORL,2025-10-25,ORL vs. CHI,CHI,True,L,98,110,-12,34,87,0.391,3,24,0.125,27,33,15,38,53,12,8,5,20,0.408,91.898,103.1508
2025-26,ORL,2025-10-24,ORL vs. ATL,ATL,True,L,107,111,-4,37,78,0.474,9,31,0.29,24,37,12,33,45,21,7,3,22,0.5321,102.5887,106.4238
2025-26,ORL,2025-10-22,ORL vs. MIA,MIA,True,W,125,121,4,42,90,0.467,12,30,0.4,29,35,9,37,46,23,8,7,15,0.5333,111.967,108.3841
2025-26,PHI,2026-04-12,PHI vs. MIL,MIL,True,W,126,106,20,47,91,0.516,16,41,0.39,16,21,11,34,45,28,13,2,14,0.6044,120.0457,100.9909
2025-26,PHI,2026-04-10,PHI @ IND,IND,False,W,105,94,11,42,104,0.404,5,29,0.172,16,19,16,42,58,17,13,2,8,0.4279,99.8099,89.3536
2025-26,PHI,2026-04-09,PHI @ HOU,HOU,False,L,102,113,-11,38,85,0.447,11,32,0.344,15,23,11,36,47,21,10,6,16,0.5118,100.2162,111.0238
2025-26,PHI,2026-04-06,PHI @ SAS,SAS,False,L,102,115,-13,34,88,0.386,10,31,0.323,24,29,17,31,48,17,7,5,12,0.4432,103.8485,117.0841
2025-26,PHI,2026-04-04,PHI vs. DET,DET,True,L,93,116,-23,35,79,0.443,8,29,0.276,15,19,10,23,33,17,8,2,15,0.4937,100.043,124.7849
2025-26,PHI,2026-04-03,PHI vs. MIN,MIN,True,W,115,103,12,41,82,0.5,9,26,0.346,24,28,9,44,53,27,7,12,16,0.5549,109.4613,98.0392
2025-26,PHI,2026-04-01,PHI @ WAS,WAS,False,W,153,131,22,61,99,0.616,17,35,0.486,14,16,10,31,41,37,9,2,11,0.702,141.9822,121.5664
2025-26,PHI,2026-03-30,PHI @ MIA,MIA,False,L,109,119,-10,40,96,0.417,12,38,0.316,17,19,9,33,42,26,3,5,10,0.4792,105.7636,115.4667
2025-26,PHI,2026-03-28,PHI @ CHA,CHA,False,W,118,114,4,40,82,0.488,16,34,0.471,22,29,7,34,41,19,7,5,9,0.5854,121.125,117.0191
2025-26,PHI,2026-03-25,PHI vs. CHI,CHI,True,W,157,137,20,57,103,0.553,22,47,0.468,21,28,9,36,45,34,9,10,8,0.6602,136.5455,119.1512
2025-26,PHI,2026-03-23,PHI vs. OKC,OKC,True,L,103,123,-20,41,94,0.436,17,46,0.37,4,9,12,32,44,29,10,3,18,0.5266,101.7988,121.5655
2025-26,PHI,2026-03-21,PHI @ UTA,UTA,False,W,126,116,10,46,92,0.5,6,27,0.222,28,32,16,40,56,27,4,8,16,0.5326,118.4656,109.0636
2025-26,PHI,2026-03-19,PHI @ SAC,SAC,False,W,139,118,21,51,102,0.5,17,36,0.472,20,24,17,32,49,32,8,7,9,0.5833,134.7421,114.3854
2025-26,PHI,2026-03-17,PHI @ DEN,DEN,False,L,96,124,-28,37,94,0.394,9,41,0.22,13,15,9,33,42,30,6,10,13,0.4415,91.7607,118.5242
2025-26,PHI,2026-03-15,PHI vs. POR,POR,True,W,109,103,6,44,97,0.454,7,25,0.28,14,15,14,37,51,17,13,4,14,0.4897,104.3861,98.6401
2025-26,PHI,2026-03-14,PHI vs. BKN,BKN,True,W,104,97,7,38,82,0.463,3,25,0.12,25,31,8,39,47,22,12,10,14,0.4817,101.5228,94.6896
2025-26,PHI,2026-03-12,PHI @ DET,DET,False,L,109,131,-22,42,90,0.467,8,35,0.229,17,24,11,24,35,20,10,8,16,0.5111,103.2002,124.0295
2025-26,PHI,2026-03-10,PHI vs. MEM,MEM,True,W,139,129,10,45,86,0.523,11,31,0.355,38,46,12,28,40,27,13,5,11,0.5872,130.8358,121.4232
2025-26,PHI,2026-03-09,PHI @ CLE,CLE,False,L,101,115,-14,39,85,0.459,11,38,0.289,12,18,11,31,42,20,7,4,17,0.5235,103.6323,117.9971
2025-26,PHI,2026-03-07,PHI @ ATL,ATL,False,L,116,125,-9,47,86,0.547,10,26,0.385,12,18,10,26,36,27,10,4,21,0.6047,111.5814,120.2386
2025-26,PHI,2026-03-04,PHI vs. UTA,UTA,True,W,106,102,4,40,88,0.455,9,35,0.257,17,21,12,31,43,24,6,7,15,0.5057,106.7472,102.719
2025-26,PHI,2026-03-03,PHI vs. SAS,SAS,True,L,91,131,-40,33,95,0.347,10,42,0.238,15,19,9,31,40,20,8,5,14,0.4,84.1502,121.1393
2025-26,PHI,2026-03-01,PHI @ BOS,BOS,False,L,98,114,-16,35,88,0.398,12,31,0.387,16,22,10,27,37,21,10,4,6,0.4659,103.2013,120.0505
2025-26,PHI,2026-02-26,PHI vs. MIA,MIA,True,W,124,117,7,45,94,0.479,17,43,0.395,17,18,11,38,49,26,11,3,14,0.5691,119.5988,112.8472
2025-26,PHI,2026-02-24,PHI @ IND,IND,False,W,135,114,21,53,92,0.576,8,29,0.276,21,25,6,38,44,29,14,5,13,0.6196,122.3491,103.317
2025-26,PHI,2026-02-22,PHI @ MIN,MIN,False,W,135,108,27,50,97,0.515,21,37,0.568,14,21,10,29,39,31,14,1,11,0.6237,129.1372,103.3097
2025-26,PHI,2026-02-21,PHI @ NOP,NOP,False,L,111,126,-15,36,94,0.383,12,46,0.261,27,33,12,35,47,19,10,5,11,0.4468,105.5936,119.863
2025-26,PHI,2026-02-19,PHI vs. ATL,ATL,True,L,107,117,-10,33,86,0.384,11,33,0.333,30,37,12,34,46,17,9,13,16,0.4477,100.5261,109.9211
2025-26,PHI,2026-02-11,PHI vs. NYK,NYK,True,L,89,138,-49,33,88,0.375,6,32,0.188,17,21,12,26,38,16,9,6,18,0.4091,85.1186,131.9816
2025-26,PHI,2026-02-09,PHI @ POR,POR,False,L,118,135,-17,38,81,0.469,11,30,0.367,31,36,8,25,33,23,12,8,14,0.537,113.0052,129.2856
2025-26,PHI,2026-02-07,PHI @ PHX,PHX,False,W,109,103,6,35,74,0.473,11,29,0.379,28,34,11,39,50,18,5,4,18,0.5473,112.0247,105.8582
2025-26,PHI,2026-02-05,PHI @ LAL,LAL,False,L,115,119,-4,45,84,0.536,5,24,0.208,20,23,4,24,28,29,15,3,15,0.5655,110.5769,114.4231
2025-26,PHI,2026-02-03,PHI @ GSW,GSW,False,W,113,94,19,42,93,0.452,13,38,0.342,16,21,25,31,56,23,9,3,13,0.5215,124.7792,103.7986
2025-26,PHI,2026-02-02,PHI @ LAC,LAC,False,W,128,113,15,45,94,0.479,17,39,0.436,21,22,14,27,41,31,8,3,6,0.5691,133.6954,118.028
2025-26,PHI,2026-01-31,PHI vs. NOP,NOP,True,W,124,114,10,45,94,0.479,17,36,0.472,17,23,12,40,52,28,5,4,10,0.5691,122.288,112.426
2025-26,PHI,2026-01-29,PHI vs. SAC,SAC,True,W,113,111,2,39,72,0.542,8,25,0.32,27,31,2,22,24,25,8,3,9,0.5972,121.0109,118.8691
2025-26,PHI,2026-01-27,PHI vs. MIL,MIL,True,W,139,122,17,53,101,0.525,22,42,0.524,11,15,15,31,46,35,7,5,7,0.6337,137.979,121.1038
2025-26,PHI,2026-01-26,PHI @ CHA,CHA,False,L,93,130,-37,35,89,0.393,9,30,0.3,14,19,12,21,33,20,14,3,17,0.4438,89.32,124.8559
2025-26,PHI,2026-01-24,PHI vs. NYK,NYK,True,L,109,112,-3,39,77,0.506,9,29,0.31,22,29,6,31,37,24,7,4,14,0.5649,112.0016,115.0843
2025-26,PHI,2026-01-22,PHI vs. HOU,HOU,True,W,128,122,6,49,89,0.551,11,32,0.344,19,22,9,37,46,41,13,4,15,0.6124,118.387,112.8376
2025-26,PHI,2026-01-20,PHI vs. PHX,PHX,True,L,110,116,-6,39,93,0.419,11,34,0.324,21,27,18,31,49,20,12,6,19,0.4785,102.9577,108.5736
2025-26,PHI,2026-01-19,PHI vs. IND,IND,True,W,113,104,9,42,88,0.477,5,17,0.294,24,36,15,25,40,22,18,5,9,0.5057,113.0,104.0
2025-26,PHI,2026-01-16,PHI vs. CLE,CLE,True,L,115,117,-2,43,91,0.473,12,32,0.375,17,19,13,24,37,28,11,8,11,0.5385,116.2556,118.2774
2025-26,PHI,2026-01-14,PHI vs. CLE,CLE,True,L,107,133,-26,36,89,0.404,12,43,0.279,23,26,11,31,42,22,9,5,12,0.4719,102.7069,127.6637
2025-26,PHI,2026-01-12,PHI @ TOR,TOR,False,W,115,102,13,39,74,0.527,16,36,0.444,21,23,5,31,36,22,4,2,16,0.6351,119.7168,106.1836
2025-26,PHI,2026-01-11,PHI @ TOR,TOR,False,L,115,116,-1,41,90,0.456,8,31,0.258,25,31,12,32,44,11,9,11,22,0.5,99.6534,100.5199
2025-26,PHI,2026-01-09,PHI @ ORL,ORL,False,W,103,91,12,39,95,0.411,4,28,0.143,21,24,21,31,52,20,12,6,13,0.4316,102.2434,90.3315
2025-26,PHI,2026-01-07,PHI vs. WAS,WAS,True,W,131,110,21,45,84,0.536,14,37,0.378,27,32,7,27,34,30,15,5,10,0.619,128.4818,107.8854
2025-26,PHI,2026-01-05,PHI vs. DEN,DEN,True,L,124,125,-1,46,98,0.469,17,45,0.378,15,19,14,28,42,28,9,9,14,0.5561,117.158,118.1028
2025-26,PHI,2026-01-03,PHI @ NYK,NYK,False,W,130,119,11,49,90,0.544,17,36,0.472,15,23,9,38,47,25,7,10,14,0.6389,123.6917,113.2255
2025-26,PHI,2026-01-01,PHI @ DAL,DAL,False,W,123,108,15,48,90,0.533,13,36,0.361,14,16,6,37,43,22,10,7,12,0.6056,116.1254,101.9637
2025-26,PHI,2025-12-30,PHI @ MEM,MEM,False,W,139,136,3,51,111,0.459,15,42,0.357,22,27,14,27,41,33,14,5,9,0.527,119.6625,117.0799
2025-26,PHI,2025-12-28,PHI @ OKC,OKC,False,L,104,129,-25,35,83,0.422,17,43,0.395,17,21,13,25,38,21,5,5,23,0.5241,101.3448,125.7065
2025-26,PHI,2025-12-26,PHI @ CHI,CHI,False,L,102,109,-7,35,93,0.376,11,39,0.282,21,24,13,33,46,22,7,4,9,0.4355,103.7851,110.9076
2025-26,PHI,2025-12-23,PHI vs. BKN,BKN,True,L,106,114,-8,33,81,0.407,7,27,0.259,33,38,13,30,43,15,12,5,17,0.4506,103.2937,111.0895
2025-26,PHI,2025-12-20,PHI vs. DAL,DAL,True,W,121,114,7,44,102,0.431,12,40,0.3,21,28,20,27,47,27,11,2,10,0.4902,116.9082,110.1449
2025-26,PHI,2025-12-19,PHI @ NYK,NYK,False,W,116,107,9,40,88,0.455,17,41,0.415,19,21,10,26,36,21,7,8,11,0.5511,119.4399,110.173
2025-26,PHI,2025-12-14,PHI @ ATL,ATL,False,L,117,120,-3,38,101,0.376,17,41,0.415,24,29,21,33,54,25,10,10,12,0.4604,110.3774,113.2075
2025-26,PHI,2025-12-12,PHI vs. IND,IND,True,W,115,105,10,35,79,0.443,12,37,0.324,33,43,11,39,50,22,6,4,13,0.519,115.4155,105.3794
2025-26,PHI,2025-12-07,PHI vs. LAL,LAL,True,L,108,112,-4,36,102,0.353,13,36,0.361,23,26,17,37,54,21,5,4,6,0.4167,107.2919,111.2656
2025-26,PHI,2025-12-05,PHI @ MIL,MIL,False,W,116,101,15,39,86,0.453,17,43,0.395,21,22,11,31,42,25,12,1,15,0.5523,116.8413,101.7325
2025-26,PHI,2025-12-04,PHI vs. GSW,GSW,True,W,99,98,1,39,85,0.459,10,37,0.27,11,14,11,36,47,23,8,7,19,0.5176,100.4057,99.3915
2025-26,PHI,2025-12-02,PHI vs. WAS,WAS,True,W,121,102,19,46,102,0.451,17,40,0.425,12,17,13,38,51,26,12,6,11,0.5343,116.0338,97.8136
2025-26,PHI,2025-11-30,PHI vs. ATL,ATL,True,L,134,142,-8,46,105,0.438,10,44,0.227,32,38,11,35,46,26,14,6,18,0.4857,103.1722,109.3317
2025-26,PHI,2025-11-28,PHI @ BKN,BKN,False,W,115,103,12,43,88,0.489,11,37,0.297,18,20,9,32,41,28,12,7,12,0.5511,114.8622,102.8765
2025-26,PHI,2025-11-25,PHI vs. ORL,ORL,True,L,103,144,-41,37,82,0.451,9,25,0.36,20,22,8,30,38,22,7,4,21,0.5061,95.814,133.9535
2025-26,PHI,2025-11-23,PHI vs. MIA,MIA,True,L,117,127,-10,44,98,0.449,14,41,0.341,15,19,15,32,47,28,7,9,15,0.5204,110.0866,119.4957
2025-26,PHI,2025-11-20,PHI @ MIL,MIL,False,W,123,114,9,42,97,0.433,18,53,0.34,21,26,11,41,52,30,9,6,14,0.5258,111.7369,103.561
2025-26,PHI,2025-11-19,PHI vs. TOR,TOR,True,L,112,121,-9,41,87,0.471,14,35,0.4,16,18,16,25,41,24,11,6,21,0.5517,111.1773,120.1112
2025-26,PHI,2025-11-17,PHI vs. LAC,LAC,True,W,110,108,2,39,84,0.464,11,33,0.333,21,30,9,37,46,26,7,4,9,0.5298,111.0662,109.0468
2025-26,PHI,2025-11-14,PHI @ DET,DET,False,L,105,114,-9,39,90,0.433,14,39,0.359,13,15,13,33,46,19,9,4,15,0.5111,105.2526,114.2743
2025-26,PHI,2025-11-11,PHI vs. BOS,BOS,True,W,102,100,2,36,84,0.429,14,36,0.389,16,19,8,36,44,24,2,6,9,0.5119,106.4052,104.3188
2025-26,PHI,2025-11-09,PHI vs. DET,DET,True,L,108,111,-3,36,84,0.429,12,33,0.364,24,28,12,32,44,22,8,6,20,0.5,105.0379,107.9557
2025-26,PHI,2025-11-08,PHI vs. TOR,TOR,True,W,130,120,10,49,96,0.51,10,35,0.286,22,28,15,39,54,31,4,9,14,0.5625,123.4333,113.9385
2025-26,PHI,2025-11-05,PHI @ CLE,CLE,False,L,121,132,-11,44,90,0.489,12,31,0.387,21,30,15,28,43,26,9,2,19,0.5556,114.3235,124.7166
2025-26,PHI,2025-11-04,PHI @ CHI,CHI,False,L,111,113,-2,40,94,0.426,11,30,0.367,20,24,12,28,40,22,12,11,16,0.484,104.5395,106.4231
2025-26,PHI,2025-11-02,PHI @ BKN,BKN,False,W,129,105,24,50,96,0.521,15,40,0.375,14,17,12,32,44,34,10,6,15,0.599,120.0447,97.7108
2025-26,PHI,2025-10-31,PHI vs. BOS,BOS,True,L,108,109,-1,37,78,0.474,13,34,0.382,21,29,9,31,40,27,6,7,18,0.5577,107.9784,108.9782
2025-26,PHI,2025-10-28,PHI @ WAS,WAS,False,W,139,134,5,45,100,0.45,17,42,0.405,32,37,18,37,55,26,7,11,14,0.535,120.076,115.7567
2025-26,PHI,2025-10-27,PHI vs. ORL,ORL,True,W,136,124,12,48,97,0.495,14,33,0.424,26,32,14,25,39,25,5,9,7,0.567,134.1223,122.288
2025-26,PHI,2025-10-25,PHI vs. CHA,CHA,True,W,125,121,4,41,87,0.471,18,39,0.462,25,32,11,29,40,29,10,5,15,0.5747,118.8213,115.019
2025-26,PHI,2025-10-22,PHI @ BOS,BOS,False,W,117,116,1,39,85,0.459,16,41,0.39,23,30,10,30,40,23,3,4,14,0.5529,113.7911,112.8185
2025-26,PHX,2026-04-12,PHX @ OKC,OKC,False,W,135,103,32,56,101,0.554,20,41,0.488,3,6,13,41,54,28,5,8,13,0.6535,132.613,101.1788
2025-26,PHX,2026-04-10,PHX @ LAL,LAL,False,L,73,101,-28,26,77,0.338,7,40,0.175,14,21,18,29,47,17,8,1,23,0.3831,80.9133,111.9486
2025-26,PHX,2026-04-08,PHX vs. DAL,DAL,True,W,112,107,5,42,91,0.462,14,35,0.4,14,17,12,34,46,20,5,8,10,0.5385,113.6133,108.5413
2025-26,PHX,2026-04-07,PHX vs. HOU,HOU,True,L,105,119,-14,32,75,0.427,7,31,0.226,34,39,10,24,34,15,10,7,19,0.4733,103.3465,117.126
2025-26,PHX,2026-04-05,PHX @ CHI,CHI,False,W,120,110,10,45,89,0.506,13,32,0.406,17,22,11,30,41,22,10,6,16,0.5787,114.3947,104.8618
2025-26,PHX,2026-04-02,PHX @ CHA,CHA,False,L,107,127,-20,42,91,0.462,16,39,0.41,7,10,9,22,31,22,4,5,12,0.5495,107.0,127.0
2025-26,PHX,2026-03-31,PHX @ ORL,ORL,False,L,111,115,-4,35,88,0.398,14,46,0.304,27,35,11,30,41,24,9,4,20,0.4773,98.4741,102.0227
2025-26,PHX,2026-03-30,PHX @ MEM,MEM,False,W,131,105,26,55,109,0.505,17,45,0.378,4,8,20,27,47,39,13,5,11,0.5826,128.2302,102.78
2025-26,PHX,2026-03-28,PHX vs. UTA,UTA,True,W,134,109,25,52,104,0.5,17,53,0.321,13,21,21,39,60,29,8,6,13,0.5817,128.4756,104.5062
2025-26,PHX,2026-03-24,PHX vs. DEN,DEN,True,L,123,125,-2,39,89,0.438,17,47,0.362,28,37,10,31,41,24,6,5,3,0.5337,125.8441,127.8903
2025-26,PHX,2026-03-22,PHX vs. TOR,TOR,True,W,120,98,22,46,89,0.517,18,40,0.45,10,10,14,29,43,24,12,6,19,0.618,122.399,99.9592
2025-26,PHX,2026-03-21,PHX vs. MIL,MIL,True,L,105,108,-3,40,89,0.449,15,39,0.385,10,18,12,26,38,27,7,4,10,0.5337,109.8556,112.9944
2025-26,PHX,2026-03-19,PHX @ SAS,SAS,False,L,100,101,-1,38,91,0.418,11,36,0.306,13,17,10,37,47,27,9,3,11,0.478,101.2146,102.2267
2025-26,PHX,2026-03-17,PHX @ MIN,MIN,False,L,104,116,-12,37,97,0.381,13,37,0.351,17,23,17,23,40,25,13,2,14,0.4485,102.0208,113.7924
2025-26,PHX,2026-03-16,PHX @ BOS,BOS,False,L,112,120,-8,37,83,0.446,13,40,0.325,25,29,8,27,35,26,7,6,10,0.5241,113.9138,122.0504
2025-26,PHX,2026-03-13,PHX @ TOR,TOR,False,L,115,122,-7,38,80,0.475,18,42,0.429,21,30,6,28,34,20,5,6,12,0.5875,116.1616,123.2323
2025-26,PHX,2026-03-12,PHX @ IND,IND,False,W,123,108,15,46,88,0.523,13,32,0.406,18,22,12,28,40,21,9,7,14,0.5966,125.0763,109.8231
2025-26,PHX,2026-03-10,PHX @ MIL,MIL,False,W,129,114,15,48,89,0.539,24,51,0.471,9,11,8,31,39,33,9,0,12,0.6742,130.5404,115.3613
2025-26,PHX,2026-03-08,PHX vs. CHA,CHA,True,W,111,99,12,36,79,0.456,16,41,0.39,23,26,10,30,40,24,5,5,8,0.557,121.285,108.1731
2025-26,PHX,2026-03-06,PHX vs. NOP,NOP,True,W,118,116,2,40,90,0.444,20,58,0.345,18,26,15,26,41,27,9,6,15,0.5556,118.1654,116.1626
2025-26,PHX,2026-03-05,PHX vs. CHI,CHI,True,L,103,105,-2,36,92,0.391,13,46,0.283,18,27,14,34,48,24,7,3,15,0.462,100.0583,102.0012
2025-26,PHX,2026-03-03,PHX @ SAC,SAC,False,W,114,103,11,42,92,0.457,19,49,0.388,11,17,18,35,53,31,11,3,19,0.5598,114.343,103.3099
2025-26,PHX,2026-02-26,PHX vs. LAL,LAL,True,W,113,110,3,40,87,0.46,22,50,0.44,11,14,15,26,41,22,9,5,12,0.5862,125.8352,122.4944
2025-26,PHX,2026-02-24,PHX vs. BOS,BOS,True,L,81,97,-16,29,79,0.367,12,36,0.333,11,13,9,25,34,18,4,5,8,0.443,94.3616,113.0009
2025-26,PHX,2026-02-22,PHX vs. POR,POR,True,L,77,92,-15,31,85,0.365,9,35,0.257,6,6,13,28,41,16,14,3,23,0.4176,80.4262,96.0936
2025-26,PHX,2026-02-21,PHX vs. ORL,ORL,True,W,113,110,3,40,117,0.342,16,55,0.291,17,24,22,43,65,20,11,4,9,0.4103,99.5946,96.9505
2025-26,PHX,2026-02-19,PHX @ SAS,SAS,False,L,94,121,-27,39,105,0.371,12,42,0.286,4,6,19,27,46,22,7,5,13,0.4286,94.739,121.9512
2025-26,PHX,2026-02-11,PHX vs. OKC,OKC,True,L,109,136,-27,43,92,0.467,15,42,0.357,8,13,15,28,43,26,4,5,12,0.5489,113.4944,141.6077
2025-26,PHX,2026-02-10,PHX vs. DAL,DAL,True,W,120,111,9,49,102,0.48,16,50,0.32,6,9,18,31,49,32,8,3,14,0.5588,116.3242,107.5998
2025-26,PHX,2026-02-07,PHX vs. PHI,PHI,True,L,103,109,-6,33,83,0.398,11,46,0.239,26,31,12,28,40,22,8,0,14,0.4639,105.8582,112.0247
2025-26,PHX,2026-02-05,PHX vs. GSW,GSW,True,L,97,101,-4,38,82,0.463,16,43,0.372,5,6,6,31,37,22,10,1,12,0.561,107.515,111.9486
2025-26,PHX,2026-02-03,PHX @ POR,POR,False,W,130,125,5,50,97,0.515,20,41,0.488,10,15,18,27,45,26,13,2,11,0.6186,130.9692,125.9319
2025-26,PHX,2026-02-01,PHX vs. LAC,LAC,True,L,93,117,-24,31,93,0.333,19,46,0.413,12,18,10,25,35,21,7,4,5,0.4355,94.4738,118.8541
2025-26,PHX,2026-01-30,PHX vs. CLE,CLE,True,W,126,113,13,45,85,0.529,23,48,0.479,13,18,9,34,43,31,15,5,22,0.6647,117.8892,105.726
2025-26,PHX,2026-01-29,PHX vs. DET,DET,True,W,114,96,18,37,79,0.468,16,42,0.381,24,29,11,36,47,22,8,3,17,0.5696,117.5258,98.9691
2025-26,PHX,2026-01-27,PHX vs. BKN,BKN,True,W,106,102,4,43,77,0.558,5,20,0.25,15,20,10,22,32,22,12,5,15,0.5909,115.1173,110.7732
2025-26,PHX,2026-01-25,PHX vs. MIA,MIA,True,L,102,111,-9,37,100,0.37,7,35,0.2,21,26,21,35,56,14,6,7,11,0.405,101.3917,110.338
2025-26,PHX,2026-01-23,PHX @ ATL,ATL,False,L,103,110,-7,42,95,0.442,11,34,0.324,8,9,11,31,42,24,15,3,13,0.5,102.4876,109.4527
2025-26,PHX,2026-01-20,PHX @ PHI,PHI,False,W,116,110,6,40,92,0.435,16,39,0.41,20,20,15,27,42,25,5,2,22,0.5217,108.5736,102.9577
2025-26,PHX,2026-01-19,PHX @ BKN,BKN,False,W,126,117,9,44,77,0.571,20,39,0.513,18,23,7,28,35,29,4,4,13,0.7013,136.6891,126.9256
2025-26,PHX,2026-01-17,PHX @ NYK,NYK,False,W,106,99,7,34,82,0.415,15,42,0.357,23,27,13,24,37,22,9,2,12,0.5061,112.838,105.3864
2025-26,PHX,2026-01-15,PHX @ DET,DET,False,L,105,108,-3,36,87,0.414,17,46,0.37,16,25,9,32,41,21,14,9,14,0.5115,103.3058,106.2574
2025-26,PHX,2026-01-13,PHX @ MIA,MIA,False,L,121,127,-6,44,102,0.431,14,48,0.292,19,20,18,30,48,22,10,1,13,0.5,114.9753,120.6765
2025-26,PHX,2026-01-11,PHX vs. WAS,WAS,True,W,112,93,19,40,95,0.421,17,52,0.327,15,19,15,36,51,32,11,7,16,0.5105,107.0336,88.8761
2025-26,PHX,2026-01-09,PHX vs. NYK,NYK,True,W,112,107,5,38,85,0.447,16,42,0.381,20,23,9,28,37,23,4,4,10,0.5412,118.2932,113.0123
2025-26,PHX,2026-01-07,PHX @ MEM,MEM,False,W,117,98,19,45,97,0.464,22,56,0.393,5,8,15,36,51,31,11,5,18,0.5773,114.3248,95.7592
2025-26,PHX,2026-01-05,PHX @ HOU,HOU,False,L,97,100,-3,37,88,0.42,14,41,0.341,9,12,11,29,40,23,11,0,13,0.5,100.7688,103.8853
2025-26,PHX,2026-01-04,PHX vs. OKC,OKC,True,W,108,105,3,35,79,0.443,17,43,0.395,21,29,12,37,49,21,2,1,16,0.5506,111.8476,108.7407
2025-26,PHX,2026-01-02,PHX vs. SAC,SAC,True,W,129,102,27,49,87,0.563,8,31,0.258,23,28,7,35,42,23,16,9,12,0.6092,122.6236,96.9582
2025-26,PHX,2025-12-31,PHX @ CLE,CLE,False,L,113,129,-16,42,105,0.4,15,36,0.417,14,16,19,33,52,23,8,5,14,0.4714,105.7458,120.7187
2025-26,PHX,2025-12-29,PHX @ WAS,WAS,False,W,115,101,14,41,101,0.406,17,40,0.425,16,18,20,31,51,25,8,3,10,0.4901,119.0723,104.5765
2025-26,PHX,2025-12-27,PHX @ NOP,NOP,False,W,123,114,9,45,98,0.459,20,44,0.455,13,19,22,33,55,26,7,3,17,0.5612,121.8546,112.9384
2025-26,PHX,2025-12-26,PHX @ NOP,NOP,False,W,115,108,7,44,91,0.484,8,40,0.2,19,25,16,36,52,26,9,4,18,0.5275,109.274,102.6226
2025-26,PHX,2025-12-23,PHX vs. LAL,LAL,True,W,132,108,24,50,85,0.588,14,34,0.412,18,20,12,26,38,35,10,6,14,0.6706,137.1001,112.1728
2025-26,PHX,2025-12-20,PHX @ GSW,GSW,False,L,116,119,-3,42,88,0.477,12,35,0.343,20,24,9,25,34,23,12,6,14,0.5455,110.4131,113.2686
2025-26,PHX,2025-12-18,PHX vs. GSW,GSW,True,W,99,98,1,36,88,0.409,10,35,0.286,17,22,12,37,49,19,16,6,15,0.4659,97.7295,96.7423
2025-26,PHX,2025-12-14,PHX vs. LAL,LAL,True,L,114,116,-2,40,82,0.488,13,37,0.351,21,25,10,27,37,29,11,5,20,0.5671,109.6576,111.5814
2025-26,PHX,2025-12-10,PHX @ OKC,OKC,False,L,89,138,-49,33,84,0.393,10,31,0.323,13,16,7,30,37,24,12,2,21,0.4524,85.6758,132.8456
2025-26,PHX,2025-12-08,PHX @ MIN,MIN,False,W,108,105,3,41,90,0.456,12,33,0.364,14,20,14,29,43,26,8,2,9,0.5222,114.3341,111.1582
2025-26,PHX,2025-12-05,PHX @ HOU,HOU,False,L,98,117,-19,39,100,0.39,5,36,0.139,15,19,15,19,34,14,12,2,13,0.415,94.3578,112.6516
2025-26,PHX,2025-12-01,PHX @ LAL,LAL,False,W,125,108,17,52,92,0.565,17,39,0.436,4,8,4,29,33,35,16,1,11,0.6576,121.2886,104.7933
2025-26,PHX,2025-11-29,PHX vs. DEN,DEN,True,L,112,130,-18,39,88,0.443,14,42,0.333,20,26,11,21,32,23,11,2,7,0.5227,119.3521,138.5337
2025-26,PHX,2025-11-28,PHX @ OKC,OKC,False,L,119,123,-4,42,92,0.457,15,44,0.341,20,24,13,38,51,20,7,4,20,0.538,110.2464,113.9522
2025-26,PHX,2025-11-26,PHX @ SAC,SAC,False,W,112,100,12,42,91,0.462,14,42,0.333,14,20,17,30,47,25,14,5,17,0.5385,111.8881,99.9001
2025-26,PHX,2025-11-24,PHX vs. HOU,HOU,True,L,92,114,-22,33,80,0.413,13,37,0.351,13,19,13,26,39,11,9,4,21,0.4938,93.9542,116.4216
2025-26,PHX,2025-11-23,PHX vs. SAS,SAS,True,W,111,102,9,43,97,0.443,14,38,0.368,11,16,11,32,43,27,10,6,6,0.5155,113.2653,104.0816
2025-26,PHX,2025-11-21,PHX vs. MIN,MIN,True,W,114,113,1,39,81,0.481,14,31,0.452,22,29,15,30,45,25,13,2,28,0.5679,105.9086,104.9796
2025-26,PHX,2025-11-18,PHX @ POR,POR,False,W,127,110,17,47,98,0.48,14,40,0.35,19,22,18,28,46,24,19,4,18,0.551,116.2578,100.6957
2025-26,PHX,2025-11-16,PHX vs. ATL,ATL,True,L,122,124,-2,47,97,0.485,10,30,0.333,18,19,16,31,47,23,9,3,17,0.5361,116.2348,118.1402
2025-26,PHX,2025-11-13,PHX vs. IND,IND,True,W,133,98,35,49,85,0.576,13,35,0.371,22,27,10,33,43,19,6,6,11,0.6529,136.6626,100.6987
2025-26,PHX,2025-11-12,PHX @ DAL,DAL,False,W,123,114,9,44,95,0.463,14,35,0.4,21,26,13,33,46,31,13,3,12,0.5368,116.0815,107.5878
2025-26,PHX,2025-11-10,PHX vs. NOP,NOP,True,W,121,98,23,39,78,0.5,19,43,0.442,24,31,10,33,43,29,12,7,18,0.6218,121.5592,98.4529
2025-26,PHX,2025-11-08,PHX @ LAC,LAC,False,W,114,103,11,40,83,0.482,16,38,0.421,18,21,13,29,42,30,9,2,14,0.5783,123.8054,111.8593
2025-26,PHX,2025-11-06,PHX vs. LAC,LAC,True,W,115,102,13,41,92,0.446,19,49,0.388,14,19,15,29,44,27,13,2,16,0.5489,116.4203,103.2598
2025-26,PHX,2025-11-04,PHX @ GSW,GSW,False,L,107,118,-11,40,91,0.44,12,33,0.364,15,16,16,30,46,25,10,5,17,0.5055,107.6242,118.6884
2025-26,PHX,2025-11-02,PHX vs. SAS,SAS,True,W,130,118,12,46,79,0.582,19,33,0.576,19,22,5,34,39,34,8,4,20,0.7025,123.9276,112.4881
2025-26,PHX,2025-10-31,PHX vs. UTA,UTA,True,W,118,96,22,43,91,0.473,17,48,0.354,15,18,8,36,44,30,10,6,12,0.5659,114.5631,93.2039
2025-26,PHX,2025-10-29,PHX vs. MEM,MEM,True,L,113,114,-1,41,86,0.477,16,40,0.4,15,17,8,32,40,25,11,4,21,0.5698,106.0038,106.9418
2025-26,PHX,2025-10-27,PHX @ UTA,UTA,False,L,134,138,-4,45,106,0.425,20,55,0.364,24,31,18,30,48,37,13,8,14,0.5189,116.2791,119.7501
2025-26,PHX,2025-10-25,PHX @ DEN,DEN,False,L,111,133,-22,38,88,0.432,17,50,0.34,18,22,12,26,38,24,7,4,20,0.5284,104.1471,124.7889
2025-26,PHX,2025-10-24,PHX @ LAC,LAC,False,L,102,129,-27,37,90,0.411,16,47,0.34,12,15,15,22,37,23,12,4,18,0.5,104.0604,131.6058
2025-26,PHX,2025-10-22,PHX vs. SAC,SAC,True,W,120,116,4,45,95,0.474,10,34,0.294,20,28,18,33,51,23,7,7,16,0.5263,112.4438,108.6957
2025-26,POR,2026-04-12,POR vs. SAC,SAC,True,W,122,110,12,47,101,0.465,16,46,0.348,12,15,18,28,46,28,9,3,12,0.5446,121.8538,109.8682
2025-26,POR,2026-04-10,POR vs. LAC,LAC,True,W,116,97,19,37,83,0.446,12,39,0.308,30,35,14,32,46,23,12,7,15,0.5181,119.1699,99.6507
2025-26,POR,2026-04-08,POR @ SAS,SAS,False,L,101,112,-11,42,93,0.452,12,37,0.324,5,10,11,32,43,26,9,5,16,0.5161,98.6521,109.3964
2025-26,POR,2026-04-06,POR @ DEN,DEN,False,L,132,137,-5,42,89,0.472,25,52,0.481,23,28,11,28,39,29,8,5,18,0.6124,122.8593,127.513
2025-26,POR,2026-04-02,POR vs. NOP,NOP,True,W,118,106,12,42,92,0.457,20,51,0.392,14,18,14,31,45,27,11,7,16,0.5652,115.4825,103.7385
2025-26,POR,2026-03-31,POR @ LAC,LAC,False,W,114,104,10,41,91,0.451,15,45,0.333,17,18,18,30,48,22,8,4,17,0.533,119.9747,109.4506
2025-26,POR,2026-03-29,POR vs. WAS,WAS,True,W,123,88,35,44,86,0.512,12,36,0.333,23,32,11,38,49,24,8,10,14,0.5814,118.9785,85.1228
2025-26,POR,2026-03-27,POR vs. DAL,DAL,True,L,93,100,-7,31,79,0.392,8,30,0.267,23,33,14,34,48,16,8,7,25,0.443,89.1146,95.8222
2025-26,POR,2026-03-25,POR vs. MIL,MIL,True,W,130,99,31,42,80,0.525,19,41,0.463,27,33,15,39,54,30,11,11,21,0.6438,128.5093,97.8648
2025-26,POR,2026-03-23,POR vs. BKN,BKN,True,W,134,99,35,44,80,0.55,18,38,0.474,28,40,8,37,45,28,10,8,24,0.6625,120.5253,89.0448
2025-26,POR,2026-03-22,POR @ DEN,DEN,False,L,112,128,-16,42,97,0.433,16,50,0.32,12,16,14,31,45,31,5,0,11,0.5155,110.4754,126.2576
2025-26,POR,2026-03-20,POR @ MIN,MIN,False,W,108,104,4,39,92,0.424,9,37,0.243,21,24,18,33,51,25,8,6,17,0.4728,105.7165,101.8011
2025-26,POR,2026-03-18,POR @ IND,IND,False,W,127,119,8,45,101,0.446,16,46,0.348,21,26,22,30,52,32,5,7,13,0.5248,124.5587,116.7124
2025-26,POR,2026-03-16,POR @ BKN,BKN,False,W,114,95,19,41,80,0.513,11,26,0.423,21,29,11,33,44,30,7,3,19,0.5812,114.2743,95.2285
2025-26,POR,2026-03-15,POR @ PHI,PHI,False,L,103,109,-6,36,92,0.391,17,53,0.321,14,21,15,34,49,26,6,9,19,0.4837,98.6401,104.3861
2025-26,POR,2026-03-13,POR vs. UTA,UTA,True,W,124,114,10,46,89,0.517,17,46,0.37,15,16,14,35,49,34,16,12,24,0.6124,114.9638,105.6926
2025-26,POR,2026-03-10,POR vs. CHA,CHA,True,L,101,103,-2,35,83,0.422,16,42,0.381,15,18,10,32,42,23,6,8,18,0.5181,101.5484,103.5592
2025-26,POR,2026-03-08,POR vs. IND,IND,True,W,131,111,20,47,93,0.505,15,41,0.366,22,27,13,40,53,29,5,8,14,0.586,123.9122,104.9943
2025-26,POR,2026-03-06,POR @ HOU,HOU,False,L,99,106,-7,33,83,0.398,12,39,0.308,21,37,16,27,43,20,17,2,16,0.4699,98.6449,105.6198
2025-26,POR,2026-03-04,POR @ MEM,MEM,False,W,122,114,8,48,95,0.505,15,43,0.349,11,18,20,33,53,29,10,11,17,0.5842,118.7695,110.9813
2025-26,POR,2026-03-01,POR @ ATL,ATL,False,L,101,135,-34,35,87,0.402,13,37,0.351,18,26,9,29,38,23,5,6,17,0.477,95.9347,128.2295
2025-26,POR,2026-02-28,POR @ CHA,CHA,False,L,93,109,-16,35,86,0.407,11,47,0.234,12,19,11,28,39,22,8,7,17,0.4709,93.7689,109.9012
2025-26,POR,2026-02-26,POR @ CHI,CHI,False,W,121,112,9,42,95,0.442,10,46,0.217,27,31,15,30,45,27,10,8,12,0.4947,112.642,104.2636
2025-26,POR,2026-02-24,POR vs. MIN,MIN,True,L,121,124,-3,42,89,0.472,14,35,0.4,23,30,16,28,44,27,10,4,16,0.5506,120.0635,123.0403
2025-26,POR,2026-02-22,POR @ PHX,PHX,False,W,92,77,15,38,81,0.469,10,37,0.27,6,11,13,34,47,23,10,11,21,0.5309,96.0936,80.4262
2025-26,POR,2026-02-20,POR vs. DEN,DEN,True,L,103,157,-54,35,86,0.407,15,47,0.319,18,29,8,28,36,25,8,5,18,0.4942,92.8597,141.5435
2025-26,POR,2026-02-12,POR @ UTA,UTA,False,W,135,119,16,46,90,0.511,18,46,0.391,25,33,19,33,52,26,7,7,21,0.6111,126.5941,111.5904
2025-26,POR,2026-02-11,POR @ MIN,MIN,False,L,109,133,-24,40,94,0.426,16,45,0.356,13,16,18,32,50,23,4,4,26,0.5106,101.1883,123.4683
2025-26,POR,2026-02-09,POR vs. PHI,PHI,True,W,135,118,17,47,97,0.485,22,54,0.407,19,25,20,31,51,36,8,7,18,0.5979,129.2856,113.0052
2025-26,POR,2026-02-07,POR vs. MEM,MEM,True,W,122,115,7,46,95,0.484,21,51,0.412,9,14,14,34,48,30,7,3,17,0.5947,117.6471,110.8968
2025-26,POR,2026-02-06,POR vs. MEM,MEM,True,W,135,115,20,49,90,0.544,17,42,0.405,20,21,12,34,46,31,9,7,18,0.6389,129.5088,110.3223
2025-26,POR,2026-02-03,POR vs. PHX,PHX,True,L,125,130,-5,47,95,0.495,18,52,0.346,13,18,18,29,47,31,8,5,17,0.5895,125.9319,130.9692
2025-26,POR,2026-02-01,POR vs. CLE,CLE,True,L,111,130,-19,44,98,0.449,14,44,0.318,9,12,17,30,47,24,7,5,23,0.5204,104.4018,122.2724
2025-26,POR,2026-01-30,POR @ NYK,NYK,False,L,97,127,-30,35,81,0.432,13,43,0.302,14,19,8,29,37,23,5,5,20,0.5123,94.8562,124.1932
2025-26,POR,2026-01-27,POR @ WAS,WAS,False,L,111,115,-4,42,109,0.385,14,38,0.368,13,23,29,40,69,19,10,5,20,0.4495,102.1347,105.8152
2025-26,POR,2026-01-26,POR @ BOS,BOS,False,L,94,102,-8,32,78,0.41,10,40,0.25,20,30,11,35,46,17,11,8,18,0.4744,92.5561,100.4332
2025-26,POR,2026-01-23,POR vs. TOR,TOR,True,L,98,110,-12,39,98,0.398,13,45,0.289,7,10,14,31,45,22,7,3,15,0.4643,97.0874,108.9756
2025-26,POR,2026-01-22,POR vs. MIA,MIA,True,W,127,110,17,48,96,0.5,20,50,0.4,11,13,14,36,50,26,10,5,20,0.6042,120.3335,104.2259
2025-26,POR,2026-01-18,POR @ SAC,SAC,False,W,117,110,7,40,83,0.482,8,32,0.25,29,33,11,32,43,18,7,4,15,0.5301,116.1636,109.2137
2025-26,POR,2026-01-17,POR vs. LAL,LAL,True,W,132,116,16,45,86,0.523,16,42,0.381,26,34,12,30,42,24,9,5,15,0.6163,128.031,112.5121
2025-26,POR,2026-01-15,POR vs. ATL,ATL,True,W,117,101,16,43,95,0.453,14,46,0.304,17,24,16,38,54,23,13,5,15,0.5263,112.3703,97.0035
2025-26,POR,2026-01-13,POR @ GSW,GSW,False,L,97,119,-22,36,83,0.434,14,47,0.298,11,17,8,37,45,20,7,3,22,0.5181,92.7342,113.7667
2025-26,POR,2026-01-11,POR vs. NYK,NYK,True,L,114,123,-9,40,84,0.476,12,39,0.308,22,25,7,32,39,24,9,6,15,0.5476,111.4805,120.2816
2025-26,POR,2026-01-09,POR vs. HOU,HOU,True,W,111,105,6,37,89,0.416,16,44,0.364,21,23,14,29,43,26,9,3,13,0.5056,113.4505,107.3181
2025-26,POR,2026-01-07,POR vs. HOU,HOU,True,W,103,102,1,36,83,0.434,12,40,0.3,19,25,6,32,38,21,7,3,14,0.506,101.0993,100.1178
2025-26,POR,2026-01-05,POR vs. UTA,UTA,True,W,137,117,20,49,93,0.527,19,48,0.396,20,21,14,31,45,32,9,4,14,0.629,135.1618,115.4301
2025-26,POR,2026-01-03,POR @ SAS,SAS,False,W,115,110,5,40,91,0.44,19,45,0.422,16,27,15,36,51,24,3,4,11,0.544,117.3469,112.2449
2025-26,POR,2026-01-02,POR @ NOP,NOP,False,W,122,109,13,41,92,0.446,16,47,0.34,24,30,19,27,46,27,6,7,9,0.5326,123.7825,110.5925
2025-26,POR,2025-12-31,POR @ OKC,OKC,False,L,95,124,-29,34,87,0.391,14,35,0.4,13,17,12,38,50,20,10,3,25,0.4713,86.7897,113.2834
2025-26,POR,2025-12-29,POR vs. DAL,DAL,True,W,125,122,3,46,97,0.474,16,41,0.39,17,22,17,31,48,27,3,3,16,0.5567,118.3488,115.5084
2025-26,POR,2025-12-28,POR vs. BOS,BOS,True,W,114,108,6,42,89,0.472,18,51,0.353,12,21,16,32,48,26,7,2,20,0.573,109.3001,103.5475
2025-26,POR,2025-12-26,POR vs. LAC,LAC,True,L,103,119,-16,36,80,0.45,16,39,0.41,15,22,13,30,43,23,6,2,15,0.55,112.3718,129.8276
2025-26,POR,2025-12-23,POR vs. ORL,ORL,True,L,106,110,-4,41,87,0.471,9,32,0.281,15,19,11,34,45,23,9,7,17,0.523,105.2214,109.192
2025-26,POR,2025-12-22,POR vs. DET,DET,True,L,102,110,-8,33,74,0.446,7,32,0.219,29,43,9,29,38,21,6,6,19,0.4932,100.7507,108.6527
2025-26,POR,2025-12-20,POR @ SAC,SAC,False,W,98,93,5,35,81,0.432,11,32,0.344,17,25,10,36,46,18,12,3,20,0.5,96.7233,91.7884
2025-26,POR,2025-12-18,POR vs. SAC,SAC,True,W,134,133,1,49,103,0.476,15,45,0.333,21,33,17,27,44,30,6,6,21,0.5485,112.8516,112.0094
2025-26,POR,2025-12-14,POR vs. GSW,GSW,True,W,136,131,5,45,89,0.506,20,39,0.513,26,29,10,33,43,30,11,4,18,0.618,125.415,120.8041
2025-26,POR,2025-12-11,POR @ NOP,NOP,False,L,120,143,-23,45,102,0.441,14,48,0.292,16,22,13,28,41,27,5,7,15,0.5098,107.0664,127.5874
2025-26,POR,2025-12-07,POR @ MEM,MEM,False,L,96,119,-23,33,83,0.398,15,43,0.349,15,18,10,30,40,21,8,5,26,0.488,87.241,108.1425
2025-26,POR,2025-12-05,POR @ DET,DET,False,L,116,122,-6,36,85,0.424,12,37,0.324,32,35,18,30,48,22,6,8,20,0.4941,112.3378,118.1484
2025-26,POR,2025-12-03,POR @ CLE,CLE,False,W,122,110,12,37,85,0.435,14,34,0.412,34,39,12,42,54,27,4,4,13,0.5176,119.1872,107.4639
2025-26,POR,2025-12-02,POR @ TOR,TOR,False,L,118,121,-3,41,83,0.494,15,40,0.375,21,32,9,30,39,23,7,7,15,0.5843,112.21,115.0628
2025-26,POR,2025-11-30,POR vs. OKC,OKC,True,L,115,123,-8,35,89,0.393,16,49,0.327,29,37,13,36,49,22,8,5,14,0.4831,107.2961,114.7602
2025-26,POR,2025-11-26,POR vs. SAS,SAS,True,L,102,115,-13,37,87,0.425,9,36,0.25,19,30,12,36,48,21,3,9,18,0.477,98.4556,111.0039
2025-26,POR,2025-11-24,POR @ MIL,MIL,False,W,115,103,12,36,79,0.456,18,43,0.419,25,33,12,36,48,24,8,8,16,0.5696,117.0841,104.8666
2025-26,POR,2025-11-23,POR @ OKC,OKC,False,L,95,122,-27,34,92,0.37,12,47,0.255,15,21,16,29,45,18,8,4,17,0.4348,95.305,122.3917
2025-26,POR,2025-11-21,POR @ GSW,GSW,False,W,127,123,4,42,88,0.477,16,45,0.356,27,32,21,31,52,31,8,5,21,0.5682,124.9508,121.0153
2025-26,POR,2025-11-19,POR vs. CHI,CHI,True,L,121,122,-1,44,107,0.411,12,42,0.286,21,32,26,38,64,27,10,5,16,0.4673,108.8913,109.7912
2025-26,POR,2025-11-18,POR vs. PHX,PHX,True,L,110,127,-17,42,97,0.433,10,41,0.244,16,20,15,28,43,24,7,6,20,0.4845,100.6957,116.2578
2025-26,POR,2025-11-16,POR @ DAL,DAL,False,L,133,138,-5,46,113,0.407,14,47,0.298,27,32,22,31,53,26,8,5,12,0.469,114.8135,119.1298
2025-26,POR,2025-11-14,POR @ HOU,HOU,False,L,116,140,-24,42,89,0.472,13,36,0.361,19,27,16,28,44,18,4,2,20,0.5449,112.7966,136.1338
2025-26,POR,2025-11-12,POR @ NOP,NOP,False,W,125,117,8,48,83,0.578,13,37,0.351,16,17,9,30,39,26,5,5,13,0.6566,131.7731,123.3397
2025-26,POR,2025-11-10,POR @ ORL,ORL,False,L,112,115,-3,40,90,0.444,13,36,0.361,19,26,11,27,38,22,5,3,10,0.5167,109.589,112.5245
2025-26,POR,2025-11-08,POR @ MIA,MIA,False,L,131,136,-5,49,109,0.45,14,51,0.275,19,23,22,35,57,29,8,4,20,0.5138,112.9505,117.2616
2025-26,POR,2025-11-05,POR vs. OKC,OKC,True,W,121,119,2,36,88,0.409,19,43,0.442,30,32,11,38,49,24,8,6,18,0.517,112.1825,110.3282
2025-26,POR,2025-11-03,POR vs. LAL,LAL,True,L,115,123,-8,42,85,0.494,9,40,0.225,22,30,15,23,38,23,13,3,18,0.5471,113.7263,121.6377
2025-26,POR,2025-10-31,POR vs. DEN,DEN,True,W,109,107,2,38,91,0.418,11,39,0.282,22,31,16,27,43,26,11,5,13,0.478,107.2412,105.2735
2025-26,POR,2025-10-29,POR @ UTA,UTA,False,W,136,134,2,46,96,0.479,21,55,0.382,23,27,14,25,39,34,14,5,18,0.5885,121.7329,119.9427
2025-26,POR,2025-10-27,POR @ LAL,LAL,False,W,122,108,14,47,103,0.456,14,43,0.326,14,15,19,30,49,24,12,9,19,0.5243,110.8889,98.164
2025-26,POR,2025-10-26,POR @ LAC,LAC,False,L,107,114,-7,34,92,0.37,11,41,0.268,28,34,18,24,42,24,12,2,16,0.4293,102.6084,109.3211
2025-26,POR,2025-10-24,POR vs. GSW,GSW,True,W,139,119,20,50,93,0.538,16,34,0.471,23,25,10,28,38,30,13,5,19,0.6237,124.5743,106.6499
2025-26,POR,2025-10-22,POR vs. MIN,MIN,True,L,114,118,-4,36,90,0.4,13,42,0.31,29,35,7,32,39,25,10,3,16,0.4722,103.6552,107.2922
2025-26,SAC,2026-04-12,SAC @ POR,POR,False,L,110,122,-12,40,83,0.482,7,21,0.333,23,31,15,32,47,24,7,8,17,0.5241,109.8682,121.8538
2025-26,SAC,2026-04-10,SAC vs. GSW,GSW,True,W,124,118,6,41,89,0.461,17,44,0.386,25,34,16,33,49,25,10,6,16,0.5562,119.6449,113.8557
2025-26,SAC,2026-04-07,SAC @ GSW,GSW,False,L,105,110,-5,41,87,0.471,11,31,0.355,12,17,13,28,41,22,9,6,15,0.5345,108.7857,113.966
2025-26,SAC,2026-04-05,SAC vs. LAC,LAC,True,L,109,138,-29,45,85,0.529,9,32,0.281,10,20,12,30,42,25,9,8,20,0.5824,104.7875,132.6668
2025-26,SAC,2026-04-03,SAC vs. NOP,NOP,True,W,117,113,4,46,90,0.511,10,33,0.303,15,20,12,34,46,29,7,6,15,0.5667,116.3947,112.4154
2025-26,SAC,2026-04-01,SAC @ TOR,TOR,False,W,123,115,8,42,92,0.457,12,33,0.364,27,29,19,29,48,24,7,3,14,0.5217,124.9746,116.8462
2025-26,SAC,2026-03-29,SAC @ BKN,BKN,False,L,99,116,-17,36,84,0.429,10,32,0.313,17,25,12,31,43,21,7,3,15,0.4881,101.6427,119.0965
2025-26,SAC,2026-03-28,SAC @ ATL,ATL,False,L,113,123,-10,45,93,0.484,12,32,0.375,11,13,16,26,42,27,7,1,15,0.5484,115.0713,125.2546
2025-26,SAC,2026-03-26,SAC @ ORL,ORL,False,L,117,121,-4,45,88,0.511,14,33,0.424,13,16,9,26,35,30,7,3,11,0.5909,123.0802,127.288
2025-26,SAC,2026-03-24,SAC @ CHA,CHA,False,L,90,134,-44,37,91,0.407,9,28,0.321,7,11,10,25,35,27,4,3,12,0.456,89.1619,132.7521
2025-26,SAC,2026-03-22,SAC vs. BKN,BKN,True,W,126,122,4,43,82,0.524,14,27,0.519,26,34,17,34,51,30,4,5,17,0.6098,130.0578,125.929
2025-26,SAC,2026-03-19,SAC vs. PHI,PHI,True,L,118,139,-21,43,89,0.483,12,32,0.375,20,29,14,27,41,26,3,6,14,0.5506,114.3854,134.7421
2025-26,SAC,2026-03-17,SAC vs. SAS,SAS,True,L,104,132,-28,41,93,0.441,14,36,0.389,8,13,6,35,41,32,4,2,8,0.5161,103.7717,131.7102
2025-26,SAC,2026-03-15,SAC vs. UTA,UTA,True,W,116,111,5,41,85,0.482,11,36,0.306,23,28,12,38,50,28,9,3,18,0.5471,112.9944,108.1239
2025-26,SAC,2026-03-14,SAC @ LAC,LAC,False,W,118,109,9,48,82,0.585,12,27,0.444,10,16,9,39,48,29,9,4,21,0.6585,116.9475,108.0278
2025-26,SAC,2026-03-11,SAC vs. CHA,CHA,True,L,109,117,-8,45,83,0.542,8,25,0.32,11,14,8,27,35,24,6,6,14,0.5904,111.4292,119.6074
2025-26,SAC,2026-03-10,SAC vs. IND,IND,True,W,114,109,5,41,90,0.456,7,20,0.35,25,30,8,44,52,22,10,7,11,0.4944,105.6142,100.982
2025-26,SAC,2026-03-08,SAC vs. CHI,CHI,True,W,126,110,16,47,105,0.448,11,29,0.379,21,23,13,42,55,33,5,6,4,0.5,119.9543,104.722
2025-26,SAC,2026-03-05,SAC vs. NOP,NOP,True,L,123,133,-10,50,99,0.505,8,31,0.258,15,23,10,32,42,29,5,3,7,0.5455,114.9533,124.2991
2025-26,SAC,2026-03-03,SAC vs. PHX,PHX,True,L,103,114,-11,41,90,0.456,7,27,0.259,14,18,13,27,40,25,11,2,14,0.4944,103.3099,114.343
2025-26,SAC,2026-03-01,SAC @ LAL,LAL,False,L,104,128,-24,42,90,0.467,6,26,0.231,14,15,16,36,52,30,4,8,20,0.5,101.325,124.7077
2025-26,SAC,2026-02-26,SAC @ DAL,DAL,False,W,130,121,9,51,101,0.505,8,26,0.308,20,25,16,30,46,29,11,4,5,0.5446,125.6281,116.9308
2025-26,SAC,2026-02-25,SAC @ HOU,HOU,False,L,97,128,-31,37,93,0.398,7,32,0.219,16,20,16,27,43,22,9,2,12,0.4355,98.8989,130.5057
2025-26,SAC,2026-02-23,SAC @ MEM,MEM,False,W,123,114,9,47,94,0.5,10,29,0.345,19,25,13,32,45,30,12,7,15,0.5532,116.1473,107.6487
2025-26,SAC,2026-02-21,SAC @ SAS,SAS,False,L,122,139,-17,45,96,0.469,9,32,0.281,23,25,10,25,35,33,11,7,12,0.5156,110.2476,125.61
2025-26,SAC,2026-02-19,SAC vs. ORL,ORL,True,L,94,131,-37,35,86,0.407,8,27,0.296,16,20,11,37,48,22,9,3,19,0.4535,91.5822,127.6306
2025-26,SAC,2026-02-11,SAC @ UTA,UTA,False,L,93,121,-28,31,90,0.344,7,33,0.212,24,29,15,27,42,24,10,3,13,0.3833,92.3169,120.1112
2025-26,SAC,2026-02-09,SAC @ NOP,NOP,False,L,94,120,-26,40,99,0.404,4,31,0.129,10,15,19,31,50,19,8,3,17,0.4242,92.3198,117.855
2025-26,SAC,2026-02-07,SAC vs. CLE,CLE,True,L,126,132,-6,48,94,0.511,16,37,0.432,14,20,15,27,42,30,9,5,15,0.5957,121.2238,126.9963
2025-26,SAC,2026-02-06,SAC vs. LAC,LAC,True,L,111,114,-3,41,92,0.446,10,37,0.27,19,22,12,30,42,22,10,6,11,0.5,111.8275,114.8499
2025-26,SAC,2026-02-04,SAC vs. MEM,MEM,True,L,125,129,-4,45,100,0.45,11,36,0.306,24,28,14,32,46,29,4,2,13,0.505,115.934,119.6439
2025-26,SAC,2026-02-01,SAC @ WAS,WAS,False,L,112,116,-4,39,84,0.464,8,21,0.381,26,29,13,24,37,21,9,8,14,0.5119,114.0762,118.1503
2025-26,SAC,2026-01-30,SAC @ BOS,BOS,False,L,93,112,-19,31,83,0.373,10,31,0.323,21,23,15,32,47,19,4,6,16,0.4337,99.3802,119.6837
2025-26,SAC,2026-01-29,SAC @ PHI,PHI,False,L,111,113,-2,41,82,0.5,10,26,0.385,19,23,15,31,46,21,6,4,17,0.561,118.8691,121.0109
2025-26,SAC,2026-01-27,SAC @ NYK,NYK,False,L,87,103,-16,35,87,0.402,5,30,0.167,12,14,14,30,44,18,8,3,17,0.431,91.0613,107.8082
2025-26,SAC,2026-01-25,SAC @ DET,DET,False,L,116,139,-23,44,84,0.524,11,25,0.44,17,28,12,21,33,32,7,7,19,0.5893,110.6659,132.6083
2025-26,SAC,2026-01-23,SAC @ CLE,CLE,False,L,118,123,-5,42,89,0.472,13,33,0.394,21,22,10,33,43,26,5,2,11,0.5449,118.8558,123.892
2025-26,SAC,2026-01-21,SAC vs. TOR,TOR,True,L,109,122,-13,41,88,0.466,9,33,0.273,18,22,12,33,45,25,6,6,16,0.517,107.5587,120.3868
2025-26,SAC,2026-01-20,SAC vs. MIA,MIA,True,L,117,130,-13,44,87,0.506,11,30,0.367,18,21,8,41,49,27,6,4,16,0.569,111.0057,123.3397
2025-26,SAC,2026-01-18,SAC vs. POR,POR,True,L,110,117,-7,42,86,0.488,11,31,0.355,15,18,10,30,40,29,8,5,16,0.5523,109.2137,116.1636
2025-26,SAC,2026-01-16,SAC vs. WAS,WAS,True,W,128,115,13,47,81,0.58,15,31,0.484,19,30,12,33,45,36,5,5,19,0.6728,125.2201,112.5024
2025-26,SAC,2026-01-14,SAC vs. NYK,NYK,True,W,112,101,11,35,74,0.473,10,27,0.37,32,38,9,39,48,23,4,6,17,0.5405,110.979,100.0793
2025-26,SAC,2026-01-12,SAC vs. LAL,LAL,True,W,124,112,12,48,82,0.585,17,26,0.654,11,14,6,26,32,23,6,4,15,0.689,129.5174,116.9835
2025-26,SAC,2026-01-11,SAC vs. HOU,HOU,True,W,111,98,13,44,91,0.484,8,23,0.348,15,20,18,27,45,25,4,1,10,0.5275,121.6039,107.362
2025-26,SAC,2026-01-09,SAC @ GSW,GSW,False,L,103,137,-34,43,86,0.5,7,27,0.259,10,13,10,21,31,23,6,6,13,0.5407,106.8022,142.0572
2025-26,SAC,2026-01-06,SAC vs. DAL,DAL,True,L,98,100,-2,39,92,0.424,9,31,0.29,11,17,8,35,43,23,11,6,13,0.4728,92.5751,94.4644
2025-26,SAC,2026-01-04,SAC vs. MIL,MIL,True,L,98,115,-17,34,80,0.425,5,25,0.2,25,32,6,32,38,17,10,7,10,0.4562,98.3541,115.4155
2025-26,SAC,2026-01-02,SAC @ PHX,PHX,False,L,102,129,-27,35,85,0.412,10,28,0.357,22,32,14,28,42,20,6,3,21,0.4706,96.9582,122.6236
2025-26,SAC,2026-01-01,SAC vs. BOS,BOS,True,L,106,120,-14,40,85,0.471,12,36,0.333,14,15,8,24,32,29,7,2,9,0.5412,108.4288,122.7496
2025-26,SAC,2025-12-30,SAC @ LAC,LAC,False,L,90,131,-41,34,83,0.41,9,27,0.333,13,14,11,28,39,18,1,8,19,0.4639,92.6689,134.8847
2025-26,SAC,2025-12-28,SAC @ LAL,LAL,False,L,101,125,-24,40,83,0.482,8,29,0.276,13,19,10,29,39,24,11,3,19,0.5301,98.4022,121.7849
2025-26,SAC,2025-12-27,SAC vs. DAL,DAL,True,W,113,107,6,45,104,0.433,17,38,0.447,6,8,14,36,50,32,16,7,11,0.5144,107.4553,101.7497
2025-26,SAC,2025-12-23,SAC vs. DET,DET,True,L,127,136,-9,42,92,0.457,11,33,0.333,32,37,19,23,42,26,12,5,13,0.5163,121.7641,130.3931
2025-26,SAC,2025-12-21,SAC vs. HOU,HOU,True,W,125,124,1,44,95,0.463,12,32,0.375,25,36,19,36,55,29,8,5,12,0.5263,118.8213,117.8707
2025-26,SAC,2025-12-20,SAC vs. POR,POR,True,L,93,98,-5,33,87,0.379,6,31,0.194,21,31,18,32,50,18,14,6,18,0.4138,91.7884,96.7233
2025-26,SAC,2025-12-18,SAC @ POR,POR,False,L,133,134,-1,48,94,0.511,6,19,0.316,31,34,11,31,42,29,13,7,18,0.5426,112.0094,112.8516
2025-26,SAC,2025-12-14,SAC @ MIN,MIN,False,L,103,117,-14,37,81,0.457,10,23,0.435,19,25,4,32,36,21,5,9,15,0.5185,100.0583,113.6584
2025-26,SAC,2025-12-11,SAC vs. DEN,DEN,True,L,105,136,-31,39,87,0.448,11,38,0.289,16,23,10,28,38,21,9,4,16,0.5115,102.0012,132.1158
2025-26,SAC,2025-12-08,SAC @ IND,IND,False,L,105,116,-11,41,88,0.466,7,22,0.318,16,23,15,36,51,28,6,4,19,0.5057,102.2196,112.9283
2025-26,SAC,2025-12-06,SAC @ MIA,MIA,False,W,127,111,16,49,93,0.527,14,33,0.424,15,21,8,37,45,24,11,5,11,0.6022,123.1097,107.5998
2025-26,SAC,2025-12-03,SAC @ HOU,HOU,False,L,95,121,-26,40,97,0.412,10,34,0.294,5,10,12,20,32,21,10,7,13,0.4639,92.701,118.0718
2025-26,SAC,2025-11-30,SAC vs. MEM,MEM,True,L,107,115,-8,43,94,0.457,8,27,0.296,13,22,10,24,34,25,14,7,8,0.5,103.2022,110.9182
2025-26,SAC,2025-11-28,SAC @ UTA,UTA,False,L,119,128,-9,43,96,0.448,10,29,0.345,23,32,12,32,44,27,9,5,9,0.5,112.4339,120.9373
2025-26,SAC,2025-11-26,SAC vs. PHX,PHX,True,L,100,112,-12,40,86,0.465,12,34,0.353,8,10,9,32,41,20,9,6,19,0.5349,99.9001,111.8881
2025-26,SAC,2025-11-24,SAC vs. MIN,MIN,True,W,117,112,5,42,97,0.433,7,26,0.269,26,28,11,38,49,27,9,3,12,0.4691,107.3394,102.7523
2025-26,SAC,2025-11-22,SAC @ DEN,DEN,False,W,128,123,5,48,91,0.527,10,30,0.333,22,23,9,28,37,32,8,3,7,0.5824,125.9595,121.0392
2025-26,SAC,2025-11-20,SAC @ MEM,MEM,False,L,96,137,-41,37,80,0.463,11,33,0.333,11,15,4,28,32,24,5,5,17,0.5312,92.7357,132.3416
2025-26,SAC,2025-11-19,SAC @ OKC,OKC,False,L,99,113,-14,38,86,0.442,8,28,0.286,15,23,12,33,45,21,12,0,18,0.4884,95.5414,109.0523
2025-26,SAC,2025-11-16,SAC @ SAS,SAS,False,L,110,123,-13,41,87,0.471,12,33,0.364,16,22,5,32,37,25,10,3,12,0.5402,107.5269,120.2346
2025-26,SAC,2025-11-14,SAC @ MIN,MIN,False,L,110,124,-14,41,93,0.441,12,33,0.364,16,27,13,31,44,32,12,4,15,0.5054,102.0976,115.0919
2025-26,SAC,2025-11-12,SAC vs. ATL,ATL,True,L,100,133,-33,36,92,0.391,14,39,0.359,14,18,9,26,35,22,7,1,20,0.4674,91.0747,121.1293
2025-26,SAC,2025-11-11,SAC vs. DEN,DEN,True,L,108,122,-14,41,85,0.482,10,33,0.303,16,23,9,26,35,31,4,3,10,0.5412,112.5,127.0833
2025-26,SAC,2025-11-09,SAC vs. MIN,MIN,True,L,117,144,-27,40,90,0.444,13,29,0.448,24,31,12,31,43,25,8,3,18,0.5167,106.7518,131.3869
2025-26,SAC,2025-11-07,SAC vs. OKC,OKC,True,L,101,132,-31,38,92,0.413,15,40,0.375,10,15,8,30,38,27,6,3,17,0.4946,95.2112,124.4344
2025-26,SAC,2025-11-05,SAC vs. GSW,GSW,True,W,121,116,5,41,83,0.494,11,23,0.478,28,33,8,39,47,27,7,5,16,0.5602,113.2747,108.5939
2025-26,SAC,2025-11-03,SAC @ DEN,DEN,False,L,124,130,-6,47,90,0.522,9,27,0.333,21,25,8,39,47,27,5,1,15,0.5722,115.0492,120.6161
2025-26,SAC,2025-11-01,SAC @ MIL,MIL,False,W,135,133,2,45,87,0.517,10,28,0.357,35,40,11,27,38,30,8,1,10,0.5747,134.1682,132.1805
2025-26,SAC,2025-10-29,SAC @ CHI,CHI,False,L,113,126,-13,43,82,0.524,7,28,0.25,20,26,5,26,31,28,10,2,10,0.5671,112.2368,125.149
2025-26,SAC,2025-10-28,SAC @ OKC,OKC,False,L,101,107,-6,36,85,0.424,10,29,0.345,19,21,9,37,46,21,11,3,17,0.4824,99.1947,105.0874
2025-26,SAC,2025-10-26,SAC vs. LAL,LAL,True,L,120,127,-7,45,101,0.446,18,43,0.419,12,18,13,27,40,27,13,4,16,0.5347,109.509,115.8971
2025-26,SAC,2025-10-24,SAC vs. UTA,UTA,True,W,105,104,1,40,83,0.482,14,32,0.438,11,15,5,28,33,23,10,4,13,0.5663,104.958,103.9584
2025-26,SAC,2025-10-22,SAC @ PHX,PHX,False,L,116,120,-4,47,94,0.5,9,24,0.375,13,23,9,28,37,24,10,10,13,0.5479,108.6957,112.4438
2025-26,SAS,2026-04-12,SAS vs. DEN,DEN,True,L,118,128,-10,45,99,0.455,15,47,0.319,13,18,14,31,45,27,5,5,9,0.5303,115.347,125.1222
2025-26,SAS,2026-04-10,SAS vs. DAL,DAL,True,W,139,120,19,50,92,0.543,13,32,0.406,26,27,13,35,48,30,4,6,11,0.6141,138.1435,119.2606
2025-26,SAS,2026-04-08,SAS vs. POR,POR,True,W,112,101,11,43,88,0.489,11,29,0.379,15,19,11,34,45,28,13,6,17,0.5511,109.3964,98.6521
2025-26,SAS,2026-04-06,SAS vs. PHI,PHI,True,W,115,102,13,44,89,0.494,11,32,0.344,16,22,9,38,47,31,8,5,11,0.5562,117.0841,103.8485
2025-26,SAS,2026-04-04,SAS @ DEN,DEN,False,L,134,136,-2,47,101,0.465,15,45,0.333,25,27,12,38,50,29,5,6,11,0.5396,121.5089,123.3225
2025-26,SAS,2026-04-02,SAS @ LAC,LAC,False,W,118,99,19,47,88,0.534,12,31,0.387,12,14,10,38,48,30,7,2,16,0.6023,117.3662,98.4683
2025-26,SAS,2026-04-01,SAS @ GSW,GSW,False,W,127,113,14,44,93,0.473,15,47,0.319,24,30,13,35,48,34,8,6,15,0.5538,120.8833,107.5576
2025-26,SAS,2026-03-30,SAS vs. CHI,CHI,True,W,129,114,15,49,96,0.51,14,34,0.412,17,24,16,39,55,31,8,4,12,0.5833,123.5632,109.1954
2025-26,SAS,2026-03-28,SAS @ MIL,MIL,False,W,127,95,32,49,89,0.551,14,35,0.4,15,20,9,32,41,35,13,2,11,0.6292,127.3566,95.2667
2025-26,SAS,2026-03-25,SAS @ MEM,MEM,False,W,123,98,25,46,89,0.517,16,46,0.348,15,22,13,46,59,36,7,9,15,0.6067,120.3052,95.8529
2025-26,SAS,2026-03-23,SAS @ MIA,MIA,False,W,136,111,25,48,101,0.475,15,43,0.349,25,28,17,45,62,33,7,9,15,0.5495,123.569,100.8541
2025-26,SAS,2026-03-21,SAS vs. IND,IND,True,W,134,119,15,53,97,0.546,13,34,0.382,15,17,13,36,49,33,5,6,12,0.6134,132.1238,117.3339
2025-26,SAS,2026-03-19,SAS vs. PHX,PHX,True,W,101,100,1,35,83,0.422,10,34,0.294,21,23,9,33,42,23,6,5,14,0.4819,102.2267,101.2146
2025-26,SAS,2026-03-17,SAS @ SAC,SAC,False,W,132,104,28,48,93,0.516,25,49,0.51,11,13,5,45,50,41,5,5,6,0.6505,131.7102,103.7717
2025-26,SAS,2026-03-16,SAS @ LAC,LAC,False,W,119,115,4,43,93,0.462,10,36,0.278,23,29,22,30,52,25,5,7,15,0.5161,118.8099,114.8163
2025-26,SAS,2026-03-14,SAS vs. CHA,CHA,True,W,115,102,13,43,92,0.467,11,33,0.333,18,21,15,39,54,29,7,6,13,0.5272,114.5875,101.6341
2025-26,SAS,2026-03-12,SAS vs. DEN,DEN,True,L,131,136,-5,43,95,0.453,19,47,0.404,26,32,12,37,49,34,8,4,10,0.5526,121.9739,126.6294
2025-26,SAS,2026-03-10,SAS vs. BOS,BOS,True,W,125,116,9,44,85,0.518,20,47,0.426,17,25,9,35,44,27,3,2,12,0.6353,125.9573,116.8884
2025-26,SAS,2026-03-08,SAS vs. HOU,HOU,True,W,145,120,25,51,88,0.58,21,40,0.525,22,27,6,26,32,38,4,6,8,0.6989,140.1237,115.9644
2025-26,SAS,2026-03-06,SAS vs. LAC,LAC,True,W,116,112,4,46,95,0.484,17,41,0.415,7,14,15,37,52,29,6,7,13,0.5737,117.7904,113.7287
2025-26,SAS,2026-03-05,SAS vs. DET,DET,True,W,121,106,15,42,84,0.5,13,37,0.351,24,30,8,38,46,24,5,11,9,0.5774,124.4856,109.0535
2025-26,SAS,2026-03-03,SAS @ PHI,PHI,False,W,131,91,40,49,89,0.551,18,45,0.4,15,18,6,50,56,36,10,10,17,0.6517,121.1393,84.1502
2025-26,SAS,2026-03-01,SAS @ NYK,NYK,False,L,89,114,-25,32,77,0.416,9,34,0.265,16,22,10,31,41,25,7,5,22,0.474,88.9822,113.9772
2025-26,SAS,2026-02-26,SAS @ BKN,BKN,False,W,126,110,16,43,87,0.494,17,42,0.405,23,27,10,29,39,36,13,5,9,0.592,129.6563,113.192
2025-26,SAS,2026-02-25,SAS @ TOR,TOR,False,W,110,107,3,40,86,0.465,17,39,0.436,13,23,6,34,40,28,11,5,13,0.564,106.7961,103.8835
2025-26,SAS,2026-02-23,SAS @ DET,DET,False,W,114,103,11,42,101,0.416,18,40,0.45,12,19,16,34,50,32,8,11,16,0.505,103.7684,93.7557
2025-26,SAS,2026-02-21,SAS vs. SAC,SAC,True,W,139,122,17,52,94,0.553,13,34,0.382,22,28,12,36,48,32,5,7,18,0.6223,125.61,110.2476
2025-26,SAS,2026-02-19,SAS vs. PHX,PHX,True,W,121,94,27,45,87,0.517,13,37,0.351,18,20,11,39,50,30,6,7,12,0.592,121.9512,94.739
2025-26,SAS,2026-02-11,SAS @ GSW,GSW,False,W,126,113,13,46,93,0.495,10,39,0.256,24,28,14,30,44,35,6,5,10,0.5484,124.8761,111.9921
2025-26,SAS,2026-02-10,SAS @ LAL,LAL,False,W,136,108,28,52,92,0.565,13,33,0.394,19,25,9,36,45,34,14,6,13,0.6359,127.2217,101.029
2025-26,SAS,2026-02-07,SAS vs. DAL,DAL,True,W,138,125,13,55,99,0.556,14,35,0.4,14,20,12,40,52,34,5,11,18,0.6263,123.0166,111.4281
2025-26,SAS,2026-02-05,SAS @ DAL,DAL,False,W,135,123,12,48,95,0.505,17,41,0.415,22,25,11,39,50,34,7,7,14,0.5947,124.5387,113.4686
2025-26,SAS,2026-02-04,SAS vs. OKC,OKC,True,W,116,106,10,45,101,0.446,14,42,0.333,12,20,18,45,63,26,11,8,14,0.5149,110.4972,100.9716
2025-26,SAS,2026-02-01,SAS vs. ORL,ORL,True,W,112,103,9,41,82,0.5,8,29,0.276,22,32,8,40,48,27,8,6,17,0.5488,105.8201,97.3167
2025-26,SAS,2026-01-31,SAS @ CHA,CHA,False,L,106,111,-5,38,80,0.475,13,34,0.382,17,19,6,30,36,26,7,6,11,0.5562,112.1456,117.4355
2025-26,SAS,2026-01-28,SAS @ HOU,HOU,False,W,111,99,12,44,82,0.537,6,26,0.231,17,24,8,38,46,28,5,8,15,0.5732,109.1016,97.3069
2025-26,SAS,2026-01-25,SAS vs. NOP,NOP,True,L,95,104,-9,32,81,0.395,12,44,0.273,19,32,10,36,46,22,2,5,12,0.4691,96.1733,105.2845
2025-26,SAS,2026-01-22,SAS @ UTA,UTA,False,W,126,109,17,44,87,0.506,18,43,0.419,20,24,7,34,41,30,8,11,11,0.6092,123.9669,107.2412
2025-26,SAS,2026-01-20,SAS @ HOU,HOU,False,L,106,111,-5,41,105,0.39,14,50,0.28,10,10,14,31,45,24,7,5,9,0.4571,103.3743,108.2504
2025-26,SAS,2026-01-19,SAS vs. UTA,UTA,True,W,123,110,13,44,79,0.557,16,38,0.421,19,25,3,35,38,32,9,12,14,0.6582,120.6592,107.9066
2025-26,SAS,2026-01-17,SAS vs. MIN,MIN,True,W,126,123,3,47,94,0.5,15,38,0.395,17,28,17,26,43,35,6,5,11,0.5798,124.9752,121.9996
2025-26,SAS,2026-01-15,SAS vs. MIL,MIL,True,W,119,101,18,40,79,0.506,16,37,0.432,23,27,8,42,50,28,7,2,17,0.6076,119.2624,101.2227
2025-26,SAS,2026-01-13,SAS @ OKC,OKC,False,L,98,119,-21,34,85,0.4,13,37,0.351,17,24,12,30,42,21,4,3,12,0.4765,100.8023,122.4028
2025-26,SAS,2026-01-11,SAS @ MIN,MIN,False,L,103,104,-1,34,88,0.386,13,38,0.342,22,25,10,39,49,19,6,1,14,0.4602,102.4876,103.4826
2025-26,SAS,2026-01-10,SAS @ BOS,BOS,False,W,100,95,5,38,95,0.4,10,44,0.227,14,20,12,41,53,22,5,4,8,0.4526,102.2704,97.1569
2025-26,SAS,2026-01-07,SAS vs. LAL,LAL,True,W,107,91,16,40,82,0.488,4,25,0.16,23,28,8,42,50,24,10,5,15,0.5122,104.902,89.2157
2025-26,SAS,2026-01-06,SAS @ MEM,MEM,False,L,105,106,-1,38,102,0.373,14,46,0.304,15,18,13,37,50,26,9,4,14,0.4412,94.7996,95.7024
2025-26,SAS,2026-01-03,SAS vs. POR,POR,True,L,110,115,-5,40,93,0.43,10,31,0.323,20,23,12,36,48,27,8,7,6,0.4839,112.2449,117.3469
2025-26,SAS,2026-01-02,SAS @ IND,IND,False,W,123,113,10,44,98,0.449,13,46,0.283,22,28,12,37,49,23,8,2,13,0.5153,113.4059,104.1859
2025-26,SAS,2025-12-31,SAS vs. NYK,NYK,True,W,134,132,2,44,89,0.494,14,38,0.368,32,40,11,37,48,25,7,3,11,0.573,126.7739,124.8817
2025-26,SAS,2025-12-29,SAS vs. CLE,CLE,True,L,101,113,-12,32,83,0.386,7,31,0.226,30,36,10,42,52,21,7,2,18,0.4277,93.6746,104.8043
2025-26,SAS,2025-12-27,SAS vs. UTA,UTA,True,L,114,127,-13,43,99,0.434,10,44,0.227,18,21,15,31,46,30,6,7,12,0.4848,109.2582,121.7175
2025-26,SAS,2025-12-25,SAS @ OKC,OKC,False,W,117,102,15,45,84,0.536,11,29,0.379,16,21,10,39,49,20,3,4,13,0.6012,121.0929,105.5682
2025-26,SAS,2025-12-23,SAS vs. OKC,OKC,True,W,130,110,20,48,84,0.571,16,36,0.444,18,24,10,24,34,34,10,3,9,0.6667,138.5632,117.2458
2025-26,SAS,2025-12-21,SAS @ WAS,WAS,False,W,124,113,11,43,104,0.413,13,41,0.317,25,32,20,41,61,26,3,5,10,0.476,117.7364,107.2921
2025-26,SAS,2025-12-19,SAS @ ATL,ATL,False,W,126,98,28,51,94,0.543,13,36,0.361,11,16,12,44,56,31,11,4,15,0.6117,118.8231,92.418
2025-26,SAS,2025-12-18,SAS vs. WAS,WAS,True,W,119,94,25,44,90,0.489,15,42,0.357,16,20,14,39,53,29,6,9,14,0.5722,119.0238,94.0188
2025-26,SAS,2025-12-13,SAS @ OKC,OKC,False,W,111,109,2,37,90,0.411,13,42,0.31,24,32,15,37,52,21,9,6,19,0.4833,104.2449,102.3666
2025-26,SAS,2025-12-10,SAS @ LAL,LAL,False,W,132,119,13,43,86,0.5,17,38,0.447,29,36,9,41,50,25,9,3,12,0.5988,127.5609,114.9981
2025-26,SAS,2025-12-08,SAS @ NOP,NOP,False,W,135,132,3,49,98,0.5,17,36,0.472,20,25,12,31,43,29,5,0,15,0.5867,124.7459,121.9738
2025-26,SAS,2025-12-05,SAS @ CLE,CLE,False,L,117,130,-13,42,93,0.452,15,43,0.349,18,26,11,27,38,28,9,3,14,0.5323,110.2733,122.5259
2025-26,SAS,2025-12-03,SAS @ ORL,ORL,False,W,114,112,2,42,91,0.462,13,38,0.342,17,24,13,39,52,20,5,5,19,0.533,106.086,104.2248
2025-26,SAS,2025-12-02,SAS vs. MEM,MEM,True,W,126,119,7,42,92,0.457,18,39,0.462,24,31,11,29,40,28,7,7,7,0.5543,121.0375,114.3132
2025-26,SAS,2025-11-30,SAS @ MIN,MIN,False,L,112,125,-13,44,84,0.524,8,33,0.242,16,19,7,26,33,17,10,1,10,0.5714,117.2284,130.8353
2025-26,SAS,2025-11-28,SAS @ DEN,DEN,False,W,139,136,3,46,94,0.489,17,42,0.405,30,32,12,23,35,30,10,5,9,0.5798,130.9591,128.1327
2025-26,SAS,2025-11-26,SAS @ POR,POR,False,W,115,102,13,41,101,0.406,11,33,0.333,22,25,20,37,57,17,12,6,9,0.4604,111.0039,98.4556
2025-26,SAS,2025-11-23,SAS @ PHX,PHX,False,L,102,111,-9,32,77,0.416,10,34,0.294,28,34,14,36,50,17,4,4,19,0.4805,104.0816,113.2653
2025-26,SAS,2025-11-20,SAS vs. ATL,ATL,True,W,135,126,9,48,91,0.527,17,40,0.425,22,30,10,33,43,34,10,4,11,0.6209,129.8576,121.2005
2025-26,SAS,2025-11-18,SAS vs. MEM,MEM,True,W,111,101,10,42,87,0.483,16,42,0.381,11,13,4,34,38,23,10,3,9,0.5747,111.7375,101.671
2025-26,SAS,2025-11-16,SAS vs. SAC,SAC,True,W,123,110,13,47,87,0.54,14,38,0.368,15,18,9,37,46,38,7,4,15,0.6207,120.2346,107.5269
2025-26,SAS,2025-11-14,SAS vs. GSW,GSW,True,L,108,109,-1,39,85,0.459,14,38,0.368,16,19,11,36,47,28,8,6,21,0.5412,107.3132,108.3068
2025-26,SAS,2025-11-12,SAS vs. GSW,GSW,True,L,120,125,-5,46,94,0.489,14,39,0.359,14,16,13,36,49,30,5,3,20,0.5638,110.6603,115.2711
2025-26,SAS,2025-11-10,SAS @ CHI,CHI,False,W,121,117,4,44,86,0.512,10,33,0.303,23,27,9,38,47,30,10,7,15,0.5698,115.7895,111.9617
2025-26,SAS,2025-11-08,SAS vs. NOP,NOP,True,W,126,119,7,48,90,0.533,14,40,0.35,16,18,10,33,43,31,6,6,12,0.6111,124.5059,117.5889
2025-26,SAS,2025-11-07,SAS vs. HOU,HOU,True,W,121,110,11,40,87,0.46,18,45,0.4,23,25,15,25,40,30,15,4,21,0.5632,117.9107,107.1916
2025-26,SAS,2025-11-05,SAS @ LAL,LAL,False,L,116,118,-2,36,74,0.486,13,33,0.394,31,40,8,29,37,22,7,1,19,0.5743,112.099,114.0317
2025-26,SAS,2025-11-02,SAS @ PHX,PHX,False,L,118,130,-12,45,98,0.459,10,41,0.244,18,23,16,25,41,21,11,5,14,0.5102,112.4881,123.9276
2025-26,SAS,2025-10-30,SAS vs. MIA,MIA,True,W,107,101,6,38,86,0.442,14,41,0.341,17,23,9,39,48,26,10,8,11,0.5233,105.9616,100.0198
2025-26,SAS,2025-10-27,SAS vs. TOR,TOR,True,W,121,103,18,39,67,0.582,13,27,0.481,30,36,7,37,44,29,11,3,21,0.6791,121.0242,103.0206
2025-26,SAS,2025-10-26,SAS vs. BKN,BKN,True,W,118,107,11,39,78,0.5,12,27,0.444,28,36,11,34,45,20,7,6,15,0.5769,120.1629,108.9613
2025-26,SAS,2025-10-24,SAS @ NOP,NOP,False,W,120,116,4,45,98,0.459,13,43,0.302,17,26,20,39,59,25,6,13,19,0.5255,110.4972,106.814
2025-26,SAS,2025-10-22,SAS @ DAL,DAL,False,W,125,92,33,50,87,0.575,8,20,0.4,17,28,11,39,50,24,10,5,15,0.6207,122.0942,89.8613
2025-26,TOR,2026-04-12,TOR vs. BKN,BKN,True,W,136,101,35,51,80,0.638,12,27,0.444,22,29,3,40,43,36,9,8,10,0.7125,134.9742,100.2382
2025-26,TOR,2026-04-10,TOR @ NYK,NYK,False,L,95,112,-17,36,73,0.493,10,25,0.4,13,20,7,25,32,24,7,0,18,0.5616,101.7784,119.9914
2025-26,TOR,2026-04-09,TOR vs. MIA,MIA,True,W,128,114,14,44,86,0.512,13,30,0.433,27,34,10,30,40,24,9,2,6,0.5872,131.8772,117.4531
2025-26,TOR,2026-04-07,TOR vs. MIA,MIA,True,W,121,95,26,49,99,0.495,12,28,0.429,11,16,15,41,56,34,9,5,12,0.5556,116.6827,91.6104
2025-26,TOR,2026-04-05,TOR @ BOS,BOS,False,L,101,115,-14,40,84,0.476,8,20,0.4,13,18,6,25,31,31,6,4,15,0.5238,100.0198,113.8839
2025-26,TOR,2026-04-03,TOR @ MEM,MEM,False,W,128,96,32,44,84,0.524,9,24,0.375,31,41,17,34,51,31,10,6,16,0.5774,125.1956,93.8967
2025-26,TOR,2026-04-01,TOR vs. SAC,SAC,True,L,115,123,-8,42,77,0.545,9,23,0.391,22,32,5,27,32,33,9,5,11,0.6039,116.8462,124.9746
2025-26,TOR,2026-03-31,TOR @ DET,DET,False,L,116,127,-11,43,89,0.483,10,29,0.345,20,31,14,21,35,33,13,3,14,0.5393,114.3759,125.2218
2025-26,TOR,2026-03-29,TOR vs. ORL,ORL,True,W,139,87,52,54,94,0.574,13,29,0.448,18,22,7,37,44,41,20,3,11,0.6436,128.087,80.1696
2025-26,TOR,2026-03-27,TOR vs. NOP,NOP,True,W,119,106,13,48,93,0.516,10,28,0.357,13,18,13,33,46,36,8,8,14,0.5699,116.1429,103.455
2025-26,TOR,2026-03-25,TOR @ LAC,LAC,False,L,94,119,-25,40,96,0.417,10,29,0.345,4,11,15,31,46,28,8,4,11,0.4688,98.7395,125.0
2025-26,TOR,2026-03-23,TOR @ UTA,UTA,False,W,143,127,16,54,88,0.614,20,37,0.541,15,28,6,29,35,49,12,10,17,0.7273,128.6897,114.2909
2025-26,TOR,2026-03-22,TOR @ PHX,PHX,False,L,98,120,-22,37,75,0.493,9,28,0.321,15,22,7,23,30,28,9,9,20,0.5533,99.9592,122.399
2025-26,TOR,2026-03-20,TOR @ DEN,DEN,False,L,115,121,-6,44,86,0.512,10,31,0.323,17,23,11,29,40,32,8,4,10,0.5698,122.2624,128.6413
2025-26,TOR,2026-03-18,TOR @ CHI,CHI,False,W,139,109,30,48,84,0.571,14,33,0.424,29,33,6,37,43,33,6,3,18,0.6548,127.6166,100.0734
2025-26,TOR,2026-03-15,TOR vs. DET,DET,True,W,119,108,11,44,91,0.484,8,28,0.286,23,30,20,28,48,25,9,5,13,0.5275,123.4696,112.0564
2025-26,TOR,2026-03-13,TOR vs. PHX,PHX,True,W,122,115,7,46,86,0.535,14,27,0.519,16,20,8,36,44,25,6,3,12,0.6163,123.2323,116.1616
2025-26,TOR,2026-03-11,TOR @ NOP,NOP,False,L,111,122,-11,39,94,0.415,14,44,0.318,19,25,14,29,43,20,13,5,11,0.4894,107.4748,118.1255
2025-26,TOR,2026-03-10,TOR @ HOU,HOU,False,L,99,113,-14,34,78,0.436,9,36,0.25,22,28,7,23,30,21,10,4,13,0.4936,102.4845,116.9772
2025-26,TOR,2026-03-08,TOR vs. DAL,DAL,True,W,122,92,30,48,95,0.505,10,36,0.278,16,22,8,34,42,39,11,4,8,0.5579,117.6017,88.6832
2025-26,TOR,2026-03-05,TOR @ MIN,MIN,False,L,107,115,-8,41,83,0.494,9,21,0.429,16,24,11,29,40,22,6,5,14,0.5482,109.924,118.1426
2025-26,TOR,2026-03-03,TOR vs. NYK,NYK,True,L,95,111,-16,35,77,0.455,8,28,0.286,17,19,5,23,28,24,8,3,15,0.5065,98.1202,114.6457
2025-26,TOR,2026-02-28,TOR @ WAS,WAS,False,W,134,125,9,51,85,0.6,9,22,0.409,23,27,8,27,35,31,7,3,10,0.6529,135.2716,126.1861
2025-26,TOR,2026-02-25,TOR vs. SAS,SAS,True,L,107,110,-3,38,90,0.422,8,23,0.348,23,27,12,38,50,17,6,4,13,0.4667,103.8835,106.7961
2025-26,TOR,2026-02-24,TOR vs. OKC,OKC,True,L,107,116,-9,41,88,0.466,18,38,0.474,7,12,7,27,34,30,10,8,16,0.5682,102.1187,110.7082
2025-26,TOR,2026-02-22,TOR @ MIL,MIL,False,W,122,94,28,44,94,0.468,16,46,0.348,18,23,14,31,45,34,11,3,8,0.5532,123.5568,95.1995
2025-26,TOR,2026-02-19,TOR @ CHI,CHI,False,W,110,101,9,38,90,0.422,7,23,0.304,27,31,11,35,46,23,14,3,14,0.4611,102.8614,94.4455
2025-26,TOR,2026-02-11,TOR vs. DET,DET,True,L,95,113,-18,32,75,0.427,10,32,0.313,21,23,11,24,35,22,7,6,17,0.4933,99.9369,118.8723
2025-26,TOR,2026-02-08,TOR vs. IND,IND,True,W,122,104,18,45,95,0.474,11,30,0.367,21,30,17,37,54,29,12,8,13,0.5316,115.4428,98.4103
2025-26,TOR,2026-02-05,TOR vs. CHI,CHI,True,W,123,107,16,49,87,0.563,14,34,0.412,11,13,8,27,35,35,10,7,12,0.6437,125.9988,109.6087
2025-26,TOR,2026-02-04,TOR vs. MIN,MIN,True,L,126,128,-2,47,89,0.528,15,31,0.484,17,24,9,32,41,31,6,7,13,0.6124,120.8285,122.7465
2025-26,TOR,2026-02-01,TOR vs. UTA,UTA,True,W,107,100,7,35,84,0.417,12,35,0.343,25,30,13,29,42,22,11,8,19,0.4881,99.9253,93.3881
2025-26,TOR,2026-01-30,TOR @ ORL,ORL,False,L,120,130,-10,44,84,0.524,7,28,0.25,25,32,7,31,38,33,8,6,14,0.5655,115.1853,124.784
2025-26,TOR,2026-01-28,TOR vs. NYK,NYK,True,L,92,119,-27,30,79,0.38,7,26,0.269,25,29,12,31,43,20,9,8,20,0.4241,90.7835,117.4265
2025-26,TOR,2026-01-25,TOR @ OKC,OKC,False,W,103,101,2,37,86,0.43,12,34,0.353,17,26,12,39,51,28,10,6,11,0.5,107.8082,105.7149
2025-26,TOR,2026-01-23,TOR @ POR,POR,False,W,110,98,12,45,85,0.529,9,29,0.31,11,17,10,36,46,28,7,9,16,0.5824,108.9756,97.0874
2025-26,TOR,2026-01-21,TOR @ SAC,SAC,False,W,122,109,13,43,94,0.457,13,33,0.394,23,25,15,32,47,30,11,3,11,0.5266,120.3868,107.5587
2025-26,TOR,2026-01-20,TOR @ GSW,GSW,False,W,145,127,18,51,86,0.593,21,34,0.618,22,22,9,28,37,42,7,3,17,0.7151,137.3626,120.3107
2025-26,TOR,2026-01-18,TOR @ LAL,LAL,False,L,93,110,-17,38,91,0.418,7,32,0.219,10,15,10,33,43,30,7,5,10,0.456,94.8592,112.1991
2025-26,TOR,2026-01-16,TOR vs. LAC,LAC,True,L,117,121,-4,42,87,0.483,11,33,0.333,22,26,12,24,36,30,4,5,18,0.546,113.2404,117.1119
2025-26,TOR,2026-01-14,TOR @ IND,IND,False,W,115,101,14,44,89,0.494,10,28,0.357,17,26,11,38,49,30,4,5,12,0.5506,116.1147,101.979
2025-26,TOR,2026-01-12,TOR vs. PHI,PHI,True,L,102,115,-13,37,92,0.402,6,37,0.162,22,25,15,23,38,29,7,2,9,0.4348,106.1836,119.7168
2025-26,TOR,2026-01-11,TOR vs. PHI,PHI,True,W,116,115,1,41,103,0.398,5,32,0.156,29,39,18,30,48,29,14,6,15,0.4223,100.5199,99.6534
2025-26,TOR,2026-01-09,TOR @ BOS,BOS,False,L,117,125,-8,45,92,0.489,18,47,0.383,9,10,9,22,31,39,7,6,7,0.587,122.6672,131.0547
2025-26,TOR,2026-01-07,TOR @ CHA,CHA,False,W,97,96,1,38,92,0.413,7,34,0.206,14,19,15,27,42,18,6,4,6,0.4511,104.8422,103.7613
2025-26,TOR,2026-01-05,TOR vs. ATL,ATL,True,W,118,100,18,47,90,0.522,12,37,0.324,12,19,7,39,46,34,10,5,15,0.5889,111.5312,94.518
2025-26,TOR,2026-01-03,TOR vs. ATL,ATL,True,W,134,117,17,49,92,0.533,12,31,0.387,24,26,10,38,48,28,10,8,14,0.5978,124.1891,108.4337
2025-26,TOR,2025-12-31,TOR vs. DEN,DEN,True,L,103,106,-3,37,100,0.37,12,45,0.267,17,21,17,33,50,27,6,4,8,0.43,104.4625,107.5051
2025-26,TOR,2025-12-29,TOR vs. ORL,ORL,True,W,107,106,1,39,99,0.394,8,34,0.235,21,29,21,37,58,22,6,7,6,0.4343,111.088,110.0498
2025-26,TOR,2025-12-28,TOR vs. GSW,GSW,True,W,141,127,14,56,110,0.509,13,42,0.31,16,18,18,37,55,40,10,2,15,0.5682,122.4809,110.3197
2025-26,TOR,2025-12-26,TOR @ WAS,WAS,False,L,117,138,-21,40,91,0.44,12,36,0.333,25,27,8,25,33,26,10,5,11,0.5055,109.9624,129.6992
2025-26,TOR,2025-12-23,TOR @ MIA,MIA,False,W,112,91,21,41,86,0.477,14,38,0.368,16,18,15,35,50,29,12,5,17,0.5581,115.037,93.4675
2025-26,TOR,2025-12-21,TOR @ BKN,BKN,False,L,81,96,-15,32,86,0.372,10,36,0.278,7,8,9,30,39,23,6,5,15,0.4302,83.695,99.194
2025-26,TOR,2025-12-20,TOR vs. BOS,BOS,True,L,96,112,-16,36,87,0.414,16,47,0.34,8,11,9,28,37,30,2,7,12,0.5057,100.8192,117.6223
2025-26,TOR,2025-12-18,TOR @ MIL,MIL,False,W,111,105,6,42,84,0.5,13,35,0.371,14,21,12,33,45,31,9,2,17,0.5774,113.1037,106.99
2025-26,TOR,2025-12-15,TOR @ MIA,MIA,False,W,106,96,10,42,88,0.477,16,40,0.4,6,9,11,34,45,33,9,7,21,0.5682,104.3924,94.544
2025-26,TOR,2025-12-09,TOR vs. NYK,NYK,True,L,101,117,-16,39,90,0.433,11,38,0.289,12,18,12,25,37,28,9,4,14,0.4944,105.077,121.7228
2025-26,TOR,2025-12-07,TOR vs. BOS,BOS,True,L,113,121,-8,43,88,0.489,9,22,0.409,18,21,11,31,42,22,5,3,13,0.5398,116.2551,124.4856
2025-26,TOR,2025-12-05,TOR vs. CHA,CHA,True,L,86,111,-25,34,92,0.37,9,29,0.31,9,13,12,29,41,19,12,4,20,0.4185,81.0403,104.5986
2025-26,TOR,2025-12-04,TOR vs. LAL,LAL,True,L,120,123,-3,44,89,0.494,15,37,0.405,17,21,14,27,41,39,9,8,15,0.5787,122.6492,125.7155
2025-26,TOR,2025-12-02,TOR vs. POR,POR,True,W,121,118,3,48,90,0.533,11,30,0.367,14,21,10,33,43,33,10,3,18,0.5944,115.0628,112.21
2025-26,TOR,2025-11-30,TOR @ NYK,NYK,False,L,94,116,-22,37,88,0.42,11,37,0.297,9,17,14,26,40,27,9,6,18,0.483,96.1538,118.6579
2025-26,TOR,2025-11-29,TOR @ CHA,CHA,False,L,111,118,-7,44,99,0.444,9,29,0.31,14,17,17,35,52,34,6,3,16,0.4899,106.6078,113.3308
2025-26,TOR,2025-11-26,TOR vs. IND,IND,True,W,97,95,2,35,90,0.389,5,26,0.192,22,27,12,36,48,18,9,4,13,0.4167,94.1748,92.233
2025-26,TOR,2025-11-24,TOR vs. CLE,CLE,True,W,110,99,11,44,90,0.489,10,36,0.278,12,18,10,41,51,28,8,1,16,0.5444,107.5059,96.7553
2025-26,TOR,2025-11-23,TOR vs. BKN,BKN,True,W,119,109,10,39,84,0.464,15,30,0.5,26,29,6,26,32,30,12,4,9,0.5536,120.5674,110.4357
2025-26,TOR,2025-11-21,TOR vs. WAS,WAS,True,W,140,110,30,48,83,0.578,14,28,0.5,30,39,13,35,48,36,13,4,15,0.6627,133.5113,104.9018
2025-26,TOR,2025-11-19,TOR @ PHI,PHI,False,W,121,112,9,45,84,0.536,11,29,0.379,20,24,8,23,31,33,12,2,15,0.6012,120.1112,111.1773
2025-26,TOR,2025-11-17,TOR vs. CHA,CHA,True,W,110,108,2,44,88,0.5,10,25,0.4,12,16,8,35,43,25,8,7,17,0.5568,106.6718,104.7324
2025-26,TOR,2025-11-15,TOR @ IND,IND,False,W,129,111,18,48,87,0.552,7,30,0.233,26,42,8,38,46,29,13,3,14,0.592,117.6149,101.2035
2025-26,TOR,2025-11-13,TOR @ CLE,CLE,False,W,126,113,13,49,88,0.557,12,31,0.387,16,17,11,32,43,37,6,7,14,0.625,126.6841,113.6135
2025-26,TOR,2025-11-11,TOR @ BKN,BKN,False,W,119,109,10,45,91,0.495,9,35,0.257,20,25,13,37,50,31,5,4,9,0.544,119.5499,109.5037
2025-26,TOR,2025-11-08,TOR @ PHI,PHI,False,L,120,130,-10,41,90,0.456,16,38,0.421,22,28,10,28,38,29,7,5,11,0.5444,113.9385,123.4333
2025-26,TOR,2025-11-07,TOR @ ATL,ATL,False,W,109,97,12,37,91,0.407,12,38,0.316,23,25,13,35,48,23,11,6,13,0.4725,104.7473,93.2155
2025-26,TOR,2025-11-04,TOR vs. MIL,MIL,True,W,128,100,28,44,91,0.484,17,38,0.447,23,29,10,40,50,33,8,6,10,0.5769,124.878,97.561
2025-26,TOR,2025-11-02,TOR vs. MEM,MEM,True,W,117,104,13,45,89,0.506,11,37,0.297,16,20,15,34,49,32,5,7,16,0.5674,119.0234,105.7986
2025-26,TOR,2025-10-31,TOR @ CLE,CLE,False,W,112,101,11,40,82,0.488,13,30,0.433,19,24,10,38,48,27,9,4,18,0.5671,112.1795,101.1619
2025-26,TOR,2025-10-29,TOR vs. HOU,HOU,True,L,121,139,-18,43,85,0.506,21,40,0.525,14,19,4,18,22,29,6,2,10,0.6294,120.2066,138.0886
2025-26,TOR,2025-10-27,TOR @ SAS,SAS,False,L,103,121,-18,37,79,0.468,12,32,0.375,17,23,1,19,20,29,9,4,15,0.5443,103.0206,121.0242
2025-26,TOR,2025-10-26,TOR @ DAL,DAL,False,L,129,139,-10,49,100,0.49,13,33,0.394,18,24,14,29,43,33,10,1,16,0.555,115.8405,124.8204
2025-26,TOR,2025-10-24,TOR vs. MIL,MIL,True,L,116,122,-6,42,85,0.494,11,27,0.407,21,32,10,31,41,25,10,4,16,0.5588,109.9109,115.596
2025-26,TOR,2025-10-22,TOR @ ATL,ATL,False,W,138,118,20,54,95,0.568,6,25,0.24,24,29,12,42,54,36,10,4,19,0.6,120.503,103.0388
2025-26,UTA,2026-04-12,UTA @ LAL,LAL,False,L,107,131,-24,41,94,0.436,7,34,0.206,18,27,17,25,42,25,13,4,16,0.4734,101.2491,123.9591
2025-26,UTA,2026-04-10,UTA vs. MEM,MEM,True,W,147,101,46,62,110,0.564,15,35,0.429,8,17,12,52,64,43,16,5,16,0.6318,120.769,82.9773
2025-26,UTA,2026-04-07,UTA @ NOP,NOP,False,L,137,156,-19,53,104,0.51,10,32,0.313,21,24,10,31,41,38,12,1,16,0.5577,112.4425,128.0368
2025-26,UTA,2026-04-05,UTA @ OKC,OKC,False,L,111,146,-35,43,100,0.43,14,39,0.359,11,15,14,29,43,29,11,3,16,0.5,102.9494,135.4109
2025-26,UTA,2026-04-03,UTA @ HOU,HOU,False,L,106,140,-34,43,96,0.448,5,27,0.185,15,22,17,28,45,22,7,4,13,0.474,101.9819,134.6931
2025-26,UTA,2026-04-01,UTA vs. DEN,DEN,True,L,117,130,-13,44,95,0.463,12,37,0.324,17,25,12,32,44,32,7,4,12,0.5263,110.0451,122.2724
2025-26,UTA,2026-03-30,UTA vs. CLE,CLE,True,L,113,122,-9,42,88,0.477,15,29,0.517,14,20,11,29,40,32,9,3,15,0.5625,110.9584,119.7958
2025-26,UTA,2026-03-28,UTA @ PHX,PHX,False,L,109,134,-25,43,92,0.467,10,23,0.435,13,19,11,31,42,30,8,4,14,0.5217,104.5062,128.4756
2025-26,UTA,2026-03-27,UTA @ DEN,DEN,False,L,129,135,-6,53,95,0.558,9,33,0.273,14,19,9,34,43,34,10,4,10,0.6053,120.8771,126.4993
2025-26,UTA,2026-03-25,UTA vs. WAS,WAS,True,L,110,133,-23,45,96,0.469,7,29,0.241,13,25,11,29,40,34,11,8,15,0.5052,99.2959,120.0578
2025-26,UTA,2026-03-23,UTA vs. TOR,TOR,True,L,127,143,-16,39,83,0.47,13,36,0.361,36,43,9,30,39,25,9,6,18,0.5482,114.2909,128.6897
2025-26,UTA,2026-03-21,UTA vs. PHI,PHI,True,L,116,126,-10,39,96,0.406,9,40,0.225,29,31,11,28,39,29,8,8,8,0.4531,109.0636,118.4656
2025-26,UTA,2026-03-19,UTA vs. MIL,MIL,True,W,128,96,32,48,89,0.539,18,48,0.375,14,20,12,35,47,34,10,2,17,0.6404,126.1581,94.6186
2025-26,UTA,2026-03-18,UTA @ MIN,MIN,False,L,111,147,-36,40,93,0.43,13,39,0.333,18,26,17,29,46,26,10,5,24,0.5,98.3868,130.296
2025-26,UTA,2026-03-15,UTA @ SAC,SAC,False,L,111,116,-5,41,86,0.477,12,36,0.333,17,25,10,30,40,22,12,5,15,0.5465,108.1239,112.9944
2025-26,UTA,2026-03-13,UTA @ POR,POR,False,L,114,124,-10,42,92,0.457,13,30,0.433,17,22,10,26,36,28,16,3,18,0.5272,105.6926,114.9638
2025-26,UTA,2026-03-11,UTA vs. NYK,NYK,True,L,117,134,-17,42,87,0.483,18,36,0.5,15,19,14,24,38,30,7,4,15,0.5862,119.9754,137.4077
2025-26,UTA,2026-03-09,UTA vs. GSW,GSW,True,W,119,116,3,40,83,0.482,12,34,0.353,27,29,13,37,50,29,8,4,17,0.5542,119.598,116.5829
2025-26,UTA,2026-03-07,UTA @ MIL,MIL,False,L,99,113,-14,31,90,0.344,12,49,0.245,25,29,13,40,53,23,7,3,12,0.4111,97.4985,111.2862
2025-26,UTA,2026-03-05,UTA @ WAS,WAS,False,W,122,112,10,47,92,0.511,15,35,0.429,13,18,17,28,45,31,12,4,12,0.5924,128.4211,117.8947
2025-26,UTA,2026-03-04,UTA @ PHI,PHI,False,L,102,106,-4,36,88,0.409,12,39,0.308,18,19,13,29,42,22,7,6,15,0.4773,102.719,106.7472
2025-26,UTA,2026-03-02,UTA vs. DEN,DEN,True,L,125,128,-3,44,86,0.512,15,39,0.385,22,26,8,25,33,24,11,3,9,0.5988,128.3104,131.3899
2025-26,UTA,2026-02-28,UTA vs. NOP,NOP,True,L,105,115,-10,33,96,0.344,12,43,0.279,27,33,13,27,40,24,10,5,7,0.4062,100.344,109.9006
2025-26,UTA,2026-02-26,UTA vs. NOP,NOP,True,L,118,129,-11,45,90,0.5,12,37,0.324,16,25,15,22,37,28,14,6,18,0.5667,112.9835,123.5159
2025-26,UTA,2026-02-23,UTA @ HOU,HOU,False,L,105,125,-20,36,98,0.367,8,44,0.182,25,30,13,23,36,23,17,3,12,0.4082,96.3126,114.6579
2025-26,UTA,2026-02-20,UTA @ MEM,MEM,False,L,114,123,-9,46,93,0.495,13,34,0.382,9,16,12,37,49,28,11,6,24,0.5645,101.5319,109.5476
2025-26,UTA,2026-02-12,UTA vs. POR,POR,True,L,119,135,-16,42,87,0.483,14,38,0.368,21,29,12,26,38,28,15,3,19,0.5632,111.5904,126.5941
2025-26,UTA,2026-02-11,UTA vs. SAC,SAC,True,W,121,93,28,47,86,0.547,15,37,0.405,12,13,9,43,52,34,9,3,18,0.6337,120.1112,92.3169
2025-26,UTA,2026-02-09,UTA @ MIA,MIA,False,W,115,111,4,39,92,0.424,10,36,0.278,27,31,15,43,58,29,8,2,12,0.4783,112.1951,108.2927
2025-26,UTA,2026-02-07,UTA @ ORL,ORL,False,L,117,120,-3,44,92,0.478,10,31,0.323,19,23,12,42,54,30,11,4,24,0.5326,102.6136,105.2447
2025-26,UTA,2026-02-05,UTA @ ATL,ATL,False,L,119,121,-2,47,101,0.465,12,30,0.4,13,20,18,31,49,19,7,4,11,0.5248,117.8685,119.8494
2025-26,UTA,2026-02-03,UTA @ IND,IND,False,W,131,122,9,50,88,0.568,13,29,0.448,18,26,6,32,38,38,13,4,10,0.642,126.3747,117.6925
2025-26,UTA,2026-02-01,UTA @ TOR,TOR,False,L,100,107,-7,32,90,0.356,8,36,0.222,28,34,18,38,56,20,10,6,24,0.4,93.3881,99.9253
2025-26,UTA,2026-01-30,UTA vs. BKN,BKN,True,L,99,109,-10,39,78,0.5,10,29,0.345,11,19,6,27,33,26,6,4,11,0.5641,106.0639,116.7774
2025-26,UTA,2026-01-28,UTA vs. GSW,GSW,True,L,124,140,-16,44,90,0.489,15,38,0.395,21,24,10,27,37,38,16,3,19,0.5722,114.4123,129.1751
2025-26,UTA,2026-01-27,UTA vs. LAC,LAC,True,L,103,115,-12,37,82,0.451,12,33,0.364,17,21,10,30,40,28,6,3,17,0.5244,105.9235,118.2641
2025-26,UTA,2026-01-24,UTA vs. MIA,MIA,True,L,116,147,-31,44,92,0.478,7,25,0.28,21,28,7,27,34,36,9,10,14,0.5163,102.7458,130.2037
2025-26,UTA,2026-01-22,UTA vs. SAS,SAS,True,L,109,126,-17,43,90,0.478,12,30,0.4,11,13,11,33,44,31,5,3,17,0.5444,107.2412,123.9669
2025-26,UTA,2026-01-20,UTA vs. MIN,MIN,True,W,127,122,5,48,87,0.552,12,29,0.414,19,26,8,37,45,31,8,4,17,0.6207,117.964,113.3197
2025-26,UTA,2026-01-19,UTA @ SAS,SAS,False,L,110,123,-13,37,92,0.402,13,37,0.351,23,27,15,27,42,31,10,1,14,0.4728,107.9066,120.6592
2025-26,UTA,2026-01-17,UTA @ DAL,DAL,False,L,120,138,-18,48,89,0.539,10,31,0.323,14,20,11,30,41,30,5,3,15,0.5955,116.144,133.5656
2025-26,UTA,2026-01-15,UTA @ DAL,DAL,False,L,122,144,-22,47,96,0.49,10,36,0.278,18,23,12,27,39,33,9,4,17,0.5417,110.6676,130.6241
2025-26,UTA,2026-01-14,UTA @ CHI,CHI,False,L,126,128,-2,47,86,0.547,8,28,0.286,24,27,8,28,36,30,9,2,13,0.593,123.4568,125.4164
2025-26,UTA,2026-01-12,UTA @ CLE,CLE,False,W,123,112,11,40,83,0.482,18,41,0.439,25,28,8,42,50,32,7,4,19,0.5904,116.0158,105.6404
2025-26,UTA,2026-01-10,UTA vs. CHA,CHA,True,L,95,150,-55,36,88,0.409,7,31,0.226,16,21,11,20,31,22,6,2,15,0.4489,92.5745,146.1703
2025-26,UTA,2026-01-08,UTA vs. DAL,DAL,True,W,116,114,2,47,95,0.495,13,41,0.317,9,14,10,32,42,32,11,3,9,0.5632,114.3533,112.3817
2025-26,UTA,2026-01-07,UTA @ OKC,OKC,False,L,125,129,-4,49,111,0.441,11,41,0.268,16,21,19,46,65,33,8,5,20,0.491,104.2883,107.6256
2025-26,UTA,2026-01-05,UTA @ POR,POR,False,L,117,137,-20,45,92,0.489,13,31,0.419,14,17,14,28,42,32,11,2,15,0.5598,115.4301,135.1618
2025-26,UTA,2026-01-03,UTA @ GSW,GSW,False,L,114,123,-9,45,86,0.523,13,35,0.371,11,17,10,27,37,32,7,2,15,0.5988,115.1283,124.2173
2025-26,UTA,2026-01-01,UTA @ LAC,LAC,False,L,101,118,-17,36,78,0.462,6,27,0.222,23,30,7,28,35,20,7,5,18,0.5,101.1821,118.2128
2025-26,UTA,2025-12-30,UTA vs. BOS,BOS,True,L,119,129,-10,41,87,0.471,16,42,0.381,21,25,9,31,40,31,4,3,13,0.5632,117.1721,127.0185
2025-26,UTA,2025-12-27,UTA @ SAS,SAS,False,W,127,114,13,45,83,0.542,17,37,0.459,20,26,7,30,37,34,9,4,16,0.6446,121.7175,109.2582
2025-26,UTA,2025-12-26,UTA vs. DET,DET,True,W,131,129,2,44,90,0.489,18,38,0.474,25,26,13,29,42,35,12,8,18,0.5889,121.5439,119.6883
2025-26,UTA,2025-12-23,UTA vs. MEM,MEM,True,L,128,137,-9,40,90,0.444,16,45,0.356,32,36,12,28,40,29,9,2,13,0.5333,119.2917,127.6794
2025-26,UTA,2025-12-22,UTA @ DEN,DEN,False,L,112,135,-23,41,96,0.427,14,41,0.341,16,19,11,38,49,30,5,1,14,0.5,105.4813,127.1426
2025-26,UTA,2025-12-20,UTA vs. ORL,ORL,True,L,127,128,-1,44,105,0.419,15,43,0.349,24,30,18,34,52,34,7,2,12,0.4905,114.5589,115.4609
2025-26,UTA,2025-12-18,UTA vs. LAL,LAL,True,L,135,143,-8,43,83,0.518,18,37,0.486,31,47,9,30,39,31,4,1,13,0.6265,127.4547,135.0076
2025-26,UTA,2025-12-15,UTA vs. DAL,DAL,True,W,140,133,7,50,97,0.515,13,36,0.361,27,33,8,39,47,33,8,4,13,0.5825,119.8835,113.8894
2025-26,UTA,2025-12-12,UTA @ MEM,MEM,False,W,130,126,4,48,104,0.462,17,47,0.362,17,25,14,44,58,33,6,4,13,0.5433,116.4666,112.883
2025-26,UTA,2025-12-07,UTA vs. OKC,OKC,True,L,101,131,-30,40,85,0.471,12,36,0.333,9,12,6,31,37,25,6,3,17,0.5412,99.4094,128.937
2025-26,UTA,2025-12-05,UTA @ NYK,NYK,False,L,112,146,-34,35,87,0.402,15,42,0.357,27,35,10,27,37,23,8,1,12,0.4885,106.748,139.1536
2025-26,UTA,2025-12-04,UTA @ BKN,BKN,False,W,123,110,13,42,83,0.506,14,25,0.56,25,27,9,30,39,31,7,1,13,0.5904,122.0238,109.127
2025-26,UTA,2025-12-01,UTA vs. HOU,HOU,True,W,133,125,8,45,90,0.5,14,35,0.4,29,38,14,36,50,33,8,4,13,0.5778,124.4386,116.9536
2025-26,UTA,2025-11-30,UTA vs. HOU,HOU,True,L,101,129,-28,39,88,0.443,9,32,0.281,14,15,9,24,33,32,8,4,17,0.4943,98.4789,125.78
2025-26,UTA,2025-11-28,UTA vs. SAC,SAC,True,W,128,119,9,42,87,0.483,13,40,0.325,31,40,13,36,49,32,7,5,13,0.5575,120.9373,112.4339
2025-26,UTA,2025-11-24,UTA @ GSW,GSW,False,L,117,134,-17,47,99,0.475,11,36,0.306,12,18,14,33,47,32,7,6,14,0.5303,109.9417,125.9162
2025-26,UTA,2025-11-23,UTA vs. LAL,LAL,True,L,106,108,-2,40,94,0.426,13,40,0.325,13,18,10,35,45,27,7,2,14,0.4947,99.6241,101.5038
2025-26,UTA,2025-11-21,UTA vs. OKC,OKC,True,L,112,144,-32,38,79,0.481,16,38,0.421,20,24,12,27,39,30,10,3,28,0.5823,106.383,136.7781
2025-26,UTA,2025-11-18,UTA @ LAL,LAL,False,L,126,140,-14,48,92,0.522,13,45,0.289,17,18,8,25,33,33,13,2,18,0.5924,115.8514,128.7238
2025-26,UTA,2025-11-16,UTA vs. CHI,CHI,True,W,150,147,3,49,111,0.441,18,49,0.367,34,41,12,41,53,29,13,6,9,0.5225,118.5209,116.1504
2025-26,UTA,2025-11-13,UTA vs. ATL,ATL,True,L,122,132,-10,45,92,0.489,19,44,0.432,13,21,14,35,49,39,9,5,24,0.5924,110.9494,120.0437
2025-26,UTA,2025-11-11,UTA vs. IND,IND,True,W,152,128,24,51,92,0.554,19,42,0.452,31,35,13,32,45,38,3,3,15,0.6576,141.9499,119.5368
2025-26,UTA,2025-11-10,UTA vs. MIN,MIN,True,L,113,120,-7,38,95,0.4,17,52,0.327,20,24,16,34,50,30,5,5,15,0.4895,107.6806,114.3511
2025-26,UTA,2025-11-07,UTA @ MIN,MIN,False,L,97,137,-40,35,94,0.372,9,39,0.231,18,25,16,24,40,28,11,3,18,0.4202,90.2829,127.513
2025-26,UTA,2025-11-05,UTA @ DET,DET,False,L,103,114,-11,33,86,0.384,12,39,0.308,25,29,11,33,44,24,7,2,15,0.4535,101.2584,112.0724
2025-26,UTA,2025-11-03,UTA @ BOS,BOS,False,W,105,103,2,38,84,0.452,9,31,0.29,20,25,15,40,55,23,4,2,19,0.506,106.2323,104.2088
2025-26,UTA,2025-11-02,UTA @ CHA,CHA,False,L,103,126,-23,36,88,0.409,7,32,0.219,24,29,10,28,38,27,7,3,11,0.4489,100.2726,122.6636
2025-26,UTA,2025-10-31,UTA @ PHX,PHX,False,L,96,118,-22,30,80,0.375,12,37,0.324,24,32,12,36,48,23,4,3,21,0.45,93.2039,114.5631
2025-26,UTA,2025-10-29,UTA vs. POR,POR,True,L,134,136,-2,41,84,0.488,11,35,0.314,41,49,16,30,46,30,10,7,22,0.5536,119.9427,121.7329
2025-26,UTA,2025-10-27,UTA vs. PHX,PHX,True,W,138,134,4,44,108,0.407,16,49,0.327,34,36,28,36,64,27,8,4,19,0.4815,119.7501,116.2791
2025-26,UTA,2025-10-24,UTA @ SAC,SAC,False,L,104,105,-1,38,86,0.442,13,41,0.317,15,17,11,39,50,25,6,1,20,0.5174,103.9584,104.958
2025-26,UTA,2025-10-22,UTA vs. LAC,LAC,True,W,129,108,21,48,87,0.552,17,44,0.386,16,20,13,33,46,38,11,6,13,0.6494,133.6511,111.8939
2025-26,WAS,2026-04-12,WAS @ CLE,CLE,False,L,117,130,-13,42,90,0.467,18,41,0.439,15,19,7,23,30,29,10,2,13,0.5667,113.8132,126.4591
2025-26,WAS,2026-04-10,WAS vs. MIA,MIA,True,L,117,140,-23,46,92,0.5,14,31,0.452,11,14,6,21,27,26,11,2,14,0.5761,111.6412,133.5878
2025-26,WAS,2026-04-09,WAS vs. CHI,CHI,True,L,108,119,-11,38,96,0.396,10,38,0.263,22,27,20,32,52,24,12,8,19,0.4479,100.9912,111.2774
2025-26,WAS,2026-04-07,WAS vs. CHI,CHI,True,L,98,129,-31,37,86,0.43,11,38,0.289,13,21,8,38,46,22,8,7,22,0.4942,89.4487,117.7437
2025-26,WAS,2026-04-05,WAS @ BKN,BKN,False,L,115,121,-6,44,79,0.557,9,25,0.36,18,28,11,30,41,20,9,3,23,0.6139,113.6139,119.5416
2025-26,WAS,2026-04-04,WAS @ MIA,MIA,False,L,136,152,-16,50,106,0.472,17,40,0.425,19,24,17,27,44,28,12,5,9,0.5519,122.788,137.2337
2025-26,WAS,2026-04-01,WAS vs. PHI,PHI,True,L,131,153,-22,50,96,0.521,16,40,0.4,15,17,7,25,32,32,4,3,12,0.6042,121.5664,141.9822
2025-26,WAS,2026-03-30,WAS @ LAL,LAL,False,L,101,120,-19,41,93,0.441,7,35,0.2,12,16,5,28,33,25,11,2,9,0.4785,99.4486,118.1568
2025-26,WAS,2026-03-29,WAS @ POR,POR,False,L,88,123,-35,32,87,0.368,5,22,0.227,19,22,9,30,39,16,7,2,16,0.3966,85.1228,118.9785
2025-26,WAS,2026-03-27,WAS @ GSW,GSW,False,L,126,131,-5,50,95,0.526,18,42,0.429,8,10,5,33,38,29,5,3,11,0.6211,121.7156,126.5456
2025-26,WAS,2026-03-25,WAS @ UTA,UTA,False,W,133,110,23,52,94,0.553,13,32,0.406,16,24,13,43,56,27,12,4,19,0.6223,120.0578,99.2959
2025-26,WAS,2026-03-22,WAS @ NYK,NYK,False,L,113,145,-32,43,89,0.483,18,47,0.383,9,13,8,20,28,25,12,4,15,0.5843,110.2009,141.4082
2025-26,WAS,2026-03-21,WAS vs. OKC,OKC,True,L,111,132,-21,41,91,0.451,16,39,0.41,13,18,9,25,34,28,8,3,15,0.5385,107.1842,127.4623
2025-26,WAS,2026-03-19,WAS vs. DET,DET,True,L,95,117,-22,36,82,0.439,15,38,0.395,8,12,6,29,35,20,3,10,19,0.5305,94.19,116.0024
2025-26,WAS,2026-03-17,WAS vs. DET,DET,True,L,117,130,-13,43,87,0.494,16,37,0.432,15,19,7,28,35,20,7,5,14,0.5862,115.0216,127.8018
2025-26,WAS,2026-03-16,WAS vs. GSW,GSW,True,L,117,125,-8,40,78,0.513,13,34,0.382,24,29,9,27,36,24,7,2,21,0.5962,111.9189,119.5715
2025-26,WAS,2026-03-14,WAS @ BOS,BOS,False,L,100,111,-11,37,84,0.44,15,39,0.385,11,17,9,29,38,28,9,4,15,0.5298,102.6483,113.9396
2025-26,WAS,2026-03-12,WAS @ ORL,ORL,False,L,131,136,-5,48,105,0.457,14,46,0.304,21,24,14,35,49,26,7,10,15,0.5238,112.196,116.4782
2025-26,WAS,2026-03-10,WAS @ MIA,MIA,False,L,129,150,-21,46,89,0.517,15,36,0.417,22,29,4,31,35,25,6,3,24,0.6011,107.6256,125.146
2025-26,WAS,2026-03-08,WAS @ NOP,NOP,False,L,118,138,-20,41,91,0.451,14,42,0.333,22,27,13,28,41,27,2,3,17,0.5275,111.0275,129.8457
2025-26,WAS,2026-03-05,WAS vs. UTA,UTA,True,L,112,122,-10,36,77,0.468,18,42,0.429,22,32,15,28,43,22,8,1,19,0.5844,117.8947,128.4211
2025-26,WAS,2026-03-03,WAS @ ORL,ORL,False,L,109,126,-17,43,92,0.467,7,32,0.219,16,25,13,29,42,23,4,6,14,0.5054,107.7714,124.5798
2025-26,WAS,2026-03-02,WAS vs. HOU,HOU,True,L,118,123,-5,44,91,0.484,19,35,0.543,11,14,7,20,27,20,15,4,13,0.5879,113.7459,118.5656
2025-26,WAS,2026-02-28,WAS vs. TOR,TOR,True,L,125,134,-9,47,88,0.534,16,34,0.471,15,21,12,23,35,23,3,8,14,0.625,126.1861,135.2716
2025-26,WAS,2026-02-26,WAS @ ATL,ATL,False,L,96,126,-30,36,94,0.383,9,33,0.273,15,16,11,33,44,17,7,3,14,0.4309,89.5857,117.5812
2025-26,WAS,2026-02-24,WAS @ ATL,ATL,False,L,98,119,-21,37,84,0.44,10,31,0.323,14,17,2,39,41,23,9,8,20,0.5,89.1233,108.2212
2025-26,WAS,2026-02-22,WAS vs. CHA,CHA,True,L,112,129,-17,41,84,0.488,18,42,0.429,12,17,9,28,37,24,6,5,11,0.5952,119.4794,137.6147
2025-26,WAS,2026-02-20,WAS vs. IND,IND,True,W,131,118,13,55,95,0.579,6,29,0.207,15,19,10,38,48,36,14,9,18,0.6105,117.6999,106.0198
2025-26,WAS,2026-02-19,WAS vs. IND,IND,True,W,112,105,7,43,98,0.439,11,37,0.297,15,20,10,36,46,30,14,5,10,0.4949,103.3783,96.9171
2025-26,WAS,2026-02-11,WAS @ CLE,CLE,False,L,113,138,-25,42,104,0.404,14,46,0.304,15,18,19,21,40,26,13,4,15,0.4712,106.5033,130.066
2025-26,WAS,2026-02-08,WAS vs. MIA,MIA,True,L,101,132,-31,39,93,0.419,12,36,0.333,11,16,10,32,42,23,7,6,19,0.4839,94.1111,122.9966
2025-26,WAS,2026-02-07,WAS @ BKN,BKN,False,L,113,127,-14,37,79,0.468,11,30,0.367,28,30,5,25,30,18,6,8,16,0.538,111.5719,125.3949
2025-26,WAS,2026-02-05,WAS @ DET,DET,False,W,126,117,9,49,91,0.538,18,41,0.439,10,18,11,28,39,30,9,6,17,0.6374,120.8981,112.2625
2025-26,WAS,2026-02-03,WAS vs. NYK,NYK,True,L,101,132,-31,35,86,0.407,11,31,0.355,20,32,10,32,42,19,6,3,13,0.4709,98.5558,128.8056
2025-26,WAS,2026-02-01,WAS vs. SAC,SAC,True,W,116,112,4,46,88,0.523,13,31,0.419,11,15,13,29,42,31,10,4,17,0.5966,118.1503,114.0762
2025-26,WAS,2026-01-30,WAS vs. LAL,LAL,True,L,111,142,-31,44,99,0.444,16,48,0.333,7,10,17,22,39,28,10,4,19,0.5253,105.4732,134.9297
2025-26,WAS,2026-01-29,WAS vs. MIL,MIL,True,W,109,99,10,38,96,0.396,8,35,0.229,25,28,18,43,61,21,8,7,13,0.4375,105.1717,95.523
2025-26,WAS,2026-01-27,WAS vs. POR,POR,True,W,115,111,4,40,98,0.408,17,39,0.436,18,21,14,32,46,27,16,12,14,0.4949,105.8152,102.1347
2025-26,WAS,2026-01-24,WAS @ CHA,CHA,False,L,115,119,-4,44,96,0.458,19,53,0.358,8,9,10,24,34,35,14,6,13,0.5573,112.6567,116.5752
2025-26,WAS,2026-01-22,WAS vs. DEN,DEN,True,L,97,107,-10,32,84,0.381,13,43,0.302,20,24,14,28,42,20,9,6,14,0.4583,101.0417,111.4583
2025-26,WAS,2026-01-19,WAS vs. LAC,LAC,True,L,106,110,-4,37,86,0.43,13,35,0.371,19,22,15,30,45,27,7,5,20,0.5058,106.319,110.331
2025-26,WAS,2026-01-17,WAS @ DEN,DEN,False,L,115,121,-6,44,96,0.458,11,30,0.367,16,29,17,31,48,20,9,4,11,0.5156,111.1756,116.976
2025-26,WAS,2026-01-16,WAS @ SAC,SAC,False,L,115,128,-13,44,90,0.489,11,34,0.324,16,21,7,27,34,23,9,2,11,0.55,112.5024,125.2201
2025-26,WAS,2026-01-14,WAS @ LAC,LAC,False,L,105,119,-14,41,90,0.456,10,38,0.263,13,17,11,30,41,25,5,3,11,0.5111,107.4939,121.8264
2025-26,WAS,2026-01-11,WAS @ PHX,PHX,False,L,93,112,-19,34,86,0.395,7,30,0.233,18,18,12,37,49,22,9,7,23,0.436,88.8761,107.0336
2025-26,WAS,2026-01-09,WAS vs. NOP,NOP,True,L,107,128,-21,37,87,0.425,11,35,0.314,22,33,11,29,40,24,10,8,19,0.4885,95.5016,114.2449
2025-26,WAS,2026-01-07,WAS @ PHI,PHI,False,L,110,131,-21,43,87,0.494,13,33,0.394,11,11,11,31,42,29,7,6,22,0.569,107.8854,128.4818
2025-26,WAS,2026-01-06,WAS vs. ORL,ORL,True,W,120,112,8,39,86,0.453,11,34,0.324,31,33,11,34,45,25,12,10,15,0.5174,112.6338,105.1248
2025-26,WAS,2026-01-04,WAS vs. MIN,MIN,True,L,115,141,-26,43,88,0.489,12,36,0.333,17,19,9,26,35,21,9,5,19,0.5568,107.8597,132.2454
2025-26,WAS,2026-01-02,WAS vs. BKN,BKN,True,W,119,99,20,47,92,0.511,11,29,0.379,14,16,13,38,51,24,10,9,19,0.5707,113.1394,94.1244
2025-26,WAS,2025-12-31,WAS @ MIL,MIL,False,W,114,113,1,41,94,0.436,19,39,0.487,13,20,13,31,44,31,8,8,10,0.5372,112.6037,111.616
2025-26,WAS,2025-12-29,WAS vs. PHX,PHX,True,L,101,115,-14,36,78,0.462,13,32,0.406,16,21,9,34,43,21,6,8,16,0.5449,104.5765,119.0723
2025-26,WAS,2025-12-28,WAS vs. MEM,MEM,True,W,116,112,4,42,99,0.424,8,33,0.242,24,25,15,39,54,26,9,12,19,0.4646,99.8967,96.4519
2025-26,WAS,2025-12-26,WAS vs. TOR,TOR,True,W,138,117,21,54,91,0.593,15,33,0.455,15,18,6,40,46,26,8,7,14,0.6758,129.6992,109.9624
2025-26,WAS,2025-12-23,WAS @ CHA,CHA,False,L,109,126,-17,40,97,0.412,10,35,0.286,19,23,18,31,49,22,3,7,6,0.4639,114.1361,131.9372
2025-26,WAS,2025-12-21,WAS vs. SAS,SAS,True,L,113,124,-11,42,95,0.442,11,45,0.244,18,24,8,35,43,20,5,7,5,0.5,107.2921,117.7364
2025-26,WAS,2025-12-20,WAS @ MEM,MEM,False,W,130,122,8,47,99,0.475,17,44,0.386,19,26,20,34,54,32,5,3,13,0.5606,124.9279,117.2401
2025-26,WAS,2025-12-18,WAS @ SAS,SAS,False,L,94,119,-25,38,94,0.404,9,36,0.25,9,14,13,33,46,29,10,5,14,0.4521,94.0188,119.0238
2025-26,WAS,2025-12-14,WAS @ IND,IND,False,W,108,89,19,41,89,0.461,10,28,0.357,16,26,17,39,56,19,5,3,11,0.5169,116.9591,96.3829
2025-26,WAS,2025-12-12,WAS vs. CLE,CLE,True,L,126,130,-4,42,86,0.488,16,44,0.364,26,32,12,37,49,29,6,6,16,0.5814,120.6203,124.4496
2025-26,WAS,2025-12-06,WAS vs. ATL,ATL,True,L,116,131,-15,41,80,0.513,17,38,0.447,17,19,4,22,26,29,6,5,20,0.6188,111.2603,125.6474
2025-26,WAS,2025-12-04,WAS vs. BOS,BOS,True,L,101,146,-45,35,84,0.417,10,31,0.323,21,25,12,25,37,21,5,4,18,0.4762,98.9033,142.9691
2025-26,WAS,2025-12-02,WAS @ PHI,PHI,False,L,102,121,-19,35,88,0.398,9,36,0.25,23,32,16,37,53,23,5,11,15,0.4489,97.8136,116.0338
2025-26,WAS,2025-12-01,WAS vs. MIL,MIL,True,W,129,126,3,53,102,0.52,13,36,0.361,10,15,14,27,41,29,9,4,10,0.5833,124.1339,121.2471
2025-26,WAS,2025-11-28,WAS @ IND,IND,False,L,86,119,-33,33,84,0.393,7,32,0.219,13,20,11,31,42,18,6,7,17,0.4345,84.9299,117.5193
2025-26,WAS,2025-11-25,WAS vs. ATL,ATL,True,W,132,113,19,48,84,0.571,19,38,0.5,17,26,6,30,36,30,13,8,13,0.6845,126.0264,107.8862
2025-26,WAS,2025-11-22,WAS @ CHI,CHI,False,L,120,121,-1,44,96,0.458,16,36,0.444,16,20,15,40,55,33,9,4,15,0.5417,113.7441,114.6919
2025-26,WAS,2025-11-21,WAS @ TOR,TOR,False,L,110,140,-30,39,86,0.453,12,41,0.293,20,24,7,22,29,26,9,4,18,0.5233,104.9018,133.5113
2025-26,WAS,2025-11-19,WAS @ MIN,MIN,False,L,109,120,-11,43,88,0.489,14,32,0.438,9,12,12,31,43,25,6,6,17,0.5682,110.458,121.6052
2025-26,WAS,2025-11-16,WAS vs. BKN,BKN,True,L,106,129,-23,37,84,0.44,12,34,0.353,20,22,3,30,33,21,7,3,12,0.5119,103.3743,125.8046
2025-26,WAS,2025-11-12,WAS @ HOU,HOU,False,L,112,135,-23,42,92,0.457,15,38,0.395,13,19,12,25,37,25,6,5,12,0.538,112.8577,136.0339
2025-26,WAS,2025-11-10,WAS @ DET,DET,False,L,135,137,-2,50,95,0.526,15,38,0.395,20,26,11,35,46,26,10,6,20,0.6053,115.3058,117.014
2025-26,WAS,2025-11-08,WAS vs. DAL,DAL,True,L,105,111,-6,37,89,0.416,11,35,0.314,20,23,12,32,44,17,7,7,18,0.4775,100.8065,106.5668
2025-26,WAS,2025-11-07,WAS vs. CLE,CLE,True,L,115,148,-33,41,91,0.451,15,41,0.366,18,23,16,28,44,32,5,7,20,0.533,107.5973,138.4731
2025-26,WAS,2025-11-05,WAS @ BOS,BOS,False,L,107,136,-29,39,80,0.488,9,27,0.333,20,27,11,29,40,25,2,5,19,0.5438,107.4729,136.601
2025-26,WAS,2025-11-03,WAS @ NYK,NYK,False,L,102,119,-17,38,81,0.469,13,35,0.371,13,19,7,37,44,30,7,5,20,0.5494,99.4346,116.007
2025-26,WAS,2025-11-01,WAS vs. ORL,ORL,True,L,94,125,-31,39,98,0.398,9,27,0.333,7,15,11,29,40,19,7,9,17,0.4439,84.9602,112.979
2025-26,WAS,2025-10-30,WAS @ OKC,OKC,False,L,108,127,-19,38,84,0.452,17,40,0.425,15,17,12,37,49,25,3,6,23,0.5536,105.4688,124.0234
2025-26,WAS,2025-10-28,WAS vs. PHI,PHI,True,L,134,139,-5,51,107,0.477,17,43,0.395,15,21,13,37,50,33,10,5,16,0.5561,115.7567,120.076
2025-26,WAS,2025-10-26,WAS vs. CHA,CHA,True,L,113,139,-26,41,91,0.451,10,34,0.294,21,25,7,33,40,25,5,4,15,0.5055,103.2718,127.0334
2025-26,WAS,2025-10-24,WAS @ DAL,DAL,False,W,117,107,10,41,90,0.456,15,36,0.417,20,29,10,38,48,27,11,8,17,0.5389,105.5766,96.553
2025-26,WAS,2025-10-22,WAS @ MIL,MIL,False,L,120,133,-13,46,98,0.469,17,42,0.405,11,19,13,43,56,23,5,4,13,0.5561,111.7735,123.8823
